CUSTOMER_ID,CUSTOMER_NAME,CITY,STATE,CUSTOMER_TYPE
1,Chaitaly Panchal,Hyderabad,Telangana,Regular
2,Adweta Sur,Jaipur,Rajasthan,Regular
3,Janya Deo,Pune,Maharashtra,Wholesale
4,Yuvraj Naidu,Mysuru,Karnataka,Premium
5,Vinaya Chaudhuri,Delhi,Delhi,Regular
6,Peter Dhar,Ahmedabad,Gujarat,Premium
7,Dev Barad,Hyderabad,Telangana,Regular
8,Hemang Ramaswamy,Ahmedabad,Gujarat,Regular
9,Barkha Tara,Delhi,Delhi,Regular
10,Lakshmi Randhawa,Bengaluru,Karnataka,Premium
11,Arjun Johal,Coimbatore,Tamil Nadu,Premium
12,Nisha Ganesh,Hyderabad,Telangana,Premium
13,Janaki Rajagopal,Coimbatore,Tamil Nadu,Premium
14,Wriddhish Narayan,Madurai,Tamil Nadu,Premium
15,Ranveer Nair,Jaipur,Rajasthan,Premium
16,Onkar Nagarajan,Kolkata,West Bengal,Premium
17,Sudiksha Dasgupta,Pune,Maharashtra,Premium
18,Vedhika Ravel,Salem,Tamil Nadu,Premium
19,Ojas Hayer,Salem,Tamil Nadu,Wholesale
20,Dhruv Pal,Salem,Tamil Nadu,Wholesale
21,Osha Sunder,Coimbatore,Tamil Nadu,Wholesale
22,Kai Behl,Bengaluru,Karnataka,Regular
23,Zaitra Ahuja,Chennai,Tamil Nadu,Regular
24,Yahvi Varkey,Coimbatore,Tamil Nadu,Wholesale
25,Joshua Anne,Coimbatore,Tamil Nadu,Premium
26,Barkha Sawhney,Delhi,Delhi,Premium
27,Eiravati Kannan,Bengaluru,Karnataka,Premium
28,Chavvi Lad,Trichy,Tamil Nadu,Wholesale
29,Gaurav Khalsa,Madurai,Tamil Nadu,Premium
30,Krishna Dhar,Ahmedabad,Gujarat,Wholesale
31,Kiaan Shetty,Mumbai,Maharashtra,Wholesale
32,Brinda Choudhury,Trichy,Tamil Nadu,Regular
33,Bhavani Behl,Hyderabad,Telangana,Regular
34,Faqid Kannan,Madurai,Tamil Nadu,Regular
35,Isha Chakraborty,Madurai,Tamil Nadu,Wholesale
36,Wazir Ramaswamy,Hyderabad,Telangana,Wholesale
37,Yahvi Tandon,Ahmedabad,Gujarat,Premium
38,Advay Gara,Jaipur,Rajasthan,Regular
39,Zashil Kohli,Bengaluru,Karnataka,Regular
40,Anmol Parmar,Mysuru,Karnataka,Wholesale
41,Falak Dash,Kochi,Kerala,Premium
42,Anusha Gour,Trichy,Tamil Nadu,Wholesale
43,Upasna Khurana,Madurai,Tamil Nadu,Wholesale
44,Qasim Chopra,Mysuru,Karnataka,Regular
45,Faraj Handa,Mysuru,Karnataka,Regular
46,Daksha Garde,Ahmedabad,Gujarat,Regular
47,Sanya Gandhi,Coimbatore,Tamil Nadu,Regular
48,Gabriel Char,Mumbai,Maharashtra,Premium
49,Urvi Rout,Ahmedabad,Gujarat,Regular
50,Chaitaly Guha,Ahmedabad,Gujarat,Wholesale
51,Upkaar Behl,Chennai,Tamil Nadu,Premium
52,Chakradhar Baral,Madurai,Tamil Nadu,Regular
53,Urvi Kala,Salem,Tamil Nadu,Wholesale
54,Chandresh Dey,Hyderabad,Telangana,Wholesale
55,Rishi Iyengar,Ahmedabad,Gujarat,Premium
56,Manbir Chadha,Mysuru,Karnataka,Premium
57,Ekta Savant,Kolkata,West Bengal,Premium
58,Ekani Kata,Madurai,Tamil Nadu,Regular
59,Nisha Raju,Mumbai,Maharashtra,Wholesale
60,Yachana Sampath,Kochi,Kerala,Regular
61,Upkaar Bedi,Madurai,Tamil Nadu,Premium
62,Noah Jayaraman,Jaipur,Rajasthan,Regular
63,Baljiwan Basu,Chennai,Tamil Nadu,Regular
64,Rajata Malhotra,Mysuru,Karnataka,Premium
65,Pratyush Boase,Trichy,Tamil Nadu,Wholesale
66,Anvi Iyengar,Jaipur,Rajasthan,Premium
67,Bina Jhaveri,Mumbai,Maharashtra,Wholesale
68,Tanvi Andra,Trichy,Tamil Nadu,Regular
69,Vasatika Bajwa,Mysuru,Karnataka,Premium
70,Aadhya Om,Hyderabad,Telangana,Premium
71,Osha Sant,Chennai,Tamil Nadu,Wholesale
72,Unnati Narayanan,Hyderabad,Telangana,Wholesale
73,Anusha Prabhakar,Coimbatore,Tamil Nadu,Regular
74,Bhanumati Mishra,Coimbatore,Tamil Nadu,Premium
75,Yauvani Shan,Madurai,Tamil Nadu,Premium
76,Pranit Sarraf,Chennai,Tamil Nadu,Regular
77,Triya Mital,Coimbatore,Tamil Nadu,Wholesale
78,Reva D’Alia,Kolkata,West Bengal,Wholesale
79,Lavanya Mannan,Trichy,Tamil Nadu,Premium
80,Zayan Parmar,Kochi,Kerala,Premium
81,Kevin Balay,Bengaluru,Karnataka,Premium
82,Darika Contractor,Ahmedabad,Gujarat,Premium
83,Nidhi Hegde,Mumbai,Maharashtra,Premium
84,Warjas Banik,Ahmedabad,Gujarat,Regular
85,Aarini Dada,Salem,Tamil Nadu,Regular
86,Edhitha Srinivasan,Ahmedabad,Gujarat,Premium
87,Gautam Chauhan,Kolkata,West Bengal,Regular
88,Aradhana Zacharia,Jaipur,Rajasthan,Wholesale
89,Girik Mahal,Kolkata,West Bengal,Premium
90,Wyatt Balasubramanian,Bengaluru,Karnataka,Wholesale
91,Chandran Narasimhan,Madurai,Tamil Nadu,Wholesale
92,Mekhala Mammen,Delhi,Delhi,Regular
93,Yamini Bhargava,Delhi,Delhi,Wholesale
94,Zilmil Iyengar,Jaipur,Rajasthan,Regular
95,Vasana Mangat,Kolkata,West Bengal,Regular
96,Priya Swamy,Salem,Tamil Nadu,Regular
97,Zayan More,Pune,Maharashtra,Regular
98,Yatin Chopra,Pune,Maharashtra,Regular
99,Jai Pall,Kochi,Kerala,Regular
100,Gautam Bhakta,Delhi,Delhi,Premium
101,Timothy Sunder,Kochi,Kerala,Wholesale
102,Qabil Sandhu,Madurai,Tamil Nadu,Premium
103,Raagini Bail,Trichy,Tamil Nadu,Premium
104,Daksh Madan,Hyderabad,Telangana,Regular
105,Chaitanya Kapadia,Madurai,Tamil Nadu,Wholesale
106,Lekha Patla,Pune,Maharashtra,Wholesale
107,Jai Kothari,Pune,Maharashtra,Wholesale
108,Yutika Loke,Madurai,Tamil Nadu,Premium
109,Gabriel Kaur,Salem,Tamil Nadu,Premium
110,Amara Raman,Ahmedabad,Gujarat,Wholesale
111,Charles Kar,Jaipur,Rajasthan,Wholesale
112,Yagnesh Mammen,Ahmedabad,Gujarat,Regular
113,Zaid Palla,Bengaluru,Karnataka,Wholesale
114,Charles Tara,Kolkata,West Bengal,Regular
115,Saumya Peri,Salem,Tamil Nadu,Premium
116,Garima Gera,Bengaluru,Karnataka,Wholesale
117,Ranbir Mital,Coimbatore,Tamil Nadu,Wholesale
118,Eiravati Kurian,Jaipur,Rajasthan,Regular
119,Michael Misra,Bengaluru,Karnataka,Wholesale
120,Hiral Barman,Kolkata,West Bengal,Wholesale
121,Fitan Sarraf,Hyderabad,Telangana,Premium
122,Ladli Doctor,Madurai,Tamil Nadu,Premium
123,Mitesh Toor,Hyderabad,Telangana,Premium
124,Om Joshi,Chennai,Tamil Nadu,Regular
125,Ria Garde,Delhi,Delhi,Regular
126,Nathan Bose,Kochi,Kerala,Regular
127,Devika Manda,Mysuru,Karnataka,Regular
128,Chakradev Nayar,Coimbatore,Tamil Nadu,Premium
129,Forum Lanka,Coimbatore,Tamil Nadu,Premium
130,Reyansh Manne,Kolkata,West Bengal,Regular
131,Manthan Lata,Bengaluru,Karnataka,Premium
132,Benjamin Sachar,Jaipur,Rajasthan,Premium
133,Balveer Minhas,Delhi,Delhi,Premium
134,Ojas Shroff,Bengaluru,Karnataka,Regular
135,Ikbal Nagar,Mumbai,Maharashtra,Regular
136,Peter Mannan,Ahmedabad,Gujarat,Premium
137,Anthony Bhalla,Mumbai,Maharashtra,Wholesale
138,Tristan Kala,Chennai,Tamil Nadu,Regular
139,Isaiah Dey,Chennai,Tamil Nadu,Premium
140,Faris Saran,Kolkata,West Bengal,Premium
141,Radhika Chawla,Madurai,Tamil Nadu,Wholesale
142,Quincy Devi,Salem,Tamil Nadu,Premium
143,Rishi Pillai,Bengaluru,Karnataka,Regular
144,Ethan Sur,Salem,Tamil Nadu,Premium
145,Harinakshi Mukherjee,Trichy,Tamil Nadu,Premium
146,Zashil Chhabra,Jaipur,Rajasthan,Regular
147,Madhavi Lal,Ahmedabad,Gujarat,Wholesale
148,Girindra Mishra,Jaipur,Rajasthan,Wholesale
149,Omkaar Chaudhary,Kochi,Kerala,Regular
150,Chanchal Tara,Hyderabad,Telangana,Regular
151,Devika Shetty,Hyderabad,Telangana,Premium
152,Dev Chawla,Mumbai,Maharashtra,Premium
153,Chatresh Gokhale,Bengaluru,Karnataka,Regular
154,Omisha Anand,Madurai,Tamil Nadu,Premium
155,Quincy Pingle,Mysuru,Karnataka,Premium
156,Sneha Sarraf,Salem,Tamil Nadu,Wholesale
157,Veer Nath,Trichy,Tamil Nadu,Wholesale
158,Jason Sani,Jaipur,Rajasthan,Premium
159,Yachana Rau,Chennai,Tamil Nadu,Premium
160,Banjeet Dua,Bengaluru,Karnataka,Regular
161,Arya Pathak,Mumbai,Maharashtra,Wholesale
162,Dev Cherian,Pune,Maharashtra,Regular
163,Raksha Banerjee,Salem,Tamil Nadu,Regular
164,Kai Mitra,Ahmedabad,Gujarat,Regular
165,Dhruv Memon,Ahmedabad,Gujarat,Wholesale
166,Laban Kar,Mysuru,Karnataka,Wholesale
167,Yashasvi Sarin,Jaipur,Rajasthan,Wholesale
168,Ishanvi Arora,Madurai,Tamil Nadu,Premium
169,Faris Pant,Salem,Tamil Nadu,Regular
170,Abeer Lalla,Bengaluru,Karnataka,Premium
171,Hemang Kalla,Coimbatore,Tamil Nadu,Wholesale
172,Pavani Palla,Madurai,Tamil Nadu,Premium
173,Jagdish Uppal,Pune,Maharashtra,Premium
174,Nidra Chaudhry,Salem,Tamil Nadu,Wholesale
175,Warda Kalita,Mysuru,Karnataka,Premium
176,Geetika Modi,Coimbatore,Tamil Nadu,Wholesale
177,Aditya Hayer,Ahmedabad,Gujarat,Wholesale
178,Deepa Jain,Madurai,Tamil Nadu,Regular
179,Sai Chaudhari,Trichy,Tamil Nadu,Regular
180,Meera Hayer,Coimbatore,Tamil Nadu,Regular
181,Ryan Mangal,Salem,Tamil Nadu,Premium
182,Joshua Gola,Delhi,Delhi,Wholesale
183,Chaman Prasad,Jaipur,Rajasthan,Wholesale
184,Sai Chawla,Coimbatore,Tamil Nadu,Wholesale
185,Yatin Cherian,Trichy,Tamil Nadu,Regular
186,Turvi Mitra,Kochi,Kerala,Wholesale
187,Neelima Varty,Mumbai,Maharashtra,Premium
188,Elijah Gaba,Kochi,Kerala,Premium
189,Radhika Solanki,Hyderabad,Telangana,Premium
190,Xavier Dara,Kochi,Kerala,Premium
191,Mitali Ranganathan,Trichy,Tamil Nadu,Wholesale
192,Ria Balay,Mumbai,Maharashtra,Wholesale
193,Hredhaan Narain,Bengaluru,Karnataka,Regular
194,Hemal Wali,Madurai,Tamil Nadu,Regular
195,Benjamin Nayak,Trichy,Tamil Nadu,Premium
196,Abeer Mann,Chennai,Tamil Nadu,Regular
197,Amol Zacharia,Jaipur,Rajasthan,Premium
198,Bachittar Pandey,Kolkata,West Bengal,Premium
199,Lohit Choudhry,Trichy,Tamil Nadu,Regular
200,Qushi Pillai,Salem,Tamil Nadu,Wholesale
201,Rachita Kurian,Jaipur,Rajasthan,Regular
202,Nimrat Dhillon,Salem,Tamil Nadu,Premium
203,Harshil Hari,Madurai,Tamil Nadu,Wholesale
204,Bahadurjit Oak,Delhi,Delhi,Wholesale
205,Libni Swaminathan,Kolkata,West Bengal,Wholesale
206,Ansh Edwin,Pune,Maharashtra,Premium
207,Lavanya Sandhu,Bengaluru,Karnataka,Regular
208,Brijesh Agarwal,Jaipur,Rajasthan,Regular
209,Dhriti Chatterjee,Bengaluru,Karnataka,Premium
210,Mitali Grover,Hyderabad,Telangana,Premium
211,Chandran Chaudhary,Trichy,Tamil Nadu,Regular
212,Reyansh Kadakia,Pune,Maharashtra,Premium
213,Amruta Sagar,Salem,Tamil Nadu,Premium
214,Chatresh Dyal,Delhi,Delhi,Regular
215,Yashvi Kulkarni,Pune,Maharashtra,Wholesale
216,Advik Ramachandran,Chennai,Tamil Nadu,Regular
217,Ekta Karan,Salem,Tamil Nadu,Regular
218,Ladli Modi,Mysuru,Karnataka,Premium
219,Harinakshi Gill,Delhi,Delhi,Wholesale
220,Girindra Mander,Salem,Tamil Nadu,Premium
221,Kamala Ravel,Salem,Tamil Nadu,Wholesale
222,Frado Sunder,Mysuru,Karnataka,Premium
223,Bhavani Dhar,Jaipur,Rajasthan,Premium
224,Lajita Sahota,Trichy,Tamil Nadu,Premium
225,Samarth Sarraf,Trichy,Tamil Nadu,Premium
226,Charvi Aurora,Madurai,Tamil Nadu,Premium
227,Harinakshi Kohli,Salem,Tamil Nadu,Regular
228,Bhavika Sibal,Bengaluru,Karnataka,Regular
229,Charvi Panchal,Hyderabad,Telangana,Wholesale
230,Christopher Bhavsar,Pune,Maharashtra,Premium
231,Ira Manne,Madurai,Tamil Nadu,Premium
232,Odika Rajan,Hyderabad,Telangana,Wholesale
233,Charan Chandra,Kochi,Kerala,Wholesale
234,Joshua Virk,Trichy,Tamil Nadu,Premium
235,Frado Nayak,Salem,Tamil Nadu,Regular
236,Ekani Baria,Chennai,Tamil Nadu,Regular
237,Sai Morar,Salem,Tamil Nadu,Premium
238,Charles Sood,Hyderabad,Telangana,Regular
239,Yashica Chokshi,Kolkata,West Bengal,Wholesale
240,Vansha Dar,Salem,Tamil Nadu,Premium
241,Andrew Chacko,Coimbatore,Tamil Nadu,Regular
242,Aradhana Pandey,Coimbatore,Tamil Nadu,Regular
243,Bahadurjit Gour,Mumbai,Maharashtra,Wholesale
244,Zansi Deshpande,Kolkata,West Bengal,Wholesale
245,Vidhi Devan,Madurai,Tamil Nadu,Premium
246,Chasmum Reddy,Pune,Maharashtra,Regular
247,Neelima Tata,Kochi,Kerala,Regular
248,Devika Banerjee,Hyderabad,Telangana,Wholesale
249,Mahika Kohli,Pune,Maharashtra,Regular
250,Caleb Agate,Delhi,Delhi,Regular
251,Aahana Sankaran,Mysuru,Karnataka,Premium
252,Tristan Chakraborty,Bengaluru,Karnataka,Wholesale
253,Anika Dash,Ahmedabad,Gujarat,Premium
254,Lucky Bala,Trichy,Tamil Nadu,Wholesale
255,Abeer Sunder,Madurai,Tamil Nadu,Regular
256,Teerth Cheema,Kochi,Kerala,Wholesale
257,Tanvi Verma,Coimbatore,Tamil Nadu,Regular
258,Falak Guha,Salem,Tamil Nadu,Premium
259,Rishi Dhillon,Mumbai,Maharashtra,Wholesale
260,Aishani Ben,Hyderabad,Telangana,Premium
261,Yashvi Sem,Pune,Maharashtra,Wholesale
262,Irya Ghosh,Kochi,Kerala,Regular
263,Jacob Atwal,Jaipur,Rajasthan,Regular
264,Abha Bahl,Madurai,Tamil Nadu,Wholesale
265,Chanchal Ganesan,Hyderabad,Telangana,Premium
266,Shravya Chandran,Mumbai,Maharashtra,Regular
267,Jhalak Balasubramanian,Bengaluru,Karnataka,Regular
268,Gabriel Sridhar,Hyderabad,Telangana,Wholesale
269,Zansi Bhardwaj,Bengaluru,Karnataka,Wholesale
270,Wriddhish Dhar,Salem,Tamil Nadu,Premium
271,Ladli Shankar,Jaipur,Rajasthan,Regular
272,Devika Bali,Coimbatore,Tamil Nadu,Wholesale
273,Eesha Shanker,Mumbai,Maharashtra,Regular
274,Krish Bali,Ahmedabad,Gujarat,Premium
275,Ethan Narang,Mumbai,Maharashtra,Premium
276,Yauvani Char,Hyderabad,Telangana,Premium
277,Caleb Sachdeva,Mysuru,Karnataka,Regular
278,Upasna Lata,Kochi,Kerala,Premium
279,Indrajit Choudhry,Mysuru,Karnataka,Premium
280,Zilmil Balasubramanian,Delhi,Delhi,Wholesale
281,Edhitha Saxena,Mysuru,Karnataka,Wholesale
282,Anirudh Divan,Trichy,Tamil Nadu,Premium
283,Vincent Dube,Trichy,Tamil Nadu,Premium
284,Yatan Borah,Delhi,Delhi,Premium
285,Tanish Saha,Delhi,Delhi,Wholesale
286,Tanvi Khurana,Chennai,Tamil Nadu,Wholesale
287,Amara Narayan,Madurai,Tamil Nadu,Regular
288,Nidhi Comar,Coimbatore,Tamil Nadu,Wholesale
289,Deepa Palan,Jaipur,Rajasthan,Regular
290,Yug Deshpande,Salem,Tamil Nadu,Regular
291,Lakshit Shan,Kolkata,West Bengal,Regular
292,Chatresh Bawa,Ahmedabad,Gujarat,Premium
293,Balhaar Devi,Ahmedabad,Gujarat,Regular
294,Alka Sheth,Kochi,Kerala,Premium
295,Watika Naik,Delhi,Delhi,Regular
296,Januja Loke,Jaipur,Rajasthan,Premium
297,Amaira Nayak,Bengaluru,Karnataka,Premium
298,Champak Patel,Salem,Tamil Nadu,Premium
299,Kalpit Din,Chennai,Tamil Nadu,Regular
300,Turvi Pandya,Coimbatore,Tamil Nadu,Regular
301,Jasmit Hari,Kolkata,West Bengal,Regular
302,Lipika Dhaliwal,Trichy,Tamil Nadu,Premium
303,Mohammed Kala,Trichy,Tamil Nadu,Regular
304,Jonathan Sampath,Hyderabad,Telangana,Premium
305,Yachana Pal,Kolkata,West Bengal,Wholesale
306,Krisha Kadakia,Bengaluru,Karnataka,Wholesale
307,William Kadakia,Coimbatore,Tamil Nadu,Wholesale
308,Oeshi Nagarajan,Madurai,Tamil Nadu,Premium
309,Aarini Chada,Bengaluru,Karnataka,Premium
310,Hiral Gulati,Ahmedabad,Gujarat,Wholesale
311,Azad Maharaj,Mysuru,Karnataka,Wholesale
312,Sai Mandal,Trichy,Tamil Nadu,Regular
313,Aarush Ramachandran,Delhi,Delhi,Regular
314,Anamika Madan,Madurai,Tamil Nadu,Premium
315,Zehaan Pandit,Hyderabad,Telangana,Premium
316,Pooja Nazareth,Kochi,Kerala,Premium
317,Widisha Sehgal,Jaipur,Rajasthan,Regular
318,Girindra Chawla,Mumbai,Maharashtra,Wholesale
319,Anika Kala,Salem,Tamil Nadu,Premium
320,Thomas Gola,Pune,Maharashtra,Wholesale
321,Peter Upadhyay,Jaipur,Rajasthan,Premium
322,Wishi Kala,Coimbatore,Tamil Nadu,Premium
323,Laban Balasubramanian,Ahmedabad,Gujarat,Premium
324,Pallavi Chaudhary,Madurai,Tamil Nadu,Wholesale
325,Manbir Karnik,Salem,Tamil Nadu,Premium
326,Mitali Patil,Chennai,Tamil Nadu,Premium
327,Unnati Mishra,Kochi,Kerala,Wholesale
328,Vasudha Saraf,Kochi,Kerala,Wholesale
329,Niharika Purohit,Kolkata,West Bengal,Wholesale
330,Vidhi Iyer,Pune,Maharashtra,Wholesale
331,Gauri Kant,Hyderabad,Telangana,Wholesale
332,Gautami Madan,Salem,Tamil Nadu,Premium
333,Ira Amble,Pune,Maharashtra,Regular
334,Ojas Madan,Jaipur,Rajasthan,Wholesale
335,Yasti Kashyap,Hyderabad,Telangana,Regular
336,Chandran Pandit,Chennai,Tamil Nadu,Regular
337,Adweta Jani,Delhi,Delhi,Premium
338,Wriddhish Dada,Pune,Maharashtra,Premium
339,Naveen Deshmukh,Kochi,Kerala,Regular
340,Mohammed Kashyap,Ahmedabad,Gujarat,Wholesale
341,Jasmit Kuruvilla,Ahmedabad,Gujarat,Wholesale
342,Nidhi Bala,Madurai,Tamil Nadu,Regular
343,Waida Bakshi,Mysuru,Karnataka,Regular
344,Oscar Khosla,Trichy,Tamil Nadu,Regular
345,Dayita Gill,Delhi,Delhi,Wholesale
346,Bhavani Ghosh,Coimbatore,Tamil Nadu,Regular
347,Laban Bedi,Kolkata,West Bengal,Wholesale
348,Kavya Tiwari,Salem,Tamil Nadu,Regular
349,Vasatika Desai,Mumbai,Maharashtra,Premium
350,Adya Dube,Kolkata,West Bengal,Regular
351,Deepa Dara,Coimbatore,Tamil Nadu,Wholesale
352,Ayushman Dhaliwal,Pune,Maharashtra,Wholesale
353,Veer Arya,Pune,Maharashtra,Wholesale
354,Rachana Koshy,Madurai,Tamil Nadu,Wholesale
355,Zehaan Sawhney,Mumbai,Maharashtra,Regular
356,Saanvi Nori,Trichy,Tamil Nadu,Wholesale
357,Zayan Barad,Bengaluru,Karnataka,Wholesale
358,Balhaar Anne,Trichy,Tamil Nadu,Premium
359,Hamsini Prakash,Mumbai,Maharashtra,Premium
360,Chatura Baria,Bengaluru,Karnataka,Premium
361,Alexander Raj,Hyderabad,Telangana,Regular
362,Hredhaan Grover,Hyderabad,Telangana,Premium
363,Rehaan Manne,Kolkata,West Bengal,Wholesale
364,Ucchal Magar,Ahmedabad,Gujarat,Regular
365,Eta Lad,Delhi,Delhi,Wholesale
366,Hritik Pillay,Mumbai,Maharashtra,Regular
367,Ekani Balay,Hyderabad,Telangana,Regular
368,Siya Suri,Madurai,Tamil Nadu,Premium
369,Vasana Ranganathan,Salem,Tamil Nadu,Premium
370,Ishani Sunder,Coimbatore,Tamil Nadu,Regular
371,Ronith Vyas,Hyderabad,Telangana,Regular
372,Amol Lanka,Pune,Maharashtra,Premium
373,Kai Yogi,Jaipur,Rajasthan,Regular
374,Rajata Jayaraman,Coimbatore,Tamil Nadu,Wholesale
375,Wriddhish Bhatia,Kolkata,West Bengal,Wholesale
376,Shravya Char,Trichy,Tamil Nadu,Regular
377,Unnati Ratti,Trichy,Tamil Nadu,Premium
378,Caleb Hora,Hyderabad,Telangana,Regular
379,Zaid Mangal,Trichy,Tamil Nadu,Regular
380,Ubika Kapoor,Delhi,Delhi,Premium
381,Chaitaly Garde,Hyderabad,Telangana,Regular
382,Anamika Shroff,Mumbai,Maharashtra,Premium
383,Udant Dar,Hyderabad,Telangana,Regular
384,Meghana Chakraborty,Mysuru,Karnataka,Premium
385,Ayushman Sidhu,Jaipur,Rajasthan,Wholesale
386,Abdul Sankaran,Kolkata,West Bengal,Premium
387,Nakul Zacharia,Delhi,Delhi,Wholesale
388,Zayyan Nayar,Coimbatore,Tamil Nadu,Wholesale
389,Aarnav Divan,Salem,Tamil Nadu,Wholesale
390,Nidhi Tandon,Mysuru,Karnataka,Regular
391,Wazir Kade,Bengaluru,Karnataka,Wholesale
392,Wishi Shenoy,Hyderabad,Telangana,Regular
393,Ekanta Deshpande,Trichy,Tamil Nadu,Wholesale
394,Girish Bains,Kochi,Kerala,Wholesale
395,Jatin Pathak,Chennai,Tamil Nadu,Wholesale
396,Sarthak Sood,Delhi,Delhi,Wholesale
397,Gautam Bhalla,Kolkata,West Bengal,Premium
398,Rushil Memon,Kochi,Kerala,Regular
399,Zaitra Oommen,Madurai,Tamil Nadu,Wholesale
400,Pushti Minhas,Madurai,Tamil Nadu,Premium
401,Ekaja Kumer,Ahmedabad,Gujarat,Regular
402,Tanmayi Barman,Pune,Maharashtra,Wholesale
403,Wazir Arya,Jaipur,Rajasthan,Wholesale
404,Ishwar Warrior,Kolkata,West Bengal,Premium
405,Amaira Acharya,Mysuru,Karnataka,Wholesale
406,Samuel De,Trichy,Tamil Nadu,Premium
407,Charita Patla,Delhi,Delhi,Wholesale
408,Lucky Pathak,Kolkata,West Bengal,Wholesale
409,Indrajit Patel,Kolkata,West Bengal,Wholesale
410,Pavani Nayak,Mysuru,Karnataka,Regular
411,Nidhi Chowdhury,Kochi,Kerala,Premium
412,Chatresh Tiwari,Kochi,Kerala,Premium
413,Ganga Savant,Kochi,Kerala,Wholesale
414,Xalak Bhatnagar,Mumbai,Maharashtra,Wholesale
415,Wahab Sem,Mumbai,Maharashtra,Premium
416,Rachita Goyal,Kochi,Kerala,Premium
417,Darpan Thaker,Madurai,Tamil Nadu,Wholesale
418,Jalsa Chauhan,Bengaluru,Karnataka,Premium
419,Ishaan Nagarajan,Mumbai,Maharashtra,Premium
420,Yutika Agarwal,Hyderabad,Telangana,Wholesale
421,Leela Tandon,Hyderabad,Telangana,Wholesale
422,Quincy Palan,Madurai,Tamil Nadu,Premium
423,Unnati Wagle,Ahmedabad,Gujarat,Regular
424,Radha Gopal,Delhi,Delhi,Wholesale
425,Eesha Misra,Hyderabad,Telangana,Regular
426,Azad Sami,Pune,Maharashtra,Regular
427,Farhan Kohli,Mysuru,Karnataka,Premium
428,Ayush Randhawa,Jaipur,Rajasthan,Wholesale
429,Suhani Mandal,Hyderabad,Telangana,Premium
430,Hema Koshy,Kolkata,West Bengal,Wholesale
431,Jeet Nagar,Kolkata,West Bengal,Wholesale
432,Divya Ravi,Ahmedabad,Gujarat,Premium
433,Chandresh Rama,Salem,Tamil Nadu,Regular
434,Garima Choudhry,Coimbatore,Tamil Nadu,Premium
435,Jasmit Narasimhan,Ahmedabad,Gujarat,Regular
436,Avni Wadhwa,Bengaluru,Karnataka,Regular
437,Lavanya Vala,Delhi,Delhi,Wholesale
438,Rachit Gandhi,Pune,Maharashtra,Regular
439,Chaman Puri,Bengaluru,Karnataka,Regular
440,Neha Lad,Pune,Maharashtra,Regular
441,Udyati Baria,Coimbatore,Tamil Nadu,Regular
442,Zaid Das,Mumbai,Maharashtra,Regular
443,Dhruv Chana,Jaipur,Rajasthan,Premium
444,Samesh Balay,Hyderabad,Telangana,Premium
445,Ojas Sankaran,Pune,Maharashtra,Premium
446,Aradhana Shenoy,Delhi,Delhi,Regular
447,Nidhi Solanki,Kochi,Kerala,Wholesale
448,Balvan Tripathi,Bengaluru,Karnataka,Premium
449,Zehaan Dani,Kochi,Kerala,Premium
450,Lucky Rajan,Kochi,Kerala,Premium
451,Daksh Deol,Coimbatore,Tamil Nadu,Regular
452,Sarthak Bhagat,Chennai,Tamil Nadu,Wholesale
453,Yahvi Dubey,Delhi,Delhi,Wholesale
454,Yoshita Magar,Hyderabad,Telangana,Wholesale
455,Umang Lal,Trichy,Tamil Nadu,Wholesale
456,Baghyawati Mahal,Kolkata,West Bengal,Premium
457,Chanakya Parekh,Chennai,Tamil Nadu,Premium
458,Gaurang Nanda,Trichy,Tamil Nadu,Premium
459,Warjas Chaudhuri,Mysuru,Karnataka,Wholesale
460,Neel Bhalla,Delhi,Delhi,Premium
461,Zehaan Murty,Pune,Maharashtra,Wholesale
462,Aachal Thakur,Hyderabad,Telangana,Premium
463,Jhalak Deol,Kochi,Kerala,Premium
464,Janaki Subramanian,Trichy,Tamil Nadu,Wholesale
465,Chaaya Chacko,Pune,Maharashtra,Regular
466,Aarini Sodhi,Pune,Maharashtra,Premium
467,Jackson Srinivasan,Mumbai,Maharashtra,Wholesale
468,Ekantika Sane,Mysuru,Karnataka,Premium
469,Balhaar Wable,Bengaluru,Karnataka,Wholesale
470,Mohini Suresh,Kochi,Kerala,Premium
471,Aditya Nanda,Trichy,Tamil Nadu,Wholesale
472,Janya Morar,Ahmedabad,Gujarat,Regular
473,Yug Cheema,Mumbai,Maharashtra,Regular
474,Timothy Suresh,Salem,Tamil Nadu,Premium
475,Xalak Palla,Ahmedabad,Gujarat,Wholesale
476,Onkar Mohanty,Delhi,Delhi,Regular
477,Ronith Chadha,Hyderabad,Telangana,Wholesale
478,Panini Balasubramanian,Jaipur,Rajasthan,Premium
479,Jonathan Basak,Madurai,Tamil Nadu,Premium
480,Ridhi Mander,Ahmedabad,Gujarat,Wholesale
481,Vedhika Saxena,Madurai,Tamil Nadu,Wholesale
482,Saanvi Madan,Jaipur,Rajasthan,Regular
483,Jack Madan,Salem,Tamil Nadu,Regular
484,Balvan Kalita,Ahmedabad,Gujarat,Regular
485,Advay Som,Salem,Tamil Nadu,Wholesale
486,Sai Sridhar,Jaipur,Rajasthan,Premium
487,Jeet Mittal,Salem,Tamil Nadu,Premium
488,Barkha Bath,Jaipur,Rajasthan,Regular
489,Reyansh Dayal,Coimbatore,Tamil Nadu,Premium
490,Tristan Borde,Delhi,Delhi,Premium
491,Sai Mohan,Chennai,Tamil Nadu,Wholesale
492,Faris Kuruvilla,Chennai,Tamil Nadu,Wholesale
493,Zaid Merchant,Chennai,Tamil Nadu,Wholesale
494,Michael Kannan,Kochi,Kerala,Wholesale
495,Meera Saraf,Jaipur,Rajasthan,Wholesale
496,Gaurangi Patla,Mysuru,Karnataka,Wholesale
497,Theodore Thakkar,Coimbatore,Tamil Nadu,Regular
498,Ekalinga Sur,Coimbatore,Tamil Nadu,Premium
499,Shivani Kibe,Ahmedabad,Gujarat,Wholesale
500,Sachi Banerjee,Kolkata,West Bengal,Regular
501,Mahika Misra,Trichy,Tamil Nadu,Regular
502,Devika Soman,Chennai,Tamil Nadu,Premium
503,Jagat Hayer,Pune,Maharashtra,Wholesale
504,Bhavna Chakraborty,Kolkata,West Bengal,Regular
505,Urishilla Sehgal,Chennai,Tamil Nadu,Regular
506,Unni Ganesh,Ahmedabad,Gujarat,Wholesale
507,Xalak Ramesh,Jaipur,Rajasthan,Wholesale
508,Viraj Shah,Jaipur,Rajasthan,Premium
509,Tarak Dalal,Hyderabad,Telangana,Regular
510,Ranbir Bhargava,Coimbatore,Tamil Nadu,Wholesale
511,Hardik Bora,Kochi,Kerala,Regular
512,Vaishnavi Pandey,Kochi,Kerala,Regular
513,Anya Dubey,Jaipur,Rajasthan,Wholesale
514,Yashoda Mand,Bengaluru,Karnataka,Premium
515,Urvi Kara,Mysuru,Karnataka,Premium
516,Luke Dutt,Bengaluru,Karnataka,Regular
517,Harini Dave,Pune,Maharashtra,Wholesale
518,Parth Ramaswamy,Coimbatore,Tamil Nadu,Wholesale
519,Anamika Devi,Hyderabad,Telangana,Regular
520,Jacob Sanghvi,Jaipur,Rajasthan,Premium
521,Balvan Das,Jaipur,Rajasthan,Regular
522,Arunima Bajwa,Kolkata,West Bengal,Wholesale
523,Tamanna Dugar,Jaipur,Rajasthan,Regular
524,Shaurya Saxena,Mumbai,Maharashtra,Regular
525,Oni Shukla,Chennai,Tamil Nadu,Premium
526,Nitesh Baria,Delhi,Delhi,Wholesale
527,Krishna Sule,Kolkata,West Bengal,Premium
528,Darpan Bala,Bengaluru,Karnataka,Wholesale
529,Chakrika Lall,Salem,Tamil Nadu,Premium
530,Yoshita Lata,Jaipur,Rajasthan,Regular
531,Mohini Pai,Pune,Maharashtra,Premium
532,Vasudha Barad,Salem,Tamil Nadu,Regular
533,Gavin Hari,Kolkata,West Bengal,Regular
534,Falak Ganesh,Mysuru,Karnataka,Premium
535,Chandresh Bumb,Chennai,Tamil Nadu,Wholesale
536,Anusha Tandon,Hyderabad,Telangana,Premium
537,Falguni Madan,Kochi,Kerala,Regular
538,Indira Bhattacharyya,Kochi,Kerala,Premium
539,Charan Krishna,Salem,Tamil Nadu,Premium
540,Jagvi Nadkarni,Coimbatore,Tamil Nadu,Regular
541,Daniel Kohli,Hyderabad,Telangana,Wholesale
542,Yatin Chana,Delhi,Delhi,Premium
543,Azaan Dhaliwal,Kolkata,West Bengal,Premium
544,Mason Rama,Trichy,Tamil Nadu,Regular
545,Wakeeta Sawhney,Coimbatore,Tamil Nadu,Wholesale
546,Matthew Dhawan,Mysuru,Karnataka,Premium
547,Ryan Sastry,Hyderabad,Telangana,Regular
548,Indali Datta,Bengaluru,Karnataka,Regular
549,Devika Nagar,Trichy,Tamil Nadu,Wholesale
550,Chatura Peri,Hyderabad,Telangana,Regular
551,Netra Dhar,Chennai,Tamil Nadu,Regular
552,Reva Pandit,Jaipur,Rajasthan,Wholesale
553,Utkarsh Konda,Coimbatore,Tamil Nadu,Regular
554,Mohini Gulati,Delhi,Delhi,Premium
555,Mahika Bhavsar,Jaipur,Rajasthan,Premium
556,Baljiwan Patel,Coimbatore,Tamil Nadu,Wholesale
557,Dipta Srivastava,Trichy,Tamil Nadu,Regular
558,Yatin Hari,Jaipur,Rajasthan,Premium
559,Brijesh Dua,Chennai,Tamil Nadu,Premium
560,Advika Tank,Ahmedabad,Gujarat,Wholesale
561,Rehaan Nayar,Madurai,Tamil Nadu,Regular
562,Hemang Kapur,Ahmedabad,Gujarat,Premium
563,Adya Sem,Chennai,Tamil Nadu,Premium
564,Yashodhara Bhalla,Jaipur,Rajasthan,Regular
565,Ishaan Sharaf,Jaipur,Rajasthan,Premium
566,Jagvi Oza,Salem,Tamil Nadu,Regular
567,Orinder Rege,Jaipur,Rajasthan,Wholesale
568,Aadhya Hayre,Coimbatore,Tamil Nadu,Premium
569,Udyati Bhatia,Delhi,Delhi,Premium
570,Hema Bansal,Ahmedabad,Gujarat,Wholesale
571,Samarth Goel,Trichy,Tamil Nadu,Regular
572,Nidhi Deshpande,Jaipur,Rajasthan,Regular
573,Wahab Dubey,Chennai,Tamil Nadu,Premium
574,Gauri Chadha,Bengaluru,Karnataka,Premium
575,Panini Saraf,Delhi,Delhi,Premium
576,Lavanya Munshi,Kolkata,West Bengal,Regular
577,Kai Dey,Bengaluru,Karnataka,Wholesale
578,Mason Chana,Pune,Maharashtra,Premium
579,Shivansh Nanda,Jaipur,Rajasthan,Wholesale
580,Chasmum Jaggi,Pune,Maharashtra,Wholesale
581,Bhavini Shan,Pune,Maharashtra,Wholesale
582,Baghyawati Mall,Bengaluru,Karnataka,Premium
583,Falan Gera,Hyderabad,Telangana,Regular
584,Anya Shanker,Pune,Maharashtra,Regular
585,Abhiram Sarna,Mysuru,Karnataka,Premium
586,Bhavna Dass,Coimbatore,Tamil Nadu,Premium
587,Gaurang Jayaraman,Jaipur,Rajasthan,Premium
588,Oliver Yadav,Salem,Tamil Nadu,Regular
589,Eesha De,Mumbai,Maharashtra,Regular
590,Jhalak Master,Jaipur,Rajasthan,Wholesale
591,Keya Mahajan,Bengaluru,Karnataka,Wholesale
592,Oni Khare,Hyderabad,Telangana,Premium
593,Arjun Bhakta,Madurai,Tamil Nadu,Wholesale
594,Wahab Ghose,Pune,Maharashtra,Wholesale
595,Anika Krish,Kochi,Kerala,Regular
596,Teerth Saha,Salem,Tamil Nadu,Wholesale
597,Amaira Lad,Jaipur,Rajasthan,Wholesale
598,Arunima Raj,Hyderabad,Telangana,Premium
599,Abha Kadakia,Salem,Tamil Nadu,Wholesale
600,Kashvi Hayer,Kolkata,West Bengal,Regular
601,Lila Deol,Coimbatore,Tamil Nadu,Regular
602,Vanya Kurian,Delhi,Delhi,Regular
603,Yatin Hora,Ahmedabad,Gujarat,Wholesale
604,Atharv Jain,Madurai,Tamil Nadu,Regular
605,Vanya Banik,Trichy,Tamil Nadu,Premium
606,Libni Chhabra,Chennai,Tamil Nadu,Premium
607,Jack Chaudhuri,Delhi,Delhi,Premium
608,Warhi Gulati,Kolkata,West Bengal,Wholesale
609,Triya Hegde,Kolkata,West Bengal,Regular
610,Nandini Nagy,Jaipur,Rajasthan,Wholesale
611,Eshana Maharaj,Coimbatore,Tamil Nadu,Premium
612,Om Borah,Salem,Tamil Nadu,Regular
613,Ranbir Mistry,Kochi,Kerala,Regular
614,Riya Hayer,Chennai,Tamil Nadu,Wholesale
615,Lucky Srivastava,Bengaluru,Karnataka,Wholesale
616,Yashawini Banerjee,Chennai,Tamil Nadu,Regular
617,Rushil Tailor,Ahmedabad,Gujarat,Regular
618,Rehaan Parsa,Delhi,Delhi,Premium
619,Gunbir Thakur,Kolkata,West Bengal,Regular
620,Prisha Oommen,Salem,Tamil Nadu,Regular
621,Mohini Rajagopal,Mumbai,Maharashtra,Premium
622,Aradhana Sampath,Pune,Maharashtra,Wholesale
623,Lila Lal,Trichy,Tamil Nadu,Regular
624,Brinda Ramachandran,Hyderabad,Telangana,Wholesale
625,Chatresh Devan,Mumbai,Maharashtra,Regular
626,Gaurav Chaudhary,Bengaluru,Karnataka,Wholesale
627,Jacob Ghose,Coimbatore,Tamil Nadu,Premium
628,Aryan Parikh,Kochi,Kerala,Premium
629,Gaurangi Parmar,Bengaluru,Karnataka,Wholesale
630,Yatin Salvi,Ahmedabad,Gujarat,Premium
631,Wyatt Chaudry,Jaipur,Rajasthan,Wholesale
632,Vihaan Mani,Ahmedabad,Gujarat,Wholesale
633,Aradhana Dara,Mumbai,Maharashtra,Premium
634,Nimrat Peri,Hyderabad,Telangana,Premium
635,Naveen Raman,Pune,Maharashtra,Wholesale
636,Bimala Sandal,Kochi,Kerala,Wholesale
637,Yash Kar,Ahmedabad,Gujarat,Regular
638,Rajeshri Som,Ahmedabad,Gujarat,Premium
639,Ishita Chakraborty,Salem,Tamil Nadu,Wholesale
640,Hemani Singhal,Hyderabad,Telangana,Regular
641,Eshana Narain,Salem,Tamil Nadu,Wholesale
642,Rayaan Mane,Chennai,Tamil Nadu,Premium
643,Dayita Suresh,Bengaluru,Karnataka,Premium
644,Ganga Devan,Jaipur,Rajasthan,Regular
645,Chandran Baral,Trichy,Tamil Nadu,Regular
646,Harini Sidhu,Bengaluru,Karnataka,Regular
647,Pratyush Desai,Hyderabad,Telangana,Premium
648,Praneel Lalla,Coimbatore,Tamil Nadu,Regular
649,Fitan Chhabra,Mysuru,Karnataka,Premium
650,Abdul Varkey,Ahmedabad,Gujarat,Wholesale
651,Yatan Brahmbhatt,Trichy,Tamil Nadu,Premium
652,Yauvani Dhar,Kochi,Kerala,Premium
653,Yahvi Pradhan,Coimbatore,Tamil Nadu,Premium
654,Mugdha Mangal,Trichy,Tamil Nadu,Regular
655,Widisha Tandon,Pune,Maharashtra,Regular
656,Urvi Mall,Pune,Maharashtra,Wholesale
657,Samuel Tara,Salem,Tamil Nadu,Regular
658,Nathan Lad,Ahmedabad,Gujarat,Wholesale
659,Krisha Bumb,Ahmedabad,Gujarat,Wholesale
660,Triveni Dugar,Kolkata,West Bengal,Premium
661,Akshay Chandran,Madurai,Tamil Nadu,Regular
662,Hemang Mannan,Jaipur,Rajasthan,Premium
663,Varsha Kari,Kolkata,West Bengal,Regular
664,Balvan Palan,Coimbatore,Tamil Nadu,Regular
665,Lohit Trivedi,Madurai,Tamil Nadu,Premium
666,Varsha Goyal,Salem,Tamil Nadu,Regular
667,Shivani Oak,Kochi,Kerala,Premium
668,Siddharth Ratta,Madurai,Tamil Nadu,Regular
669,Jasmit Tandon,Jaipur,Rajasthan,Regular
670,Aarini Bhargava,Ahmedabad,Gujarat,Wholesale
671,Oliver Dutta,Delhi,Delhi,Wholesale
672,Meera Garg,Bengaluru,Karnataka,Regular
673,Prisha Krishna,Pune,Maharashtra,Regular
674,Lavanya Dara,Kochi,Kerala,Wholesale
675,Dipta Vig,Jaipur,Rajasthan,Regular
676,Deepa Gandhi,Mumbai,Maharashtra,Premium
677,Watika Sidhu,Jaipur,Rajasthan,Premium
678,Sachi Dass,Mysuru,Karnataka,Premium
679,Chandresh Sawhney,Bengaluru,Karnataka,Wholesale
680,Theodore Sangha,Trichy,Tamil Nadu,Premium
681,Vinaya Taneja,Pune,Maharashtra,Premium
682,Tejas Andra,Ahmedabad,Gujarat,Regular
683,Bhavani Arora,Bengaluru,Karnataka,Premium
684,Mitesh Bhandari,Mysuru,Karnataka,Regular
685,Qarin Dass,Ahmedabad,Gujarat,Regular
686,Rachit Jain,Madurai,Tamil Nadu,Regular
687,Shivani Sankar,Salem,Tamil Nadu,Premium
688,Balvan Nagar,Mumbai,Maharashtra,Regular
689,Vasatika Lala,Jaipur,Rajasthan,Premium
690,Fariq Bhakta,Kochi,Kerala,Premium
691,Adya Suresh,Coimbatore,Tamil Nadu,Regular
692,Tripti Kurian,Pune,Maharashtra,Regular
693,Ojasvi Ray,Hyderabad,Telangana,Regular
694,Reva Murthy,Delhi,Delhi,Wholesale
695,Jagat Tailor,Coimbatore,Tamil Nadu,Premium
696,Hemangini Pandey,Delhi,Delhi,Wholesale
697,Chandani Varghese,Salem,Tamil Nadu,Premium
698,Yashasvi Deep,Madurai,Tamil Nadu,Wholesale
699,Shravya Din,Ahmedabad,Gujarat,Regular
700,Yashawini Mohanty,Pune,Maharashtra,Premium
701,Harita Upadhyay,Salem,Tamil Nadu,Premium
702,Anmol Kanda,Chennai,Tamil Nadu,Premium
703,Qadim Hari,Jaipur,Rajasthan,Premium
704,Yug Mann,Ahmedabad,Gujarat,Regular
705,Jason Sani,Madurai,Tamil Nadu,Regular
706,Balveer Bansal,Mysuru,Karnataka,Wholesale
707,Madhavi Bora,Delhi,Delhi,Premium
708,Gautam Sachdeva,Kolkata,West Bengal,Premium
709,Chameli Baria,Mysuru,Karnataka,Regular
710,Raagini Chhabra,Pune,Maharashtra,Regular
711,Maanas Vaidya,Mysuru,Karnataka,Wholesale
712,Reva Bhatt,Jaipur,Rajasthan,Regular
713,Arjun Chander,Bengaluru,Karnataka,Regular
714,Ojasvi Sama,Salem,Tamil Nadu,Regular
715,Ishanvi Bhandari,Pune,Maharashtra,Regular
716,Urvashi Keer,Bengaluru,Karnataka,Wholesale
717,Robert Verma,Kolkata,West Bengal,Premium
718,Yauvani Gole,Kochi,Kerala,Regular
719,Arya Ranganathan,Salem,Tamil Nadu,Premium
720,Siddharth Solanki,Hyderabad,Telangana,Regular
721,Kashvi Iyer,Kochi,Kerala,Wholesale
722,Gunbir Ram,Pune,Maharashtra,Premium
723,Azaan Sekhon,Salem,Tamil Nadu,Wholesale
724,Manthan Misra,Ahmedabad,Gujarat,Regular
725,Vrinda Bhatnagar,Madurai,Tamil Nadu,Wholesale
726,Ridhi Vaidya,Delhi,Delhi,Premium
727,Advika Misra,Delhi,Delhi,Wholesale
728,Ekbal Ram,Salem,Tamil Nadu,Premium
729,Vidhi Kaur,Delhi,Delhi,Wholesale
730,Daksh Manne,Pune,Maharashtra,Regular
731,Rohan Balakrishnan,Mysuru,Karnataka,Regular
732,Faris Chana,Ahmedabad,Gujarat,Wholesale
733,Gauri Borah,Mumbai,Maharashtra,Premium
734,Alexander Saha,Salem,Tamil Nadu,Premium
735,Pahal Gade,Chennai,Tamil Nadu,Wholesale
736,Falguni Bava,Jaipur,Rajasthan,Premium
737,Dalbir Sethi,Hyderabad,Telangana,Wholesale
738,Dakshesh Chatterjee,Coimbatore,Tamil Nadu,Regular
739,Kashish Krishnamurthy,Mumbai,Maharashtra,Wholesale
740,Michael Bakshi,Delhi,Delhi,Regular
741,Falak Prashad,Hyderabad,Telangana,Wholesale
742,Rudra Patla,Hyderabad,Telangana,Premium
743,Falguni Soni,Jaipur,Rajasthan,Regular
744,Wahab Chacko,Chennai,Tamil Nadu,Wholesale
745,Inaya Buch,Mumbai,Maharashtra,Wholesale
746,Ojasvi Hayre,Salem,Tamil Nadu,Regular
747,Yahvi Guha,Mumbai,Maharashtra,Regular
748,Turvi Sant,Madurai,Tamil Nadu,Wholesale
749,Darsh Issac,Bengaluru,Karnataka,Regular
750,Alka Jain,Trichy,Tamil Nadu,Premium
751,Jagdish Kala,Trichy,Tamil Nadu,Premium
752,Manthan Halder,Mysuru,Karnataka,Regular
753,Abha Bhat,Hyderabad,Telangana,Wholesale
754,Tripti Apte,Kochi,Kerala,Regular
755,Charita Hari,Madurai,Tamil Nadu,Wholesale
756,Balhaar Bhatia,Hyderabad,Telangana,Premium
757,Balveer Dugal,Coimbatore,Tamil Nadu,Wholesale
758,Krisha Bains,Bengaluru,Karnataka,Regular
759,Caleb Upadhyay,Kolkata,West Bengal,Premium
760,Bhavya Chad,Mumbai,Maharashtra,Regular
761,Kalpit Parmar,Bengaluru,Karnataka,Wholesale
762,Vyanjana Oommen,Trichy,Tamil Nadu,Wholesale
763,Wishi Toor,Delhi,Delhi,Premium
764,Vidhi Krishna,Hyderabad,Telangana,Premium
765,Ikshita Jain,Ahmedabad,Gujarat,Regular
766,Hritik Jain,Kolkata,West Bengal,Premium
767,Amara Pandya,Madurai,Tamil Nadu,Wholesale
768,Luke Lad,Kolkata,West Bengal,Wholesale
769,Isha Kara,Mysuru,Karnataka,Wholesale
770,Nidhi Chanda,Chennai,Tamil Nadu,Wholesale
771,Krishna Nagy,Mysuru,Karnataka,Regular
772,Krisha Oak,Pune,Maharashtra,Wholesale
773,Krisha Krishna,Jaipur,Rajasthan,Wholesale
774,Matthew Kapadia,Madurai,Tamil Nadu,Premium
775,Indali Gera,Ahmedabad,Gujarat,Wholesale
776,Ekaja Dhawan,Hyderabad,Telangana,Wholesale
777,Tanay Dewan,Chennai,Tamil Nadu,Regular
778,Xavier Chahal,Hyderabad,Telangana,Regular
779,Naksh Halder,Pune,Maharashtra,Regular
780,Hemangini Grover,Kochi,Kerala,Wholesale
781,Isaac Zacharia,Salem,Tamil Nadu,Premium
782,Warhi Salvi,Ahmedabad,Gujarat,Wholesale
783,Ekiya Kurian,Kolkata,West Bengal,Premium
784,Jasmit Bose,Kochi,Kerala,Regular
785,Hemani Sandhu,Kochi,Kerala,Premium
786,Oscar Datta,Chennai,Tamil Nadu,Regular
787,Rohan Master,Chennai,Tamil Nadu,Regular
788,Maya Lad,Madurai,Tamil Nadu,Premium
789,Ayaan Bhakta,Chennai,Tamil Nadu,Regular
790,Jonathan Bhattacharyya,Hyderabad,Telangana,Premium
791,Tejas Sarna,Pune,Maharashtra,Premium
792,Bahadurjit Rama,Mumbai,Maharashtra,Premium
793,Bhavya Bali,Salem,Tamil Nadu,Premium
794,Brinda Kari,Mysuru,Karnataka,Wholesale
795,Advaith Ravi,Mysuru,Karnataka,Premium
796,Arunima Ramakrishnan,Ahmedabad,Gujarat,Regular
797,Gunbir Raval,Pune,Maharashtra,Wholesale
798,Ekani Chander,Kolkata,West Bengal,Wholesale
799,Amol Kota,Bengaluru,Karnataka,Wholesale
800,Yashoda Rege,Ahmedabad,Gujarat,Premium
801,Tristan Sahota,Trichy,Tamil Nadu,Wholesale
802,Sai Reddy,Jaipur,Rajasthan,Regular
803,Ekapad Dave,Mumbai,Maharashtra,Regular
804,Tanay Shan,Jaipur,Rajasthan,Regular
805,Mahika Johal,Bengaluru,Karnataka,Premium
806,Vedant Rajagopal,Kochi,Kerala,Wholesale
807,Jagvi Tak,Salem,Tamil Nadu,Premium
808,Fitan Hora,Kolkata,West Bengal,Regular
809,Varenya Sarraf,Kochi,Kerala,Wholesale
810,Banjeet Walia,Trichy,Tamil Nadu,Regular
811,Qarin De,Kolkata,West Bengal,Premium
812,Janani Goswami,Coimbatore,Tamil Nadu,Regular
813,Jasmit Misra,Chennai,Tamil Nadu,Regular
814,Nirja Banik,Pune,Maharashtra,Regular
815,Anthony Ganesh,Coimbatore,Tamil Nadu,Regular
816,Sanya Borde,Coimbatore,Tamil Nadu,Regular
817,Brijesh Sem,Delhi,Delhi,Regular
818,Eiravati Mistry,Kochi,Kerala,Regular
819,Triveni Mukhopadhyay,Delhi,Delhi,Premium
820,Oeshi Gera,Salem,Tamil Nadu,Wholesale
821,Azaan Saini,Mumbai,Maharashtra,Premium
822,Peter Ramesh,Ahmedabad,Gujarat,Premium
823,Brijesh Acharya,Mysuru,Karnataka,Regular
824,Aarnav Jayaraman,Mysuru,Karnataka,Premium
825,Falak Shenoy,Trichy,Tamil Nadu,Premium
826,Baghyawati Bhat,Mysuru,Karnataka,Regular
827,Advik Garg,Coimbatore,Tamil Nadu,Premium
828,Nilima Bhat,Chennai,Tamil Nadu,Wholesale
829,Veda Singh,Hyderabad,Telangana,Wholesale
830,Yochana Sane,Hyderabad,Telangana,Premium
831,Chakrika Sankaran,Kolkata,West Bengal,Regular
832,Eta Gera,Bengaluru,Karnataka,Regular
833,Zayan Lanka,Mysuru,Karnataka,Premium
834,Dhruv Devan,Mysuru,Karnataka,Regular
835,Widisha Johal,Bengaluru,Karnataka,Premium
836,Yagnesh Mann,Ahmedabad,Gujarat,Wholesale
837,Bhavika Bhattacharyya,Ahmedabad,Gujarat,Premium
838,Atharv Gopal,Hyderabad,Telangana,Wholesale
839,Jeet Agate,Delhi,Delhi,Regular
840,Ryan Choudhary,Ahmedabad,Gujarat,Premium
841,Xalak Hayer,Delhi,Delhi,Regular
842,Sanaya Sachdeva,Madurai,Tamil Nadu,Premium
843,Meera Morar,Ahmedabad,Gujarat,Premium
844,Anvi Sarin,Ahmedabad,Gujarat,Regular
845,Ishwar Mohanty,Chennai,Tamil Nadu,Premium
846,Vanya Trivedi,Trichy,Tamil Nadu,Wholesale
847,Bishakha Desai,Pune,Maharashtra,Premium
848,Tejas Sachdev,Hyderabad,Telangana,Wholesale
849,Mekhala Bahl,Mumbai,Maharashtra,Wholesale
850,Adweta Pingle,Salem,Tamil Nadu,Premium
851,Parth Merchant,Kolkata,West Bengal,Wholesale
852,Oliver Pal,Mysuru,Karnataka,Premium
853,Ethan Andra,Ahmedabad,Gujarat,Premium
854,Adya Krishna,Salem,Tamil Nadu,Wholesale
855,Yutika Keer,Coimbatore,Tamil Nadu,Premium
856,Pahal Ramakrishnan,Ahmedabad,Gujarat,Premium
857,Warjas Biswas,Mysuru,Karnataka,Regular
858,Edhitha Ramanathan,Hyderabad,Telangana,Premium
859,Vasana Malhotra,Ahmedabad,Gujarat,Regular
860,Brijesh Sachdeva,Chennai,Tamil Nadu,Wholesale
861,Jeremiah Behl,Mysuru,Karnataka,Wholesale
862,Advika Gara,Delhi,Delhi,Regular
863,Alka Taneja,Madurai,Tamil Nadu,Wholesale
864,Yasti Sahni,Chennai,Tamil Nadu,Regular
865,Henry Koshy,Pune,Maharashtra,Premium
866,Lila Das,Mumbai,Maharashtra,Regular
867,Manya Nori,Kochi,Kerala,Premium
868,Abeer Ganesh,Trichy,Tamil Nadu,Premium
869,Aditya Edwin,Kochi,Kerala,Regular
870,Priya Sem,Mumbai,Maharashtra,Premium
871,Udant Handa,Coimbatore,Tamil Nadu,Regular
872,Warhi More,Ahmedabad,Gujarat,Regular
873,Ishani Shan,Kolkata,West Bengal,Premium
874,Aishani Bahri,Mysuru,Karnataka,Regular
875,Teerth Reddy,Mumbai,Maharashtra,Premium
876,Vivaan Iyer,Mumbai,Maharashtra,Premium
877,Naveen Kumar,Bengaluru,Karnataka,Wholesale
878,Vivaan Wable,Coimbatore,Tamil Nadu,Regular
879,Krishna Bhasin,Madurai,Tamil Nadu,Premium
880,Eshana Bail,Chennai,Tamil Nadu,Regular
881,Mohammed Thaman,Kochi,Kerala,Premium
882,Lakshit Madan,Mysuru,Karnataka,Premium
883,Rachit Shankar,Mumbai,Maharashtra,Premium
884,Jacob Thaman,Salem,Tamil Nadu,Regular
885,Viraj Hora,Delhi,Delhi,Premium
886,Indali Rajan,Delhi,Delhi,Premium
887,Quincy Srinivas,Kochi,Kerala,Premium
888,Pranit Nayak,Salem,Tamil Nadu,Wholesale
889,Chakrika Sinha,Bengaluru,Karnataka,Premium
890,Gaurav Mani,Ahmedabad,Gujarat,Regular
891,Akshay Gill,Trichy,Tamil Nadu,Wholesale
892,Osha Prabhu,Mumbai,Maharashtra,Regular
893,Chanakya Loyal,Jaipur,Rajasthan,Premium
894,Yuvraj Wali,Salem,Tamil Nadu,Premium
895,Yochana Date,Bengaluru,Karnataka,Regular
896,Yadavi Sibal,Ahmedabad,Gujarat,Wholesale
897,Yashvi Edwin,Salem,Tamil Nadu,Wholesale
898,Riya Dhillon,Delhi,Delhi,Premium
899,Mason Sridhar,Madurai,Tamil Nadu,Premium
900,Yashica Karnik,Salem,Tamil Nadu,Regular
901,Ira Sangha,Mumbai,Maharashtra,Premium
902,Indali Gade,Mumbai,Maharashtra,Premium
903,Udant Ravel,Kochi,Kerala,Regular
904,Harrison Khatri,Delhi,Delhi,Regular
905,Pratyush Desai,Jaipur,Rajasthan,Wholesale
906,Upma Bhalla,Delhi,Delhi,Wholesale
907,Aahana Patla,Pune,Maharashtra,Premium
908,Yashawini Joshi,Mumbai,Maharashtra,Wholesale
909,Ishita Joshi,Pune,Maharashtra,Regular
910,Owen Chowdhury,Pune,Maharashtra,Regular
911,Niharika Mitter,Madurai,Tamil Nadu,Wholesale
912,Banjeet Bali,Bengaluru,Karnataka,Regular
913,Adweta Guha,Trichy,Tamil Nadu,Regular
914,Nidra Divan,Mumbai,Maharashtra,Regular
915,Sathvik Bala,Hyderabad,Telangana,Wholesale
916,Dayamai Bava,Ahmedabad,Gujarat,Wholesale
917,Ayush Puri,Coimbatore,Tamil Nadu,Regular
918,Darpan Lala,Pune,Maharashtra,Wholesale
919,Rishi Bawa,Delhi,Delhi,Wholesale
920,Mahika Bhargava,Hyderabad,Telangana,Regular
921,Warda Doshi,Salem,Tamil Nadu,Regular
922,Udarsh Palla,Delhi,Delhi,Premium
923,Lavanya Peri,Kochi,Kerala,Premium
924,Arjun Misra,Ahmedabad,Gujarat,Wholesale
925,Michael Rajagopal,Mysuru,Karnataka,Regular
926,Gabriel Mangal,Jaipur,Rajasthan,Premium
927,Azad Taneja,Madurai,Tamil Nadu,Wholesale
928,Yash Dugal,Mumbai,Maharashtra,Wholesale
929,Panini Srivastava,Madurai,Tamil Nadu,Premium
930,Xavier Mall,Pune,Maharashtra,Premium
931,Yoshita Comar,Trichy,Tamil Nadu,Premium
932,Urvi Ganesan,Trichy,Tamil Nadu,Regular
933,Omisha Khosla,Trichy,Tamil Nadu,Wholesale
934,Chaitaly Apte,Ahmedabad,Gujarat,Regular
935,Udarsh Sani,Chennai,Tamil Nadu,Wholesale
936,Ojasvi Suresh,Madurai,Tamil Nadu,Regular
937,Gaurangi Kulkarni,Kochi,Kerala,Wholesale
938,Eesha Ramanathan,Mysuru,Karnataka,Premium
939,Wakeeta Nadig,Kolkata,West Bengal,Regular
940,Saumya Sarma,Pune,Maharashtra,Regular
941,Nathaniel Rajan,Trichy,Tamil Nadu,Regular
942,Yug Brar,Salem,Tamil Nadu,Wholesale
943,Laksh Lad,Delhi,Delhi,Wholesale
944,Alka Varughese,Delhi,Delhi,Wholesale
945,Parth Joshi,Hyderabad,Telangana,Wholesale
946,Warjas Aggarwal,Madurai,Tamil Nadu,Premium
947,Gaurika Peri,Kochi,Kerala,Wholesale
948,Vedhika Datta,Hyderabad,Telangana,Wholesale
949,Pahal Dhaliwal,Pune,Maharashtra,Premium
950,Hardik Mitra,Ahmedabad,Gujarat,Wholesale
951,Barkha Kar,Pune,Maharashtra,Regular
952,Yagnesh Krish,Coimbatore,Tamil Nadu,Premium
953,Gauri Lall,Pune,Maharashtra,Regular
954,Geetika Dalal,Mysuru,Karnataka,Wholesale
955,Frado Mukherjee,Mumbai,Maharashtra,Regular
956,Harish Bora,Hyderabad,Telangana,Regular
957,Michael Trivedi,Pune,Maharashtra,Wholesale
958,Chaitanya Suresh,Kolkata,West Bengal,Wholesale
959,Harshil Sabharwal,Salem,Tamil Nadu,Premium
960,Chandani Luthra,Bengaluru,Karnataka,Premium
961,Karan Bali,Trichy,Tamil Nadu,Premium
962,Mekhala Zacharia,Mumbai,Maharashtra,Regular
963,Chatresh Hora,Mumbai,Maharashtra,Premium
964,Aarush Gole,Kochi,Kerala,Wholesale
965,Abhiram Chaudhari,Salem,Tamil Nadu,Premium
966,Adweta Sekhon,Jaipur,Rajasthan,Wholesale
967,Aarush Mammen,Delhi,Delhi,Regular
968,Sanaya Swamy,Coimbatore,Tamil Nadu,Wholesale
969,Sanaya Bhatti,Salem,Tamil Nadu,Wholesale
970,Karan Swamy,Bengaluru,Karnataka,Regular
971,Rayaan Baria,Madurai,Tamil Nadu,Regular
972,Dominic Mistry,Jaipur,Rajasthan,Premium
973,Om Bala,Kolkata,West Bengal,Wholesale
974,Ekaja Chaudhary,Chennai,Tamil Nadu,Wholesale
975,Tanmayi Swamy,Madurai,Tamil Nadu,Premium
976,Shaurya Dave,Bengaluru,Karnataka,Premium
977,Vaishnavi Cherian,Mumbai,Maharashtra,Wholesale
978,Idika Srinivas,Salem,Tamil Nadu,Wholesale
979,Pavani Prashad,Ahmedabad,Gujarat,Wholesale
980,Siddharth Swaminathan,Ahmedabad,Gujarat,Regular
981,Gaurangi Pall,Jaipur,Rajasthan,Premium
982,Triveni Puri,Pune,Maharashtra,Wholesale
983,Aachal Krishna,Ahmedabad,Gujarat,Regular
984,Vasudha Goda,Coimbatore,Tamil Nadu,Regular
985,Jason Minhas,Coimbatore,Tamil Nadu,Wholesale
986,Rohan Tailor,Kochi,Kerala,Premium
987,Fitan Das,Mysuru,Karnataka,Premium
988,Shivani Pathak,Bengaluru,Karnataka,Regular
989,Nirja Karpe,Mumbai,Maharashtra,Regular
990,Unni Badami,Kochi,Kerala,Premium
991,Jack Goyal,Trichy,Tamil Nadu,Regular
992,Kevin Dara,Trichy,Tamil Nadu,Premium
993,Radha Kulkarni,Madurai,Tamil Nadu,Wholesale
994,Chandresh Ranganathan,Salem,Tamil Nadu,Regular
995,Tristan Merchant,Chennai,Tamil Nadu,Premium
996,Yashawini Dayal,Jaipur,Rajasthan,Wholesale
997,Balendra Raj,Trichy,Tamil Nadu,Wholesale
998,Adweta Sha,Chennai,Tamil Nadu,Wholesale
999,George Murty,Pune,Maharashtra,Regular
1000,Bina Thaker,Chennai,Tamil Nadu,Wholesale
1001,Andrew Mitter,Kochi,Kerala,Premium
1002,Champak Naidu,Delhi,Delhi,Premium
1003,Shravya Kumar,Chennai,Tamil Nadu,Premium
1004,Andrew Venkataraman,Ahmedabad,Gujarat,Regular
1005,Girik Chahal,Delhi,Delhi,Regular
1006,Dev Sandal,Kolkata,West Bengal,Wholesale
1007,Thomas Tailor,Chennai,Tamil Nadu,Regular
1008,Barkha Shan,Kolkata,West Bengal,Premium
1009,Nidhi Malhotra,Mumbai,Maharashtra,Regular
1010,Ati Rajagopalan,Jaipur,Rajasthan,Premium
1011,Jeremiah Saran,Hyderabad,Telangana,Regular
1012,Vinaya Swamy,Trichy,Tamil Nadu,Regular
1013,Vasatika Mane,Kochi,Kerala,Premium
1014,Udant Narain,Bengaluru,Karnataka,Premium
1015,Raghav Mannan,Bengaluru,Karnataka,Regular
1016,Bishakha Ghosh,Chennai,Tamil Nadu,Premium
1017,Hemang Lall,Hyderabad,Telangana,Regular
1018,Harita Banik,Delhi,Delhi,Wholesale
1019,Zayyan Dewan,Delhi,Delhi,Premium
1020,Saksham Gara,Trichy,Tamil Nadu,Regular
1021,Hema Dhar,Trichy,Tamil Nadu,Regular
1022,Aradhana Warrior,Pune,Maharashtra,Wholesale
1023,Hardik Pandya,Pune,Maharashtra,Regular
1024,Vidhi Natt,Hyderabad,Telangana,Regular
1025,Dayita Bawa,Salem,Tamil Nadu,Regular
1026,Jason Buch,Hyderabad,Telangana,Premium
1027,Avi Konda,Hyderabad,Telangana,Regular
1028,Fariq Thakkar,Salem,Tamil Nadu,Premium
1029,Simon Gupta,Kochi,Kerala,Regular
1030,Vidhi Lalla,Jaipur,Rajasthan,Wholesale
1031,Ekanta Bala,Mumbai,Maharashtra,Wholesale
1032,Sara Upadhyay,Coimbatore,Tamil Nadu,Regular
1033,Yashasvi Dasgupta,Hyderabad,Telangana,Wholesale
1034,Zaid Dhillon,Madurai,Tamil Nadu,Premium
1035,Idika Batta,Mysuru,Karnataka,Regular
1036,Shaurya Edwin,Delhi,Delhi,Regular
1037,Harita Dhingra,Trichy,Tamil Nadu,Wholesale
1038,Simon Gala,Chennai,Tamil Nadu,Regular
1039,Ronith Malhotra,Kolkata,West Bengal,Wholesale
1040,Jeevika Mandal,Kochi,Kerala,Regular
1041,Zaitra Barad,Mysuru,Karnataka,Regular
1042,Yug Vaidya,Mysuru,Karnataka,Premium
1043,Ekbal Edwin,Mysuru,Karnataka,Premium
1044,Harinakshi Narula,Trichy,Tamil Nadu,Wholesale
1045,Dhriti Gupta,Salem,Tamil Nadu,Premium
1046,Arya Ahuja,Mysuru,Karnataka,Premium
1047,Zehaan Ramaswamy,Delhi,Delhi,Wholesale
1048,Benjamin Dayal,Hyderabad,Telangana,Wholesale
1049,Rushil Hans,Bengaluru,Karnataka,Premium
1050,Vedhika Ramanathan,Kolkata,West Bengal,Premium
1051,Qadim Magar,Hyderabad,Telangana,Premium
1052,Hemangini Loke,Pune,Maharashtra,Wholesale
1053,Nikita Deep,Madurai,Tamil Nadu,Premium
1054,Pranit Thaman,Coimbatore,Tamil Nadu,Regular
1055,Adweta Tara,Ahmedabad,Gujarat,Regular
1056,Tripti Tank,Bengaluru,Karnataka,Regular
1057,Krish Thakkar,Trichy,Tamil Nadu,Premium
1058,Bhavini Nayak,Jaipur,Rajasthan,Premium
1059,Aradhana Pandit,Pune,Maharashtra,Wholesale
1060,Mugdha Mane,Madurai,Tamil Nadu,Regular
1061,Zehaan D’Alia,Salem,Tamil Nadu,Wholesale
1062,Tejas Nagar,Kolkata,West Bengal,Premium
1063,Yashica Karan,Mumbai,Maharashtra,Regular
1064,Pallavi Jayaraman,Chennai,Tamil Nadu,Regular
1065,Jalsa Bir,Bengaluru,Karnataka,Premium
1066,Orinder Palla,Salem,Tamil Nadu,Wholesale
1067,Luke Ganesh,Hyderabad,Telangana,Regular
1068,Chandran Chauhan,Kochi,Kerala,Wholesale
1069,Jagvi Kale,Mysuru,Karnataka,Premium
1070,Ekapad Dugar,Kochi,Kerala,Regular
1071,Oliver Madan,Coimbatore,Tamil Nadu,Wholesale
1072,Chanchal Wali,Mumbai,Maharashtra,Regular
1073,Tristan Chaudhuri,Trichy,Tamil Nadu,Regular
1074,Yauvani Balasubramanian,Trichy,Tamil Nadu,Regular
1075,Bhanumati Edwin,Madurai,Tamil Nadu,Regular
1076,Nakul Raman,Salem,Tamil Nadu,Wholesale
1077,Amruta Kashyap,Trichy,Tamil Nadu,Premium
1078,Idika Khurana,Trichy,Tamil Nadu,Premium
1079,Dakshesh Varma,Ahmedabad,Gujarat,Premium
1080,Hema Vora,Coimbatore,Tamil Nadu,Wholesale
1081,Zashil Dubey,Bengaluru,Karnataka,Regular
1082,Ojas Sami,Trichy,Tamil Nadu,Premium
1083,Yuvraj Kalita,Coimbatore,Tamil Nadu,Regular
1084,Advik Bal,Mumbai,Maharashtra,Regular
1085,Caleb Bir,Madurai,Tamil Nadu,Wholesale
1086,Imaran Kapoor,Ahmedabad,Gujarat,Wholesale
1087,Jagrati Tank,Kochi,Kerala,Premium
1088,Jonathan Choudhry,Chennai,Tamil Nadu,Premium
1089,Omkaar Rout,Delhi,Delhi,Premium
1090,Tamanna Sem,Coimbatore,Tamil Nadu,Premium
1091,Meghana Krish,Bengaluru,Karnataka,Wholesale
1092,Jagdish Mukhopadhyay,Delhi,Delhi,Wholesale
1093,Krisha Anne,Trichy,Tamil Nadu,Premium
1094,Vedika Rau,Bengaluru,Karnataka,Wholesale
1095,Gavin Maharaj,Ahmedabad,Gujarat,Wholesale
1096,Chaaya Goswami,Madurai,Tamil Nadu,Wholesale
1097,Aditya Gara,Kochi,Kerala,Wholesale
1098,Jagdish Hari,Chennai,Tamil Nadu,Regular
1099,Dayita Majumdar,Mysuru,Karnataka,Wholesale
1100,Zaitra Boase,Kolkata,West Bengal,Regular
1101,Aishani Iyengar,Kochi,Kerala,Regular
1102,Ijaya Balakrishnan,Salem,Tamil Nadu,Regular
1103,Janani Ramaswamy,Jaipur,Rajasthan,Regular
1104,Vihaan Natt,Madurai,Tamil Nadu,Premium
1105,Siya Chad,Pune,Maharashtra,Wholesale
1106,Lohit Mahajan,Ahmedabad,Gujarat,Wholesale
1107,Maanas Arora,Chennai,Tamil Nadu,Regular
1108,Jatin Raval,Bengaluru,Karnataka,Premium
1109,Gaurang Kapadia,Kolkata,West Bengal,Wholesale
1110,Gopal Grewal,Kochi,Kerala,Wholesale
1111,Chanakya Gera,Hyderabad,Telangana,Premium
1112,Daniel Sibal,Jaipur,Rajasthan,Wholesale
1113,Omkaar Saini,Chennai,Tamil Nadu,Wholesale
1114,Shivansh Thakkar,Trichy,Tamil Nadu,Wholesale
1115,Naveen Nagarajan,Pune,Maharashtra,Regular
1116,Nathan Dass,Hyderabad,Telangana,Premium
1117,Girish Bhagat,Chennai,Tamil Nadu,Premium
1118,Omaja Dalal,Jaipur,Rajasthan,Regular
1119,Idika Mitter,Hyderabad,Telangana,Regular
1120,Manan Dasgupta,Hyderabad,Telangana,Premium
1121,Luke Hari,Salem,Tamil Nadu,Regular
1122,Anay Oak,Mumbai,Maharashtra,Regular
1123,Nathan Tiwari,Coimbatore,Tamil Nadu,Wholesale
1124,Hemani Lad,Trichy,Tamil Nadu,Regular
1125,Jeremiah Gopal,Pune,Maharashtra,Wholesale
1126,Jalsa Varughese,Ahmedabad,Gujarat,Wholesale
1127,Nilima Nazareth,Madurai,Tamil Nadu,Wholesale
1128,Zayyan Ganguly,Chennai,Tamil Nadu,Premium
1129,Jeet Barman,Pune,Maharashtra,Premium
1130,Januja Ramakrishnan,Delhi,Delhi,Regular
1131,Nitara Ray,Ahmedabad,Gujarat,Regular
1132,Yatan Palla,Delhi,Delhi,Premium
1133,Mitesh Bobal,Hyderabad,Telangana,Wholesale
1134,Gagan Arya,Madurai,Tamil Nadu,Regular
1135,Omkaar Koshy,Jaipur,Rajasthan,Regular
1136,Patrick Kamdar,Mysuru,Karnataka,Premium
1137,Eshana Kakar,Pune,Maharashtra,Regular
1138,Anita Lala,Hyderabad,Telangana,Premium
1139,Theodore Maharaj,Jaipur,Rajasthan,Premium
1140,Shaurya Behl,Trichy,Tamil Nadu,Wholesale
1141,Hamsini Badal,Jaipur,Rajasthan,Wholesale
1142,Balendra Andra,Mysuru,Karnataka,Wholesale
1143,Urvi Srinivas,Mysuru,Karnataka,Premium
1144,Om Dixit,Ahmedabad,Gujarat,Wholesale
1145,Bhavani Keer,Delhi,Delhi,Wholesale
1146,Kamala Pillay,Salem,Tamil Nadu,Wholesale
1147,Luke Chacko,Hyderabad,Telangana,Premium
1148,Neel Iyengar,Pune,Maharashtra,Wholesale
1149,Sathvik Yogi,Pune,Maharashtra,Premium
1150,Siddharth Virk,Bengaluru,Karnataka,Wholesale
1151,Fiyaz Virk,Chennai,Tamil Nadu,Premium
1152,Wyatt Singhal,Ahmedabad,Gujarat,Premium
1153,Aditya Mani,Chennai,Tamil Nadu,Wholesale
1154,Aadi Ratti,Trichy,Tamil Nadu,Premium
1155,Jeevika Kuruvilla,Kochi,Kerala,Premium
1156,Sudiksha Dass,Mumbai,Maharashtra,Premium
1157,Sanya Acharya,Madurai,Tamil Nadu,Premium
1158,Maanav Thakur,Coimbatore,Tamil Nadu,Wholesale
1159,Rachita Bahl,Delhi,Delhi,Premium
1160,Tristan Vig,Madurai,Tamil Nadu,Wholesale
1161,Isaac Om,Salem,Tamil Nadu,Wholesale
1162,Raagini Bumb,Hyderabad,Telangana,Wholesale
1163,Dhruv Mistry,Bengaluru,Karnataka,Wholesale
1164,Raksha Bora,Coimbatore,Tamil Nadu,Regular
1165,Anvi Kalita,Salem,Tamil Nadu,Premium
1166,Faraj Tank,Bengaluru,Karnataka,Premium
1167,Priya Keer,Mysuru,Karnataka,Regular
1168,Ishaan Gulati,Delhi,Delhi,Regular
1169,Owen Sen,Hyderabad,Telangana,Wholesale
1170,Ishani Srinivas,Kolkata,West Bengal,Regular
1171,Zayyan Balasubramanian,Salem,Tamil Nadu,Regular
1172,Waida Korpal,Madurai,Tamil Nadu,Regular
1173,Arin Pillay,Jaipur,Rajasthan,Regular
1174,Vritti Mishra,Coimbatore,Tamil Nadu,Wholesale
1175,Kalpit Sarkar,Jaipur,Rajasthan,Wholesale
1176,Vincent Bhargava,Mysuru,Karnataka,Premium
1177,Azaan Grover,Trichy,Tamil Nadu,Premium
1178,Zaid Mammen,Chennai,Tamil Nadu,Wholesale
1179,Nimrat Rao,Kochi,Kerala,Wholesale
1180,Michael Lanka,Mysuru,Karnataka,Wholesale
1181,Mitesh Rana,Chennai,Tamil Nadu,Regular
1182,Ikshita Bhat,Pune,Maharashtra,Premium
1183,Onveer Nath,Mumbai,Maharashtra,Regular
1184,Harrison Goel,Kochi,Kerala,Wholesale
1185,Fitan Nadig,Madurai,Tamil Nadu,Premium
1186,Madhavi Randhawa,Chennai,Tamil Nadu,Premium
1187,Naveen Menon,Mumbai,Maharashtra,Premium
1188,Avi Chaudry,Trichy,Tamil Nadu,Premium
1189,Logan Anand,Mumbai,Maharashtra,Regular
1190,Reyansh Dutta,Coimbatore,Tamil Nadu,Premium
1191,Qabil Magar,Trichy,Tamil Nadu,Premium
1192,Sai Badami,Mumbai,Maharashtra,Regular
1193,Urvashi Mukhopadhyay,Pune,Maharashtra,Regular
1194,Girish Deshmukh,Trichy,Tamil Nadu,Wholesale
1195,Manya Bhatti,Mumbai,Maharashtra,Regular
1196,Omya Gulati,Chennai,Tamil Nadu,Wholesale
1197,Oscar Hayer,Bengaluru,Karnataka,Premium
1198,Zehaan Prashad,Hyderabad,Telangana,Wholesale
1199,Lakshmi Chad,Kochi,Kerala,Premium
1200,Rachana Parikh,Pune,Maharashtra,Regular
1201,Urvashi Zachariah,Chennai,Tamil Nadu,Wholesale
1202,Manan Vohra,Kolkata,West Bengal,Premium
1203,Fiyaz Aurora,Pune,Maharashtra,Regular
1204,Leela Chakrabarti,Kochi,Kerala,Regular
1205,Mohini Verma,Madurai,Tamil Nadu,Wholesale
1206,Kiaan Ahluwalia,Jaipur,Rajasthan,Regular
1207,Qasim Bir,Mysuru,Karnataka,Regular
1208,Ekaja More,Salem,Tamil Nadu,Premium
1209,Ekavir Mann,Kolkata,West Bengal,Premium
1210,Ira Krishna,Pune,Maharashtra,Wholesale
1211,Jyoti Ghosh,Mumbai,Maharashtra,Premium
1212,Aashi Kamdar,Jaipur,Rajasthan,Wholesale
1213,Charles Dutta,Mumbai,Maharashtra,Premium
1214,Xiti Goel,Kolkata,West Bengal,Wholesale
1215,Jalsa Murthy,Pune,Maharashtra,Premium
1216,Jason Choudhury,Mysuru,Karnataka,Premium
1217,Theodore Agate,Bengaluru,Karnataka,Premium
1218,Gaurav Barad,Mysuru,Karnataka,Premium
1219,Qabil Apte,Kolkata,West Bengal,Regular
1220,Ojasvi Vaidya,Kochi,Kerala,Premium
1221,Amol Kant,Bengaluru,Karnataka,Premium
1222,Manbir Sachar,Ahmedabad,Gujarat,Premium
1223,Anita Boase,Coimbatore,Tamil Nadu,Premium
1224,Devika Shetty,Trichy,Tamil Nadu,Wholesale
1225,Daksha Ranganathan,Delhi,Delhi,Regular
1226,Ishanvi Handa,Kochi,Kerala,Regular
1227,Lakshit Kakar,Bengaluru,Karnataka,Wholesale
1228,Wriddhish Pathak,Coimbatore,Tamil Nadu,Regular
1229,Nikita Hora,Trichy,Tamil Nadu,Wholesale
1230,Chaitanya Sinha,Salem,Tamil Nadu,Wholesale
1231,Oscar Sharaf,Jaipur,Rajasthan,Premium
1232,Ojas Bajwa,Madurai,Tamil Nadu,Premium
1233,Yuvraj Aurora,Ahmedabad,Gujarat,Wholesale
1234,Unnati Sahota,Coimbatore,Tamil Nadu,Premium
1235,Ekansh Pall,Coimbatore,Tamil Nadu,Wholesale
1236,Upma Buch,Bengaluru,Karnataka,Regular
1237,Raghav Ratti,Coimbatore,Tamil Nadu,Premium
1238,Advika Mutti,Ahmedabad,Gujarat,Wholesale
1239,Faris Parikh,Kochi,Kerala,Wholesale
1240,Yashawini Chaudhary,Ahmedabad,Gujarat,Regular
1241,Darsh Koshy,Bengaluru,Karnataka,Wholesale
1242,Widisha Cheema,Kochi,Kerala,Regular
1243,Darika Choudhry,Madurai,Tamil Nadu,Regular
1244,Rachita Sehgal,Bengaluru,Karnataka,Regular
1245,Zarna Gulati,Trichy,Tamil Nadu,Wholesale
1246,Nicholas Oommen,Pune,Maharashtra,Premium
1247,Gavin Mani,Pune,Maharashtra,Wholesale
1248,Harish Dash,Mumbai,Maharashtra,Premium
1249,Gabriel Nayak,Delhi,Delhi,Regular
1250,Darika Kalla,Bengaluru,Karnataka,Regular
1251,Mugdha Kalla,Hyderabad,Telangana,Premium
1252,Faris Raghavan,Ahmedabad,Gujarat,Regular
1253,Leena Pant,Trichy,Tamil Nadu,Wholesale
1254,Vedant Shah,Chennai,Tamil Nadu,Regular
1255,Sachi Sura,Delhi,Delhi,Regular
1256,Idika Viswanathan,Coimbatore,Tamil Nadu,Wholesale
1257,Yashawini Issac,Bengaluru,Karnataka,Regular
1258,Harsh Varughese,Jaipur,Rajasthan,Regular
1259,Xavier Gera,Coimbatore,Tamil Nadu,Wholesale
1260,Nidhi Ray,Coimbatore,Tamil Nadu,Wholesale
1261,Mahika Dubey,Mumbai,Maharashtra,Wholesale
1262,Rayaan More,Hyderabad,Telangana,Wholesale
1263,Ayushman Setty,Kolkata,West Bengal,Regular
1264,Kamya Nadig,Salem,Tamil Nadu,Premium
1265,Falan Sharaf,Mumbai,Maharashtra,Wholesale
1266,Abha D’Alia,Jaipur,Rajasthan,Premium
1267,Imaran Roy,Trichy,Tamil Nadu,Premium
1268,Oscar Lad,Bengaluru,Karnataka,Regular
1269,Kritika Chauhan,Coimbatore,Tamil Nadu,Wholesale
1270,Hemang Om,Hyderabad,Telangana,Wholesale
1271,Pooja Soman,Salem,Tamil Nadu,Wholesale
1272,Harita Ray,Coimbatore,Tamil Nadu,Regular
1273,Matthew Sekhon,Salem,Tamil Nadu,Regular
1274,Vamakshi Kuruvilla,Jaipur,Rajasthan,Regular
1275,Yahvi Garg,Bengaluru,Karnataka,Wholesale
1276,Balvan Nori,Chennai,Tamil Nadu,Regular
1277,Barkha Mandal,Kolkata,West Bengal,Regular
1278,Madhavi Chakrabarti,Madurai,Tamil Nadu,Regular
1279,Yoshita Brahmbhatt,Bengaluru,Karnataka,Wholesale
1280,Andrew Kala,Madurai,Tamil Nadu,Regular
1281,Udant Rajagopal,Kochi,Kerala,Regular
1282,Dominic Saraf,Kochi,Kerala,Regular
1283,Nitara Chana,Trichy,Tamil Nadu,Regular
1284,Ryan Kumar,Delhi,Delhi,Wholesale
1285,Rajeshri Rama,Delhi,Delhi,Wholesale
1286,Max Lalla,Trichy,Tamil Nadu,Premium
1287,Naveen Mane,Bengaluru,Karnataka,Wholesale
1288,Aarnav Vyas,Trichy,Tamil Nadu,Premium
1289,Bakhshi Chowdhury,Kolkata,West Bengal,Wholesale
1290,Max Chaudry,Chennai,Tamil Nadu,Regular
1291,Radha Nayar,Salem,Tamil Nadu,Wholesale
1292,Bhavini Taneja,Trichy,Tamil Nadu,Regular
1293,Luke Nadkarni,Madurai,Tamil Nadu,Wholesale
1294,Theodore More,Mysuru,Karnataka,Premium
1295,Siddharth Patla,Delhi,Delhi,Premium
1296,Chandran Mammen,Ahmedabad,Gujarat,Regular
1297,Manya Barad,Jaipur,Rajasthan,Premium
1298,Chanakya Pingle,Kolkata,West Bengal,Regular
1299,Irya Barad,Mumbai,Maharashtra,Premium
1300,Nikita Saxena,Trichy,Tamil Nadu,Regular
1301,Yatin Char,Hyderabad,Telangana,Premium
1302,Yashica Ravi,Mysuru,Karnataka,Regular
1303,Triveni Prashad,Kochi,Kerala,Regular
1304,Aarnav Batra,Pune,Maharashtra,Regular
1305,Shravya Upadhyay,Trichy,Tamil Nadu,Regular
1306,Vrishti Butala,Kochi,Kerala,Regular
1307,Radhika Chand,Jaipur,Rajasthan,Wholesale
1308,Priya Divan,Salem,Tamil Nadu,Wholesale
1309,Gopal Sura,Hyderabad,Telangana,Wholesale
1310,Isha Kalla,Pune,Maharashtra,Wholesale
1311,Yashica Pillai,Mysuru,Karnataka,Regular
1312,Caleb Madan,Madurai,Tamil Nadu,Premium
1313,Ira Kara,Kolkata,West Bengal,Wholesale
1314,Forum Chatterjee,Jaipur,Rajasthan,Premium
1315,Yamini Bhattacharyya,Bengaluru,Karnataka,Wholesale
1316,Vedant Bhatia,Trichy,Tamil Nadu,Wholesale
1317,Bakhshi Gour,Ahmedabad,Gujarat,Premium
1318,Edhitha Sethi,Mysuru,Karnataka,Regular
1319,Meghana Venkataraman,Pune,Maharashtra,Premium
1320,Agastya Borde,Madurai,Tamil Nadu,Wholesale
1321,Pranit Dyal,Ahmedabad,Gujarat,Wholesale
1322,Fiyaz Taneja,Mysuru,Karnataka,Premium
1323,Omkaar Doctor,Hyderabad,Telangana,Regular
1324,Ekansh Hegde,Mumbai,Maharashtra,Premium
1325,Baljiwan Sandhu,Hyderabad,Telangana,Regular
1326,Sara Mahajan,Madurai,Tamil Nadu,Wholesale
1327,Pushti Jain,Coimbatore,Tamil Nadu,Premium
1328,Bishakha Salvi,Delhi,Delhi,Wholesale
1329,Ekalinga Oommen,Bengaluru,Karnataka,Wholesale
1330,Dhriti Bhagat,Ahmedabad,Gujarat,Premium
1331,Hemal Rana,Delhi,Delhi,Wholesale
1332,Isaac Solanki,Kochi,Kerala,Premium
1333,Balhaar Contractor,Bengaluru,Karnataka,Premium
1334,Agastya Dar,Pune,Maharashtra,Premium
1335,Aashi Bhavsar,Kolkata,West Bengal,Wholesale
1336,Widisha Kota,Trichy,Tamil Nadu,Regular
1337,Robert Mishra,Trichy,Tamil Nadu,Wholesale
1338,Onkar Borde,Ahmedabad,Gujarat,Regular
1339,Janaki Subramanian,Delhi,Delhi,Premium
1340,Waida Kant,Salem,Tamil Nadu,Premium
1341,Harini Samra,Kochi,Kerala,Premium
1342,William Chopra,Mumbai,Maharashtra,Wholesale
1343,Eta Chauhan,Ahmedabad,Gujarat,Regular
1344,Turvi Sanghvi,Kochi,Kerala,Regular
1345,Hemangini Narula,Kochi,Kerala,Premium
1346,Atharv Dhar,Delhi,Delhi,Regular
1347,Tara Doctor,Mysuru,Karnataka,Premium
1348,Barkha Aggarwal,Jaipur,Rajasthan,Regular
1349,Niharika Arora,Chennai,Tamil Nadu,Wholesale
1350,Aarnav Maharaj,Madurai,Tamil Nadu,Wholesale
1351,William Prakash,Bengaluru,Karnataka,Regular
1352,Bachittar Hayer,Madurai,Tamil Nadu,Regular
1353,Yash Nath,Trichy,Tamil Nadu,Wholesale
1354,Anirudh Arora,Kochi,Kerala,Regular
1355,Ekiya Bhatia,Coimbatore,Tamil Nadu,Premium
1356,Riya Sharma,Bengaluru,Karnataka,Regular
1357,Pahal Thaman,Coimbatore,Tamil Nadu,Regular
1358,Tarak Shan,Madurai,Tamil Nadu,Regular
1359,Ekbal Pingle,Madurai,Tamil Nadu,Premium
1360,Harrison Shah,Pune,Maharashtra,Regular
1361,Omaja Mandal,Trichy,Tamil Nadu,Wholesale
1362,Nikita Koshy,Trichy,Tamil Nadu,Wholesale
1363,Megha Mannan,Jaipur,Rajasthan,Regular
1364,Sarthak Chhabra,Coimbatore,Tamil Nadu,Regular
1365,Fiyaz Muni,Pune,Maharashtra,Wholesale
1366,Vanya Banik,Chennai,Tamil Nadu,Regular
1367,Leena Apte,Trichy,Tamil Nadu,Wholesale
1368,Aarini Chowdhury,Madurai,Tamil Nadu,Premium
1369,Anamika Nair,Pune,Maharashtra,Regular
1370,Bina Walia,Jaipur,Rajasthan,Premium
1371,Nandini Balan,Coimbatore,Tamil Nadu,Wholesale
1372,Dominic Sule,Trichy,Tamil Nadu,Regular
1373,Gauri Seshadri,Chennai,Tamil Nadu,Premium
1374,Sai Chaudhari,Kolkata,West Bengal,Regular
1375,Karan Ganesh,Hyderabad,Telangana,Wholesale
1376,Omaja Khosla,Chennai,Tamil Nadu,Wholesale
1377,Gaurangi Varma,Kolkata,West Bengal,Wholesale
1378,Saksham Anand,Kolkata,West Bengal,Wholesale
1379,Gaurangi Dube,Kolkata,West Bengal,Wholesale
1380,Bimala Choudhry,Pune,Maharashtra,Wholesale
1381,Dipta Menon,Bengaluru,Karnataka,Premium
1382,Wishi Chaudry,Kolkata,West Bengal,Wholesale
1383,Vasana Chaudry,Ahmedabad,Gujarat,Regular
1384,Veer Mangal,Delhi,Delhi,Wholesale
1385,Raagini Chokshi,Kochi,Kerala,Wholesale
1386,Frederick Shetty,Delhi,Delhi,Wholesale
1387,Manan Arora,Delhi,Delhi,Wholesale
1388,Noah Chad,Trichy,Tamil Nadu,Wholesale
1389,Azaan Karpe,Madurai,Tamil Nadu,Premium
1390,Lila Kapadia,Madurai,Tamil Nadu,Premium
1391,Ansh Tak,Chennai,Tamil Nadu,Regular
1392,Girindra Raju,Salem,Tamil Nadu,Premium
1393,Akshay Agrawal,Ahmedabad,Gujarat,Regular
1394,Bakhshi Bhavsar,Kolkata,West Bengal,Regular
1395,Anirudh Khosla,Ahmedabad,Gujarat,Wholesale
1396,Mekhala Mani,Trichy,Tamil Nadu,Regular
1397,Avni Bajaj,Ahmedabad,Gujarat,Regular
1398,Ekansh Ghosh,Trichy,Tamil Nadu,Regular
1399,Hredhaan Kata,Salem,Tamil Nadu,Regular
1400,Anay Hayer,Pune,Maharashtra,Premium
1401,Michael Chadha,Kochi,Kerala,Wholesale
1402,Gaurang Natt,Hyderabad,Telangana,Premium
1403,Yauvani Raj,Madurai,Tamil Nadu,Regular
1404,Darika Bala,Chennai,Tamil Nadu,Regular
1405,Vinaya Bhatti,Jaipur,Rajasthan,Premium
1406,Yashoda Bandi,Chennai,Tamil Nadu,Premium
1407,Bakhshi Aurora,Mumbai,Maharashtra,Wholesale
1408,Darika Srivastava,Hyderabad,Telangana,Premium
1409,Chaaya Sarma,Mysuru,Karnataka,Regular
1410,Gautami Amble,Hyderabad,Telangana,Regular
1411,Kashish Pandit,Trichy,Tamil Nadu,Premium
1412,Kala Bath,Mysuru,Karnataka,Wholesale
1413,Vinaya Keer,Chennai,Tamil Nadu,Wholesale
1414,Suhani Ramesh,Ahmedabad,Gujarat,Wholesale
1415,Jack Sunder,Salem,Tamil Nadu,Premium
1416,Kiaan Jani,Kolkata,West Bengal,Premium
1417,Divya Dayal,Jaipur,Rajasthan,Wholesale
1418,Ganga Vala,Delhi,Delhi,Regular
1419,Ganga Sabharwal,Coimbatore,Tamil Nadu,Wholesale
1420,Udyati Bera,Pune,Maharashtra,Wholesale
1421,Farhan Borra,Trichy,Tamil Nadu,Regular
1422,Sara Swamy,Mumbai,Maharashtra,Premium
1423,Darsh Gokhale,Madurai,Tamil Nadu,Wholesale
1424,Jack Menon,Pune,Maharashtra,Regular
1425,Kashish Sunder,Chennai,Tamil Nadu,Wholesale
1426,Nakul Chakrabarti,Pune,Maharashtra,Regular
1427,Varenya Sharaf,Pune,Maharashtra,Premium
1428,Omya Nath,Coimbatore,Tamil Nadu,Regular
1429,Anirudh Vig,Kochi,Kerala,Regular
1430,Neha Dayal,Trichy,Tamil Nadu,Premium
1431,Arunima Seth,Hyderabad,Telangana,Wholesale
1432,Tanveer Bava,Pune,Maharashtra,Wholesale
1433,Bhavini Balan,Coimbatore,Tamil Nadu,Premium
1434,Nakul Kapadia,Pune,Maharashtra,Premium
1435,Warhi Baria,Salem,Tamil Nadu,Regular
1436,Vincent Sane,Jaipur,Rajasthan,Premium
1437,Ijaya Sridhar,Chennai,Tamil Nadu,Premium
1438,Ekavir Chandran,Kochi,Kerala,Wholesale
1439,Theodore Kadakia,Kolkata,West Bengal,Premium
1440,Warjas Sura,Mysuru,Karnataka,Premium
1441,Janya Shere,Salem,Tamil Nadu,Wholesale
1442,Liam Mishra,Bengaluru,Karnataka,Wholesale
1443,Pahal Sane,Bengaluru,Karnataka,Wholesale
1444,Triveni Sengupta,Hyderabad,Telangana,Regular
1445,Panini Wable,Mysuru,Karnataka,Regular
1446,Sanya Basak,Trichy,Tamil Nadu,Premium
1447,Aarush Balakrishnan,Kolkata,West Bengal,Regular
1448,Gaurika Sen,Chennai,Tamil Nadu,Wholesale
1449,Jason Garg,Pune,Maharashtra,Wholesale
1450,Radha Ranganathan,Ahmedabad,Gujarat,Premium
1451,Anay Kaur,Coimbatore,Tamil Nadu,Premium
1452,Ekanta Yadav,Mysuru,Karnataka,Regular
1453,Advika Dani,Salem,Tamil Nadu,Wholesale
1454,Wishi Shroff,Mysuru,Karnataka,Wholesale
1455,Chandani Mahal,Kochi,Kerala,Wholesale
1456,Urishilla Biswas,Coimbatore,Tamil Nadu,Regular
1457,Falak Randhawa,Coimbatore,Tamil Nadu,Wholesale
1458,Upma Mital,Chennai,Tamil Nadu,Wholesale
1459,Krishna Pingle,Madurai,Tamil Nadu,Wholesale
1460,Geetika Nori,Kochi,Kerala,Premium
1461,Frederick Lata,Chennai,Tamil Nadu,Wholesale
1462,Ranveer Munshi,Kolkata,West Bengal,Wholesale
1463,Alexander Sathe,Pune,Maharashtra,Premium
1464,Falan Gulati,Kolkata,West Bengal,Wholesale
1465,Gaurangi Arora,Kolkata,West Bengal,Premium
1466,Frederick Narang,Jaipur,Rajasthan,Wholesale
1467,Amara Padmanabhan,Madurai,Tamil Nadu,Premium
1468,Finn Krishna,Delhi,Delhi,Regular
1469,Rajeshri Loyal,Pune,Maharashtra,Regular
1470,Triya Bansal,Mumbai,Maharashtra,Regular
1471,Hema Korpal,Kolkata,West Bengal,Wholesale
1472,Isaac Goel,Madurai,Tamil Nadu,Wholesale
1473,Hiral Choudhary,Bengaluru,Karnataka,Premium
1474,Charan Rau,Madurai,Tamil Nadu,Regular
1475,Upma Majumdar,Mysuru,Karnataka,Regular
1476,Dhriti Handa,Ahmedabad,Gujarat,Regular
1477,Ekani Rai,Mumbai,Maharashtra,Premium
1478,Qabil Kumar,Mysuru,Karnataka,Regular
1479,Jack Aggarwal,Ahmedabad,Gujarat,Premium
1480,Krishna Oommen,Pune,Maharashtra,Premium
1481,Qushi Sanghvi,Trichy,Tamil Nadu,Wholesale
1482,Rachit Pillai,Mumbai,Maharashtra,Premium
1483,Panini Sheth,Jaipur,Rajasthan,Wholesale
1484,Rehaan Dhaliwal,Kolkata,West Bengal,Regular
1485,Jonathan Wagle,Coimbatore,Tamil Nadu,Premium
1486,Jairaj Sant,Jaipur,Rajasthan,Regular
1487,Imaran Kari,Pune,Maharashtra,Regular
1488,William Gour,Delhi,Delhi,Wholesale
1489,Nathaniel Parsa,Jaipur,Rajasthan,Premium
1490,Amaira Bhalla,Pune,Maharashtra,Regular
1491,Nakul Sethi,Bengaluru,Karnataka,Regular
1492,Arya Kashyap,Pune,Maharashtra,Regular
1493,Ethan Kar,Mumbai,Maharashtra,Wholesale
1494,Jeevika Bhatia,Pune,Maharashtra,Wholesale
1495,Nikita Cherian,Trichy,Tamil Nadu,Premium
1496,Laban Atwal,Trichy,Tamil Nadu,Wholesale
1497,Kala Baral,Pune,Maharashtra,Wholesale
1498,Ansh Pal,Ahmedabad,Gujarat,Premium
1499,Hema Wali,Mumbai,Maharashtra,Regular
1500,Fitan Sahni,Madurai,Tamil Nadu,Premium
1501,Krishna Pant,Bengaluru,Karnataka,Wholesale
1502,Viraj Mane,Trichy,Tamil Nadu,Premium
1503,Isaiah Khare,Bengaluru,Karnataka,Premium
1504,Yatin Koshy,Pune,Maharashtra,Wholesale
1505,Yochana Sabharwal,Jaipur,Rajasthan,Premium
1506,Frederick Narang,Madurai,Tamil Nadu,Wholesale
1507,Udant Chopra,Kochi,Kerala,Premium
1508,Madhav Maharaj,Coimbatore,Tamil Nadu,Regular
1509,Sachi Shenoy,Kolkata,West Bengal,Regular
1510,Anika Gade,Delhi,Delhi,Wholesale
1511,Lakshit Choudhury,Kochi,Kerala,Wholesale
1512,Watika Dutta,Mumbai,Maharashtra,Premium
1513,Kala Maharaj,Mysuru,Karnataka,Regular
1514,Nidhi Dar,Mysuru,Karnataka,Premium
1515,Diya Chadha,Delhi,Delhi,Regular
1516,Jairaj Radhakrishnan,Jaipur,Rajasthan,Wholesale
1517,Wishi Lata,Salem,Tamil Nadu,Premium
1518,Unnati Goda,Mysuru,Karnataka,Regular
1519,Pahal Behl,Pune,Maharashtra,Wholesale
1520,Nandini Choudhry,Kochi,Kerala,Wholesale
1521,Wazir Saraf,Coimbatore,Tamil Nadu,Regular
1522,Lakshit Sanghvi,Coimbatore,Tamil Nadu,Regular
1523,Amrita Varty,Bengaluru,Karnataka,Wholesale
1524,Balendra Dara,Madurai,Tamil Nadu,Regular
1525,Warjas Tripathi,Mumbai,Maharashtra,Regular
1526,Darsh Hans,Madurai,Tamil Nadu,Regular
1527,Dominic Kadakia,Bengaluru,Karnataka,Premium
1528,Girish Reddy,Salem,Tamil Nadu,Premium
1529,Sarthak Viswanathan,Trichy,Tamil Nadu,Premium
1530,Omaja Munshi,Jaipur,Rajasthan,Premium
1531,Irya Narang,Salem,Tamil Nadu,Premium
1532,Rachana Patla,Delhi,Delhi,Premium
1533,Darsh Lalla,Delhi,Delhi,Regular
1534,Ansh Ramanathan,Pune,Maharashtra,Regular
1535,Pranit Palla,Kochi,Kerala,Regular
1536,Isaac Talwar,Jaipur,Rajasthan,Premium
1537,Wazir Walia,Chennai,Tamil Nadu,Premium
1538,Faraj Iyengar,Chennai,Tamil Nadu,Wholesale
1539,Bhavini Singh,Chennai,Tamil Nadu,Premium
1540,Anmol Mukhopadhyay,Ahmedabad,Gujarat,Wholesale
1541,Harshil Majumdar,Hyderabad,Telangana,Wholesale
1542,Vedant Nayak,Hyderabad,Telangana,Wholesale
1543,Warjas Master,Trichy,Tamil Nadu,Regular
1544,Adya Virk,Kochi,Kerala,Regular
1545,Naksh Yohannan,Kochi,Kerala,Premium
1546,Ucchal Devi,Kolkata,West Bengal,Premium
1547,Faras Gokhale,Salem,Tamil Nadu,Wholesale
1548,Warda Vala,Delhi,Delhi,Wholesale
1549,Lakshmi Sangha,Ahmedabad,Gujarat,Premium
1550,Chanchal Sidhu,Bengaluru,Karnataka,Premium
1551,Yauvani Vyas,Madurai,Tamil Nadu,Regular
1552,Yug Sura,Jaipur,Rajasthan,Regular
1553,Qadim Wali,Madurai,Tamil Nadu,Wholesale
1554,Balhaar Devi,Kolkata,West Bengal,Wholesale
1555,Chanakya Radhakrishnan,Madurai,Tamil Nadu,Wholesale
1556,Upadhriti Chandra,Salem,Tamil Nadu,Regular
1557,Odika Sahota,Delhi,Delhi,Regular
1558,Yauvani Dayal,Kolkata,West Bengal,Wholesale
1559,Xalak Dhar,Mumbai,Maharashtra,Wholesale
1560,Kiaan Varghese,Jaipur,Rajasthan,Wholesale
1561,Anmol Dora,Mumbai,Maharashtra,Premium
1562,George Mangat,Salem,Tamil Nadu,Wholesale
1563,Udyati Khalsa,Mumbai,Maharashtra,Premium
1564,Max Lad,Coimbatore,Tamil Nadu,Wholesale
1565,Triya Mohanty,Kolkata,West Bengal,Wholesale
1566,Rishi Lata,Mumbai,Maharashtra,Wholesale
1567,Ishani Ramaswamy,Hyderabad,Telangana,Regular
1568,Pahal Malhotra,Kolkata,West Bengal,Premium
1569,Nicholas Rana,Pune,Maharashtra,Wholesale
1570,Sneha Shenoy,Coimbatore,Tamil Nadu,Regular
1571,Neel Bath,Trichy,Tamil Nadu,Wholesale
1572,Shivani Tripathi,Kolkata,West Bengal,Premium
1573,Nitesh Basu,Jaipur,Rajasthan,Regular
1574,Manya Apte,Pune,Maharashtra,Premium
1575,Vasatika Bava,Pune,Maharashtra,Regular
1576,Yachana Borra,Bengaluru,Karnataka,Wholesale
1577,Krisha Hora,Pune,Maharashtra,Premium
1578,Sachi Kalla,Kochi,Kerala,Wholesale
1579,Aarav Handa,Coimbatore,Tamil Nadu,Wholesale
1580,Charita Narula,Kolkata,West Bengal,Premium
1581,Nimrat Taneja,Madurai,Tamil Nadu,Wholesale
1582,Vihaan Nagi,Mysuru,Karnataka,Premium
1583,Nakul Vaidya,Kolkata,West Bengal,Wholesale
1584,Nandini Ahuja,Kolkata,West Bengal,Wholesale
1585,Gauri Gera,Chennai,Tamil Nadu,Wholesale
1586,Vasatika Suresh,Delhi,Delhi,Premium
1587,Ekapad Shere,Kolkata,West Bengal,Wholesale
1588,Hemani Vig,Madurai,Tamil Nadu,Wholesale
1589,Abha Mander,Mumbai,Maharashtra,Wholesale
1590,Chatura Lanka,Jaipur,Rajasthan,Wholesale
1591,Vasudha Yadav,Delhi,Delhi,Wholesale
1592,Oscar Ranganathan,Bengaluru,Karnataka,Wholesale
1593,Widisha Batta,Mysuru,Karnataka,Regular
1594,Wahab Nanda,Coimbatore,Tamil Nadu,Regular
1595,Triveni Thakur,Mumbai,Maharashtra,Wholesale
1596,Christopher Karnik,Delhi,Delhi,Wholesale
1597,Hardik Gill,Delhi,Delhi,Regular
1598,Harini Chauhan,Coimbatore,Tamil Nadu,Wholesale
1599,Luke Subramanian,Kolkata,West Bengal,Wholesale
1600,Vansha Sagar,Bengaluru,Karnataka,Regular
1601,Radha Purohit,Delhi,Delhi,Premium
1602,Hitesh Mannan,Jaipur,Rajasthan,Regular
1603,Deepa Sengupta,Mysuru,Karnataka,Regular
1604,Sudiksha Bhatia,Ahmedabad,Gujarat,Premium
1605,Sachi Bera,Kolkata,West Bengal,Premium
1606,Vidhi Balasubramanian,Delhi,Delhi,Premium
1607,Sanya Raval,Coimbatore,Tamil Nadu,Regular
1608,Reva Roy,Mumbai,Maharashtra,Premium
1609,Varsha Goel,Salem,Tamil Nadu,Premium
1610,Liam Konda,Coimbatore,Tamil Nadu,Premium
1611,Hemal Krish,Kochi,Kerala,Regular
1612,Andrew Borde,Mysuru,Karnataka,Regular
1613,Lekha Nath,Hyderabad,Telangana,Regular
1614,Anmol Babu,Salem,Tamil Nadu,Premium
1615,Andrew Dass,Madurai,Tamil Nadu,Wholesale
1616,Wahab Dube,Hyderabad,Telangana,Premium
1617,Oni Grewal,Bengaluru,Karnataka,Premium
1618,Aditya Ratti,Trichy,Tamil Nadu,Premium
1619,Manthan Raval,Delhi,Delhi,Regular
1620,Ojas Khare,Delhi,Delhi,Wholesale
1621,Ubika Mital,Trichy,Tamil Nadu,Premium
1622,Yochana Mani,Salem,Tamil Nadu,Premium
1623,Chakradev Bail,Chennai,Tamil Nadu,Premium
1624,Urmi Kapadia,Chennai,Tamil Nadu,Premium
1625,Dayamai Baria,Trichy,Tamil Nadu,Wholesale
1626,Lekha Kulkarni,Coimbatore,Tamil Nadu,Regular
1627,Akshay Chowdhury,Mysuru,Karnataka,Premium
1628,Xalak Bakshi,Salem,Tamil Nadu,Wholesale
1629,Ishaan Badami,Chennai,Tamil Nadu,Regular
1630,Oeshi Palan,Mumbai,Maharashtra,Regular
1631,Gopal Rajagopal,Madurai,Tamil Nadu,Premium
1632,Aryan Dewan,Delhi,Delhi,Regular
1633,Ijaya De,Ahmedabad,Gujarat,Wholesale
1634,Samarth Dhaliwal,Trichy,Tamil Nadu,Premium
1635,Raagini Mitra,Mysuru,Karnataka,Premium
1636,Samar Vora,Pune,Maharashtra,Regular
1637,Ikbal Kota,Jaipur,Rajasthan,Regular
1638,Kavya Ganguly,Trichy,Tamil Nadu,Premium
1639,Bina Chandra,Madurai,Tamil Nadu,Premium
1640,Daksha Shukla,Trichy,Tamil Nadu,Premium
1641,Chaaya Bala,Chennai,Tamil Nadu,Premium
1642,Faraj Batta,Madurai,Tamil Nadu,Wholesale
1643,Zaid Samra,Bengaluru,Karnataka,Premium
1644,Ishita Goswami,Coimbatore,Tamil Nadu,Wholesale
1645,Wishi Srinivasan,Madurai,Tamil Nadu,Regular
1646,Kevin Dugal,Mumbai,Maharashtra,Regular
1647,Bhavika Sachdeva,Kolkata,West Bengal,Premium
1648,Samesh Uppal,Ahmedabad,Gujarat,Regular
1649,Nachiket Prabhu,Mysuru,Karnataka,Wholesale
1650,Vihaan Joshi,Mysuru,Karnataka,Premium
1651,Keya Toor,Madurai,Tamil Nadu,Premium
1652,Garima Chaudhari,Mumbai,Maharashtra,Regular
1653,Qasim De,Chennai,Tamil Nadu,Regular
1654,Rohan Chaudhuri,Mysuru,Karnataka,Regular
1655,Avni Bail,Chennai,Tamil Nadu,Premium
1656,Upma Hora,Salem,Tamil Nadu,Regular
1657,Dev Sengupta,Kolkata,West Bengal,Regular
1658,Manan Padmanabhan,Delhi,Delhi,Regular
1659,Amrita Kamdar,Trichy,Tamil Nadu,Wholesale
1660,Mahika Ram,Jaipur,Rajasthan,Wholesale
1661,Adya Wable,Mysuru,Karnataka,Premium
1662,Avni Rattan,Jaipur,Rajasthan,Regular
1663,Tanvi Vyas,Trichy,Tamil Nadu,Premium
1664,Teerth Kara,Mumbai,Maharashtra,Premium
1665,Matthew Sampath,Kolkata,West Bengal,Wholesale
1666,Dakshesh Borde,Trichy,Tamil Nadu,Wholesale
1667,Gaurangi Mohan,Kochi,Kerala,Regular
1668,Warhi Sampath,Ahmedabad,Gujarat,Regular
1669,Tanay Chaudhry,Mumbai,Maharashtra,Wholesale
1670,Pranav Char,Madurai,Tamil Nadu,Premium
1671,Pratyush Naidu,Kolkata,West Bengal,Wholesale
1672,Nikita Kaul,Coimbatore,Tamil Nadu,Premium
1673,Vasana Ratti,Kolkata,West Bengal,Wholesale
1674,Darsh Rai,Mysuru,Karnataka,Regular
1675,Anvi Kalita,Chennai,Tamil Nadu,Regular
1676,Aahana Ray,Ahmedabad,Gujarat,Regular
1677,Lipika Choudhury,Ahmedabad,Gujarat,Premium
1678,Lipika Issac,Delhi,Delhi,Premium
1679,Sanya Keer,Mysuru,Karnataka,Premium
1680,Prisha Datta,Mumbai,Maharashtra,Premium
1681,Ranveer Brahmbhatt,Coimbatore,Tamil Nadu,Wholesale
1682,Ranbir Mane,Coimbatore,Tamil Nadu,Premium
1683,Harita Bumb,Bengaluru,Karnataka,Wholesale
1684,Chaman Das,Chennai,Tamil Nadu,Premium
1685,Hema Roy,Mumbai,Maharashtra,Premium
1686,Maya Keer,Kolkata,West Bengal,Regular
1687,Jairaj Oak,Mumbai,Maharashtra,Premium
1688,Onveer Dutt,Coimbatore,Tamil Nadu,Regular
1689,Sathvik Reddy,Chennai,Tamil Nadu,Premium
1690,Damyanti Srinivasan,Jaipur,Rajasthan,Regular
1691,Nisha Chhabra,Ahmedabad,Gujarat,Regular
1692,Dalbir Khosla,Mysuru,Karnataka,Wholesale
1693,Meera Ahuja,Delhi,Delhi,Wholesale
1694,Ekta Sandhu,Bengaluru,Karnataka,Wholesale
1695,Owen Chadha,Madurai,Tamil Nadu,Regular
1696,Omkaar Sarna,Ahmedabad,Gujarat,Wholesale
1697,Jyoti Mohanty,Mumbai,Maharashtra,Wholesale
1698,Unnati Mitter,Kolkata,West Bengal,Wholesale
1699,Naksh Contractor,Madurai,Tamil Nadu,Regular
1700,Vivaan Gandhi,Kochi,Kerala,Regular
1701,Gautami Batra,Trichy,Tamil Nadu,Wholesale
1702,Kamala Sengupta,Bengaluru,Karnataka,Wholesale
1703,Brinda Varkey,Pune,Maharashtra,Premium
1704,Udant Mall,Coimbatore,Tamil Nadu,Regular
1705,Ekanta Pant,Trichy,Tamil Nadu,Premium
1706,Yashawini Kurian,Bengaluru,Karnataka,Premium
1707,Pushti Ramanathan,Trichy,Tamil Nadu,Wholesale
1708,Gaurang Murty,Kochi,Kerala,Wholesale
1709,Rohan Nagi,Kochi,Kerala,Wholesale
1710,Krisha Gupta,Bengaluru,Karnataka,Regular
1711,Maanav Singh,Madurai,Tamil Nadu,Wholesale
1712,Anvi Cheema,Trichy,Tamil Nadu,Wholesale
1713,Lakshit Parekh,Salem,Tamil Nadu,Premium
1714,Nidra Dugar,Jaipur,Rajasthan,Regular
1715,Ridhi Dalal,Madurai,Tamil Nadu,Regular
1716,Qushi Parekh,Mumbai,Maharashtra,Regular
1717,Vaishnavi Mital,Madurai,Tamil Nadu,Wholesale
1718,Hiral Wason,Delhi,Delhi,Premium
1719,Chavvi Kanda,Bengaluru,Karnataka,Wholesale
1720,Timothy Sami,Madurai,Tamil Nadu,Regular
1721,Bhavna Krishnan,Coimbatore,Tamil Nadu,Wholesale
1722,Kamala Raju,Trichy,Tamil Nadu,Regular
1723,George Agarwal,Chennai,Tamil Nadu,Premium
1724,Nicholas Sarin,Jaipur,Rajasthan,Regular
1725,Rushil Issac,Chennai,Tamil Nadu,Premium
1726,Rehaan Munshi,Madurai,Tamil Nadu,Wholesale
1727,Chameli Palla,Chennai,Tamil Nadu,Premium
1728,Ekaraj Naik,Pune,Maharashtra,Premium
1729,Manya Chada,Mumbai,Maharashtra,Premium
1730,Faqid Ramachandran,Chennai,Tamil Nadu,Regular
1731,Libni Bahri,Kolkata,West Bengal,Regular
1732,Victor Chana,Kochi,Kerala,Regular
1733,Widisha Behl,Mysuru,Karnataka,Wholesale
1734,Damini Dar,Kochi,Kerala,Premium
1735,Kabir Hora,Ahmedabad,Gujarat,Wholesale
1736,Madhav Dayal,Trichy,Tamil Nadu,Regular
1737,Chaaya Devan,Hyderabad,Telangana,Wholesale
1738,Zarna Narang,Trichy,Tamil Nadu,Premium
1739,Saumya Jayaraman,Chennai,Tamil Nadu,Premium
1740,Vrishti Sampath,Ahmedabad,Gujarat,Premium
1741,Manthan Hans,Jaipur,Rajasthan,Regular
1742,Waida Deol,Bengaluru,Karnataka,Wholesale
1743,Matthew Dey,Salem,Tamil Nadu,Premium
1744,Vansha Kibe,Madurai,Tamil Nadu,Regular
1745,Patrick Dixit,Chennai,Tamil Nadu,Regular
1746,Tristan Keer,Bengaluru,Karnataka,Wholesale
1747,Dalbir Batra,Madurai,Tamil Nadu,Premium
1748,Panini Brar,Salem,Tamil Nadu,Premium
1749,Nidhi Madan,Delhi,Delhi,Regular
1750,Reva Kala,Delhi,Delhi,Premium
1751,Anirudh Sheth,Coimbatore,Tamil Nadu,Regular
1752,Ekaraj Sha,Kochi,Kerala,Premium
1753,Bahadurjit Virk,Bengaluru,Karnataka,Regular
1754,Manya Yogi,Chennai,Tamil Nadu,Premium
1755,Sanaya Bhatnagar,Delhi,Delhi,Wholesale
1756,Azad Seshadri,Mumbai,Maharashtra,Wholesale
1757,Manan Chacko,Salem,Tamil Nadu,Wholesale
1758,Garima Parikh,Chennai,Tamil Nadu,Premium
1759,Anvi Prashad,Hyderabad,Telangana,Premium
1760,Zilmil Thakur,Mysuru,Karnataka,Regular
1761,Geetika Mahajan,Bengaluru,Karnataka,Wholesale
1762,Charan Shere,Salem,Tamil Nadu,Wholesale
1763,Bhanumati Rattan,Kolkata,West Bengal,Wholesale
1764,Azad Merchant,Hyderabad,Telangana,Wholesale
1765,Chaitaly Tailor,Ahmedabad,Gujarat,Regular
1766,Ekantika Chauhan,Ahmedabad,Gujarat,Wholesale
1767,Ekalinga Sule,Kochi,Kerala,Wholesale
1768,Kiaan Nadig,Pune,Maharashtra,Regular
1769,Leena Dani,Salem,Tamil Nadu,Wholesale
1770,Chanakya Chaudhari,Delhi,Delhi,Premium
1771,Deepa Lad,Trichy,Tamil Nadu,Wholesale
1772,Samaksh Mand,Trichy,Tamil Nadu,Wholesale
1773,Manan Kota,Bengaluru,Karnataka,Regular
1774,Eesha Datta,Pune,Maharashtra,Wholesale
1775,Barkha Chakraborty,Coimbatore,Tamil Nadu,Premium
1776,Baghyawati Bakshi,Kochi,Kerala,Wholesale
1777,Balveer Balakrishnan,Ahmedabad,Gujarat,Premium
1778,Saksham Dani,Mumbai,Maharashtra,Wholesale
1779,Qarin Ramanathan,Mumbai,Maharashtra,Regular
1780,Triya Chand,Mumbai,Maharashtra,Wholesale
1781,Keya Wable,Ahmedabad,Gujarat,Wholesale
1782,Nachiket Pandit,Mumbai,Maharashtra,Wholesale
1783,Ishani Virk,Kochi,Kerala,Regular
1784,Varenya Narang,Delhi,Delhi,Regular
1785,Quincy Shankar,Salem,Tamil Nadu,Premium
1786,Nimrat Agate,Hyderabad,Telangana,Wholesale
1787,Irya Dugal,Pune,Maharashtra,Regular
1788,Leela Parmar,Trichy,Tamil Nadu,Premium
1789,Rehaan Kohli,Coimbatore,Tamil Nadu,Premium
1790,Ekansh Karnik,Mysuru,Karnataka,Wholesale
1791,Caleb Pathak,Kochi,Kerala,Wholesale
1792,Krishna Chopra,Hyderabad,Telangana,Regular
1793,Abdul Guha,Mumbai,Maharashtra,Regular
1794,Bakhshi Rao,Mumbai,Maharashtra,Wholesale
1795,Harish Sandal,Mysuru,Karnataka,Regular
1796,Bhanumati Hayre,Ahmedabad,Gujarat,Wholesale
1797,Laban Bala,Bengaluru,Karnataka,Premium
1798,Baghyawati Sethi,Pune,Maharashtra,Regular
1799,Oeshi Buch,Trichy,Tamil Nadu,Wholesale
1800,Aayush Date,Salem,Tamil Nadu,Regular
1801,Bhavini Tripathi,Ahmedabad,Gujarat,Regular
1802,Simon Kibe,Kochi,Kerala,Regular
1803,Harsh Hora,Kolkata,West Bengal,Regular
1804,Zayyan Badal,Bengaluru,Karnataka,Wholesale
1805,Zarna Mohanty,Jaipur,Rajasthan,Premium
1806,Eshana Sheth,Trichy,Tamil Nadu,Regular
1807,Dhruv Kashyap,Trichy,Tamil Nadu,Wholesale
1808,Parth Khosla,Pune,Maharashtra,Wholesale
1809,Quincy Devan,Kolkata,West Bengal,Premium
1810,Chaitaly Walia,Kolkata,West Bengal,Wholesale
1811,Arin Rege,Mumbai,Maharashtra,Regular
1812,Shivansh Krishnan,Pune,Maharashtra,Premium
1813,Darsh Sandal,Mumbai,Maharashtra,Regular
1814,Pushti Walla,Mysuru,Karnataka,Wholesale
1815,Unnati Dhar,Salem,Tamil Nadu,Premium
1816,Vaishnavi Lad,Bengaluru,Karnataka,Regular
1817,Zayan Kothari,Kochi,Kerala,Wholesale
1818,Varsha Palan,Mumbai,Maharashtra,Wholesale
1819,Xalak Ramesh,Salem,Tamil Nadu,Premium
1820,Triveni Dewan,Madurai,Tamil Nadu,Premium
1821,Watika Bumb,Hyderabad,Telangana,Regular
1822,Fiyaz Natt,Ahmedabad,Gujarat,Premium
1823,Bahadurjit Anand,Mumbai,Maharashtra,Wholesale
1824,Viraj Dhawan,Kochi,Kerala,Premium
1825,Mekhala Pall,Ahmedabad,Gujarat,Wholesale
1826,Onveer Ganesan,Delhi,Delhi,Regular
1827,Vritti Pillay,Chennai,Tamil Nadu,Regular
1828,Finn Malhotra,Mumbai,Maharashtra,Wholesale
1829,Fariq Murty,Ahmedabad,Gujarat,Premium
1830,Zaid Loke,Salem,Tamil Nadu,Regular
1831,Frado Sharaf,Pune,Maharashtra,Wholesale
1832,Sai Saini,Coimbatore,Tamil Nadu,Premium
1833,Oliver Chandra,Mysuru,Karnataka,Premium
1834,Udarsh Dugar,Mysuru,Karnataka,Regular
1835,Oviya Tandon,Kolkata,West Bengal,Regular
1836,Aadhya Tripathi,Jaipur,Rajasthan,Regular
1837,Matthew Ramaswamy,Trichy,Tamil Nadu,Regular
1838,Wahab Yadav,Chennai,Tamil Nadu,Premium
1839,Tristan Palla,Mumbai,Maharashtra,Regular
1840,Tanmayi Patil,Jaipur,Rajasthan,Wholesale
1841,Kai Krishna,Ahmedabad,Gujarat,Premium
1842,Dayamai Parikh,Bengaluru,Karnataka,Regular
1843,Rushil Roy,Coimbatore,Tamil Nadu,Premium
1844,Yoshita Saini,Ahmedabad,Gujarat,Wholesale
1845,Hitesh Bhasin,Trichy,Tamil Nadu,Premium
1846,Fitan Sidhu,Kolkata,West Bengal,Regular
1847,Chasmum Shankar,Trichy,Tamil Nadu,Regular
1848,Darsh Shah,Mysuru,Karnataka,Regular
1849,Chaitaly Kala,Madurai,Tamil Nadu,Wholesale
1850,Azaan Ram,Trichy,Tamil Nadu,Premium
1851,Chanakya Nagy,Delhi,Delhi,Premium
1852,Onkar Bala,Kochi,Kerala,Wholesale
1853,Vansha Kari,Coimbatore,Tamil Nadu,Wholesale
1854,Avni Gandhi,Delhi,Delhi,Premium
1855,Kabir Gokhale,Pune,Maharashtra,Wholesale
1856,Ria Varma,Kolkata,West Bengal,Regular
1857,Ishita Kade,Ahmedabad,Gujarat,Wholesale
1858,Frederick Sinha,Bengaluru,Karnataka,Wholesale
1859,Siddharth Gandhi,Pune,Maharashtra,Wholesale
1860,Aadhya Vyas,Mumbai,Maharashtra,Wholesale
1861,Reva Vasa,Bengaluru,Karnataka,Premium
1862,Anay Kibe,Hyderabad,Telangana,Regular
1863,Yutika Bir,Bengaluru,Karnataka,Wholesale
1864,Patrick Wason,Mysuru,Karnataka,Wholesale
1865,Dhruv Iyer,Hyderabad,Telangana,Regular
1866,Aarnav Ravi,Hyderabad,Telangana,Premium
1867,Amrita Bassi,Hyderabad,Telangana,Wholesale
1868,Urvi Lala,Trichy,Tamil Nadu,Wholesale
1869,Advaith Nagy,Madurai,Tamil Nadu,Wholesale
1870,Madhav Desai,Ahmedabad,Gujarat,Wholesale
1871,Chatura Mahal,Jaipur,Rajasthan,Wholesale
1872,Advay Ramanathan,Jaipur,Rajasthan,Regular
1873,Amol Parikh,Ahmedabad,Gujarat,Wholesale
1874,Urmi Vora,Kochi,Kerala,Premium
1875,Isaac Bal,Kochi,Kerala,Regular
1876,Varenya Walla,Kochi,Kerala,Premium
1877,Dayamai Mangal,Hyderabad,Telangana,Wholesale
1878,Kavya Gour,Trichy,Tamil Nadu,Wholesale
1879,Amara Nath,Trichy,Tamil Nadu,Premium
1880,Eesha Pal,Mysuru,Karnataka,Regular
1881,Reyansh Majumdar,Trichy,Tamil Nadu,Wholesale
1882,Nidhi Halder,Delhi,Delhi,Wholesale
1883,Ekiya Johal,Coimbatore,Tamil Nadu,Premium
1884,Ayush Majumdar,Chennai,Tamil Nadu,Regular
1885,Vedant Oommen,Mysuru,Karnataka,Regular
1886,Samar Oommen,Ahmedabad,Gujarat,Premium
1887,Ati Ratti,Mumbai,Maharashtra,Regular
1888,Idika Prashad,Kolkata,West Bengal,Wholesale
1889,George Sarma,Coimbatore,Tamil Nadu,Wholesale
1890,Warjas Prabhakar,Mysuru,Karnataka,Wholesale
1891,Balendra Anand,Hyderabad,Telangana,Wholesale
1892,Vasana Thaman,Mysuru,Karnataka,Regular
1893,Zayyan Wali,Madurai,Tamil Nadu,Regular
1894,Urmi Varma,Jaipur,Rajasthan,Premium
1895,Logan Keer,Trichy,Tamil Nadu,Wholesale
1896,Reyansh Aggarwal,Delhi,Delhi,Wholesale
1897,Oeshi Patla,Ahmedabad,Gujarat,Premium
1898,Ayushman Bhatti,Mysuru,Karnataka,Wholesale
1899,Ria Goel,Kolkata,West Bengal,Premium
1900,Eesha Menon,Madurai,Tamil Nadu,Wholesale
1901,William Borah,Trichy,Tamil Nadu,Regular
1902,Gauri Pal,Madurai,Tamil Nadu,Wholesale
1903,Krishna Solanki,Kolkata,West Bengal,Premium
1904,Pushti Kakar,Pune,Maharashtra,Wholesale
1905,Daksha Hegde,Hyderabad,Telangana,Wholesale
1906,Joshua Sahni,Ahmedabad,Gujarat,Wholesale
1907,Onkar Bhatia,Chennai,Tamil Nadu,Wholesale
1908,Nathaniel Misra,Kochi,Kerala,Premium
1909,Saksham Bhardwaj,Kochi,Kerala,Regular
1910,Gabriel Mody,Coimbatore,Tamil Nadu,Premium
1911,Meera Dayal,Ahmedabad,Gujarat,Regular
1912,Tanish Dada,Ahmedabad,Gujarat,Regular
1913,Manbir Sandal,Madurai,Tamil Nadu,Premium
1914,Balveer Contractor,Bengaluru,Karnataka,Regular
1915,Elijah Kapadia,Trichy,Tamil Nadu,Wholesale
1916,Samar Venkataraman,Hyderabad,Telangana,Regular
1917,Yamini Chakrabarti,Madurai,Tamil Nadu,Premium
1918,Gaurika Dhingra,Pune,Maharashtra,Wholesale
1919,Damini Bhatt,Mysuru,Karnataka,Wholesale
1920,Shaurya Dhar,Kolkata,West Bengal,Regular
1921,Pavani Chaudry,Jaipur,Rajasthan,Premium
1922,Waida Madan,Delhi,Delhi,Premium
1923,Omkaar Rao,Pune,Maharashtra,Wholesale
1924,Wyatt Borah,Salem,Tamil Nadu,Premium
1925,Advay Choudhry,Bengaluru,Karnataka,Regular
1926,Praneel Bhavsar,Kochi,Kerala,Wholesale
1927,Bhavika Doshi,Pune,Maharashtra,Premium
1928,Omisha Ramesh,Mysuru,Karnataka,Wholesale
1929,Reyansh Dutta,Kochi,Kerala,Premium
1930,Ucchal Grewal,Kolkata,West Bengal,Wholesale
1931,Aashi Prabhu,Chennai,Tamil Nadu,Premium
1932,Eshana Sahni,Jaipur,Rajasthan,Wholesale
1933,Mason Bhatti,Delhi,Delhi,Wholesale
1934,Anthony Narula,Pune,Maharashtra,Regular
1935,Lohit Halder,Bengaluru,Karnataka,Premium
1936,Anay Jhaveri,Kochi,Kerala,Premium
1937,Jagat Kohli,Chennai,Tamil Nadu,Premium
1938,Vincent Vala,Delhi,Delhi,Premium
1939,Sanya Verma,Hyderabad,Telangana,Regular
1940,Charvi Sha,Salem,Tamil Nadu,Regular
1941,Ethan Kuruvilla,Delhi,Delhi,Wholesale
1942,Wriddhish Pandey,Delhi,Delhi,Wholesale
1943,Hema Kala,Trichy,Tamil Nadu,Wholesale
1944,Faras Narang,Kochi,Kerala,Premium
1945,Girindra Sawhney,Ahmedabad,Gujarat,Regular
1946,Pallavi Narula,Kolkata,West Bengal,Premium
1947,Tejas Palla,Mysuru,Karnataka,Premium
1948,Sudiksha Khare,Chennai,Tamil Nadu,Regular
1949,Barkha Verma,Pune,Maharashtra,Regular
1950,Xalak Sidhu,Hyderabad,Telangana,Wholesale
1951,Ikbal Boase,Delhi,Delhi,Wholesale
1952,Hitesh Seth,Pune,Maharashtra,Regular
1953,Ekantika Jhaveri,Hyderabad,Telangana,Regular
1954,Laksh Iyengar,Bengaluru,Karnataka,Wholesale
1955,Harshil Dua,Mysuru,Karnataka,Regular
1956,Shaurya Nigam,Ahmedabad,Gujarat,Regular
1957,Pushti Munshi,Kolkata,West Bengal,Wholesale
1958,Ekaraj Karpe,Delhi,Delhi,Premium
1959,Victor Hora,Madurai,Tamil Nadu,Regular
1960,Harshil Balakrishnan,Coimbatore,Tamil Nadu,Premium
1961,Anjali Thakur,Mumbai,Maharashtra,Regular
1962,Madhav Dara,Bengaluru,Karnataka,Regular
1963,Lopa Kibe,Pune,Maharashtra,Wholesale
1964,Triveni Shan,Kolkata,West Bengal,Premium
1965,Ansh Agarwal,Ahmedabad,Gujarat,Wholesale
1966,Shaurya Dara,Kolkata,West Bengal,Wholesale
1967,Eshana Gokhale,Mumbai,Maharashtra,Premium
1968,Yoshita Bhat,Madurai,Tamil Nadu,Wholesale
1969,Falak Dalal,Jaipur,Rajasthan,Regular
1970,Sarthak Nayar,Trichy,Tamil Nadu,Regular
1971,Keya Bakshi,Bengaluru,Karnataka,Wholesale
1972,Dominic Cherian,Salem,Tamil Nadu,Premium
1973,Alexander Jha,Bengaluru,Karnataka,Regular
1974,Hiral Tak,Delhi,Delhi,Premium
1975,Jyoti Ahuja,Mumbai,Maharashtra,Regular
1976,Udyati Sodhi,Madurai,Tamil Nadu,Regular
1977,Zaitra Gaba,Chennai,Tamil Nadu,Premium
1978,Advika D’Alia,Chennai,Tamil Nadu,Regular
1979,Samuel Viswanathan,Mumbai,Maharashtra,Premium
1980,Bhavna Thakkar,Bengaluru,Karnataka,Premium
1981,Gunbir Golla,Mumbai,Maharashtra,Regular
1982,Anirudh Parsa,Mysuru,Karnataka,Wholesale
1983,Ati Dhar,Delhi,Delhi,Wholesale
1984,Raghav Banerjee,Mysuru,Karnataka,Wholesale
1985,Vritti Sinha,Jaipur,Rajasthan,Wholesale
1986,Edhitha Tailor,Chennai,Tamil Nadu,Regular
1987,Maya Dora,Salem,Tamil Nadu,Regular
1988,Upma Kala,Madurai,Tamil Nadu,Wholesale
1989,Pushti Raghavan,Trichy,Tamil Nadu,Regular
1990,Sai Bava,Hyderabad,Telangana,Regular
1991,Balendra Sampath,Kolkata,West Bengal,Regular
1992,Nihal Tank,Madurai,Tamil Nadu,Premium
1993,Daniel Bansal,Coimbatore,Tamil Nadu,Wholesale
1994,Champak Sarraf,Delhi,Delhi,Regular
1995,Matthew Singhal,Bengaluru,Karnataka,Regular
1996,Eta Gole,Mysuru,Karnataka,Wholesale
1997,Netra Chadha,Mysuru,Karnataka,Premium
1998,Yashawini Chand,Pune,Maharashtra,Wholesale
1999,Priya Wadhwa,Delhi,Delhi,Premium
2000,Sai Kumar,Jaipur,Rajasthan,Wholesale
2001,Thomas Ganesan,Coimbatore,Tamil Nadu,Premium
2002,Dhruv Thakur,Salem,Tamil Nadu,Wholesale
2003,Aarav Tiwari,Pune,Maharashtra,Regular
2004,Ranbir Sundaram,Kochi,Kerala,Premium
2005,Pranit Mangat,Kolkata,West Bengal,Premium
2006,Ishanvi Balakrishnan,Madurai,Tamil Nadu,Regular
2007,Chandani Pant,Mumbai,Maharashtra,Premium
2008,Oscar Mohanty,Chennai,Tamil Nadu,Premium
2009,Ishita Anne,Delhi,Delhi,Wholesale
2010,Arin Borah,Chennai,Tamil Nadu,Premium
2011,Ekanta Divan,Mumbai,Maharashtra,Premium
2012,Liam Dey,Mysuru,Karnataka,Wholesale
2013,Robert Patla,Hyderabad,Telangana,Regular
2014,Diya Raghavan,Kochi,Kerala,Premium
2015,Upadhriti Sridhar,Ahmedabad,Gujarat,Wholesale
2016,Aadhya Mane,Hyderabad,Telangana,Regular
2017,Reyansh Dey,Jaipur,Rajasthan,Wholesale
2018,Tejas Wadhwa,Coimbatore,Tamil Nadu,Regular
2019,Nidhi Mutti,Delhi,Delhi,Regular
2020,Ijaya Dayal,Coimbatore,Tamil Nadu,Wholesale
2021,Jeremiah Balasubramanian,Ahmedabad,Gujarat,Wholesale
2022,Jagvi Hegde,Mumbai,Maharashtra,Wholesale
2023,Harshil Padmanabhan,Trichy,Tamil Nadu,Premium
2024,Balhaar Shan,Coimbatore,Tamil Nadu,Wholesale
2025,Qabil Yohannan,Hyderabad,Telangana,Wholesale
2026,Dominic Mann,Hyderabad,Telangana,Wholesale
2027,Isaiah Mall,Salem,Tamil Nadu,Wholesale
2028,Jyoti Yadav,Mysuru,Karnataka,Regular
2029,Faras Sur,Trichy,Tamil Nadu,Regular
2030,Aachal Chopra,Madurai,Tamil Nadu,Regular
2031,Unnati Som,Hyderabad,Telangana,Wholesale
2032,Henry Naidu,Pune,Maharashtra,Wholesale
2033,Peter Sethi,Bengaluru,Karnataka,Premium
2034,Nakul Puri,Mumbai,Maharashtra,Regular
2035,Oliver Bir,Kolkata,West Bengal,Premium
2036,Chameli Doctor,Salem,Tamil Nadu,Regular
2037,Maanav Dubey,Bengaluru,Karnataka,Premium
2038,Champak Murthy,Pune,Maharashtra,Wholesale
2039,Nachiket Ganguly,Bengaluru,Karnataka,Wholesale
2040,Mitali Oak,Jaipur,Rajasthan,Wholesale
2041,Harita Dasgupta,Kolkata,West Bengal,Regular
2042,Chaaya Sachdeva,Pune,Maharashtra,Regular
2043,Om Cherian,Mysuru,Karnataka,Premium
2044,Ekantika Prabhu,Delhi,Delhi,Wholesale
2045,Vyanjana Soni,Coimbatore,Tamil Nadu,Regular
2046,Ansh Dhawan,Hyderabad,Telangana,Wholesale
2047,Jason Karan,Delhi,Delhi,Wholesale
2048,Amrita Sharaf,Mysuru,Karnataka,Wholesale
2049,Osha Korpal,Bengaluru,Karnataka,Wholesale
2050,Vansha Varma,Bengaluru,Karnataka,Wholesale
2051,Saanvi Contractor,Bengaluru,Karnataka,Premium
2052,Jyoti Kamdar,Chennai,Tamil Nadu,Regular
2053,Unnati Datta,Madurai,Tamil Nadu,Wholesale
2054,Dev Bhatti,Hyderabad,Telangana,Regular
2055,Dipta Ramakrishnan,Delhi,Delhi,Regular
2056,Ekantika Chanda,Kolkata,West Bengal,Premium
2057,Pavani Mand,Ahmedabad,Gujarat,Regular
2058,Gaurika Hans,Jaipur,Rajasthan,Premium
2059,Meghana Vora,Mysuru,Karnataka,Regular
2060,Wazir Murty,Bengaluru,Karnataka,Regular
2061,Pavani Vohra,Trichy,Tamil Nadu,Premium
2062,Abdul Karnik,Kolkata,West Bengal,Wholesale
2063,Harinakshi Bassi,Salem,Tamil Nadu,Premium
2064,Ria Mital,Hyderabad,Telangana,Regular
2065,Nachiket Grewal,Kolkata,West Bengal,Regular
2066,Lohit Madan,Delhi,Delhi,Premium
2067,Forum Chatterjee,Salem,Tamil Nadu,Premium
2068,Oeshi Som,Pune,Maharashtra,Premium
2069,Karan Thakkar,Chennai,Tamil Nadu,Regular
2070,Kashvi Subramanian,Kochi,Kerala,Regular
2071,Prisha Ghose,Bengaluru,Karnataka,Regular
2072,Eiravati Nayar,Salem,Tamil Nadu,Premium
2073,Lakshit Gill,Delhi,Delhi,Premium
2074,Wyatt Krish,Salem,Tamil Nadu,Premium
2075,Jagvi Rajan,Mumbai,Maharashtra,Premium
2076,Udyati Arya,Salem,Tamil Nadu,Wholesale
2077,Girish Lad,Hyderabad,Telangana,Wholesale
2078,Elijah Bawa,Chennai,Tamil Nadu,Wholesale
2079,Hemang Saran,Jaipur,Rajasthan,Regular
2080,Chakradev Nagi,Mumbai,Maharashtra,Premium
2081,Krishna Aggarwal,Mumbai,Maharashtra,Wholesale
2082,Nitesh Mandal,Hyderabad,Telangana,Regular
2083,Mason Mangal,Hyderabad,Telangana,Premium
2084,Timothy Raja,Mysuru,Karnataka,Premium
2085,Udyati Bera,Chennai,Tamil Nadu,Premium
2086,Om Kapoor,Ahmedabad,Gujarat,Wholesale
2087,Viraj Kamdar,Kochi,Kerala,Regular
2088,Hardik Tiwari,Bengaluru,Karnataka,Premium
2089,Aachal Varty,Kochi,Kerala,Premium
2090,Radha Korpal,Kolkata,West Bengal,Premium
2091,Ridhi Kapadia,Mumbai,Maharashtra,Regular
2092,Bhavika Saini,Ahmedabad,Gujarat,Regular
2093,Upma Dass,Pune,Maharashtra,Wholesale
2094,Robert Suresh,Pune,Maharashtra,Premium
2095,Anirudh Gour,Jaipur,Rajasthan,Wholesale
2096,Prisha Jha,Coimbatore,Tamil Nadu,Premium
2097,Ryan Bose,Ahmedabad,Gujarat,Premium
2098,Vasatika Samra,Hyderabad,Telangana,Regular
2099,Adweta Mohan,Trichy,Tamil Nadu,Premium
2100,Pushti Shenoy,Jaipur,Rajasthan,Regular
2101,Ayushman Dhar,Pune,Maharashtra,Premium
2102,Qushi Singh,Trichy,Tamil Nadu,Wholesale
2103,Janaki Kannan,Delhi,Delhi,Wholesale
2104,Gauri Sanghvi,Coimbatore,Tamil Nadu,Regular
2105,Yahvi Tripathi,Trichy,Tamil Nadu,Premium
2106,Gaurika Kumar,Mysuru,Karnataka,Premium
2107,Azaan Dada,Mumbai,Maharashtra,Regular
2108,Robert Cheema,Ahmedabad,Gujarat,Premium
2109,Falan Ray,Chennai,Tamil Nadu,Wholesale
2110,Jacob Nagy,Mumbai,Maharashtra,Premium
2111,Yashodhara Andra,Coimbatore,Tamil Nadu,Premium
2112,Lila Rege,Salem,Tamil Nadu,Premium
2113,Madhav Ramanathan,Kochi,Kerala,Premium
2114,Mitali Karpe,Mysuru,Karnataka,Regular
2115,Vansha Ratti,Coimbatore,Tamil Nadu,Wholesale
2116,Charles Gara,Kolkata,West Bengal,Wholesale
2117,Kamya Nadig,Kochi,Kerala,Regular
2118,Krishna Sandal,Madurai,Tamil Nadu,Regular
2119,Jai Sunder,Pune,Maharashtra,Premium
2120,Jeet Mitra,Ahmedabad,Gujarat,Wholesale
2121,Ria Choudhury,Mysuru,Karnataka,Regular
2122,Tanmayi Tata,Jaipur,Rajasthan,Premium
2123,Wridesh Agate,Delhi,Delhi,Wholesale
2124,Sai Wable,Bengaluru,Karnataka,Wholesale
2125,Rehaan Boase,Mumbai,Maharashtra,Wholesale
2126,Alka Mannan,Madurai,Tamil Nadu,Regular
2127,Azaan Ben,Ahmedabad,Gujarat,Regular
2128,Upasna Walla,Kochi,Kerala,Wholesale
2129,Vedika Chaudhari,Salem,Tamil Nadu,Premium
2130,Kamya Ram,Madurai,Tamil Nadu,Premium
2131,Januja Rama,Kochi,Kerala,Wholesale
2132,Indali Sidhu,Trichy,Tamil Nadu,Regular
2133,Akshay Rama,Ahmedabad,Gujarat,Regular
2134,Deepa Saran,Ahmedabad,Gujarat,Premium
2135,Hemangini Kumer,Trichy,Tamil Nadu,Wholesale
2136,Rishi Chander,Kochi,Kerala,Regular
2137,Jasmit Karan,Ahmedabad,Gujarat,Premium
2138,Nathan Shere,Coimbatore,Tamil Nadu,Regular
2139,Omya Vala,Hyderabad,Telangana,Regular
2140,Amruta Karan,Chennai,Tamil Nadu,Wholesale
2141,Raagini Joshi,Salem,Tamil Nadu,Wholesale
2142,Yashvi Wadhwa,Trichy,Tamil Nadu,Wholesale
2143,Orinder Warrior,Trichy,Tamil Nadu,Premium
2144,Abha Handa,Kolkata,West Bengal,Regular
2145,Nilima Mody,Jaipur,Rajasthan,Wholesale
2146,Atharv Gulati,Ahmedabad,Gujarat,Wholesale
2147,Vedant Lalla,Delhi,Delhi,Regular
2148,Sanaya Gade,Kolkata,West Bengal,Wholesale
2149,Nathaniel Kanda,Coimbatore,Tamil Nadu,Premium
2150,Chatresh Mani,Ahmedabad,Gujarat,Premium
2151,Yuvraj Kuruvilla,Mumbai,Maharashtra,Regular
2152,Nikita Sarraf,Chennai,Tamil Nadu,Wholesale
2153,Faraj Lala,Mysuru,Karnataka,Regular
2154,Diya Prabhu,Coimbatore,Tamil Nadu,Regular
2155,Dayamai Nanda,Jaipur,Rajasthan,Regular
2156,Teerth Pillai,Kolkata,West Bengal,Wholesale
2157,Vasana Lad,Salem,Tamil Nadu,Premium
2158,Pushti Pillay,Mysuru,Karnataka,Regular
2159,Alexander Mitra,Mysuru,Karnataka,Regular
2160,Ronith Wali,Kolkata,West Bengal,Premium
2161,Vyanjana Pall,Delhi,Delhi,Wholesale
2162,Vanya Dhar,Kochi,Kerala,Wholesale
2163,Damyanti Koshy,Mumbai,Maharashtra,Premium
2164,Neel Brahmbhatt,Pune,Maharashtra,Wholesale
2165,Eta Tata,Coimbatore,Tamil Nadu,Premium
2166,Harita Kumer,Mysuru,Karnataka,Wholesale
2167,Chanchal Deep,Kochi,Kerala,Regular
2168,Jagvi Banerjee,Chennai,Tamil Nadu,Premium
2169,Ucchal Tripathi,Chennai,Tamil Nadu,Regular
2170,Irya Mittal,Pune,Maharashtra,Premium
2171,Darpan Soni,Mumbai,Maharashtra,Wholesale
2172,Saksham Sule,Kolkata,West Bengal,Wholesale
2173,Pranav Ravi,Chennai,Tamil Nadu,Regular
2174,Chameli Sandal,Bengaluru,Karnataka,Premium
2175,Damyanti Das,Pune,Maharashtra,Premium
2176,Hemal Ramesh,Bengaluru,Karnataka,Premium
2177,Chakradhar Jha,Chennai,Tamil Nadu,Wholesale
2178,Daniel Sant,Chennai,Tamil Nadu,Regular
2179,Anay Mody,Madurai,Tamil Nadu,Regular
2180,Tarak Cherian,Kolkata,West Bengal,Wholesale
2181,Aarini Kapoor,Coimbatore,Tamil Nadu,Regular
2182,Ayush Bir,Jaipur,Rajasthan,Regular
2183,Qarin Kapur,Pune,Maharashtra,Wholesale
2184,Ryan Kohli,Chennai,Tamil Nadu,Wholesale
2185,Girish Bahl,Salem,Tamil Nadu,Premium
2186,Tripti Cheema,Madurai,Tamil Nadu,Regular
2187,Janaki Singhal,Hyderabad,Telangana,Wholesale
2188,Chaman Raj,Coimbatore,Tamil Nadu,Wholesale
2189,Jai Kumar,Bengaluru,Karnataka,Regular
2190,Veer Bahri,Mumbai,Maharashtra,Premium
2191,Girindra Bansal,Trichy,Tamil Nadu,Premium
2192,Anya Sidhu,Chennai,Tamil Nadu,Regular
2193,Chatura Ram,Delhi,Delhi,Premium
2194,Champak Thaman,Delhi,Delhi,Regular
2195,Dakshesh Golla,Pune,Maharashtra,Wholesale
2196,Arya Gera,Jaipur,Rajasthan,Wholesale
2197,Teerth Bir,Pune,Maharashtra,Premium
2198,Oliver Barman,Mumbai,Maharashtra,Wholesale
2199,Ishani Bhatt,Kochi,Kerala,Regular
2200,Ekbal Mitter,Bengaluru,Karnataka,Regular
2201,Ansh Dube,Ahmedabad,Gujarat,Regular
2202,Krishna Barad,Coimbatore,Tamil Nadu,Premium
2203,Baljiwan Cheema,Kochi,Kerala,Wholesale
2204,Laban Ghose,Hyderabad,Telangana,Regular
2205,Xiti Sachdev,Trichy,Tamil Nadu,Premium
2206,Watika Oommen,Kolkata,West Bengal,Wholesale
2207,Unni Chopra,Pune,Maharashtra,Wholesale
2208,Agastya Shroff,Hyderabad,Telangana,Wholesale
2209,Vritti Memon,Bengaluru,Karnataka,Regular
2210,Diya Gandhi,Kochi,Kerala,Regular
2211,Urmi Bir,Bengaluru,Karnataka,Wholesale
2212,Aadi Agarwal,Bengaluru,Karnataka,Wholesale
2213,Mitesh Varma,Trichy,Tamil Nadu,Premium
2214,Liam Dutta,Delhi,Delhi,Regular
2215,Vasudha Balay,Chennai,Tamil Nadu,Wholesale
2216,Chaaya Saraf,Hyderabad,Telangana,Regular
2217,Kevin Balay,Coimbatore,Tamil Nadu,Wholesale
2218,Teerth Din,Jaipur,Rajasthan,Premium
2219,Warinder Narayanan,Jaipur,Rajasthan,Premium
2220,Bhanumati Chaudhari,Kolkata,West Bengal,Premium
2221,Divya Date,Coimbatore,Tamil Nadu,Premium
2222,Dakshesh Nanda,Kochi,Kerala,Wholesale
2223,Girindra Sampath,Madurai,Tamil Nadu,Wholesale
2224,Ishwar Saraf,Kochi,Kerala,Regular
2225,Rehaan Thakkar,Salem,Tamil Nadu,Regular
2226,Aarav Sheth,Bengaluru,Karnataka,Regular
2227,Tamanna Tailor,Salem,Tamil Nadu,Wholesale
2228,Samuel Choudhury,Bengaluru,Karnataka,Wholesale
2229,Samuel Hari,Trichy,Tamil Nadu,Premium
2230,Diya Goda,Mysuru,Karnataka,Regular
2231,Matthew Mangal,Hyderabad,Telangana,Wholesale
2232,Ekiya Lad,Chennai,Tamil Nadu,Premium
2233,Reva Sangha,Delhi,Delhi,Regular
2234,Harsh Kara,Coimbatore,Tamil Nadu,Premium
2235,Sudiksha Thakkar,Hyderabad,Telangana,Wholesale
2236,Leela Dhar,Pune,Maharashtra,Premium
2237,Azad Purohit,Kolkata,West Bengal,Wholesale
2238,Kalpit Mandal,Delhi,Delhi,Regular
2239,Yashawini Srivastava,Kochi,Kerala,Wholesale
2240,Devika Guha,Ahmedabad,Gujarat,Wholesale
2241,Zayan Radhakrishnan,Chennai,Tamil Nadu,Regular
2242,Barkha Rattan,Kochi,Kerala,Regular
2243,Upasna Panchal,Coimbatore,Tamil Nadu,Wholesale
2244,Vasudha Prashad,Trichy,Tamil Nadu,Wholesale
2245,Nitara Krishnan,Chennai,Tamil Nadu,Premium
2246,Urvi Khurana,Pune,Maharashtra,Wholesale
2247,Nisha Khare,Hyderabad,Telangana,Wholesale
2248,Ekansh Chaudry,Coimbatore,Tamil Nadu,Wholesale
2249,Nisha Rege,Madurai,Tamil Nadu,Regular
2250,Samarth Barman,Mumbai,Maharashtra,Wholesale
2251,Vasatika Brar,Kolkata,West Bengal,Regular
2252,Yashvi Bansal,Hyderabad,Telangana,Premium
2253,Kalpit Khanna,Chennai,Tamil Nadu,Premium
2254,Mitali Sane,Bengaluru,Karnataka,Wholesale
2255,Finn Oza,Madurai,Tamil Nadu,Regular
2256,Faras Pandya,Mumbai,Maharashtra,Premium
2257,Abeer Shetty,Mysuru,Karnataka,Regular
2258,Nitesh Sathe,Jaipur,Rajasthan,Premium
2259,Omaja Koshy,Jaipur,Rajasthan,Premium
2260,Lakshmi Dyal,Jaipur,Rajasthan,Premium
2261,Jack Loke,Mumbai,Maharashtra,Wholesale
2262,Ekta Palla,Salem,Tamil Nadu,Regular
2263,Rayaan Pandey,Ahmedabad,Gujarat,Wholesale
2264,Harish Krishnan,Chennai,Tamil Nadu,Wholesale
2265,Frado Basu,Madurai,Tamil Nadu,Wholesale
2266,Vasudha Malhotra,Kolkata,West Bengal,Premium
2267,Chakradhar Sen,Kochi,Kerala,Regular
2268,Vedhika Tiwari,Delhi,Delhi,Wholesale
2269,Brinda Chaudhari,Madurai,Tamil Nadu,Regular
2270,Agastya Lalla,Ahmedabad,Gujarat,Regular
2271,Bhavini Bahri,Mumbai,Maharashtra,Regular
2272,Simon Chowdhury,Hyderabad,Telangana,Regular
2273,Krishna Pingle,Ahmedabad,Gujarat,Premium
2274,Jacob Subramanian,Salem,Tamil Nadu,Premium
2275,Kai Dave,Salem,Tamil Nadu,Wholesale
2276,Lucky Rana,Bengaluru,Karnataka,Premium
2277,Shravya Mane,Jaipur,Rajasthan,Premium
2278,Januja Sarin,Coimbatore,Tamil Nadu,Wholesale
2279,Nathan Kala,Delhi,Delhi,Regular
2280,Qasim Venkataraman,Mumbai,Maharashtra,Regular
2281,Henry Hayer,Kochi,Kerala,Regular
2282,Ekavir Ramakrishnan,Salem,Tamil Nadu,Premium
2283,Udarsh Ghosh,Salem,Tamil Nadu,Premium
2284,Bahadurjit Devan,Delhi,Delhi,Wholesale
2285,Baghyawati D’Alia,Mumbai,Maharashtra,Wholesale
2286,Amara Srivastava,Hyderabad,Telangana,Premium
2287,Osha Sinha,Pune,Maharashtra,Premium
2288,Gopal Sant,Mysuru,Karnataka,Regular
2289,Mitesh Prakash,Pune,Maharashtra,Premium
2290,Manthan Thaman,Trichy,Tamil Nadu,Wholesale
2291,Zaitra Lad,Pune,Maharashtra,Premium
2292,Kalpit Sarraf,Kochi,Kerala,Wholesale
2293,Wishi Kala,Mysuru,Karnataka,Premium
2294,Yashawini Sabharwal,Jaipur,Rajasthan,Premium
2295,Sara Prashad,Kochi,Kerala,Premium
2296,Niharika Deo,Jaipur,Rajasthan,Regular
2297,Lucky Vaidya,Mysuru,Karnataka,Wholesale
2298,Netra Randhawa,Mysuru,Karnataka,Wholesale
2299,Rachita Wadhwa,Hyderabad,Telangana,Regular
2300,Rishi Naidu,Salem,Tamil Nadu,Regular
2301,Varenya Devi,Chennai,Tamil Nadu,Regular
2302,Faqid Comar,Ahmedabad,Gujarat,Premium
2303,Jasmit Nagi,Ahmedabad,Gujarat,Wholesale
2304,Manya Chad,Kochi,Kerala,Wholesale
2305,Suhani Oza,Hyderabad,Telangana,Wholesale
2306,Janya Sarin,Chennai,Tamil Nadu,Wholesale
2307,Kai Seshadri,Delhi,Delhi,Regular
2308,Ekansh Bedi,Jaipur,Rajasthan,Regular
2309,Hamsini Shroff,Hyderabad,Telangana,Premium
2310,Jeevika Khosla,Mysuru,Karnataka,Wholesale
2311,Ladli Prasad,Chennai,Tamil Nadu,Wholesale
2312,Hritik Sachdev,Chennai,Tamil Nadu,Regular
2313,Ekalinga Choudhry,Bengaluru,Karnataka,Premium
2314,Tanay Mangal,Mumbai,Maharashtra,Premium
2315,Aarna Barman,Pune,Maharashtra,Wholesale
2316,Peter Handa,Trichy,Tamil Nadu,Regular
2317,Samar Bawa,Bengaluru,Karnataka,Wholesale
2318,Dakshesh Khare,Ahmedabad,Gujarat,Wholesale
2319,Manya Magar,Hyderabad,Telangana,Premium
2320,Vidhi Pandya,Jaipur,Rajasthan,Premium
2321,Abeer Vyas,Pune,Maharashtra,Premium
2322,Tara Bobal,Ahmedabad,Gujarat,Premium
2323,Henry Bhatnagar,Ahmedabad,Gujarat,Premium
2324,Banjeet Tripathi,Delhi,Delhi,Premium
2325,Naksh Minhas,Delhi,Delhi,Regular
2326,Andrew Halder,Mumbai,Maharashtra,Premium
2327,Yasti Kunda,Bengaluru,Karnataka,Wholesale
2328,Dipta Iyer,Pune,Maharashtra,Premium
2329,Lakshmi Iyer,Madurai,Tamil Nadu,Premium
2330,Michael Agarwal,Trichy,Tamil Nadu,Wholesale
2331,Girik Mane,Jaipur,Rajasthan,Regular
2332,Chandresh Borra,Jaipur,Rajasthan,Wholesale
2333,Devika Kala,Madurai,Tamil Nadu,Wholesale
2334,Urvi Dash,Pune,Maharashtra,Premium
2335,Mugdha Rau,Mysuru,Karnataka,Wholesale
2336,Logan Tank,Bengaluru,Karnataka,Wholesale
2337,Ubika Mutti,Ahmedabad,Gujarat,Premium
2338,Aayush Kala,Mysuru,Karnataka,Regular
2339,Anvi Dixit,Trichy,Tamil Nadu,Regular
2340,Ati Hayer,Salem,Tamil Nadu,Wholesale
2341,Bhavna Dhar,Pune,Maharashtra,Premium
2342,Pavani Dara,Madurai,Tamil Nadu,Wholesale
2343,Warjas Sangha,Ahmedabad,Gujarat,Regular
2344,Eesha Sami,Delhi,Delhi,Premium
2345,Chandresh Char,Ahmedabad,Gujarat,Regular
2346,Faraj Batta,Coimbatore,Tamil Nadu,Regular
2347,Mekhala Nagar,Chennai,Tamil Nadu,Premium
2348,Watika Saran,Chennai,Tamil Nadu,Premium
2349,Wakeeta Gour,Coimbatore,Tamil Nadu,Wholesale
2350,Meghana Dugal,Kochi,Kerala,Premium
2351,Dev Varughese,Ahmedabad,Gujarat,Regular
2352,Deepa Naik,Pune,Maharashtra,Premium
2353,Samaksh Dey,Bengaluru,Karnataka,Regular
2354,Naksh Loyal,Coimbatore,Tamil Nadu,Premium
2355,Geetika Pillai,Jaipur,Rajasthan,Premium
2356,Dalbir Hegde,Mysuru,Karnataka,Wholesale
2357,Dipta Date,Trichy,Tamil Nadu,Premium
2358,Chaaya Dara,Hyderabad,Telangana,Wholesale
2359,Chaaya Khare,Chennai,Tamil Nadu,Wholesale
2360,Peter Mital,Bengaluru,Karnataka,Wholesale
2361,Sara Kumar,Bengaluru,Karnataka,Regular
2362,Samesh Bava,Madurai,Tamil Nadu,Regular
2363,Turvi Lanka,Madurai,Tamil Nadu,Wholesale
2364,Naksh Halder,Hyderabad,Telangana,Premium
2365,Nitara Palan,Coimbatore,Tamil Nadu,Wholesale
2366,Anusha Varkey,Kochi,Kerala,Premium
2367,Xavier Hora,Chennai,Tamil Nadu,Premium
2368,Wishi Rajagopal,Mumbai,Maharashtra,Wholesale
2369,Aadi Chakrabarti,Mysuru,Karnataka,Premium
2370,Harini Nigam,Trichy,Tamil Nadu,Regular
2371,Yauvani Ganesan,Bengaluru,Karnataka,Wholesale
2372,Garima Sagar,Salem,Tamil Nadu,Premium
2373,Balendra Hans,Bengaluru,Karnataka,Premium
2374,Vritti Shukla,Kochi,Kerala,Premium
2375,Daniel Parsa,Madurai,Tamil Nadu,Premium
2376,Yahvi Lata,Delhi,Delhi,Regular
2377,Ekalinga Sagar,Coimbatore,Tamil Nadu,Regular
2378,Deepa Prabhu,Pune,Maharashtra,Premium
2379,Yatin Magar,Madurai,Tamil Nadu,Premium
2380,Jack Sekhon,Delhi,Delhi,Wholesale
2381,Lakshmi Guha,Pune,Maharashtra,Premium
2382,Siya Chadha,Mysuru,Karnataka,Wholesale
2383,Arjun Dutta,Mysuru,Karnataka,Wholesale
2384,Bakhshi Yohannan,Hyderabad,Telangana,Regular
2385,Mahika Dey,Bengaluru,Karnataka,Regular
2386,Owen Agate,Jaipur,Rajasthan,Wholesale
2387,Anjali Yadav,Pune,Maharashtra,Premium
2388,Theodore Chatterjee,Hyderabad,Telangana,Wholesale
2389,Gauri Savant,Ahmedabad,Gujarat,Wholesale
2390,Nitesh Chaudhary,Bengaluru,Karnataka,Regular
2391,Vincent Thaman,Pune,Maharashtra,Regular
2392,Dev Ramanathan,Jaipur,Rajasthan,Wholesale
2393,Logan Murthy,Madurai,Tamil Nadu,Wholesale
2394,Vasudha Mitra,Madurai,Tamil Nadu,Wholesale
2395,Vidhi Nayar,Kolkata,West Bengal,Premium
2396,Triveni Nazareth,Coimbatore,Tamil Nadu,Premium
2397,Tarak Mitra,Madurai,Tamil Nadu,Regular
2398,Devansh Vohra,Salem,Tamil Nadu,Wholesale
2399,Shivansh Grewal,Chennai,Tamil Nadu,Wholesale
2400,Charvi Vohra,Salem,Tamil Nadu,Regular
2401,Wazir Sekhon,Mumbai,Maharashtra,Wholesale
2402,Laban Seshadri,Coimbatore,Tamil Nadu,Regular
2403,Yashodhara Murthy,Bengaluru,Karnataka,Regular
2404,Kiaan Kala,Pune,Maharashtra,Premium
2405,Onkar Savant,Ahmedabad,Gujarat,Regular
2406,Frado Dhaliwal,Madurai,Tamil Nadu,Regular
2407,Radha Palla,Hyderabad,Telangana,Wholesale
2408,Ekavir Gara,Jaipur,Rajasthan,Wholesale
2409,Isaac Varty,Ahmedabad,Gujarat,Wholesale
2410,Rayaan Gaba,Chennai,Tamil Nadu,Wholesale
2411,Elijah Malhotra,Trichy,Tamil Nadu,Regular
2412,Abhiram Sandhu,Kochi,Kerala,Regular
2413,Jatin Pal,Coimbatore,Tamil Nadu,Regular
2414,Aarini Dixit,Kolkata,West Bengal,Wholesale
2415,Anita Shetty,Kochi,Kerala,Premium
2416,Adya Tailor,Bengaluru,Karnataka,Regular
2417,Zaid Agarwal,Salem,Tamil Nadu,Premium
2418,Eesha Yohannan,Coimbatore,Tamil Nadu,Premium
2419,Oliver Golla,Madurai,Tamil Nadu,Regular
2420,Yatan Sant,Trichy,Tamil Nadu,Wholesale
2421,Bhavani Hora,Delhi,Delhi,Premium
2422,Omaja Kapoor,Chennai,Tamil Nadu,Regular
2423,Ranveer Pant,Chennai,Tamil Nadu,Wholesale
2424,Chavvi Parmer,Bengaluru,Karnataka,Regular
2425,Tristan Dugar,Bengaluru,Karnataka,Wholesale
2426,Zayan Pandya,Kochi,Kerala,Wholesale
2427,Tara Srinivas,Mumbai,Maharashtra,Wholesale
2428,Victor Sachar,Delhi,Delhi,Regular
2429,Netra Walla,Jaipur,Rajasthan,Wholesale
2430,Eiravati Dasgupta,Coimbatore,Tamil Nadu,Premium
2431,Azaan Dora,Mumbai,Maharashtra,Wholesale
2432,David Kaur,Trichy,Tamil Nadu,Regular
2433,Tara Sen,Bengaluru,Karnataka,Premium
2434,Gaurangi Ramakrishnan,Mumbai,Maharashtra,Regular
2435,Meghana Shetty,Trichy,Tamil Nadu,Regular
2436,Joshua Chahal,Pune,Maharashtra,Regular
2437,Anirudh Ganesan,Salem,Tamil Nadu,Regular
2438,Amaira Keer,Salem,Tamil Nadu,Wholesale
2439,Urvashi Mannan,Kochi,Kerala,Regular
2440,Janya Sundaram,Madurai,Tamil Nadu,Wholesale
2441,Geetika Nagi,Kolkata,West Bengal,Wholesale
2442,Chaaya Patla,Kochi,Kerala,Premium
2443,Onkar Bhattacharyya,Delhi,Delhi,Wholesale
2444,Bhavani Hans,Pune,Maharashtra,Premium
2445,Ekantika Purohit,Ahmedabad,Gujarat,Regular
2446,Ishwar Koshy,Delhi,Delhi,Premium
2447,Widisha Peri,Trichy,Tamil Nadu,Wholesale
2448,Viraj Bawa,Salem,Tamil Nadu,Regular
2449,Lopa Mand,Mysuru,Karnataka,Regular
2450,Akshay Pillai,Trichy,Tamil Nadu,Regular
2451,Dev Deshpande,Hyderabad,Telangana,Premium
2452,Urishilla Lanka,Madurai,Tamil Nadu,Premium
2453,Daniel Keer,Madurai,Tamil Nadu,Premium
2454,Xavier Sunder,Madurai,Tamil Nadu,Wholesale
2455,Hemang Mitter,Coimbatore,Tamil Nadu,Wholesale
2456,Lekha Taneja,Bengaluru,Karnataka,Premium
2457,Qadim Doshi,Madurai,Tamil Nadu,Premium
2458,Chatresh Sampath,Pune,Maharashtra,Premium
2459,Madhavi Chadha,Delhi,Delhi,Wholesale
2460,Nisha Nagi,Trichy,Tamil Nadu,Premium
2461,Christopher Sane,Mysuru,Karnataka,Wholesale
2462,Onkar Nagar,Kochi,Kerala,Regular
2463,Yagnesh Baria,Mumbai,Maharashtra,Regular
2464,Dhruv Kadakia,Bengaluru,Karnataka,Wholesale
2465,Ansh Bobal,Coimbatore,Tamil Nadu,Regular
2466,Rajata Subramanian,Kolkata,West Bengal,Regular
2467,Yochana Chatterjee,Mysuru,Karnataka,Premium
2468,Sanya Babu,Mumbai,Maharashtra,Premium
2469,Chanchal Barman,Trichy,Tamil Nadu,Premium
2470,Harish Mody,Kolkata,West Bengal,Premium
2471,Vedant Tara,Madurai,Tamil Nadu,Wholesale
2472,Ishani Sachdev,Pune,Maharashtra,Wholesale
2473,Neel Raj,Bengaluru,Karnataka,Wholesale
2474,Warinder Iyer,Mysuru,Karnataka,Wholesale
2475,Vasana Bawa,Chennai,Tamil Nadu,Premium
2476,Kamala Jain,Mysuru,Karnataka,Regular
2477,Ekanta Merchant,Delhi,Delhi,Wholesale
2478,Lipika Seshadri,Kochi,Kerala,Wholesale
2479,Rachana Nath,Ahmedabad,Gujarat,Regular
2480,Deepa Kant,Kolkata,West Bengal,Wholesale
2481,Anusha Setty,Salem,Tamil Nadu,Wholesale
2482,Jagat Hans,Jaipur,Rajasthan,Wholesale
2483,Gunbir Trivedi,Mysuru,Karnataka,Regular
2484,Vamakshi Dubey,Kolkata,West Bengal,Regular
2485,Bimala Kade,Mysuru,Karnataka,Regular
2486,Devansh Bhat,Ahmedabad,Gujarat,Wholesale
2487,Madhavi Bala,Trichy,Tamil Nadu,Wholesale
2488,Tanvi Rai,Madurai,Tamil Nadu,Regular
2489,Naksh Sachdeva,Coimbatore,Tamil Nadu,Wholesale
2490,Krisha Walla,Chennai,Tamil Nadu,Regular
2491,Yashica Kant,Mumbai,Maharashtra,Regular
2492,Jacob Anne,Kolkata,West Bengal,Regular
2493,Christopher Venkatesh,Salem,Tamil Nadu,Wholesale
2494,Bhavini Mall,Chennai,Tamil Nadu,Wholesale
2495,Nicholas Ray,Delhi,Delhi,Regular
2496,Praneel Ranganathan,Kolkata,West Bengal,Wholesale
2497,Balhaar Uppal,Ahmedabad,Gujarat,Regular
2498,Maya Dara,Hyderabad,Telangana,Wholesale
2499,Gabriel Kapur,Coimbatore,Tamil Nadu,Premium
2500,Arya Saran,Madurai,Tamil Nadu,Regular
2501,Triveni Bhatnagar,Kochi,Kerala,Wholesale
2502,Ishani Solanki,Chennai,Tamil Nadu,Premium
2503,Ekalinga Joshi,Kolkata,West Bengal,Premium
2504,Darpan Behl,Bengaluru,Karnataka,Premium
2505,Zarna Varkey,Bengaluru,Karnataka,Regular
2506,Ekbal Cheema,Jaipur,Rajasthan,Premium
2507,Megha Ravi,Bengaluru,Karnataka,Wholesale
2508,Jagrati Trivedi,Kochi,Kerala,Premium
2509,Varsha Aurora,Chennai,Tamil Nadu,Premium
2510,Vritti Shukla,Bengaluru,Karnataka,Regular
2511,Hitesh Kala,Mysuru,Karnataka,Premium
2512,Ucchal Kota,Madurai,Tamil Nadu,Premium
2513,Anita Narayanan,Bengaluru,Karnataka,Regular
2514,Fariq Bajaj,Hyderabad,Telangana,Premium
2515,Diya Sunder,Salem,Tamil Nadu,Wholesale
2516,Jeremiah Edwin,Ahmedabad,Gujarat,Wholesale
2517,Aarna Yadav,Trichy,Tamil Nadu,Regular
2518,Bakhshi Rege,Salem,Tamil Nadu,Premium
2519,Vrishti Narayanan,Kochi,Kerala,Wholesale
2520,Madhav Purohit,Ahmedabad,Gujarat,Premium
2521,Vyanjana Krishna,Pune,Maharashtra,Wholesale
2522,Frederick Chowdhury,Pune,Maharashtra,Wholesale
2523,Nilima Dewan,Delhi,Delhi,Wholesale
2524,Vedhika Gupta,Hyderabad,Telangana,Wholesale
2525,Jyoti Issac,Salem,Tamil Nadu,Regular
2526,Yagnesh Naidu,Trichy,Tamil Nadu,Regular
2527,Nitesh Mukhopadhyay,Pune,Maharashtra,Regular
2528,William Bose,Delhi,Delhi,Premium
2529,Jasmit Anne,Mysuru,Karnataka,Regular
2530,Meghana Dhingra,Delhi,Delhi,Wholesale
2531,Matthew Kalita,Bengaluru,Karnataka,Regular
2532,Gautami Sarkar,Salem,Tamil Nadu,Wholesale
2533,Ekaraj Bakshi,Pune,Maharashtra,Wholesale
2534,Charita Kaur,Trichy,Tamil Nadu,Wholesale
2535,Shivani Raval,Kolkata,West Bengal,Wholesale
2536,Devika Kohli,Delhi,Delhi,Wholesale
2537,Jason Magar,Mysuru,Karnataka,Premium
2538,Agastya Lall,Kochi,Kerala,Wholesale
2539,Indrajit Mittal,Mumbai,Maharashtra,Premium
2540,Yochana Tiwari,Kochi,Kerala,Wholesale
2541,Suhani Subramanian,Delhi,Delhi,Regular
2542,Ucchal Chauhan,Delhi,Delhi,Wholesale
2543,Ojasvi Chowdhury,Kolkata,West Bengal,Premium
2544,Hitesh Tiwari,Hyderabad,Telangana,Regular
2545,Kevin Narayanan,Madurai,Tamil Nadu,Regular
2546,Orinder Kohli,Madurai,Tamil Nadu,Regular
2547,Reyansh Modi,Hyderabad,Telangana,Wholesale
2548,Ryan Chhabra,Kochi,Kerala,Wholesale
2549,Abeer Vaidya,Coimbatore,Tamil Nadu,Premium
2550,Yashasvi Seth,Mysuru,Karnataka,Premium
2551,Mohammed Bath,Ahmedabad,Gujarat,Wholesale
2552,Ekani Gade,Trichy,Tamil Nadu,Premium
2553,Chanakya D’Alia,Madurai,Tamil Nadu,Wholesale
2554,Zayan Tailor,Mumbai,Maharashtra,Wholesale
2555,Anamika Lala,Madurai,Tamil Nadu,Regular
2556,Maanav Lall,Mumbai,Maharashtra,Premium
2557,Mohammed Manne,Trichy,Tamil Nadu,Regular
2558,Chandran Brar,Mumbai,Maharashtra,Premium
2559,Sathvik Grover,Chennai,Tamil Nadu,Regular
2560,Karan Banerjee,Hyderabad,Telangana,Regular
2561,Aradhana Kant,Mysuru,Karnataka,Premium
2562,Teerth Bose,Hyderabad,Telangana,Wholesale
2563,Nidra Dewan,Pune,Maharashtra,Regular
2564,Hredhaan Prakash,Madurai,Tamil Nadu,Premium
2565,Forum Sanghvi,Pune,Maharashtra,Premium
2566,Bimala Sen,Bengaluru,Karnataka,Wholesale
2567,Dalbir Arya,Mumbai,Maharashtra,Wholesale
2568,Vasatika Chawla,Kochi,Kerala,Regular
2569,Noah Dubey,Kochi,Kerala,Wholesale
2570,Tanveer Rout,Ahmedabad,Gujarat,Premium
2571,Kai Singh,Kochi,Kerala,Premium
2572,Jeevika Natt,Madurai,Tamil Nadu,Regular
2573,Darpan Dewan,Madurai,Tamil Nadu,Wholesale
2574,Vedika Chand,Chennai,Tamil Nadu,Regular
2575,Darika Arora,Delhi,Delhi,Regular
2576,Chameli Narayanan,Kolkata,West Bengal,Premium
2577,Azad Doshi,Pune,Maharashtra,Regular
2578,Eesha Parmer,Trichy,Tamil Nadu,Premium
2579,Tamanna Sagar,Jaipur,Rajasthan,Premium
2580,Fitan Venkatesh,Ahmedabad,Gujarat,Regular
2581,Jasmit Murty,Mysuru,Karnataka,Regular
2582,Baljiwan Agrawal,Trichy,Tamil Nadu,Regular
2583,Ekansh Buch,Hyderabad,Telangana,Premium
2584,Yug Sampath,Mysuru,Karnataka,Regular
2585,Abhiram Borah,Jaipur,Rajasthan,Wholesale
2586,Alexander Madan,Kolkata,West Bengal,Wholesale
2587,Onveer Sankaran,Trichy,Tamil Nadu,Regular
2588,Keya Gade,Bengaluru,Karnataka,Premium
2589,Upadhriti Nagarajan,Hyderabad,Telangana,Premium
2590,Jagdish Bhatti,Kolkata,West Bengal,Premium
2591,Advika Dhillon,Ahmedabad,Gujarat,Premium
2592,Aarav Manda,Jaipur,Rajasthan,Regular
2593,Tanvi Biswas,Mumbai,Maharashtra,Premium
2594,Ekanta Ramachandran,Kochi,Kerala,Wholesale
2595,Chatura Gara,Madurai,Tamil Nadu,Premium
2596,Tanay Sodhi,Jaipur,Rajasthan,Wholesale
2597,Girish Mitter,Jaipur,Rajasthan,Premium
2598,Zayan Wadhwa,Jaipur,Rajasthan,Regular
2599,Meera Zacharia,Jaipur,Rajasthan,Regular
2600,Nakul Kaur,Chennai,Tamil Nadu,Premium
2601,Ucchal Buch,Hyderabad,Telangana,Wholesale
2602,Alexander Mane,Madurai,Tamil Nadu,Regular
2603,Yashoda Padmanabhan,Chennai,Tamil Nadu,Wholesale
2604,Adweta Kota,Madurai,Tamil Nadu,Premium
2605,Ikshita Maharaj,Chennai,Tamil Nadu,Premium
2606,Pallavi Yadav,Ahmedabad,Gujarat,Wholesale
2607,Zansi Baral,Pune,Maharashtra,Wholesale
2608,Harini Lad,Hyderabad,Telangana,Regular
2609,Frado Lad,Hyderabad,Telangana,Wholesale
2610,Rajeshri Vasa,Coimbatore,Tamil Nadu,Premium
2611,Dayamai Padmanabhan,Mysuru,Karnataka,Regular
2612,Ishwar Sheth,Salem,Tamil Nadu,Wholesale
2613,Eiravati Wason,Mumbai,Maharashtra,Wholesale
2614,Nirja Manda,Hyderabad,Telangana,Regular
2615,Ojas Loyal,Coimbatore,Tamil Nadu,Regular
2616,Harish Varghese,Pune,Maharashtra,Regular
2617,Tanveer Khurana,Ahmedabad,Gujarat,Wholesale
2618,Tanmayi Kuruvilla,Kochi,Kerala,Wholesale
2619,Vihaan Borah,Jaipur,Rajasthan,Regular
2620,Lila Sarkar,Trichy,Tamil Nadu,Premium
2621,Darpan Bail,Kochi,Kerala,Wholesale
2622,Ladli Misra,Kochi,Kerala,Wholesale
2623,Vidhi Pal,Mysuru,Karnataka,Wholesale
2624,Reyansh Dube,Mysuru,Karnataka,Premium
2625,Aradhana Doctor,Coimbatore,Tamil Nadu,Regular
2626,Geetika Naidu,Bengaluru,Karnataka,Premium
2627,Yachana Murthy,Kochi,Kerala,Regular
2628,Jeet Tank,Mumbai,Maharashtra,Regular
2629,Indira Ramachandran,Kochi,Kerala,Premium
2630,Irya Ganguly,Kochi,Kerala,Wholesale
2631,Waida Dada,Chennai,Tamil Nadu,Premium
2632,Waida Basak,Kolkata,West Bengal,Wholesale
2633,Yutika Kunda,Bengaluru,Karnataka,Regular
2634,Riya Prabhakar,Mysuru,Karnataka,Premium
2635,Urvashi Lala,Hyderabad,Telangana,Wholesale
2636,Gauri Kamdar,Bengaluru,Karnataka,Regular
2637,Sanaya Bhardwaj,Hyderabad,Telangana,Regular
2638,Orinder Sarin,Bengaluru,Karnataka,Wholesale
2639,Zilmil Biswas,Delhi,Delhi,Premium
2640,Chaitaly Chauhan,Mumbai,Maharashtra,Premium
2641,Barkha Purohit,Trichy,Tamil Nadu,Premium
2642,Samuel Dutta,Chennai,Tamil Nadu,Wholesale
2643,Unnati Varkey,Trichy,Tamil Nadu,Premium
2644,Nisha Ramaswamy,Hyderabad,Telangana,Wholesale
2645,Mugdha Chopra,Mumbai,Maharashtra,Premium
2646,Bakhshi Mammen,Madurai,Tamil Nadu,Wholesale
2647,Isaac Dutt,Mysuru,Karnataka,Regular
2648,Yagnesh Pau,Mumbai,Maharashtra,Wholesale
2649,Pahal Mallick,Delhi,Delhi,Premium
2650,Lohit Bir,Chennai,Tamil Nadu,Premium
2651,Xavier Prabhu,Kolkata,West Bengal,Regular
2652,Warhi Kara,Bengaluru,Karnataka,Regular
2653,Frederick Wagle,Kolkata,West Bengal,Premium
2654,Tejas Bahri,Pune,Maharashtra,Wholesale
2655,Gavin Walia,Trichy,Tamil Nadu,Regular
2656,Yashoda Dass,Salem,Tamil Nadu,Premium
2657,Vaishnavi Radhakrishnan,Coimbatore,Tamil Nadu,Regular
2658,Amol Joshi,Ahmedabad,Gujarat,Wholesale
2659,Meera Sem,Ahmedabad,Gujarat,Premium
2660,Qushi Radhakrishnan,Bengaluru,Karnataka,Regular
2661,Jeremiah Parmar,Bengaluru,Karnataka,Regular
2662,Mohammed Mani,Hyderabad,Telangana,Premium
2663,Warda Balan,Hyderabad,Telangana,Wholesale
2664,Zayyan Vala,Mysuru,Karnataka,Regular
2665,Om Rana,Jaipur,Rajasthan,Premium
2666,Widisha Manda,Kolkata,West Bengal,Premium
2667,Dakshesh Agrawal,Mysuru,Karnataka,Regular
2668,Agastya Narasimhan,Trichy,Tamil Nadu,Wholesale
2669,Avi Ahuja,Trichy,Tamil Nadu,Wholesale
2670,Qadim Agrawal,Trichy,Tamil Nadu,Premium
2671,Yasti Ramakrishnan,Delhi,Delhi,Regular
2672,Urvashi Sanghvi,Jaipur,Rajasthan,Wholesale
2673,Ikshita Pandit,Jaipur,Rajasthan,Premium
2674,Eiravati Mahal,Chennai,Tamil Nadu,Wholesale
2675,Mohini Tak,Delhi,Delhi,Regular
2676,Aarush Vig,Hyderabad,Telangana,Regular
2677,Bahadurjit Walia,Hyderabad,Telangana,Wholesale
2678,Vrishti Batra,Hyderabad,Telangana,Wholesale
2679,Yochana Zacharia,Jaipur,Rajasthan,Regular
2680,Nachiket Goyal,Chennai,Tamil Nadu,Premium
2681,Girish Banerjee,Mysuru,Karnataka,Regular
2682,Raagini Ben,Hyderabad,Telangana,Wholesale
2683,Ronith Suri,Pune,Maharashtra,Wholesale
2684,Lila Ramachandran,Mysuru,Karnataka,Wholesale
2685,Alexander Goel,Trichy,Tamil Nadu,Premium
2686,Yashvi Rao,Madurai,Tamil Nadu,Regular
2687,Geetika Dani,Madurai,Tamil Nadu,Regular
2688,Teerth Atwal,Bengaluru,Karnataka,Premium
2689,Xalak Rau,Delhi,Delhi,Regular
2690,Kritika Ahuja,Hyderabad,Telangana,Regular
2691,Shaurya Rajagopalan,Coimbatore,Tamil Nadu,Regular
2692,Upkaar Bakshi,Mysuru,Karnataka,Premium
2693,Faris Rao,Jaipur,Rajasthan,Premium
2694,Libni Sunder,Jaipur,Rajasthan,Regular
2695,Samesh Soman,Chennai,Tamil Nadu,Wholesale
2696,Vincent Parsa,Pune,Maharashtra,Premium
2697,Logan Sha,Jaipur,Rajasthan,Regular
2698,Hritik Behl,Madurai,Tamil Nadu,Wholesale
2699,Reva Madan,Trichy,Tamil Nadu,Regular
2700,Nachiket Bava,Madurai,Tamil Nadu,Regular
2701,Manan Divan,Mysuru,Karnataka,Regular
2702,Banjeet Butala,Bengaluru,Karnataka,Regular
2703,Netra Ramakrishnan,Mysuru,Karnataka,Premium
2704,Gavin Shan,Madurai,Tamil Nadu,Premium
2705,Bhavika Mitter,Madurai,Tamil Nadu,Regular
2706,Krishna Om,Salem,Tamil Nadu,Wholesale
2707,Hitesh Garde,Mysuru,Karnataka,Premium
2708,Aachal Tella,Trichy,Tamil Nadu,Premium
2709,Jonathan Choudhary,Jaipur,Rajasthan,Wholesale
2710,Dayita Jayaraman,Trichy,Tamil Nadu,Wholesale
2711,Aarnav Salvi,Kolkata,West Bengal,Wholesale
2712,Dalaja Pau,Jaipur,Rajasthan,Wholesale
2713,Manya Srinivasan,Hyderabad,Telangana,Regular
2714,Tanveer Shenoy,Chennai,Tamil Nadu,Wholesale
2715,Lakshmi Loke,Trichy,Tamil Nadu,Premium
2716,Ekaraj Ravel,Kochi,Kerala,Wholesale
2717,Hredhaan Kothari,Salem,Tamil Nadu,Premium
2718,Indrajit Konda,Trichy,Tamil Nadu,Wholesale
2719,Harinakshi Khosla,Chennai,Tamil Nadu,Regular
2720,Adweta Ramakrishnan,Jaipur,Rajasthan,Premium
2721,Luke Karpe,Pune,Maharashtra,Premium
2722,Harish Nair,Trichy,Tamil Nadu,Wholesale
2723,Abhimanyu Tella,Chennai,Tamil Nadu,Regular
2724,Chandran Dani,Coimbatore,Tamil Nadu,Premium
2725,Vasana Gara,Jaipur,Rajasthan,Regular
2726,Advik Srinivasan,Mumbai,Maharashtra,Regular
2727,Aahana Bose,Ahmedabad,Gujarat,Wholesale
2728,Mason Suri,Coimbatore,Tamil Nadu,Regular
2729,Guneet Malhotra,Pune,Maharashtra,Wholesale
2730,Qasim Pall,Delhi,Delhi,Premium
2731,Eesha Radhakrishnan,Jaipur,Rajasthan,Wholesale
2732,Ekbal Bose,Mysuru,Karnataka,Premium
2733,Chaitanya Swamy,Coimbatore,Tamil Nadu,Regular
2734,Samar Varma,Mysuru,Karnataka,Regular
2735,Siddharth Thaman,Chennai,Tamil Nadu,Regular
2736,Oviya Karnik,Mysuru,Karnataka,Premium
2737,Aachal Luthra,Ahmedabad,Gujarat,Regular
2738,Gaurang Loyal,Trichy,Tamil Nadu,Regular
2739,Nandini Malhotra,Madurai,Tamil Nadu,Wholesale
2740,Qasim Mammen,Bengaluru,Karnataka,Premium
2741,Abha Bava,Kolkata,West Bengal,Premium
2742,Wishi Rajan,Madurai,Tamil Nadu,Regular
2743,Wakeeta Sidhu,Mumbai,Maharashtra,Regular
2744,Irya Varma,Coimbatore,Tamil Nadu,Regular
2745,Tejas Jain,Chennai,Tamil Nadu,Premium
2746,Waida Goswami,Ahmedabad,Gujarat,Wholesale
2747,Bakhshi Gola,Madurai,Tamil Nadu,Regular
2748,Abhiram Sami,Kochi,Kerala,Wholesale
2749,Turvi Bhagat,Delhi,Delhi,Premium
2750,Jeremiah Dutta,Jaipur,Rajasthan,Regular
2751,Zansi Mistry,Coimbatore,Tamil Nadu,Wholesale
2752,Amaira Sandal,Trichy,Tamil Nadu,Premium
2753,Aarnav Magar,Hyderabad,Telangana,Wholesale
2754,Ekavir Mallick,Trichy,Tamil Nadu,Regular
2755,Ladli Bala,Jaipur,Rajasthan,Premium
2756,Vrinda Pai,Delhi,Delhi,Regular
2757,Frado Sani,Jaipur,Rajasthan,Regular
2758,Agastya Baral,Ahmedabad,Gujarat,Premium
2759,Upma Hayre,Delhi,Delhi,Regular
2760,George Chandran,Pune,Maharashtra,Wholesale
2761,Umang Mohanty,Jaipur,Rajasthan,Premium
2762,Omya Dada,Madurai,Tamil Nadu,Premium
2763,George Jhaveri,Ahmedabad,Gujarat,Regular
2764,Jonathan Tella,Coimbatore,Tamil Nadu,Premium
2765,Laksh Konda,Hyderabad,Telangana,Wholesale
2766,Yashoda Mangat,Pune,Maharashtra,Premium
2767,Bhavna Doshi,Jaipur,Rajasthan,Regular
2768,Nakul Bandi,Pune,Maharashtra,Regular
2769,Ekta Nadkarni,Hyderabad,Telangana,Premium
2770,Eshana Modi,Mysuru,Karnataka,Wholesale
2771,Maya Varkey,Jaipur,Rajasthan,Wholesale
2772,Azad Kapadia,Coimbatore,Tamil Nadu,Regular
2773,Ishani Sethi,Mumbai,Maharashtra,Premium
2774,Udarsh Kadakia,Madurai,Tamil Nadu,Premium
2775,Kalpit Dhillon,Hyderabad,Telangana,Regular
2776,Ojas Chadha,Kolkata,West Bengal,Regular
2777,Amol Banik,Coimbatore,Tamil Nadu,Premium
2778,Ekanta Ahluwalia,Mumbai,Maharashtra,Wholesale
2779,Vincent Peri,Kolkata,West Bengal,Regular
2780,Amruta Shah,Bengaluru,Karnataka,Regular
2781,Lekha Savant,Madurai,Tamil Nadu,Wholesale
2782,Qadim Misra,Madurai,Tamil Nadu,Regular
2783,Anamika Lalla,Hyderabad,Telangana,Wholesale
2784,Girindra Chander,Salem,Tamil Nadu,Regular
2785,Rudra Merchant,Coimbatore,Tamil Nadu,Premium
2786,Inaya Narasimhan,Chennai,Tamil Nadu,Premium
2787,Forum Bumb,Hyderabad,Telangana,Regular
2788,Eiravati Seth,Bengaluru,Karnataka,Regular
2789,Aadi Lal,Kochi,Kerala,Premium
2790,Siya Ram,Delhi,Delhi,Regular
2791,Pooja Bail,Madurai,Tamil Nadu,Premium
2792,Aahana Madan,Ahmedabad,Gujarat,Premium
2793,Damyanti Sehgal,Trichy,Tamil Nadu,Wholesale
2794,Nisha Batra,Jaipur,Rajasthan,Regular
2795,Zayan Suri,Coimbatore,Tamil Nadu,Premium
2796,Watika Grewal,Delhi,Delhi,Premium
2797,Bimala Chand,Coimbatore,Tamil Nadu,Wholesale
2798,Gunbir Salvi,Trichy,Tamil Nadu,Wholesale
2799,Triveni Kashyap,Mumbai,Maharashtra,Regular
2800,Vidhi Varughese,Trichy,Tamil Nadu,Premium
2801,Logan Bhalla,Pune,Maharashtra,Premium
2802,Mitali Mann,Ahmedabad,Gujarat,Premium
2803,Sai Chand,Kochi,Kerala,Wholesale
2804,Ekalinga Wable,Ahmedabad,Gujarat,Wholesale
2805,Eta Madan,Madurai,Tamil Nadu,Regular
2806,Janya Sharma,Salem,Tamil Nadu,Wholesale
2807,Vidhi Balasubramanian,Chennai,Tamil Nadu,Regular
2808,Elijah Korpal,Pune,Maharashtra,Wholesale
2809,Aachal Bajaj,Delhi,Delhi,Premium
2810,Vansha Yadav,Madurai,Tamil Nadu,Wholesale
2811,Aadhya Bandi,Kochi,Kerala,Regular
2812,Indali Zacharia,Coimbatore,Tamil Nadu,Wholesale
2813,Samar Dhawan,Madurai,Tamil Nadu,Wholesale
2814,Anay Guha,Delhi,Delhi,Wholesale
2815,Hemal Prabhu,Pune,Maharashtra,Wholesale
2816,Unnati Khosla,Bengaluru,Karnataka,Premium
2817,Jairaj Dyal,Pune,Maharashtra,Regular
2818,Faqid Bava,Pune,Maharashtra,Wholesale
2819,Sachi Deep,Hyderabad,Telangana,Premium
2820,Gabriel Ahuja,Trichy,Tamil Nadu,Regular
2821,Lakshmi Rege,Coimbatore,Tamil Nadu,Premium
2822,Liam Ghose,Madurai,Tamil Nadu,Wholesale
2823,Maanas Bhalla,Coimbatore,Tamil Nadu,Premium
2824,Dhruv Shanker,Pune,Maharashtra,Regular
2825,Lucky Vig,Bengaluru,Karnataka,Regular
2826,Indira Narain,Jaipur,Rajasthan,Premium
2827,Vasudha Nath,Jaipur,Rajasthan,Regular
2828,Isaac Krishna,Kolkata,West Bengal,Premium
2829,Urvi Ranganathan,Hyderabad,Telangana,Premium
2830,Kamala Banik,Bengaluru,Karnataka,Regular
2831,Ikbal Chandra,Mysuru,Karnataka,Wholesale
2832,Neelima Warrior,Mysuru,Karnataka,Premium
2833,Ishwar Banik,Kochi,Kerala,Regular
2834,Aradhana Sastry,Bengaluru,Karnataka,Premium
2835,Nathan Dass,Mysuru,Karnataka,Premium
2836,Amaira Babu,Mysuru,Karnataka,Regular
2837,Raghav Bandi,Chennai,Tamil Nadu,Premium
2838,Leela Dugal,Jaipur,Rajasthan,Regular
2839,Girik Ravel,Ahmedabad,Gujarat,Regular
2840,Saumya Sahota,Hyderabad,Telangana,Wholesale
2841,Amol Bail,Salem,Tamil Nadu,Regular
2842,Sanaya Srinivasan,Mysuru,Karnataka,Wholesale
2843,Yatin Goyal,Jaipur,Rajasthan,Regular
2844,Leena Raman,Delhi,Delhi,Wholesale
2845,Barkha Dhar,Salem,Tamil Nadu,Regular
2846,Adya Sen,Coimbatore,Tamil Nadu,Premium
2847,Wakeeta Balay,Salem,Tamil Nadu,Premium
2848,Aradhana Dugar,Madurai,Tamil Nadu,Wholesale
2849,Abha Chakraborty,Ahmedabad,Gujarat,Premium
2850,Adweta Arora,Coimbatore,Tamil Nadu,Regular
2851,Patrick Borah,Trichy,Tamil Nadu,Regular
2852,Ronith Joshi,Salem,Tamil Nadu,Premium
2853,Gabriel Rama,Delhi,Delhi,Premium
2854,Luke Wadhwa,Kochi,Kerala,Regular
2855,Ranbir Mall,Jaipur,Rajasthan,Premium
2856,Ganga Warrior,Kochi,Kerala,Regular
2857,Garima Bora,Jaipur,Rajasthan,Wholesale
2858,Krishna Brahmbhatt,Ahmedabad,Gujarat,Wholesale
2859,Kevin Sarraf,Mysuru,Karnataka,Wholesale
2860,Chatura Bahl,Coimbatore,Tamil Nadu,Premium
2861,Caleb Sandhu,Coimbatore,Tamil Nadu,Wholesale
2862,Christopher Parsa,Pune,Maharashtra,Regular
2863,Faraj Chowdhury,Madurai,Tamil Nadu,Wholesale
2864,Warjas Hora,Mumbai,Maharashtra,Premium
2865,Hema Suresh,Salem,Tamil Nadu,Premium
2866,Manthan Ram,Trichy,Tamil Nadu,Wholesale
2867,Fiyaz Kibe,Trichy,Tamil Nadu,Premium
2868,Neel Pillai,Chennai,Tamil Nadu,Premium
2869,Rudra Korpal,Coimbatore,Tamil Nadu,Wholesale
2870,Jacob Natarajan,Trichy,Tamil Nadu,Regular
2871,Imaran Amble,Ahmedabad,Gujarat,Regular
2872,Mekhala Sengupta,Delhi,Delhi,Wholesale
2873,Azaan Varkey,Ahmedabad,Gujarat,Premium
2874,Darika Mander,Mysuru,Karnataka,Regular
2875,Yasti Nigam,Coimbatore,Tamil Nadu,Wholesale
2876,Aayush Shere,Bengaluru,Karnataka,Premium
2877,Eiravati Arora,Ahmedabad,Gujarat,Wholesale
2878,Kamala De,Kolkata,West Bengal,Wholesale
2879,Darsh Seshadri,Madurai,Tamil Nadu,Regular
2880,Warjas Modi,Coimbatore,Tamil Nadu,Premium
2881,Theodore Subramanian,Madurai,Tamil Nadu,Premium
2882,Ishaan Edwin,Jaipur,Rajasthan,Wholesale
2883,Garima Taneja,Chennai,Tamil Nadu,Wholesale
2884,Udarsh Narasimhan,Bengaluru,Karnataka,Premium
2885,Gaurika Dalal,Ahmedabad,Gujarat,Premium
2886,Yoshita Manne,Pune,Maharashtra,Premium
2887,Balhaar Puri,Ahmedabad,Gujarat,Wholesale
2888,Advika Bains,Trichy,Tamil Nadu,Premium
2889,Charles Venkataraman,Ahmedabad,Gujarat,Regular
2890,Zinal Sem,Coimbatore,Tamil Nadu,Premium
2891,Wakeeta Gandhi,Jaipur,Rajasthan,Wholesale
2892,Onkar Sunder,Kolkata,West Bengal,Regular
2893,Shaurya Parikh,Kochi,Kerala,Regular
2894,Utkarsh Sen,Kochi,Kerala,Premium
2895,Hredhaan Master,Bengaluru,Karnataka,Regular
2896,Bishakha Kade,Coimbatore,Tamil Nadu,Premium
2897,Maanas Khalsa,Hyderabad,Telangana,Wholesale
2898,Jason Prabhu,Kolkata,West Bengal,Wholesale
2899,Abeer Sengupta,Bengaluru,Karnataka,Wholesale
2900,Sachi Borah,Jaipur,Rajasthan,Premium
2901,Dalbir Varma,Mumbai,Maharashtra,Regular
2902,Sanya Nadig,Jaipur,Rajasthan,Regular
2903,Mitali Bedi,Trichy,Tamil Nadu,Regular
2904,Yauvani Mody,Ahmedabad,Gujarat,Premium
2905,Falguni Patla,Bengaluru,Karnataka,Wholesale
2906,Avni Mani,Mysuru,Karnataka,Wholesale
2907,Nitara Zachariah,Trichy,Tamil Nadu,Wholesale
2908,Chaaya Madan,Pune,Maharashtra,Premium
2909,Benjamin Seth,Mysuru,Karnataka,Premium
2910,Libni Anne,Trichy,Tamil Nadu,Regular
2911,Priya Mand,Bengaluru,Karnataka,Premium
2912,Alka Tank,Salem,Tamil Nadu,Premium
2913,Jasmit Bawa,Mumbai,Maharashtra,Wholesale
2914,Yahvi Vasa,Kochi,Kerala,Premium
2915,Gabriel Ranganathan,Mysuru,Karnataka,Regular
2916,Azaan Raj,Chennai,Tamil Nadu,Regular
2917,Thomas Mammen,Hyderabad,Telangana,Premium
2918,Abhimanyu Deol,Kochi,Kerala,Premium
2919,Mitesh Sem,Coimbatore,Tamil Nadu,Premium
2920,Idika Chana,Madurai,Tamil Nadu,Premium
2921,Abeer Tak,Coimbatore,Tamil Nadu,Wholesale
2922,Nakul Prakash,Ahmedabad,Gujarat,Wholesale
2923,Ranbir Raval,Ahmedabad,Gujarat,Premium
2924,Dhruv Ray,Madurai,Tamil Nadu,Regular
2925,Sara Morar,Delhi,Delhi,Premium
2926,Bachittar Dugal,Pune,Maharashtra,Wholesale
2927,Kashish Bali,Coimbatore,Tamil Nadu,Premium
2928,Gabriel Varty,Mysuru,Karnataka,Premium
2929,Urishilla Bhagat,Coimbatore,Tamil Nadu,Premium
2930,Gaurang Mander,Trichy,Tamil Nadu,Regular
2931,Fariq Badami,Bengaluru,Karnataka,Wholesale
2932,Bhavika Kannan,Ahmedabad,Gujarat,Premium
2933,Faraj Nadkarni,Trichy,Tamil Nadu,Regular
2934,Zashil Balay,Bengaluru,Karnataka,Regular
2935,Ansh Karpe,Mysuru,Karnataka,Regular
2936,Lajita Jayaraman,Kolkata,West Bengal,Premium
2937,Hemani Balakrishnan,Trichy,Tamil Nadu,Wholesale
2938,Advika Edwin,Mysuru,Karnataka,Premium
2939,Dev Babu,Mysuru,Karnataka,Wholesale
2940,Wahab Goel,Pune,Maharashtra,Premium
2941,Rachit Wali,Pune,Maharashtra,Regular
2942,Ronith Patla,Chennai,Tamil Nadu,Premium
2943,Ubika Patla,Mumbai,Maharashtra,Regular
2944,Yochana Chana,Delhi,Delhi,Wholesale
2945,Ronith Gokhale,Kolkata,West Bengal,Wholesale
2946,Aadi Srivastava,Mysuru,Karnataka,Wholesale
2947,Yatin D’Alia,Pune,Maharashtra,Wholesale
2948,Yatin Butala,Chennai,Tamil Nadu,Wholesale
2949,Vidhi Rama,Pune,Maharashtra,Regular
2950,Wyatt Biswas,Pune,Maharashtra,Regular
2951,Gavin Sen,Pune,Maharashtra,Regular
2952,Yatan Bora,Delhi,Delhi,Wholesale
2953,Gavin Chokshi,Salem,Tamil Nadu,Premium
2954,Anika Memon,Kochi,Kerala,Wholesale
2955,Libni Mangal,Pune,Maharashtra,Premium
2956,Luke Krish,Jaipur,Rajasthan,Premium
2957,Ryan Manne,Bengaluru,Karnataka,Premium
2958,Saumya Prabhakar,Mumbai,Maharashtra,Regular
2959,Chanakya Suresh,Bengaluru,Karnataka,Premium
2960,Waida Mukhopadhyay,Mumbai,Maharashtra,Premium
2961,Falak Sheth,Coimbatore,Tamil Nadu,Regular
2962,Vincent Rana,Mumbai,Maharashtra,Wholesale
2963,Anjali Lanka,Ahmedabad,Gujarat,Regular
2964,Frado Gaba,Mysuru,Karnataka,Regular
2965,Jacob Mital,Mumbai,Maharashtra,Wholesale
2966,Anita Solanki,Kochi,Kerala,Premium
2967,Yahvi Sibal,Chennai,Tamil Nadu,Regular
2968,Urmi Sane,Pune,Maharashtra,Regular
2969,Arya Ratta,Pune,Maharashtra,Wholesale
2970,Charvi Ben,Ahmedabad,Gujarat,Regular
2971,Aadi Chada,Mysuru,Karnataka,Premium
2972,Rachana Lalla,Chennai,Tamil Nadu,Regular
2973,Janya Sarna,Trichy,Tamil Nadu,Regular
2974,Rishi Kamdar,Coimbatore,Tamil Nadu,Regular
2975,Logan Pillay,Delhi,Delhi,Regular
2976,Qushi Puri,Mysuru,Karnataka,Regular
2977,Ijaya Om,Delhi,Delhi,Regular
2978,Hemang Majumdar,Pune,Maharashtra,Regular
2979,Harish Reddy,Trichy,Tamil Nadu,Wholesale
2980,Aditya Misra,Pune,Maharashtra,Regular
2981,Gauri Chahal,Mumbai,Maharashtra,Regular
2982,Dipta Grover,Kolkata,West Bengal,Wholesale
2983,Gaurika Sathe,Bengaluru,Karnataka,Regular
2984,Mekhala Pau,Hyderabad,Telangana,Wholesale
2985,Isaac Deshpande,Kolkata,West Bengal,Wholesale
2986,Qasim Bhatnagar,Pune,Maharashtra,Wholesale
2987,Wazir Dugar,Salem,Tamil Nadu,Wholesale
2988,Ethan Sidhu,Ahmedabad,Gujarat,Regular
2989,Wakeeta Munshi,Pune,Maharashtra,Premium
2990,Aachal Kapoor,Pune,Maharashtra,Premium
2991,Ekta Dani,Pune,Maharashtra,Premium
2992,Qarin Pai,Kolkata,West Bengal,Regular
2993,Vaishnavi Nagarajan,Pune,Maharashtra,Regular
2994,Ekapad Aggarwal,Ahmedabad,Gujarat,Regular
2995,Frederick Gupta,Kolkata,West Bengal,Premium
2996,Ekapad Chawla,Jaipur,Rajasthan,Regular
2997,Megha Viswanathan,Hyderabad,Telangana,Regular
2998,Radhika Pandya,Madurai,Tamil Nadu,Wholesale
2999,Irya Saran,Jaipur,Rajasthan,Wholesale
3000,Bhavna Deo,Jaipur,Rajasthan,Premium
3001,Gaurav Balay,Ahmedabad,Gujarat,Wholesale
3002,Januja Kuruvilla,Hyderabad,Telangana,Regular
3003,Nitesh Mand,Ahmedabad,Gujarat,Wholesale
3004,Garima Chawla,Jaipur,Rajasthan,Regular
3005,Mitali Hegde,Madurai,Tamil Nadu,Regular
3006,Ekiya Kakar,Salem,Tamil Nadu,Wholesale
3007,Zilmil Mahal,Ahmedabad,Gujarat,Wholesale
3008,Upadhriti Dara,Salem,Tamil Nadu,Regular
3009,Michael Uppal,Hyderabad,Telangana,Wholesale
3010,Reyansh Nori,Chennai,Tamil Nadu,Regular
3011,Patrick Lalla,Madurai,Tamil Nadu,Wholesale
3012,Luke Sridhar,Mysuru,Karnataka,Wholesale
3013,Yash Gulati,Coimbatore,Tamil Nadu,Premium
3014,Arunima Thaker,Ahmedabad,Gujarat,Premium
3015,Chatura Amble,Trichy,Tamil Nadu,Premium
3016,Meera Malhotra,Delhi,Delhi,Premium
3017,Omya Sidhu,Salem,Tamil Nadu,Wholesale
3018,Yashasvi Ravi,Delhi,Delhi,Regular
3019,Gavin Sampath,Jaipur,Rajasthan,Wholesale
3020,Harshil Dhawan,Delhi,Delhi,Regular
3021,Bishakha Dyal,Jaipur,Rajasthan,Wholesale
3022,Harish Karnik,Jaipur,Rajasthan,Premium
3023,Faqid Sodhi,Kolkata,West Bengal,Regular
3024,Omya Joshi,Coimbatore,Tamil Nadu,Premium
3025,Gaurang Dalal,Delhi,Delhi,Regular
3026,Ayushman Arora,Chennai,Tamil Nadu,Wholesale
3027,Anusha Zacharia,Mumbai,Maharashtra,Wholesale
3028,Nimrat Bajaj,Salem,Tamil Nadu,Wholesale
3029,Nathaniel Sood,Ahmedabad,Gujarat,Premium
3030,Lucky Banik,Mumbai,Maharashtra,Regular
3031,Sneha Pal,Hyderabad,Telangana,Regular
3032,Anusha Dara,Madurai,Tamil Nadu,Regular
3033,Devansh Singhal,Hyderabad,Telangana,Wholesale
3034,Harsh Manda,Mumbai,Maharashtra,Regular
3035,Amrita Chopra,Madurai,Tamil Nadu,Wholesale
3036,Theodore Nagi,Mumbai,Maharashtra,Regular
3037,Aachal Chopra,Kochi,Kerala,Regular
3038,Barkha Bora,Bengaluru,Karnataka,Premium
3039,Lakshit Deep,Trichy,Tamil Nadu,Wholesale
3040,Tanish Lal,Ahmedabad,Gujarat,Premium
3041,Yasti Rai,Mysuru,Karnataka,Regular
3042,Megha Dave,Mumbai,Maharashtra,Wholesale
3043,Meera Jain,Delhi,Delhi,Wholesale
3044,Tanish Chakrabarti,Kochi,Kerala,Wholesale
3045,Ijaya Parikh,Delhi,Delhi,Premium
3046,Ekanta Sur,Bengaluru,Karnataka,Premium
3047,Madhav Seshadri,Trichy,Tamil Nadu,Regular
3048,Hemang Oza,Kochi,Kerala,Wholesale
3049,Yash Hari,Hyderabad,Telangana,Wholesale
3050,Charvi Vyas,Salem,Tamil Nadu,Premium
3051,Jagdish Ghose,Jaipur,Rajasthan,Premium
3052,Jeremiah Mitra,Mysuru,Karnataka,Wholesale
3053,Upasna Sood,Chennai,Tamil Nadu,Premium
3054,Panini Kar,Kolkata,West Bengal,Premium
3055,Eiravati Bhatia,Jaipur,Rajasthan,Premium
3056,Vamakshi Dhingra,Hyderabad,Telangana,Regular
3057,Ekbal Gandhi,Mumbai,Maharashtra,Premium
3058,Dipta Mand,Coimbatore,Tamil Nadu,Premium
3059,Rachita Dalal,Coimbatore,Tamil Nadu,Premium
3060,Rajata Kakar,Bengaluru,Karnataka,Regular
3061,Varsha Bhattacharyya,Pune,Maharashtra,Premium
3062,Chakradev Issac,Coimbatore,Tamil Nadu,Premium
3063,Aradhana Deshmukh,Coimbatore,Tamil Nadu,Premium
3064,Wahab Koshy,Chennai,Tamil Nadu,Wholesale
3065,Azaan Gandhi,Delhi,Delhi,Regular
3066,Wahab Mangat,Hyderabad,Telangana,Premium
3067,Chandran Choudhary,Trichy,Tamil Nadu,Wholesale
3068,Pranit Shroff,Ahmedabad,Gujarat,Premium
3069,Benjamin Narasimhan,Kolkata,West Bengal,Wholesale
3070,Libni Nagi,Salem,Tamil Nadu,Premium
3071,Saanvi Chanda,Trichy,Tamil Nadu,Regular
3072,Gaurav Sura,Kochi,Kerala,Wholesale
3073,Raghav Majumdar,Salem,Tamil Nadu,Wholesale
3074,Zansi Singhal,Delhi,Delhi,Regular
3075,Anjali Bajwa,Pune,Maharashtra,Wholesale
3076,Krishna Goswami,Bengaluru,Karnataka,Regular
3077,Bhavya Pradhan,Trichy,Tamil Nadu,Premium
3078,Benjamin Kumar,Delhi,Delhi,Regular
3079,Omya Reddy,Mumbai,Maharashtra,Regular
3080,Nirja Soman,Trichy,Tamil Nadu,Regular
3081,Yashasvi Sankaran,Ahmedabad,Gujarat,Wholesale
3082,Bakhshi Venkataraman,Pune,Maharashtra,Regular
3083,Wishi Halder,Kolkata,West Bengal,Wholesale
3084,Yash Kata,Pune,Maharashtra,Regular
3085,Ria Savant,Chennai,Tamil Nadu,Wholesale
3086,Ekanta Brar,Kolkata,West Bengal,Regular
3087,Champak Bhagat,Salem,Tamil Nadu,Regular
3088,Kavya Goyal,Chennai,Tamil Nadu,Regular
3089,Samesh Madan,Pune,Maharashtra,Premium
3090,Ekaja Mangat,Chennai,Tamil Nadu,Wholesale
3091,Abeer Sani,Hyderabad,Telangana,Regular
3092,Radha Pant,Coimbatore,Tamil Nadu,Premium
3093,Chanakya Narayanan,Pune,Maharashtra,Wholesale
3094,Darika Pandit,Mumbai,Maharashtra,Regular
3095,Damini Panchal,Madurai,Tamil Nadu,Premium
3096,Daksh Kapadia,Mysuru,Karnataka,Premium
3097,Anya Lall,Delhi,Delhi,Wholesale
3098,Kiaan Vala,Mumbai,Maharashtra,Wholesale
3099,Yochana Tak,Delhi,Delhi,Regular
3100,Peter Lad,Hyderabad,Telangana,Premium
3101,Abeer Khosla,Jaipur,Rajasthan,Premium
3102,Aadi Tank,Madurai,Tamil Nadu,Premium
3103,Ayush Sama,Coimbatore,Tamil Nadu,Premium
3104,Max Saha,Delhi,Delhi,Regular
3105,Robert Chander,Hyderabad,Telangana,Premium
3106,Jatin Parekh,Madurai,Tamil Nadu,Premium
3107,Chakradhar Goel,Mysuru,Karnataka,Premium
3108,Harini Sami,Delhi,Delhi,Premium
3109,Bhavani Sandal,Delhi,Delhi,Regular
3110,Priya Golla,Salem,Tamil Nadu,Wholesale
3111,Kai Varty,Salem,Tamil Nadu,Wholesale
3112,Yauvani Swaminathan,Coimbatore,Tamil Nadu,Regular
3113,Jagdish Balan,Kochi,Kerala,Premium
3114,Falan Din,Chennai,Tamil Nadu,Premium
3115,Zehaan Dass,Madurai,Tamil Nadu,Wholesale
3116,Yoshita Wable,Mysuru,Karnataka,Regular
3117,Qushi Chacko,Mumbai,Maharashtra,Regular
3118,Nicholas Wali,Kolkata,West Bengal,Regular
3119,Radha Wadhwa,Salem,Tamil Nadu,Premium
3120,Chaaya Dey,Chennai,Tamil Nadu,Premium
3121,Ijaya Lall,Mysuru,Karnataka,Regular
3122,Ronith Prabhu,Mysuru,Karnataka,Regular
3123,Samarth Nagarajan,Pune,Maharashtra,Premium
3124,Jagvi Tank,Kochi,Kerala,Wholesale
3125,Vedika Chaudhry,Salem,Tamil Nadu,Regular
3126,Nidra Sachdeva,Jaipur,Rajasthan,Wholesale
3127,Kevin Peri,Kolkata,West Bengal,Regular
3128,Bhavika Deep,Chennai,Tamil Nadu,Premium
3129,Harish Sha,Trichy,Tamil Nadu,Premium
3130,Hemani Sur,Pune,Maharashtra,Wholesale
3131,Vivaan Agrawal,Hyderabad,Telangana,Premium
3132,Chandresh Yadav,Coimbatore,Tamil Nadu,Wholesale
3133,Varsha Ramesh,Mumbai,Maharashtra,Premium
3134,Noah Khalsa,Chennai,Tamil Nadu,Regular
3135,Yashasvi Banerjee,Trichy,Tamil Nadu,Premium
3136,Lopa Vala,Jaipur,Rajasthan,Wholesale
3137,Azaan Choudhury,Delhi,Delhi,Wholesale
3138,Vincent Mishra,Delhi,Delhi,Wholesale
3139,Leena Mitter,Mumbai,Maharashtra,Wholesale
3140,Jeet Sarkar,Mumbai,Maharashtra,Wholesale
3141,Fiyaz Bhatt,Jaipur,Rajasthan,Regular
3142,Divya Mammen,Jaipur,Rajasthan,Regular
3143,Sai Raj,Salem,Tamil Nadu,Premium
3144,Gayathri Deshpande,Coimbatore,Tamil Nadu,Regular
3145,Jyoti Shan,Pune,Maharashtra,Wholesale
3146,Zayyan Lanka,Kochi,Kerala,Premium
3147,Lucky Batta,Trichy,Tamil Nadu,Regular
3148,Utkarsh Hans,Chennai,Tamil Nadu,Wholesale
3149,Sathvik Parmer,Ahmedabad,Gujarat,Wholesale
3150,Elijah Kala,Trichy,Tamil Nadu,Premium
3151,Bimala Kurian,Jaipur,Rajasthan,Premium
3152,Hema Roy,Jaipur,Rajasthan,Premium
3153,Ojasvi Chaudhary,Pune,Maharashtra,Regular
3154,Chanchal Mahajan,Kochi,Kerala,Wholesale
3155,Noah Sundaram,Ahmedabad,Gujarat,Regular
3156,Dayita Iyengar,Ahmedabad,Gujarat,Regular
3157,Bhavna Hans,Salem,Tamil Nadu,Regular
3158,Avi Jha,Salem,Tamil Nadu,Premium
3159,Darika Walia,Kochi,Kerala,Regular
3160,Sai Sanghvi,Jaipur,Rajasthan,Regular
3161,Owen Barad,Madurai,Tamil Nadu,Premium
3162,Farhan Dass,Kolkata,West Bengal,Wholesale
3163,Pahal Padmanabhan,Pune,Maharashtra,Wholesale
3164,Ayush Issac,Delhi,Delhi,Premium
3165,Ladli Bail,Chennai,Tamil Nadu,Wholesale
3166,Urvashi Yogi,Mysuru,Karnataka,Wholesale
3167,Yashodhara Ratti,Delhi,Delhi,Wholesale
3168,Jacob Vora,Coimbatore,Tamil Nadu,Regular
3169,Vincent Mohanty,Trichy,Tamil Nadu,Wholesale
3170,Brijesh Sunder,Coimbatore,Tamil Nadu,Regular
3171,Eiravati Sekhon,Mysuru,Karnataka,Regular
3172,Kavya Raman,Mysuru,Karnataka,Wholesale
3173,Charvi Kamdar,Coimbatore,Tamil Nadu,Premium
3174,Agastya Tata,Madurai,Tamil Nadu,Premium
3175,Qushi Shan,Hyderabad,Telangana,Wholesale
3176,Guneet Kurian,Trichy,Tamil Nadu,Premium
3177,Hamsini Mukherjee,Mumbai,Maharashtra,Wholesale
3178,Balhaar Deshmukh,Jaipur,Rajasthan,Premium
3179,Faraj Zacharia,Salem,Tamil Nadu,Regular
3180,Chatura Mohanty,Hyderabad,Telangana,Wholesale
3181,Libni Nadig,Bengaluru,Karnataka,Wholesale
3182,Jasmit Samra,Salem,Tamil Nadu,Wholesale
3183,Chatura Khurana,Pune,Maharashtra,Premium
3184,Kabir Arora,Kolkata,West Bengal,Wholesale
3185,Krisha Sampath,Mumbai,Maharashtra,Premium
3186,Theodore Lad,Madurai,Tamil Nadu,Premium
3187,William Thakur,Madurai,Tamil Nadu,Premium
3188,Advika Bhagat,Hyderabad,Telangana,Regular
3189,Tanish Sinha,Mysuru,Karnataka,Regular
3190,Avni Biswas,Bengaluru,Karnataka,Premium
3191,Balveer Dave,Chennai,Tamil Nadu,Regular
3192,Umang Sharma,Salem,Tamil Nadu,Wholesale
3193,Libni Sibal,Salem,Tamil Nadu,Wholesale
3194,Vedika Ahuja,Madurai,Tamil Nadu,Wholesale
3195,Eesha Sarna,Coimbatore,Tamil Nadu,Wholesale
3196,William Bassi,Mysuru,Karnataka,Premium
3197,Abhimanyu Shere,Salem,Tamil Nadu,Regular
3198,Timothy Chaudhari,Madurai,Tamil Nadu,Wholesale
3199,Ojas Shetty,Kochi,Kerala,Regular
3200,Finn Borah,Kochi,Kerala,Wholesale
3201,Champak Chawla,Hyderabad,Telangana,Wholesale
3202,Anika Nayak,Bengaluru,Karnataka,Premium
3203,Bhavika Varughese,Coimbatore,Tamil Nadu,Premium
3204,Advik Mangat,Bengaluru,Karnataka,Regular
3205,Hredhaan Nadkarni,Bengaluru,Karnataka,Regular
3206,Vasana Dhar,Salem,Tamil Nadu,Premium
3207,Fariq Kant,Pune,Maharashtra,Regular
3208,Yashodhara Luthra,Coimbatore,Tamil Nadu,Premium
3209,Samar Sangha,Mysuru,Karnataka,Wholesale
3210,Bhavini Karnik,Salem,Tamil Nadu,Wholesale
3211,Janya Borah,Mysuru,Karnataka,Regular
3212,Shivani Edwin,Madurai,Tamil Nadu,Regular
3213,Balendra Khurana,Kochi,Kerala,Regular
3214,Rachit Ben,Ahmedabad,Gujarat,Wholesale
3215,Yashodhara Nigam,Salem,Tamil Nadu,Wholesale
3216,Libni Bakshi,Ahmedabad,Gujarat,Wholesale
3217,Thomas Mann,Ahmedabad,Gujarat,Wholesale
3218,Ansh Anne,Madurai,Tamil Nadu,Premium
3219,Abhiram Ranganathan,Jaipur,Rajasthan,Wholesale
3220,Eta Peri,Mysuru,Karnataka,Premium
3221,Indali Walia,Trichy,Tamil Nadu,Premium
3222,Krishna Kapur,Pune,Maharashtra,Wholesale
3223,Harrison Ramakrishnan,Kochi,Kerala,Regular
3224,Inaya Krishnan,Madurai,Tamil Nadu,Premium
3225,Samarth Basu,Jaipur,Rajasthan,Wholesale
3226,Ekantika Badal,Hyderabad,Telangana,Regular
3227,Gavin Sahni,Jaipur,Rajasthan,Wholesale
3228,Girik Andra,Coimbatore,Tamil Nadu,Wholesale
3229,Aashi Chakraborty,Jaipur,Rajasthan,Wholesale
3230,Balhaar Dar,Salem,Tamil Nadu,Wholesale
3231,Xalak Hegde,Bengaluru,Karnataka,Wholesale
3232,Kalpit Guha,Trichy,Tamil Nadu,Premium
3233,Raagini Behl,Bengaluru,Karnataka,Premium
3234,Luke Khosla,Mumbai,Maharashtra,Regular
3235,Zansi Sule,Trichy,Tamil Nadu,Wholesale
3236,Upma Sha,Salem,Tamil Nadu,Wholesale
3237,Ishani Mistry,Kochi,Kerala,Wholesale
3238,Chandresh Sandhu,Mumbai,Maharashtra,Wholesale
3239,Keya Bhavsar,Kochi,Kerala,Wholesale
3240,Vihaan Pall,Trichy,Tamil Nadu,Wholesale
3241,Warhi Datta,Kolkata,West Bengal,Premium
3242,Kabir Chaudhary,Bengaluru,Karnataka,Regular
3243,Ayaan Wali,Ahmedabad,Gujarat,Premium
3244,Karan Kalita,Salem,Tamil Nadu,Wholesale
3245,Harrison Singhal,Delhi,Delhi,Wholesale
3246,Jonathan Brar,Mumbai,Maharashtra,Premium
3247,Azad Choudhry,Salem,Tamil Nadu,Regular
3248,Jeremiah Sandhu,Kochi,Kerala,Regular
3249,Gabriel Thakur,Coimbatore,Tamil Nadu,Wholesale
3250,Onveer Munshi,Jaipur,Rajasthan,Wholesale
3251,Dayita Natt,Coimbatore,Tamil Nadu,Premium
3252,Bhavini Khare,Ahmedabad,Gujarat,Regular
3253,Tanveer Panchal,Kolkata,West Bengal,Premium
3254,Gopal Sathe,Hyderabad,Telangana,Premium
3255,Adweta Kohli,Pune,Maharashtra,Regular
3256,Madhav Chand,Hyderabad,Telangana,Premium
3257,Madhavi Krishnan,Trichy,Tamil Nadu,Regular
3258,Manya Bala,Mysuru,Karnataka,Wholesale
3259,Hemang Chada,Kolkata,West Bengal,Regular
3260,Ekavir Bahri,Delhi,Delhi,Premium
3261,Bishakha Dada,Madurai,Tamil Nadu,Wholesale
3262,Zarna Sen,Chennai,Tamil Nadu,Premium
3263,Krishna Apte,Coimbatore,Tamil Nadu,Regular
3264,Yoshita Gera,Chennai,Tamil Nadu,Regular
3265,Anita Tiwari,Hyderabad,Telangana,Regular
3266,Praneel Ravel,Kolkata,West Bengal,Premium
3267,Azad Wali,Pune,Maharashtra,Wholesale
3268,Ladli Radhakrishnan,Delhi,Delhi,Premium
3269,Rachana Batta,Jaipur,Rajasthan,Wholesale
3270,Wazir Deo,Madurai,Tamil Nadu,Premium
3271,Ekaja Ranganathan,Kochi,Kerala,Regular
3272,Theodore Chandra,Kolkata,West Bengal,Wholesale
3273,Ekanta Sagar,Madurai,Tamil Nadu,Regular
3274,Oliver Chakrabarti,Hyderabad,Telangana,Wholesale
3275,Reyansh Mistry,Madurai,Tamil Nadu,Premium
3276,Aarini Raj,Salem,Tamil Nadu,Premium
3277,Faqid Bhandari,Delhi,Delhi,Wholesale
3278,Chakradhar Sethi,Mumbai,Maharashtra,Regular
3279,Parth Saha,Hyderabad,Telangana,Premium
3280,Warhi Sodhi,Salem,Tamil Nadu,Regular
3281,Yochana Tank,Mumbai,Maharashtra,Premium
3282,Ijaya Barman,Kolkata,West Bengal,Premium
3283,Panini Khatri,Kochi,Kerala,Wholesale
3284,Urishilla Sharma,Jaipur,Rajasthan,Premium
3285,Jack Sani,Pune,Maharashtra,Premium
3286,Krishna Luthra,Mumbai,Maharashtra,Premium
3287,Chameli Bhatt,Chennai,Tamil Nadu,Wholesale
3288,Aahana Tiwari,Salem,Tamil Nadu,Regular
3289,Utkarsh Bhandari,Mumbai,Maharashtra,Regular
3290,Pavani Pingle,Mysuru,Karnataka,Wholesale
3291,Omaja Shah,Madurai,Tamil Nadu,Wholesale
3292,Harinakshi Bava,Delhi,Delhi,Premium
3293,Chaman Bal,Ahmedabad,Gujarat,Regular
3294,Ranveer Tandon,Salem,Tamil Nadu,Wholesale
3295,Sneha Dhaliwal,Chennai,Tamil Nadu,Regular
3296,Anmol Sandhu,Mysuru,Karnataka,Wholesale
3297,Lila Kumar,Delhi,Delhi,Premium
3298,Aarini Borah,Kochi,Kerala,Premium
3299,Noah Sankaran,Jaipur,Rajasthan,Regular
3300,Nakul Nagar,Delhi,Delhi,Wholesale
3301,Dayamai Venkataraman,Kolkata,West Bengal,Wholesale
3302,Charan Date,Mumbai,Maharashtra,Regular
3303,Ekta Garde,Hyderabad,Telangana,Premium
3304,Riya Saha,Kochi,Kerala,Premium
3305,Raghav Gokhale,Chennai,Tamil Nadu,Premium
3306,Kashish Seshadri,Delhi,Delhi,Wholesale
3307,Siddharth Mitter,Mumbai,Maharashtra,Premium
3308,Eta Babu,Kochi,Kerala,Regular
3309,Pranav Korpal,Madurai,Tamil Nadu,Wholesale
3310,Chaman Merchant,Kolkata,West Bengal,Premium
3311,Girindra Sachdev,Kolkata,West Bengal,Regular
3312,Bakhshi Suri,Jaipur,Rajasthan,Premium
3313,Falan Krishna,Chennai,Tamil Nadu,Regular
3314,Amol Nayak,Mysuru,Karnataka,Regular
3315,Veda Bahl,Pune,Maharashtra,Wholesale
3316,Jyoti Gaba,Pune,Maharashtra,Regular
3317,Jason Sandal,Pune,Maharashtra,Premium
3318,Kabir Pandey,Coimbatore,Tamil Nadu,Wholesale
3319,Oeshi Konda,Hyderabad,Telangana,Wholesale
3320,Zilmil Kade,Mumbai,Maharashtra,Regular
3321,Gabriel Kalita,Coimbatore,Tamil Nadu,Regular
3322,Jagdish Dubey,Pune,Maharashtra,Premium
3323,Jacob Chauhan,Jaipur,Rajasthan,Wholesale
3324,Avni Jha,Hyderabad,Telangana,Wholesale
3325,Xalak Varty,Hyderabad,Telangana,Premium
3326,Shravya Mangal,Trichy,Tamil Nadu,Wholesale
3327,Dalbir Mane,Ahmedabad,Gujarat,Wholesale
3328,Chandani Verma,Delhi,Delhi,Premium
3329,Farhan Walla,Pune,Maharashtra,Wholesale
3330,Neha Sarraf,Bengaluru,Karnataka,Wholesale
3331,Ladli Tara,Pune,Maharashtra,Regular
3332,Indali Batta,Hyderabad,Telangana,Wholesale
3333,Nitesh Deol,Trichy,Tamil Nadu,Premium
3334,Omisha Walla,Coimbatore,Tamil Nadu,Premium
3335,Chatresh Wali,Bengaluru,Karnataka,Wholesale
3336,Netra Kala,Coimbatore,Tamil Nadu,Regular
3337,Yagnesh Varty,Trichy,Tamil Nadu,Wholesale
3338,Samaksh Bansal,Kolkata,West Bengal,Regular
3339,Quincy Sastry,Jaipur,Rajasthan,Premium
3340,Avi Munshi,Salem,Tamil Nadu,Wholesale
3341,Fariq Vaidya,Kochi,Kerala,Premium
3342,Nicholas Walla,Bengaluru,Karnataka,Wholesale
3343,Aditya Hayer,Salem,Tamil Nadu,Wholesale
3344,Advay Murthy,Pune,Maharashtra,Premium
3345,Ayush Kade,Chennai,Tamil Nadu,Premium
3346,Rehaan Choudhary,Madurai,Tamil Nadu,Wholesale
3347,Amaira Yadav,Salem,Tamil Nadu,Wholesale
3348,Divya Vig,Bengaluru,Karnataka,Regular
3349,Aadi Gour,Salem,Tamil Nadu,Wholesale
3350,Tripti Nagi,Bengaluru,Karnataka,Premium
3351,Krishna Sankar,Trichy,Tamil Nadu,Premium
3352,Idika Vig,Madurai,Tamil Nadu,Wholesale
3353,Aadhya Chahal,Bengaluru,Karnataka,Wholesale
3354,Ayaan Naidu,Mysuru,Karnataka,Premium
3355,Mitesh Khalsa,Mumbai,Maharashtra,Regular
3356,Bhavna Sen,Hyderabad,Telangana,Regular
3357,Nimrat Comar,Kochi,Kerala,Regular
3358,Upasna Kaul,Delhi,Delhi,Premium
3359,Ati Thaman,Kolkata,West Bengal,Premium
3360,Suhani Peri,Chennai,Tamil Nadu,Wholesale
3361,Vidhi Bhasin,Chennai,Tamil Nadu,Premium
3362,Bimala Ramakrishnan,Mumbai,Maharashtra,Premium
3363,Xavier Thakur,Pune,Maharashtra,Wholesale
3364,Deepa Kothari,Kochi,Kerala,Wholesale
3365,Yagnesh Bains,Madurai,Tamil Nadu,Premium
3366,Sachi Dara,Mumbai,Maharashtra,Premium
3367,Rachit Venkatesh,Hyderabad,Telangana,Wholesale
3368,Charles Dave,Kolkata,West Bengal,Wholesale
3369,Anthony Bhagat,Mumbai,Maharashtra,Premium
3370,Yahvi Krishna,Kochi,Kerala,Wholesale
3371,Matthew Patla,Delhi,Delhi,Regular
3372,Faqid Brahmbhatt,Salem,Tamil Nadu,Premium
3373,Chatura Tripathi,Jaipur,Rajasthan,Regular
3374,Fitan Sastry,Jaipur,Rajasthan,Regular
3375,Ridhi Gupta,Pune,Maharashtra,Wholesale
3376,Samar Bhakta,Chennai,Tamil Nadu,Premium
3377,Hardik Kapur,Kochi,Kerala,Premium
3378,Kala Sangha,Coimbatore,Tamil Nadu,Wholesale
3379,Bhavika Mohanty,Chennai,Tamil Nadu,Wholesale
3380,Ganga Bumb,Coimbatore,Tamil Nadu,Wholesale
3381,Ekansh Baral,Salem,Tamil Nadu,Wholesale
3382,Aradhana Khosla,Hyderabad,Telangana,Wholesale
3383,Veda Talwar,Madurai,Tamil Nadu,Regular
3384,Aryan Mannan,Kolkata,West Bengal,Premium
3385,Kashvi Dixit,Kolkata,West Bengal,Premium
3386,Rushil Behl,Jaipur,Rajasthan,Wholesale
3387,Fitan Chaudhari,Chennai,Tamil Nadu,Regular
3388,Jacob Raval,Coimbatore,Tamil Nadu,Wholesale
3389,Bhavani Bahl,Mumbai,Maharashtra,Regular
3390,Om Wadhwa,Bengaluru,Karnataka,Wholesale
3391,Oscar Dani,Ahmedabad,Gujarat,Wholesale
3392,David Bora,Bengaluru,Karnataka,Wholesale
3393,Zaitra Deol,Kolkata,West Bengal,Regular
3394,Jagdish Balan,Mysuru,Karnataka,Wholesale
3395,Oeshi Borde,Hyderabad,Telangana,Regular
3396,Kiaan Deshpande,Mysuru,Karnataka,Regular
3397,Michael Bava,Hyderabad,Telangana,Premium
3398,Champak Setty,Delhi,Delhi,Regular
3399,Hema Basu,Mysuru,Karnataka,Regular
3400,Veer Basu,Pune,Maharashtra,Premium
3401,Pallavi Kara,Coimbatore,Tamil Nadu,Regular
3402,Aarnav Kota,Delhi,Delhi,Regular
3403,Rehaan Merchant,Trichy,Tamil Nadu,Regular
3404,Brijesh Tara,Pune,Maharashtra,Premium
3405,Garima Sridhar,Kolkata,West Bengal,Wholesale
3406,Devansh Luthra,Trichy,Tamil Nadu,Regular
3407,Samarth Deshmukh,Kolkata,West Bengal,Regular
3408,Joshua Barman,Jaipur,Rajasthan,Premium
3409,Oviya Lad,Coimbatore,Tamil Nadu,Wholesale
3410,Ishani Mittal,Delhi,Delhi,Premium
3411,Neelima Ganesh,Coimbatore,Tamil Nadu,Wholesale
3412,Eesha Bansal,Mysuru,Karnataka,Regular
3413,Lucky Maharaj,Chennai,Tamil Nadu,Regular
3414,Anthony Nagi,Kochi,Kerala,Wholesale
3415,Rachita Puri,Delhi,Delhi,Regular
3416,Qadim Borah,Kolkata,West Bengal,Wholesale
3417,Tanmayi Gaba,Coimbatore,Tamil Nadu,Wholesale
3418,Diya Sampath,Madurai,Tamil Nadu,Premium
3419,Priya Pant,Chennai,Tamil Nadu,Regular
3420,Faras Wason,Coimbatore,Tamil Nadu,Premium
3421,Vivaan Loke,Coimbatore,Tamil Nadu,Wholesale
3422,Ryan Dua,Ahmedabad,Gujarat,Wholesale
3423,Sai Palla,Kochi,Kerala,Wholesale
3424,Rajata Bora,Ahmedabad,Gujarat,Regular
3425,Jeet Jhaveri,Trichy,Tamil Nadu,Regular
3426,Dipta Vora,Mumbai,Maharashtra,Regular
3427,Priya Dugal,Mumbai,Maharashtra,Wholesale
3428,Vihaan Bansal,Delhi,Delhi,Regular
3429,Anmol Tailor,Mysuru,Karnataka,Wholesale
3430,Eshana Banerjee,Bengaluru,Karnataka,Wholesale
3431,Xiti Gade,Madurai,Tamil Nadu,Wholesale
3432,Agastya Sawhney,Mumbai,Maharashtra,Premium
3433,Meghana Kashyap,Kochi,Kerala,Premium
3434,Yahvi Keer,Coimbatore,Tamil Nadu,Regular
3435,Imaran Narain,Salem,Tamil Nadu,Regular
3436,Adya Karan,Bengaluru,Karnataka,Premium
3437,Chakrika Munshi,Coimbatore,Tamil Nadu,Wholesale
3438,Omaja Gola,Kochi,Kerala,Wholesale
3439,Karan Bala,Mysuru,Karnataka,Wholesale
3440,Ekiya Ravi,Hyderabad,Telangana,Premium
3441,Chandani Singh,Kochi,Kerala,Premium
3442,Ishani Hayer,Madurai,Tamil Nadu,Premium
3443,Xavier Gokhale,Coimbatore,Tamil Nadu,Regular
3444,Lopa Vaidya,Jaipur,Rajasthan,Wholesale
3445,Anusha Shere,Coimbatore,Tamil Nadu,Premium
3446,Arunima Raju,Chennai,Tamil Nadu,Regular
3447,Azad Wali,Trichy,Tamil Nadu,Regular
3448,Ayaan Banik,Coimbatore,Tamil Nadu,Premium
3449,Rushil Sankar,Trichy,Tamil Nadu,Regular
3450,Timothy Desai,Jaipur,Rajasthan,Regular
3451,Nidra Garg,Mysuru,Karnataka,Premium
3452,Fitan Nori,Hyderabad,Telangana,Regular
3453,Ansh Yogi,Jaipur,Rajasthan,Regular
3454,Meghana Kulkarni,Hyderabad,Telangana,Premium
3455,Forum Vig,Ahmedabad,Gujarat,Regular
3456,Rachana Purohit,Chennai,Tamil Nadu,Premium
3457,Tripti Sibal,Ahmedabad,Gujarat,Premium
3458,Rachita Yadav,Chennai,Tamil Nadu,Premium
3459,Ekaraj Mammen,Mysuru,Karnataka,Premium
3460,Netra Walia,Madurai,Tamil Nadu,Regular
3461,Idika Sani,Coimbatore,Tamil Nadu,Regular
3462,Timothy Bawa,Delhi,Delhi,Premium
3463,Raghav Thaker,Ahmedabad,Gujarat,Regular
3464,Gabriel Sehgal,Madurai,Tamil Nadu,Regular
3465,Rajeshri Batta,Trichy,Tamil Nadu,Wholesale
3466,Chasmum Chakraborty,Chennai,Tamil Nadu,Wholesale
3467,Ikbal Bhargava,Kochi,Kerala,Regular
3468,Vrishti Vig,Ahmedabad,Gujarat,Wholesale
3469,Vanya Sengupta,Mysuru,Karnataka,Regular
3470,Aarush Yogi,Salem,Tamil Nadu,Regular
3471,Manya Rao,Salem,Tamil Nadu,Wholesale
3472,Chandani Mallick,Coimbatore,Tamil Nadu,Wholesale
3473,Ishwar Biswas,Hyderabad,Telangana,Wholesale
3474,Isaiah Loyal,Kochi,Kerala,Regular
3475,Darika Dasgupta,Trichy,Tamil Nadu,Premium
3476,Avni Kumer,Jaipur,Rajasthan,Premium
3477,Ekaja Madan,Coimbatore,Tamil Nadu,Wholesale
3478,Qasim Shanker,Trichy,Tamil Nadu,Wholesale
3479,Kritika Brar,Kochi,Kerala,Regular
3480,Lavanya Wadhwa,Jaipur,Rajasthan,Regular
3481,Yadavi Gokhale,Bengaluru,Karnataka,Premium
3482,Yashvi Thaker,Pune,Maharashtra,Premium
3483,Nilima Borra,Pune,Maharashtra,Regular
3484,Anvi Pal,Mysuru,Karnataka,Regular
3485,Omaja Tank,Bengaluru,Karnataka,Wholesale
3486,Aahana Nori,Delhi,Delhi,Premium
3487,Wriddhish Madan,Mumbai,Maharashtra,Wholesale
3488,Shivansh Prashad,Coimbatore,Tamil Nadu,Premium
3489,Daksha Borde,Coimbatore,Tamil Nadu,Premium
3490,Ladli Bhavsar,Bengaluru,Karnataka,Wholesale
3491,Wazir Banik,Coimbatore,Tamil Nadu,Regular
3492,Hamsini Badami,Ahmedabad,Gujarat,Premium
3493,Hema Bhasin,Mumbai,Maharashtra,Wholesale
3494,Hitesh Wali,Mysuru,Karnataka,Premium
3495,Isaiah Dar,Salem,Tamil Nadu,Regular
3496,Parth Sura,Trichy,Tamil Nadu,Wholesale
3497,Vrishti Batta,Mumbai,Maharashtra,Premium
3498,Baljiwan Kade,Hyderabad,Telangana,Premium
3499,Harini Chakraborty,Bengaluru,Karnataka,Regular
3500,Anjali Bal,Coimbatore,Tamil Nadu,Regular
3501,Wazir Shukla,Coimbatore,Tamil Nadu,Premium
3502,Ladli Gour,Kochi,Kerala,Premium
3503,Triveni Luthra,Bengaluru,Karnataka,Regular
3504,Ishita Chakraborty,Salem,Tamil Nadu,Regular
3505,George Golla,Salem,Tamil Nadu,Wholesale
3506,Chasmum Setty,Kolkata,West Bengal,Wholesale
3507,Mugdha Bir,Kolkata,West Bengal,Premium
3508,Daniel Borra,Coimbatore,Tamil Nadu,Wholesale
3509,Harini Mannan,Madurai,Tamil Nadu,Wholesale
3510,Gaurangi Bassi,Mumbai,Maharashtra,Regular
3511,Matthew Nori,Ahmedabad,Gujarat,Wholesale
3512,Qarin Lal,Salem,Tamil Nadu,Premium
3513,William Sura,Hyderabad,Telangana,Premium
3514,Lavanya Gade,Bengaluru,Karnataka,Premium
3515,Dhriti Apte,Ahmedabad,Gujarat,Regular
3516,Elijah D’Alia,Salem,Tamil Nadu,Premium
3517,Siya Krishna,Salem,Tamil Nadu,Wholesale
3518,Rajeshri Bhargava,Pune,Maharashtra,Regular
3519,Ayushman Trivedi,Jaipur,Rajasthan,Regular
3520,Logan Parmer,Kolkata,West Bengal,Regular
3521,Ubika Chander,Chennai,Tamil Nadu,Wholesale
3522,Vasudha Pandit,Kochi,Kerala,Wholesale
3523,Zinal Prashad,Ahmedabad,Gujarat,Regular
3524,Aashi Cherian,Pune,Maharashtra,Premium
3525,Rachita Bhatti,Ahmedabad,Gujarat,Wholesale
3526,Lila Loke,Coimbatore,Tamil Nadu,Wholesale
3527,Anthony Tailor,Madurai,Tamil Nadu,Regular
3528,Unni Talwar,Ahmedabad,Gujarat,Wholesale
3529,Jairaj Bahri,Hyderabad,Telangana,Premium
3530,Teerth Lad,Salem,Tamil Nadu,Regular
3531,Omaja Kar,Kochi,Kerala,Premium
3532,Osha Sidhu,Kolkata,West Bengal,Wholesale
3533,Ishaan Dass,Kolkata,West Bengal,Premium
3534,Gavin Khatri,Chennai,Tamil Nadu,Wholesale
3535,Upma Menon,Ahmedabad,Gujarat,Regular
3536,Radha Ravel,Chennai,Tamil Nadu,Wholesale
3537,Raghav Mand,Coimbatore,Tamil Nadu,Regular
3538,Wahab Shah,Coimbatore,Tamil Nadu,Premium
3539,Gavin Raj,Bengaluru,Karnataka,Regular
3540,Avi Tank,Kochi,Kerala,Regular
3541,Dominic Sridhar,Mumbai,Maharashtra,Wholesale
3542,Lakshmi Keer,Chennai,Tamil Nadu,Regular
3543,Vamakshi Mander,Bengaluru,Karnataka,Regular
3544,Samaksh Dhar,Coimbatore,Tamil Nadu,Regular
3545,Sudiksha Sibal,Kochi,Kerala,Premium
3546,Frederick Sane,Hyderabad,Telangana,Premium
3547,Darsh Gade,Chennai,Tamil Nadu,Premium
3548,Indali Srinivas,Coimbatore,Tamil Nadu,Wholesale
3549,Samaksh Chandra,Kochi,Kerala,Regular
3550,Jason Saini,Bengaluru,Karnataka,Regular
3551,Azaan Suresh,Salem,Tamil Nadu,Regular
3552,Timothy Dass,Bengaluru,Karnataka,Premium
3553,Isha Shere,Trichy,Tamil Nadu,Premium
3554,Aahana Khosla,Pune,Maharashtra,Wholesale
3555,Shivansh Balakrishnan,Chennai,Tamil Nadu,Premium
3556,Chameli Bhandari,Ahmedabad,Gujarat,Wholesale
3557,Oni Rajagopalan,Hyderabad,Telangana,Wholesale
3558,Advik Loyal,Hyderabad,Telangana,Regular
3559,Eta Apte,Mumbai,Maharashtra,Regular
3560,Jacob Patla,Delhi,Delhi,Premium
3561,Liam Gara,Trichy,Tamil Nadu,Regular
3562,Vasudha Ratti,Mysuru,Karnataka,Wholesale
3563,Gautami Tella,Jaipur,Rajasthan,Wholesale
3564,Saksham Aggarwal,Salem,Tamil Nadu,Wholesale
3565,Akshay Varma,Hyderabad,Telangana,Wholesale
3566,Amruta Kar,Kolkata,West Bengal,Wholesale
3567,Girik Mohanty,Trichy,Tamil Nadu,Wholesale
3568,Vihaan Arya,Delhi,Delhi,Wholesale
3569,Aarav Puri,Mumbai,Maharashtra,Premium
3570,Ishaan Narain,Coimbatore,Tamil Nadu,Regular
3571,Hemal Sankaran,Bengaluru,Karnataka,Regular
3572,Dayamai Oza,Bengaluru,Karnataka,Premium
3573,Yash Pillay,Kolkata,West Bengal,Premium
3574,Divya Varty,Madurai,Tamil Nadu,Premium
3575,Raghav Tailor,Salem,Tamil Nadu,Regular
3576,Adweta Minhas,Delhi,Delhi,Premium
3577,Osha Dube,Hyderabad,Telangana,Premium
3578,Jagat Tripathi,Coimbatore,Tamil Nadu,Wholesale
3579,Rohan Dutt,Bengaluru,Karnataka,Wholesale
3580,Mohini Chandran,Hyderabad,Telangana,Wholesale
3581,Manya Bhattacharyya,Coimbatore,Tamil Nadu,Premium
3582,Ronith Date,Madurai,Tamil Nadu,Premium
3583,Ranveer Doctor,Hyderabad,Telangana,Regular
3584,Tanvi Walla,Madurai,Tamil Nadu,Premium
3585,Shravya Kapoor,Pune,Maharashtra,Premium
3586,Jeremiah Mangat,Trichy,Tamil Nadu,Wholesale
3587,Abhimanyu Comar,Salem,Tamil Nadu,Regular
3588,Anvi Agate,Trichy,Tamil Nadu,Regular
3589,Chaitanya Ganesh,Mysuru,Karnataka,Regular
3590,Lekha Iyengar,Pune,Maharashtra,Wholesale
3591,Ishanvi Narayan,Madurai,Tamil Nadu,Premium
3592,Vihaan Panchal,Ahmedabad,Gujarat,Regular
3593,Omaja Rau,Chennai,Tamil Nadu,Regular
3594,Charita Kaul,Trichy,Tamil Nadu,Regular
3595,Zansi Seth,Hyderabad,Telangana,Wholesale
3596,Ekapad Karan,Chennai,Tamil Nadu,Wholesale
3597,Krisha Sinha,Mumbai,Maharashtra,Wholesale
3598,Zansi Ganguly,Madurai,Tamil Nadu,Wholesale
3599,Ganga Salvi,Hyderabad,Telangana,Wholesale
3600,Aryan Sule,Ahmedabad,Gujarat,Premium
3601,Omya Babu,Bengaluru,Karnataka,Regular
3602,Aarnav Nath,Kolkata,West Bengal,Wholesale
3603,Ucchal Raval,Jaipur,Rajasthan,Premium
3604,Sachi Vig,Pune,Maharashtra,Premium
3605,Zaid Bandi,Coimbatore,Tamil Nadu,Regular
3606,Manya Nadig,Delhi,Delhi,Wholesale
3607,Ekta Nayar,Coimbatore,Tamil Nadu,Premium
3608,Max Swamy,Mysuru,Karnataka,Wholesale
3609,Joshua Muni,Kochi,Kerala,Regular
3610,Timothy Peri,Hyderabad,Telangana,Premium
3611,Chasmum Panchal,Hyderabad,Telangana,Regular
3612,Inaya Divan,Madurai,Tamil Nadu,Premium
3613,Utkarsh Acharya,Coimbatore,Tamil Nadu,Wholesale
3614,Meghana Mital,Kochi,Kerala,Wholesale
3615,Aryan Ahuja,Salem,Tamil Nadu,Regular
3616,Damyanti Char,Mumbai,Maharashtra,Wholesale
3617,Tanmayi Rege,Madurai,Tamil Nadu,Regular
3618,Sudiksha Devan,Hyderabad,Telangana,Wholesale
3619,Rishi Nori,Hyderabad,Telangana,Regular
3620,Darpan Soni,Trichy,Tamil Nadu,Premium
3621,Aadi Ravel,Bengaluru,Karnataka,Regular
3622,Neha Sundaram,Mumbai,Maharashtra,Wholesale
3623,Samarth Rao,Mumbai,Maharashtra,Wholesale
3624,Bishakha Nath,Delhi,Delhi,Wholesale
3625,Xiti Keer,Bengaluru,Karnataka,Premium
3626,Sarthak Nath,Bengaluru,Karnataka,Wholesale
3627,Dipta Lad,Pune,Maharashtra,Premium
3628,Kabir Karnik,Madurai,Tamil Nadu,Wholesale
3629,Wriddhish Sha,Jaipur,Rajasthan,Premium
3630,Quincy Zacharia,Madurai,Tamil Nadu,Wholesale
3631,Maya Tata,Bengaluru,Karnataka,Wholesale
3632,Nachiket Palan,Chennai,Tamil Nadu,Premium
3633,Triya Sant,Ahmedabad,Gujarat,Wholesale
3634,Pooja Ramakrishnan,Chennai,Tamil Nadu,Regular
3635,Anamika Rattan,Bengaluru,Karnataka,Premium
3636,Jairaj Sule,Madurai,Tamil Nadu,Wholesale
3637,Amruta Suri,Chennai,Tamil Nadu,Regular
3638,Charan Goda,Delhi,Delhi,Regular
3639,Anika Dube,Kolkata,West Bengal,Wholesale
3640,Simon Kalita,Ahmedabad,Gujarat,Wholesale
3641,Henry Dani,Mysuru,Karnataka,Regular
3642,Gayathri Dua,Bengaluru,Karnataka,Regular
3643,Naksh Vala,Kolkata,West Bengal,Premium
3644,Hamsini Balan,Ahmedabad,Gujarat,Wholesale
3645,Fitan Boase,Delhi,Delhi,Premium
3646,Faras Sha,Coimbatore,Tamil Nadu,Premium
3647,Qasim Bassi,Hyderabad,Telangana,Regular
3648,Ladli Devan,Trichy,Tamil Nadu,Premium
3649,Geetika Sekhon,Delhi,Delhi,Wholesale
3650,Hritik Desai,Salem,Tamil Nadu,Wholesale
3651,Peter Pandey,Salem,Tamil Nadu,Regular
3652,Samesh Contractor,Trichy,Tamil Nadu,Regular
3653,Falan Chatterjee,Ahmedabad,Gujarat,Wholesale
3654,Ekanta Dada,Madurai,Tamil Nadu,Premium
3655,Wridesh Chaudhary,Kochi,Kerala,Premium
3656,Amruta Parsa,Hyderabad,Telangana,Premium
3657,Dev Rama,Madurai,Tamil Nadu,Premium
3658,Isha Khurana,Jaipur,Rajasthan,Regular
3659,Gopal Ghosh,Mumbai,Maharashtra,Regular
3660,Zashil Dua,Salem,Tamil Nadu,Premium
3661,Jeremiah Zacharia,Pune,Maharashtra,Regular
3662,Qarin Madan,Ahmedabad,Gujarat,Regular
3663,Jasmit Grewal,Coimbatore,Tamil Nadu,Premium
3664,Umang Garg,Ahmedabad,Gujarat,Regular
3665,Manthan Choudhury,Chennai,Tamil Nadu,Premium
3666,Champak Sekhon,Madurai,Tamil Nadu,Regular
3667,Chavvi Shroff,Ahmedabad,Gujarat,Wholesale
3668,Jai Solanki,Mumbai,Maharashtra,Regular
3669,Omaja Sandal,Coimbatore,Tamil Nadu,Premium
3670,Anusha Choudhury,Chennai,Tamil Nadu,Regular
3671,Falan Chadha,Trichy,Tamil Nadu,Wholesale
3672,Jatin Ratta,Ahmedabad,Gujarat,Wholesale
3673,Anthony Gole,Mumbai,Maharashtra,Regular
3674,Samuel Bora,Bengaluru,Karnataka,Wholesale
3675,Ethan Ganesh,Salem,Tamil Nadu,Regular
3676,Dayamai Ramaswamy,Hyderabad,Telangana,Regular
3677,Thomas Tara,Kochi,Kerala,Premium
3678,Girik Nagar,Pune,Maharashtra,Regular
3679,Imaran Garde,Madurai,Tamil Nadu,Premium
3680,Idika Bahl,Pune,Maharashtra,Premium
3681,Arin Biswas,Mysuru,Karnataka,Regular
3682,Chatresh Chaudhary,Bengaluru,Karnataka,Regular
3683,Gavin Vaidya,Delhi,Delhi,Regular
3684,Varenya Dugal,Hyderabad,Telangana,Premium
3685,Wridesh Barad,Madurai,Tamil Nadu,Wholesale
3686,Yochana Chandra,Mysuru,Karnataka,Regular
3687,Daksha Morar,Jaipur,Rajasthan,Regular
3688,Matthew Sane,Coimbatore,Tamil Nadu,Premium
3689,Anay Yadav,Trichy,Tamil Nadu,Wholesale
3690,Hamsini Arya,Ahmedabad,Gujarat,Wholesale
3691,Siddharth Kale,Madurai,Tamil Nadu,Wholesale
3692,Timothy Mammen,Coimbatore,Tamil Nadu,Regular
3693,Bhavna Sane,Madurai,Tamil Nadu,Regular
3694,Mohammed Narain,Ahmedabad,Gujarat,Regular
3695,Suhani Mital,Jaipur,Rajasthan,Premium
3696,Wridesh Solanki,Madurai,Tamil Nadu,Regular
3697,Brinda Sundaram,Madurai,Tamil Nadu,Regular
3698,Libni Dhaliwal,Mysuru,Karnataka,Wholesale
3699,Harshil Bains,Bengaluru,Karnataka,Regular
3700,Anika Choudhry,Delhi,Delhi,Premium
3701,Oeshi Sarna,Coimbatore,Tamil Nadu,Premium
3702,Dayamai Chauhan,Trichy,Tamil Nadu,Premium
3703,Niharika Upadhyay,Kochi,Kerala,Regular
3704,Anita Manda,Mumbai,Maharashtra,Regular
3705,Vasatika Wali,Kochi,Kerala,Wholesale
3706,Neel Bose,Coimbatore,Tamil Nadu,Premium
3707,Hamsini Ramakrishnan,Kochi,Kerala,Premium
3708,Xalak Parekh,Bengaluru,Karnataka,Regular
3709,Laban Chowdhury,Ahmedabad,Gujarat,Premium
3710,Lakshit Sarkar,Hyderabad,Telangana,Regular
3711,Wridesh Mohanty,Chennai,Tamil Nadu,Regular
3712,Rachana Suresh,Jaipur,Rajasthan,Regular
3713,Alexander Lall,Pune,Maharashtra,Regular
3714,Madhavi Kota,Salem,Tamil Nadu,Premium
3715,Triya Parekh,Trichy,Tamil Nadu,Premium
3716,Frado Malhotra,Madurai,Tamil Nadu,Wholesale
3717,Nathaniel Purohit,Mysuru,Karnataka,Regular
3718,Zayyan Krishnamurthy,Pune,Maharashtra,Regular
3719,Chatresh Bhavsar,Hyderabad,Telangana,Wholesale
3720,Xavier Sagar,Trichy,Tamil Nadu,Premium
3721,Ishwar Dhawan,Coimbatore,Tamil Nadu,Wholesale
3722,Luke Grewal,Trichy,Tamil Nadu,Premium
3723,Jairaj Malhotra,Salem,Tamil Nadu,Regular
3724,Janaki Bora,Hyderabad,Telangana,Regular
3725,Elijah Balay,Madurai,Tamil Nadu,Regular
3726,Neha Contractor,Coimbatore,Tamil Nadu,Regular
3727,Bhavna Saxena,Mumbai,Maharashtra,Wholesale
3728,Rayaan Brahmbhatt,Pune,Maharashtra,Premium
3729,Qabil Uppal,Mysuru,Karnataka,Wholesale
3730,Karan Tank,Madurai,Tamil Nadu,Wholesale
3731,Vrinda Wason,Bengaluru,Karnataka,Regular
3732,Sneha Andra,Salem,Tamil Nadu,Premium
3733,Harish Chandran,Trichy,Tamil Nadu,Premium
3734,Yahvi Parikh,Ahmedabad,Gujarat,Premium
3735,Patrick Ravi,Pune,Maharashtra,Wholesale
3736,Agastya Rajagopal,Salem,Tamil Nadu,Wholesale
3737,Januja Sanghvi,Salem,Tamil Nadu,Premium
3738,Mohini Krishna,Pune,Maharashtra,Wholesale
3739,Vrishti Wali,Bengaluru,Karnataka,Wholesale
3740,Tamanna Kara,Salem,Tamil Nadu,Wholesale
3741,Zarna Bail,Bengaluru,Karnataka,Regular
3742,Upkaar Shetty,Delhi,Delhi,Premium
3743,Baghyawati Wason,Mumbai,Maharashtra,Regular
3744,Ojas Sandal,Jaipur,Rajasthan,Regular
3745,Bakhshi Sachar,Salem,Tamil Nadu,Wholesale
3746,Onkar Dua,Hyderabad,Telangana,Premium
3747,Balendra Ramanathan,Chennai,Tamil Nadu,Regular
3748,Kritika Contractor,Hyderabad,Telangana,Premium
3749,Lakshmi Toor,Bengaluru,Karnataka,Regular
3750,Vaishnavi Tella,Kolkata,West Bengal,Regular
3751,Manbir Menon,Madurai,Tamil Nadu,Wholesale
3752,Nikita Guha,Madurai,Tamil Nadu,Premium
3753,Raagini Borde,Trichy,Tamil Nadu,Premium
3754,Amaira Vig,Coimbatore,Tamil Nadu,Premium
3755,Ekalinga Patel,Jaipur,Rajasthan,Premium
3756,Abha Kashyap,Jaipur,Rajasthan,Premium
3757,Rushil Das,Bengaluru,Karnataka,Regular
3758,Eta Ghose,Mumbai,Maharashtra,Wholesale
3759,Anmol Chatterjee,Ahmedabad,Gujarat,Regular
3760,Wazir Zacharia,Bengaluru,Karnataka,Wholesale
3761,Simon Bora,Hyderabad,Telangana,Regular
3762,Rajata Chawla,Pune,Maharashtra,Wholesale
3763,Fitan Subramanian,Pune,Maharashtra,Premium
3764,Lekha Boase,Madurai,Tamil Nadu,Wholesale
3765,Ganga Bedi,Jaipur,Rajasthan,Premium
3766,Ekbal Yohannan,Delhi,Delhi,Wholesale
3767,Oeshi Kurian,Kolkata,West Bengal,Premium
3768,Arunima Naik,Delhi,Delhi,Wholesale
3769,Zayyan Boase,Bengaluru,Karnataka,Premium
3770,Theodore Manda,Delhi,Delhi,Wholesale
3771,Anika Kibe,Madurai,Tamil Nadu,Regular
3772,Vinaya Walla,Salem,Tamil Nadu,Wholesale
3773,Ronith Shere,Kolkata,West Bengal,Regular
3774,Mohini Ganesan,Salem,Tamil Nadu,Premium
3775,Elijah Gopal,Bengaluru,Karnataka,Wholesale
3776,Yachana Bansal,Mysuru,Karnataka,Regular
3777,Anjali Goyal,Pune,Maharashtra,Wholesale
3778,Lakshmi Dhillon,Hyderabad,Telangana,Wholesale
3779,Baghyawati Swamy,Chennai,Tamil Nadu,Regular
3780,Tripti Tiwari,Coimbatore,Tamil Nadu,Wholesale
3781,Sara Brahmbhatt,Trichy,Tamil Nadu,Premium
3782,Ayushman Sodhi,Coimbatore,Tamil Nadu,Regular
3783,Parth Gera,Hyderabad,Telangana,Regular
3784,Advaith Cherian,Mysuru,Karnataka,Premium
3785,Charan Shankar,Mumbai,Maharashtra,Regular
3786,Chavvi Brahmbhatt,Bengaluru,Karnataka,Regular
3787,Rohan Manda,Pune,Maharashtra,Regular
3788,Aishani Ganguly,Delhi,Delhi,Wholesale
3789,Pranav Lad,Pune,Maharashtra,Regular
3790,Ucchal Palan,Salem,Tamil Nadu,Regular
3791,Krishna Bath,Jaipur,Rajasthan,Premium
3792,Darpan Chanda,Bengaluru,Karnataka,Wholesale
3793,Manbir Bose,Madurai,Tamil Nadu,Premium
3794,Gagan Menon,Mysuru,Karnataka,Regular
3795,Xavier Tata,Mysuru,Karnataka,Regular
3796,Neelima Amble,Hyderabad,Telangana,Regular
3797,Upadhriti Prasad,Mysuru,Karnataka,Regular
3798,Devika Mital,Salem,Tamil Nadu,Wholesale
3799,Mitali Rama,Kochi,Kerala,Regular
3800,Nidhi Chandra,Salem,Tamil Nadu,Regular
3801,Qushi Chacko,Bengaluru,Karnataka,Regular
3802,Yagnesh Khalsa,Jaipur,Rajasthan,Wholesale
3803,Bhanumati Kibe,Kolkata,West Bengal,Wholesale
3804,Sudiksha Gill,Hyderabad,Telangana,Premium
3805,Osha Din,Mumbai,Maharashtra,Premium
3806,Rushil Atwal,Mysuru,Karnataka,Regular
3807,Darsh Ratti,Chennai,Tamil Nadu,Wholesale
3808,Hitesh Raj,Jaipur,Rajasthan,Wholesale
3809,Pallavi Kakar,Hyderabad,Telangana,Regular
3810,Liam Mahajan,Kochi,Kerala,Regular
3811,Advika Kannan,Trichy,Tamil Nadu,Wholesale
3812,Arjun Walia,Delhi,Delhi,Premium
3813,Shivani Sood,Chennai,Tamil Nadu,Premium
3814,Reyansh Ray,Jaipur,Rajasthan,Regular
3815,Orinder Gill,Mumbai,Maharashtra,Wholesale
3816,Jeet Solanki,Kochi,Kerala,Wholesale
3817,Neelima Dave,Delhi,Delhi,Premium
3818,Max Tandon,Salem,Tamil Nadu,Wholesale
3819,Ikshita Cheema,Pune,Maharashtra,Wholesale
3820,Jagrati Kala,Ahmedabad,Gujarat,Premium
3821,Jason Misra,Coimbatore,Tamil Nadu,Regular
3822,Sathvik Saraf,Ahmedabad,Gujarat,Regular
3823,Harita Dora,Delhi,Delhi,Wholesale
3824,Isaiah Kohli,Madurai,Tamil Nadu,Premium
3825,Om Joshi,Salem,Tamil Nadu,Premium
3826,Azaan Krish,Salem,Tamil Nadu,Wholesale
3827,Unni Khosla,Coimbatore,Tamil Nadu,Wholesale
3828,Neha Saran,Coimbatore,Tamil Nadu,Premium
3829,Shivansh Atwal,Ahmedabad,Gujarat,Premium
3830,Gagan Bhatt,Delhi,Delhi,Wholesale
3831,Ekiya Prakash,Mumbai,Maharashtra,Wholesale
3832,Amara Chakraborty,Bengaluru,Karnataka,Premium
3833,Avi Peri,Ahmedabad,Gujarat,Premium
3834,Forum Chad,Mumbai,Maharashtra,Wholesale
3835,Charan Subramaniam,Kochi,Kerala,Regular
3836,Tanay Borah,Mysuru,Karnataka,Premium
3837,Yochana Dhillon,Madurai,Tamil Nadu,Regular
3838,Edhitha Chaudhry,Madurai,Tamil Nadu,Regular
3839,Gabriel Narain,Mysuru,Karnataka,Premium
3840,Madhavi Kuruvilla,Kochi,Kerala,Premium
3841,Isaac Sampath,Ahmedabad,Gujarat,Premium
3842,George Nazareth,Salem,Tamil Nadu,Regular
3843,Daksh Madan,Kolkata,West Bengal,Premium
3844,Oviya Pal,Kolkata,West Bengal,Premium
3845,Aditya Natt,Kolkata,West Bengal,Regular
3846,Damini Kala,Ahmedabad,Gujarat,Wholesale
3847,Upasna Kurian,Mumbai,Maharashtra,Premium
3848,Abhimanyu Pall,Bengaluru,Karnataka,Premium
3849,Kashish Bala,Kolkata,West Bengal,Regular
3850,Rajata Bumb,Chennai,Tamil Nadu,Regular
3851,Umang Pathak,Chennai,Tamil Nadu,Wholesale
3852,Ronith Mody,Salem,Tamil Nadu,Regular
3853,Anita Chaudhry,Mumbai,Maharashtra,Regular
3854,Advika Mutti,Delhi,Delhi,Wholesale
3855,Udyati Shenoy,Pune,Maharashtra,Regular
3856,Panini Sane,Delhi,Delhi,Premium
3857,Matthew Kuruvilla,Salem,Tamil Nadu,Regular
3858,Shivani Venkatesh,Bengaluru,Karnataka,Regular
3859,Shivansh Kulkarni,Mumbai,Maharashtra,Wholesale
3860,Hema Sur,Chennai,Tamil Nadu,Wholesale
3861,Ridhi Babu,Delhi,Delhi,Premium
3862,Gavin Saha,Jaipur,Rajasthan,Premium
3863,Ijaya Kohli,Jaipur,Rajasthan,Premium
3864,Tristan Mahal,Delhi,Delhi,Regular
3865,Benjamin Johal,Jaipur,Rajasthan,Regular
3866,Devansh Mukherjee,Mysuru,Karnataka,Regular
3867,Tanvi Reddy,Jaipur,Rajasthan,Premium
3868,Jeevika Chakraborty,Salem,Tamil Nadu,Regular
3869,Logan Savant,Pune,Maharashtra,Premium
3870,Rachita Zacharia,Mysuru,Karnataka,Regular
3871,Chavvi Murthy,Ahmedabad,Gujarat,Regular
3872,Advay Gopal,Kolkata,West Bengal,Regular
3873,Mason Pant,Chennai,Tamil Nadu,Wholesale
3874,Pooja Barad,Bengaluru,Karnataka,Premium
3875,Yatan Kulkarni,Ahmedabad,Gujarat,Wholesale
3876,Raghav Barad,Mysuru,Karnataka,Premium
3877,Nitara Walla,Kochi,Kerala,Wholesale
3878,Vanya Nigam,Mysuru,Karnataka,Premium
3879,Geetika Lala,Pune,Maharashtra,Wholesale
3880,Ikbal Borra,Mumbai,Maharashtra,Regular
3881,Harinakshi Nadkarni,Hyderabad,Telangana,Wholesale
3882,Finn Lala,Kolkata,West Bengal,Regular
3883,Qushi Lalla,Coimbatore,Tamil Nadu,Premium
3884,Damyanti Boase,Salem,Tamil Nadu,Premium
3885,Manya Mody,Coimbatore,Tamil Nadu,Wholesale
3886,Dipta Baral,Madurai,Tamil Nadu,Wholesale
3887,Udant Ramaswamy,Hyderabad,Telangana,Premium
3888,Gaurang Raja,Trichy,Tamil Nadu,Regular
3889,Wazir Mangal,Kolkata,West Bengal,Regular
3890,Lipika Mangal,Madurai,Tamil Nadu,Regular
3891,Gayathri Majumdar,Pune,Maharashtra,Wholesale
3892,Charvi Mittal,Pune,Maharashtra,Wholesale
3893,Prisha Khare,Salem,Tamil Nadu,Wholesale
3894,Shivani Sood,Salem,Tamil Nadu,Regular
3895,Xavier Goel,Mysuru,Karnataka,Wholesale
3896,Avi Tripathi,Trichy,Tamil Nadu,Premium
3897,Harini Gera,Jaipur,Rajasthan,Premium
3898,Ekansh Bail,Chennai,Tamil Nadu,Regular
3899,Victor Tella,Ahmedabad,Gujarat,Regular
3900,Omkaar Sahota,Hyderabad,Telangana,Wholesale
3901,Lopa Chokshi,Mumbai,Maharashtra,Wholesale
3902,Frederick Vig,Delhi,Delhi,Regular
3903,Zaid Naik,Delhi,Delhi,Premium
3904,Triveni Kalla,Coimbatore,Tamil Nadu,Regular
3905,Vansha Din,Bengaluru,Karnataka,Premium
3906,Nakul Som,Salem,Tamil Nadu,Premium
3907,Sachi Aurora,Mysuru,Karnataka,Regular
3908,Darpan Lal,Bengaluru,Karnataka,Wholesale
3909,Tristan Kuruvilla,Hyderabad,Telangana,Wholesale
3910,Leena Khare,Bengaluru,Karnataka,Regular
3911,Baljiwan Mannan,Mysuru,Karnataka,Premium
3912,Saksham Sengupta,Ahmedabad,Gujarat,Premium
3913,Ikbal Krish,Mysuru,Karnataka,Regular
3914,Aarna Ahluwalia,Bengaluru,Karnataka,Premium
3915,Dalbir Manda,Chennai,Tamil Nadu,Regular
3916,Vansha Rege,Jaipur,Rajasthan,Regular
3917,Warda Dash,Jaipur,Rajasthan,Regular
3918,Manthan Sane,Bengaluru,Karnataka,Regular
3919,Girish Tailor,Ahmedabad,Gujarat,Premium
3920,Nathaniel Tak,Madurai,Tamil Nadu,Premium
3921,Ekani Raval,Bengaluru,Karnataka,Premium
3922,Gabriel Narang,Mumbai,Maharashtra,Premium
3923,Owen Ravel,Trichy,Tamil Nadu,Wholesale
3924,Rachit Grover,Salem,Tamil Nadu,Regular
3925,Gaurang Mitter,Mysuru,Karnataka,Regular
3926,Tanvi Kuruvilla,Pune,Maharashtra,Wholesale
3927,Radhika Bajwa,Kolkata,West Bengal,Wholesale
3928,Yamini Misra,Hyderabad,Telangana,Wholesale
3929,Samarth Hayer,Ahmedabad,Gujarat,Wholesale
3930,Yashodhara Ganesh,Delhi,Delhi,Wholesale
3931,Gautam Wadhwa,Salem,Tamil Nadu,Regular
3932,Abhiram Shankar,Mumbai,Maharashtra,Premium
3933,Anay Bakshi,Trichy,Tamil Nadu,Regular
3934,Samarth Choudhury,Bengaluru,Karnataka,Premium
3935,Ishani Wagle,Kochi,Kerala,Premium
3936,Jackson Sura,Mysuru,Karnataka,Regular
3937,Aayush Sem,Salem,Tamil Nadu,Premium
3938,Benjamin Gokhale,Salem,Tamil Nadu,Premium
3939,Elijah Maharaj,Trichy,Tamil Nadu,Premium
3940,Harish Chaudhary,Kolkata,West Bengal,Regular
3941,Ria Chaudhary,Chennai,Tamil Nadu,Regular
3942,Aayush Peri,Salem,Tamil Nadu,Wholesale
3943,Hamsini Bhakta,Ahmedabad,Gujarat,Regular
3944,Lopa Wadhwa,Kolkata,West Bengal,Regular
3945,Alexander Bhakta,Trichy,Tamil Nadu,Wholesale
3946,Rachita Sidhu,Chennai,Tamil Nadu,Regular
3947,Mason Swaminathan,Trichy,Tamil Nadu,Wholesale
3948,Indali Natt,Pune,Maharashtra,Regular
3949,Aditya Salvi,Mysuru,Karnataka,Wholesale
3950,Vedhika Kale,Pune,Maharashtra,Premium
3951,Aachal Mahajan,Jaipur,Rajasthan,Premium
3952,Mitesh Barman,Coimbatore,Tamil Nadu,Wholesale
3953,Turvi Kari,Delhi,Delhi,Premium
3954,Victor Mahajan,Bengaluru,Karnataka,Premium
3955,Damyanti Mann,Bengaluru,Karnataka,Wholesale
3956,Harish Seth,Trichy,Tamil Nadu,Premium
3957,Upma Patil,Pune,Maharashtra,Premium
3958,Wazir Ben,Coimbatore,Tamil Nadu,Wholesale
3959,Netra Bajwa,Salem,Tamil Nadu,Wholesale
3960,Bhanumati Devi,Jaipur,Rajasthan,Premium
3961,Prisha Jha,Kolkata,West Bengal,Premium
3962,Shivani Sane,Jaipur,Rajasthan,Premium
3963,Kabir Lalla,Pune,Maharashtra,Premium
3964,Jackson Lanka,Hyderabad,Telangana,Premium
3965,Nikita Dube,Bengaluru,Karnataka,Wholesale
3966,Tamanna Joshi,Pune,Maharashtra,Wholesale
3967,Rishi Kanda,Delhi,Delhi,Regular
3968,Patrick Ratti,Mumbai,Maharashtra,Regular
3969,Meera Arora,Kochi,Kerala,Premium
3970,Dhruv Natt,Salem,Tamil Nadu,Regular
3971,Upma Rajagopalan,Mumbai,Maharashtra,Regular
3972,Gautam Vasa,Jaipur,Rajasthan,Premium
3973,Samesh Merchant,Kolkata,West Bengal,Premium
3974,Balendra Gour,Kochi,Kerala,Premium
3975,Suhani Chatterjee,Kochi,Kerala,Premium
3976,Lipika Vyas,Kochi,Kerala,Wholesale
3977,Vihaan Mistry,Madurai,Tamil Nadu,Premium
3978,Triveni Ranganathan,Pune,Maharashtra,Wholesale
3979,Nathaniel Amble,Pune,Maharashtra,Wholesale
3980,Harinakshi Vaidya,Delhi,Delhi,Premium
3981,Vasana Rastogi,Jaipur,Rajasthan,Regular
3982,Bhavani Walia,Mysuru,Karnataka,Wholesale
3983,Fiyaz Patel,Madurai,Tamil Nadu,Regular
3984,Maya Chaudhary,Pune,Maharashtra,Wholesale
3985,Ekta Raval,Mumbai,Maharashtra,Regular
3986,Jagat Khalsa,Kochi,Kerala,Premium
3987,Kashish Sastry,Hyderabad,Telangana,Premium
3988,Advay Sangha,Bengaluru,Karnataka,Premium
3989,Yoshita Mahal,Trichy,Tamil Nadu,Wholesale
3990,Thomas Warrior,Mumbai,Maharashtra,Wholesale
3991,Wahab Trivedi,Delhi,Delhi,Premium
3992,Ishwar Majumdar,Madurai,Tamil Nadu,Wholesale
3993,Krisha Walia,Kolkata,West Bengal,Premium
3994,Hardik Goyal,Bengaluru,Karnataka,Regular
3995,Harshil Chowdhury,Madurai,Tamil Nadu,Premium
3996,Harsh Vasa,Mumbai,Maharashtra,Regular
3997,Ryan Babu,Jaipur,Rajasthan,Premium
3998,Falak Gaba,Kolkata,West Bengal,Wholesale
3999,Unni Iyer,Trichy,Tamil Nadu,Wholesale
4000,Atharv Bose,Hyderabad,Telangana,Wholesale
4001,Ishwar Banerjee,Delhi,Delhi,Wholesale
4002,Hitesh Mand,Chennai,Tamil Nadu,Wholesale
4003,Ekansh Iyer,Kochi,Kerala,Premium
4004,Kashvi Nagy,Jaipur,Rajasthan,Premium
4005,Omisha Patil,Salem,Tamil Nadu,Premium
4006,Victor Yohannan,Chennai,Tamil Nadu,Wholesale
4007,Ansh Patil,Madurai,Tamil Nadu,Wholesale
4008,Ishita Narasimhan,Mysuru,Karnataka,Premium
4009,Hiral Bedi,Kolkata,West Bengal,Premium
4010,Suhani Chaudhry,Delhi,Delhi,Premium
4011,Manbir Gokhale,Hyderabad,Telangana,Premium
4012,Fariq Swamy,Ahmedabad,Gujarat,Wholesale
4013,Libni Srivastava,Coimbatore,Tamil Nadu,Wholesale
4014,Advay Ahuja,Salem,Tamil Nadu,Premium
4015,Panini Bhat,Mysuru,Karnataka,Premium
4016,Charles Wason,Chennai,Tamil Nadu,Regular
4017,Abhiram Prabhakar,Mysuru,Karnataka,Regular
4018,Imaran Dugar,Kochi,Kerala,Premium
4019,Aashi Chaudhuri,Delhi,Delhi,Wholesale
4020,Pallavi Saraf,Kochi,Kerala,Wholesale
4021,Keya Bala,Chennai,Tamil Nadu,Regular
4022,Aahana Narula,Trichy,Tamil Nadu,Regular
4023,Mason Bhatti,Salem,Tamil Nadu,Regular
4024,Lipika Amble,Jaipur,Rajasthan,Premium
4025,Hredhaan Kalla,Trichy,Tamil Nadu,Regular
4026,Raghav Chander,Chennai,Tamil Nadu,Regular
4027,Yochana Prasad,Coimbatore,Tamil Nadu,Regular
4028,Jalsa Kota,Jaipur,Rajasthan,Regular
4029,Pratyush Jain,Delhi,Delhi,Regular
4030,Lavanya Arya,Mysuru,Karnataka,Regular
4031,Urmi Wason,Jaipur,Rajasthan,Regular
4032,Rajata Handa,Delhi,Delhi,Premium
4033,Umang Sarraf,Ahmedabad,Gujarat,Wholesale
4034,Urishilla Parikh,Coimbatore,Tamil Nadu,Wholesale
4035,Vanya Sura,Chennai,Tamil Nadu,Regular
4036,Krisha Gokhale,Hyderabad,Telangana,Regular
4037,Vihaan Shanker,Bengaluru,Karnataka,Premium
4038,Nidhi Kalla,Jaipur,Rajasthan,Wholesale
4039,Omya Doctor,Delhi,Delhi,Premium
4040,Barkha Dalal,Madurai,Tamil Nadu,Wholesale
4041,Abhimanyu Krishnan,Trichy,Tamil Nadu,Premium
4042,Orinder Chawla,Mysuru,Karnataka,Wholesale
4043,Arya Varughese,Kochi,Kerala,Regular
4044,Ranbir Ramanathan,Trichy,Tamil Nadu,Regular
4045,Adya Bhatti,Salem,Tamil Nadu,Regular
4046,Tanvi Gaba,Madurai,Tamil Nadu,Regular
4047,Hemang Ratta,Ahmedabad,Gujarat,Regular
4048,Kalpit Batra,Ahmedabad,Gujarat,Wholesale
4049,Idika Biswas,Madurai,Tamil Nadu,Premium
4050,Orinder Narula,Kolkata,West Bengal,Premium
4051,Harrison Kar,Hyderabad,Telangana,Wholesale
4052,Eshana Yohannan,Kochi,Kerala,Regular
4053,Yuvraj Dhingra,Pune,Maharashtra,Wholesale
4054,Yutika Minhas,Kolkata,West Bengal,Wholesale
4055,Nimrat Chaudry,Mysuru,Karnataka,Regular
4056,Jatin Basu,Chennai,Tamil Nadu,Wholesale
4057,Nilima Nagar,Jaipur,Rajasthan,Premium
4058,Januja Batta,Chennai,Tamil Nadu,Regular
4059,Shravya Bhalla,Coimbatore,Tamil Nadu,Premium
4060,Samarth Sankaran,Madurai,Tamil Nadu,Regular
4061,Leena Mistry,Jaipur,Rajasthan,Wholesale
4062,Gautam Mane,Mumbai,Maharashtra,Regular
4063,Barkha Nori,Coimbatore,Tamil Nadu,Premium
4064,Jasmit Warrior,Madurai,Tamil Nadu,Regular
4065,Aashi Saxena,Mumbai,Maharashtra,Premium
4066,Chameli Hegde,Pune,Maharashtra,Wholesale
4067,Chakrika Keer,Bengaluru,Karnataka,Regular
4068,Onkar Kashyap,Trichy,Tamil Nadu,Wholesale
4069,Laban Morar,Mumbai,Maharashtra,Wholesale
4070,Warjas Dhaliwal,Coimbatore,Tamil Nadu,Premium
4071,Benjamin Ganguly,Coimbatore,Tamil Nadu,Wholesale
4072,Nidra Rajagopal,Chennai,Tamil Nadu,Wholesale
4073,Nachiket Tak,Ahmedabad,Gujarat,Regular
4074,Eshana Vora,Kolkata,West Bengal,Regular
4075,Brinda Bora,Mysuru,Karnataka,Wholesale
4076,Inaya Doshi,Kochi,Kerala,Wholesale
4077,Max Bhatnagar,Chennai,Tamil Nadu,Regular
4078,Tripti Chauhan,Jaipur,Rajasthan,Wholesale
4079,Onveer Mander,Mumbai,Maharashtra,Wholesale
4080,Saanvi Toor,Chennai,Tamil Nadu,Wholesale
4081,Imaran Rajan,Kolkata,West Bengal,Regular
4082,Chanakya Pall,Chennai,Tamil Nadu,Wholesale
4083,Bishakha Merchant,Pune,Maharashtra,Regular
4084,Sara Parikh,Madurai,Tamil Nadu,Wholesale
4085,Oeshi Vyas,Hyderabad,Telangana,Wholesale
4086,Yamini Kulkarni,Mumbai,Maharashtra,Wholesale
4087,Christopher Buch,Jaipur,Rajasthan,Premium
4088,Simon Ahluwalia,Trichy,Tamil Nadu,Premium
4089,Unnati Patla,Bengaluru,Karnataka,Wholesale
4090,Dayita Gandhi,Ahmedabad,Gujarat,Premium
4091,Yoshita Dayal,Kochi,Kerala,Premium
4092,Ekavir Manne,Coimbatore,Tamil Nadu,Regular
4093,Jagat Gala,Chennai,Tamil Nadu,Premium
4094,Panini Subramanian,Madurai,Tamil Nadu,Wholesale
4095,Varenya Sama,Jaipur,Rajasthan,Wholesale
4096,Ishita Mall,Mumbai,Maharashtra,Premium
4097,Vyanjana Narayan,Trichy,Tamil Nadu,Wholesale
4098,Fariq Narayan,Kolkata,West Bengal,Regular
4099,Ira Talwar,Bengaluru,Karnataka,Wholesale
4100,Kritika Kala,Madurai,Tamil Nadu,Premium
4101,Raagini Kala,Jaipur,Rajasthan,Wholesale
4102,Ikbal Samra,Pune,Maharashtra,Premium
4103,Aarini Joshi,Coimbatore,Tamil Nadu,Wholesale
4104,Prisha Madan,Pune,Maharashtra,Premium
4105,Ekta Pant,Jaipur,Rajasthan,Regular
4106,Amara Prakash,Jaipur,Rajasthan,Regular
4107,Samuel Narasimhan,Kochi,Kerala,Regular
4108,Ishita Madan,Madurai,Tamil Nadu,Wholesale
4109,Anmol Natarajan,Mumbai,Maharashtra,Regular
4110,Hamsini Sule,Madurai,Tamil Nadu,Regular
4111,Maanav Dayal,Pune,Maharashtra,Premium
4112,Abhimanyu Kar,Kochi,Kerala,Premium
4113,Gaurika Kurian,Chennai,Tamil Nadu,Premium
4114,Saanvi Zachariah,Trichy,Tamil Nadu,Premium
4115,Naksh Lalla,Mumbai,Maharashtra,Premium
4116,Sachi Baral,Madurai,Tamil Nadu,Wholesale
4117,Upasna Bir,Chennai,Tamil Nadu,Regular
4118,Aayush Rajan,Salem,Tamil Nadu,Regular
4119,Benjamin Ravi,Madurai,Tamil Nadu,Regular
4120,Falguni Jaggi,Bengaluru,Karnataka,Regular
4121,Nihal Chaudhuri,Jaipur,Rajasthan,Premium
4122,Mohammed Dutt,Kolkata,West Bengal,Wholesale
4123,Fiyaz Ramachandran,Coimbatore,Tamil Nadu,Regular
4124,Unnati Mutti,Ahmedabad,Gujarat,Premium
4125,Zaid Deol,Madurai,Tamil Nadu,Regular
4126,Yug Chaudhary,Chennai,Tamil Nadu,Premium
4127,Jasmit Hora,Kolkata,West Bengal,Regular
4128,Lajita Gole,Kolkata,West Bengal,Regular
4129,Bhavini Bir,Pune,Maharashtra,Premium
4130,Kavya Balakrishnan,Pune,Maharashtra,Wholesale
4131,Omkaar Shukla,Jaipur,Rajasthan,Regular
4132,Omya Toor,Coimbatore,Tamil Nadu,Wholesale
4133,Adweta Bera,Mysuru,Karnataka,Regular
4134,Lavanya Krishnan,Ahmedabad,Gujarat,Regular
4135,Logan Butala,Mumbai,Maharashtra,Wholesale
4136,Urishilla Kanda,Salem,Tamil Nadu,Regular
4137,Faqid Chanda,Ahmedabad,Gujarat,Wholesale
4138,Abhimanyu Lad,Hyderabad,Telangana,Regular
4139,Warinder Luthra,Delhi,Delhi,Wholesale
4140,Amruta Srinivasan,Hyderabad,Telangana,Premium
4141,Aarini Karnik,Mumbai,Maharashtra,Premium
4142,Ansh Ahluwalia,Salem,Tamil Nadu,Regular
4143,Abdul Bhagat,Hyderabad,Telangana,Regular
4144,Wahab Minhas,Salem,Tamil Nadu,Wholesale
4145,Om Baria,Ahmedabad,Gujarat,Premium
4146,Udant Rau,Bengaluru,Karnataka,Wholesale
4147,Ekani Nath,Delhi,Delhi,Wholesale
4148,Gauri Dara,Ahmedabad,Gujarat,Wholesale
4149,Arin Ramanathan,Ahmedabad,Gujarat,Wholesale
4150,Nathan Sinha,Madurai,Tamil Nadu,Wholesale
4151,Matthew Mani,Mumbai,Maharashtra,Premium
4152,Bhavya Sarin,Kochi,Kerala,Wholesale
4153,Isha Dixit,Madurai,Tamil Nadu,Wholesale
4154,Wyatt Nagi,Trichy,Tamil Nadu,Premium
4155,Charita Babu,Kolkata,West Bengal,Premium
4156,Abdul Chatterjee,Kolkata,West Bengal,Premium
4157,Victor Ganguly,Salem,Tamil Nadu,Wholesale
4158,Wazir Gulati,Jaipur,Rajasthan,Wholesale
4159,Gauri Bala,Hyderabad,Telangana,Premium
4160,Gagan Chatterjee,Pune,Maharashtra,Wholesale
4161,Bhavya Bora,Pune,Maharashtra,Regular
4162,Aradhana Muni,Kochi,Kerala,Regular
4163,Triya Subramaniam,Delhi,Delhi,Wholesale
4164,Pranav Dhillon,Salem,Tamil Nadu,Premium
4165,Netra Garde,Pune,Maharashtra,Premium
4166,Jason Mittal,Mumbai,Maharashtra,Regular
4167,Manan Bala,Mysuru,Karnataka,Wholesale
4168,Rudra Pingle,Madurai,Tamil Nadu,Premium
4169,Siya Menon,Chennai,Tamil Nadu,Premium
4170,Jai Mani,Madurai,Tamil Nadu,Regular
4171,Xalak Rout,Trichy,Tamil Nadu,Premium
4172,Raagini Sama,Mumbai,Maharashtra,Premium
4173,Yahvi Karnik,Kochi,Kerala,Premium
4174,Maanas Purohit,Trichy,Tamil Nadu,Wholesale
4175,Theodore Bail,Kochi,Kerala,Regular
4176,Om Palan,Hyderabad,Telangana,Wholesale
4177,Hemangini Yogi,Delhi,Delhi,Premium
4178,Siya Brar,Mysuru,Karnataka,Premium
4179,Hamsini Bobal,Trichy,Tamil Nadu,Premium
4180,Gayathri Sethi,Madurai,Tamil Nadu,Premium
4181,Wazir Aurora,Jaipur,Rajasthan,Premium
4182,Ayush Tak,Kolkata,West Bengal,Regular
4183,Dev Sodhi,Delhi,Delhi,Premium
4184,Inaya Char,Jaipur,Rajasthan,Wholesale
4185,Hemang Sami,Kolkata,West Bengal,Premium
4186,Patrick Gala,Mumbai,Maharashtra,Wholesale
4187,Finn Sheth,Madurai,Tamil Nadu,Premium
4188,Nihal Srinivasan,Trichy,Tamil Nadu,Wholesale
4189,Inaya Dhar,Bengaluru,Karnataka,Premium
4190,Pahal Goswami,Salem,Tamil Nadu,Wholesale
4191,Falan Shukla,Delhi,Delhi,Regular
4192,Darpan Parikh,Pune,Maharashtra,Premium
4193,Nimrat Dhingra,Mumbai,Maharashtra,Regular
4194,Dakshesh Shenoy,Hyderabad,Telangana,Wholesale
4195,Ekbal Date,Ahmedabad,Gujarat,Regular
4196,Aishani Narasimhan,Coimbatore,Tamil Nadu,Regular
4197,Unnati Rege,Kochi,Kerala,Premium
4198,Ekaja Batra,Mysuru,Karnataka,Premium
4199,Ekalinga Konda,Salem,Tamil Nadu,Regular
4200,Alka Khanna,Kolkata,West Bengal,Regular
4201,Pratyush Aggarwal,Jaipur,Rajasthan,Premium
4202,Maanav Sinha,Coimbatore,Tamil Nadu,Regular
4203,Vamakshi Gara,Mumbai,Maharashtra,Wholesale
4204,Jalsa Dora,Chennai,Tamil Nadu,Premium
4205,Yochana Toor,Mumbai,Maharashtra,Regular
4206,Jai Kant,Kolkata,West Bengal,Regular
4207,Gabriel Walia,Delhi,Delhi,Wholesale
4208,Eta Nagi,Trichy,Tamil Nadu,Wholesale
4209,Irya Dutta,Mysuru,Karnataka,Premium
4210,Benjamin Mand,Salem,Tamil Nadu,Wholesale
4211,Vihaan Pal,Coimbatore,Tamil Nadu,Wholesale
4212,Charita Patla,Bengaluru,Karnataka,Premium
4213,Elijah Reddy,Pune,Maharashtra,Regular
4214,Agastya Tata,Pune,Maharashtra,Premium
4215,Siya Raval,Trichy,Tamil Nadu,Regular
4216,Gaurangi Purohit,Pune,Maharashtra,Wholesale
4217,Tamanna Vasa,Kolkata,West Bengal,Premium
4218,Anusha Ganguly,Ahmedabad,Gujarat,Wholesale
4219,Ridhi Mannan,Coimbatore,Tamil Nadu,Wholesale
4220,Veer Barad,Delhi,Delhi,Wholesale
4221,Kabir Dara,Delhi,Delhi,Regular
4222,Ayaan Kohli,Delhi,Delhi,Premium
4223,Naksh Thakur,Hyderabad,Telangana,Wholesale
4224,Ganga Kibe,Mysuru,Karnataka,Regular
4225,Mason Buch,Trichy,Tamil Nadu,Premium
4226,Jhalak Amble,Madurai,Tamil Nadu,Regular
4227,Gauri Choudhry,Coimbatore,Tamil Nadu,Premium
4228,Jeet Nagar,Mumbai,Maharashtra,Wholesale
4229,Lavanya Deshpande,Delhi,Delhi,Premium
4230,Niharika Sahni,Kochi,Kerala,Premium
4231,Manan Sampath,Bengaluru,Karnataka,Wholesale
4232,Ridhi Lal,Trichy,Tamil Nadu,Regular
4233,Samarth Devi,Delhi,Delhi,Premium
4234,Kevin Mukhopadhyay,Hyderabad,Telangana,Regular
4235,Anamika D’Alia,Delhi,Delhi,Premium
4236,Rajeshri Chakraborty,Mumbai,Maharashtra,Premium
4237,Nandini Wadhwa,Kolkata,West Bengal,Regular
4238,Luke Keer,Chennai,Tamil Nadu,Wholesale
4239,Pallavi Mistry,Kolkata,West Bengal,Wholesale
4240,Avni Krishna,Kochi,Kerala,Premium
4241,Shivani Goswami,Hyderabad,Telangana,Premium
4242,Bhavani Chaudhary,Jaipur,Rajasthan,Wholesale
4243,Tara Buch,Mysuru,Karnataka,Regular
4244,Bhavini Verma,Hyderabad,Telangana,Premium
4245,Aarnav Sane,Hyderabad,Telangana,Wholesale
4246,Darsh Pingle,Hyderabad,Telangana,Premium
4247,Kevin Varkey,Coimbatore,Tamil Nadu,Premium
4248,Neelima Reddy,Chennai,Tamil Nadu,Premium
4249,Reyansh Hegde,Coimbatore,Tamil Nadu,Wholesale
4250,Shivansh Bansal,Trichy,Tamil Nadu,Regular
4251,Yamini Sawhney,Kolkata,West Bengal,Premium
4252,Ria Edwin,Salem,Tamil Nadu,Regular
4253,Onveer Kadakia,Jaipur,Rajasthan,Regular
4254,Eta Gour,Mysuru,Karnataka,Premium
4255,Imaran Raja,Kochi,Kerala,Wholesale
4256,Bachittar Gill,Jaipur,Rajasthan,Regular
4257,Adya Nair,Delhi,Delhi,Regular
4258,Amrita Saxena,Hyderabad,Telangana,Premium
4259,Jagdish Upadhyay,Madurai,Tamil Nadu,Regular
4260,Ikbal Dara,Salem,Tamil Nadu,Wholesale
4261,Chaitanya Mahajan,Madurai,Tamil Nadu,Premium
4262,Kiaan Mammen,Kolkata,West Bengal,Regular
4263,Alexander Apte,Hyderabad,Telangana,Premium
4264,Benjamin Kurian,Chennai,Tamil Nadu,Premium
4265,Joshua Pau,Mysuru,Karnataka,Regular
4266,Niharika Kara,Madurai,Tamil Nadu,Wholesale
4267,Ojasvi Baral,Salem,Tamil Nadu,Premium
4268,Lavanya Sankaran,Madurai,Tamil Nadu,Wholesale
4269,Udant Sinha,Hyderabad,Telangana,Regular
4270,Rachana Sekhon,Salem,Tamil Nadu,Premium
4271,Omaja Goda,Ahmedabad,Gujarat,Regular
4272,Tristan Sane,Mysuru,Karnataka,Regular
4273,Zashil Datta,Salem,Tamil Nadu,Regular
4274,Abhimanyu Naidu,Trichy,Tamil Nadu,Regular
4275,Patrick Saxena,Madurai,Tamil Nadu,Wholesale
4276,Nihal Hayer,Bengaluru,Karnataka,Premium
4277,Samarth Bali,Coimbatore,Tamil Nadu,Regular
4278,Hiral Sathe,Trichy,Tamil Nadu,Wholesale
4279,Balveer Saha,Ahmedabad,Gujarat,Premium
4280,Siddharth Shah,Chennai,Tamil Nadu,Premium
4281,Dhruv Behl,Hyderabad,Telangana,Premium
4282,Pratyush Kumer,Pune,Maharashtra,Regular
4283,Amol Viswanathan,Ahmedabad,Gujarat,Premium
4284,Tanveer Puri,Salem,Tamil Nadu,Regular
4285,Ojasvi Kara,Bengaluru,Karnataka,Regular
4286,Forum Mani,Ahmedabad,Gujarat,Regular
4287,Zaid Sridhar,Mumbai,Maharashtra,Wholesale
4288,Chasmum Dada,Mysuru,Karnataka,Wholesale
4289,Vrishti Keer,Mumbai,Maharashtra,Wholesale
4290,Kevin Bajwa,Trichy,Tamil Nadu,Regular
4291,Anvi Minhas,Madurai,Tamil Nadu,Wholesale
4292,Azad Hora,Hyderabad,Telangana,Regular
4293,Chandran Srinivasan,Hyderabad,Telangana,Regular
4294,Bhavika Ramakrishnan,Mumbai,Maharashtra,Regular
4295,Kashvi Batra,Mumbai,Maharashtra,Premium
4296,Girindra Mani,Mumbai,Maharashtra,Wholesale
4297,Rishi Magar,Chennai,Tamil Nadu,Premium
4298,Eta Ramesh,Kolkata,West Bengal,Premium
4299,Ronith Aggarwal,Jaipur,Rajasthan,Premium
4300,Mitesh Rastogi,Mysuru,Karnataka,Wholesale
4301,Liam Nath,Madurai,Tamil Nadu,Premium
4302,Tanveer Taneja,Madurai,Tamil Nadu,Wholesale
4303,Manbir Tripathi,Bengaluru,Karnataka,Premium
4304,William Chokshi,Mysuru,Karnataka,Regular
4305,Urmi Mane,Mysuru,Karnataka,Wholesale
4306,Sai Edwin,Hyderabad,Telangana,Regular
4307,Tanmayi Chandran,Kolkata,West Bengal,Wholesale
4308,Quincy Bahl,Bengaluru,Karnataka,Premium
4309,Dipta Wagle,Hyderabad,Telangana,Regular
4310,Meghana Kala,Hyderabad,Telangana,Regular
4311,Anusha Palla,Ahmedabad,Gujarat,Regular
4312,Yatan Wali,Salem,Tamil Nadu,Wholesale
4313,Urvashi Acharya,Mumbai,Maharashtra,Premium
4314,Guneet Jhaveri,Bengaluru,Karnataka,Premium
4315,Abeer Randhawa,Mysuru,Karnataka,Wholesale
4316,Radhika Chaudhuri,Coimbatore,Tamil Nadu,Premium
4317,Azaan Jani,Hyderabad,Telangana,Premium
4318,Ekiya Rao,Kolkata,West Bengal,Regular
4319,Radhika Hans,Bengaluru,Karnataka,Premium
4320,Vanya Sule,Delhi,Delhi,Regular
4321,Omya Deshmukh,Madurai,Tamil Nadu,Premium
4322,Chakrika Balay,Trichy,Tamil Nadu,Wholesale
4323,Nimrat Ramesh,Coimbatore,Tamil Nadu,Wholesale
4324,Faraj Ben,Kolkata,West Bengal,Wholesale
4325,Banjeet Krishnamurthy,Chennai,Tamil Nadu,Regular
4326,Wazir Apte,Bengaluru,Karnataka,Wholesale
4327,Maanav Vohra,Pune,Maharashtra,Premium
4328,Jagrati Lanka,Delhi,Delhi,Wholesale
4329,Abdul Nagy,Bengaluru,Karnataka,Wholesale
4330,Mason Kaul,Kochi,Kerala,Premium
4331,Vasudha Chacko,Jaipur,Rajasthan,Regular
4332,Dayita Dalal,Kolkata,West Bengal,Wholesale
4333,Widisha Saxena,Pune,Maharashtra,Wholesale
4334,Tanish Madan,Salem,Tamil Nadu,Premium
4335,Oscar Modi,Pune,Maharashtra,Wholesale
4336,Hardik Solanki,Kochi,Kerala,Premium
4337,Bachittar Kalita,Pune,Maharashtra,Wholesale
4338,Saanvi Sant,Ahmedabad,Gujarat,Wholesale
4339,Imaran Bhavsar,Kochi,Kerala,Premium
4340,Alka Mander,Delhi,Delhi,Regular
4341,Neha Dass,Mysuru,Karnataka,Regular
4342,Lohit Bobal,Pune,Maharashtra,Regular
4343,Wridesh Chana,Coimbatore,Tamil Nadu,Regular
4344,Anya Chad,Salem,Tamil Nadu,Premium
4345,Urmi Divan,Madurai,Tamil Nadu,Premium
4346,Sara Ramachandran,Pune,Maharashtra,Regular
4347,Unni Mahal,Coimbatore,Tamil Nadu,Wholesale
4348,Harrison Kata,Madurai,Tamil Nadu,Regular
4349,Viraj Rastogi,Bengaluru,Karnataka,Regular
4350,Bina Parsa,Kochi,Kerala,Wholesale
4351,Pahal Chander,Ahmedabad,Gujarat,Regular
4352,Ladli Naidu,Ahmedabad,Gujarat,Regular
4353,Shaurya Prashad,Jaipur,Rajasthan,Regular
4354,Aishani Varma,Ahmedabad,Gujarat,Regular
4355,Avni Gulati,Ahmedabad,Gujarat,Regular
4356,Kalpit Hans,Mysuru,Karnataka,Wholesale
4357,Samar Thaker,Trichy,Tamil Nadu,Regular
4358,Warhi Ratta,Ahmedabad,Gujarat,Premium
4359,Yasti Kala,Jaipur,Rajasthan,Wholesale
4360,Ekantika Chand,Bengaluru,Karnataka,Wholesale
4361,Tara Lad,Chennai,Tamil Nadu,Wholesale
4362,Ishani Shan,Kochi,Kerala,Wholesale
4363,Waida Choudhury,Ahmedabad,Gujarat,Regular
4364,Priya Kade,Mumbai,Maharashtra,Regular
4365,Nathaniel Madan,Ahmedabad,Gujarat,Wholesale
4366,Wishi Venkatesh,Hyderabad,Telangana,Regular
4367,Jonathan Mallick,Kolkata,West Bengal,Premium
4368,Mugdha Seshadri,Ahmedabad,Gujarat,Regular
4369,Rehaan Chaudhry,Mumbai,Maharashtra,Wholesale
4370,Siddharth Grover,Ahmedabad,Gujarat,Regular
4371,Adya Koshy,Ahmedabad,Gujarat,Premium
4372,Maya Menon,Jaipur,Rajasthan,Regular
4373,Baghyawati Tara,Mumbai,Maharashtra,Regular
4374,Ubika Mangat,Madurai,Tamil Nadu,Premium
4375,Devansh Sarkar,Hyderabad,Telangana,Regular
4376,Rudra Patel,Salem,Tamil Nadu,Regular
4377,Aayush Ghosh,Mumbai,Maharashtra,Wholesale
4378,Lavanya Seth,Trichy,Tamil Nadu,Regular
4379,Fitan Parikh,Kolkata,West Bengal,Premium
4380,Matthew Kibe,Jaipur,Rajasthan,Regular
4381,Liam Srinivas,Kochi,Kerala,Wholesale
4382,Frederick Kadakia,Hyderabad,Telangana,Premium
4383,Qabil Master,Salem,Tamil Nadu,Regular
4384,Harshil Dugar,Madurai,Tamil Nadu,Regular
4385,Maanas Dayal,Pune,Maharashtra,Wholesale
4386,Jagvi Soni,Mumbai,Maharashtra,Wholesale
4387,Sarthak Palan,Chennai,Tamil Nadu,Regular
4388,Sarthak Oak,Trichy,Tamil Nadu,Premium
4389,Omaja Khalsa,Mumbai,Maharashtra,Regular
4390,Gaurang Ghosh,Coimbatore,Tamil Nadu,Regular
4391,Tanveer Biswas,Mumbai,Maharashtra,Premium
4392,Amaira Soman,Salem,Tamil Nadu,Wholesale
4393,Rishi Tailor,Bengaluru,Karnataka,Premium
4394,Patrick Mangat,Coimbatore,Tamil Nadu,Wholesale
4395,Vedhika Bath,Coimbatore,Tamil Nadu,Premium
4396,Bhavani Shankar,Mysuru,Karnataka,Premium
4397,Damini Dhillon,Madurai,Tamil Nadu,Premium
4398,Abhiram Prasad,Jaipur,Rajasthan,Wholesale
4399,Udarsh Krish,Trichy,Tamil Nadu,Wholesale
4400,Logan Bal,Hyderabad,Telangana,Wholesale
4401,Upasna Mahal,Kochi,Kerala,Premium
4402,Thomas Nadig,Delhi,Delhi,Wholesale
4403,Chatresh Sethi,Trichy,Tamil Nadu,Wholesale
4404,Manthan Kanda,Chennai,Tamil Nadu,Regular
4405,Neel Jhaveri,Coimbatore,Tamil Nadu,Premium
4406,Pahal Shukla,Ahmedabad,Gujarat,Regular
4407,Rishi Saraf,Ahmedabad,Gujarat,Wholesale
4408,Sneha Khosla,Pune,Maharashtra,Premium
4409,Lila Grewal,Kochi,Kerala,Premium
4410,Chakradev Iyengar,Salem,Tamil Nadu,Premium
4411,Krisha Lal,Kochi,Kerala,Premium
4412,Mohini Pradhan,Kochi,Kerala,Regular
4413,Sathvik Vyas,Kolkata,West Bengal,Regular
4414,Radha Sane,Mysuru,Karnataka,Regular
4415,Darsh Ratta,Delhi,Delhi,Regular
4416,Liam Gill,Salem,Tamil Nadu,Wholesale
4417,Mahika Shetty,Kolkata,West Bengal,Premium
4418,Anusha Gera,Mysuru,Karnataka,Premium
4419,Zehaan Talwar,Mysuru,Karnataka,Premium
4420,Nirja Malhotra,Ahmedabad,Gujarat,Wholesale
4421,Isaac Sarma,Chennai,Tamil Nadu,Regular
4422,Nidhi Chakrabarti,Mumbai,Maharashtra,Premium
4423,Reyansh Bakshi,Coimbatore,Tamil Nadu,Regular
4424,Indrajit Goswami,Hyderabad,Telangana,Premium
4425,Atharv Shankar,Bengaluru,Karnataka,Premium
4426,Sara Bath,Jaipur,Rajasthan,Wholesale
4427,Niharika Jaggi,Ahmedabad,Gujarat,Premium
4428,Ojasvi Ramanathan,Mysuru,Karnataka,Wholesale
4429,Aarnav Chatterjee,Mumbai,Maharashtra,Regular
4430,Wakeeta Sethi,Mumbai,Maharashtra,Wholesale
4431,Ekta Dutt,Hyderabad,Telangana,Wholesale
4432,Warjas Mannan,Madurai,Tamil Nadu,Regular
4433,Teerth Swaminathan,Mysuru,Karnataka,Regular
4434,Kevin Chaudhuri,Bengaluru,Karnataka,Regular
4435,Qushi Sandhu,Mumbai,Maharashtra,Regular
4436,Ayush Dara,Trichy,Tamil Nadu,Premium
4437,Vivaan Karnik,Hyderabad,Telangana,Regular
4438,Ishanvi Viswanathan,Delhi,Delhi,Regular
4439,Sarthak Bhatia,Kolkata,West Bengal,Regular
4440,Darika Verma,Pune,Maharashtra,Regular
4441,Ekta Gupta,Trichy,Tamil Nadu,Wholesale
4442,Chanchal Dave,Chennai,Tamil Nadu,Premium
4443,Shaurya Mukhopadhyay,Delhi,Delhi,Premium
4444,Yatin Raghavan,Delhi,Delhi,Wholesale
4445,Advaith Master,Hyderabad,Telangana,Regular
4446,Neha Basak,Jaipur,Rajasthan,Wholesale
4447,Ayushman Sathe,Salem,Tamil Nadu,Regular
4448,Ekaraj Narula,Jaipur,Rajasthan,Premium
4449,Ekbal Dash,Madurai,Tamil Nadu,Premium
4450,Mugdha Varma,Trichy,Tamil Nadu,Wholesale
4451,Raksha Issac,Coimbatore,Tamil Nadu,Regular
4452,Lucky Wable,Jaipur,Rajasthan,Premium
4453,Ishani Gara,Jaipur,Rajasthan,Wholesale
4454,Lavanya Nazareth,Pune,Maharashtra,Wholesale
4455,Wridesh Gopal,Kochi,Kerala,Regular
4456,Banjeet Wadhwa,Pune,Maharashtra,Regular
4457,Deepa Mannan,Madurai,Tamil Nadu,Wholesale
4458,Madhavi Srivastava,Trichy,Tamil Nadu,Premium
4459,Ojasvi Natt,Hyderabad,Telangana,Premium
4460,Faras Lad,Bengaluru,Karnataka,Wholesale
4461,Qabil Sarkar,Delhi,Delhi,Wholesale
4462,Hitesh Banerjee,Salem,Tamil Nadu,Wholesale
4463,Barkha Acharya,Chennai,Tamil Nadu,Wholesale
4464,Vasatika Lall,Mysuru,Karnataka,Premium
4465,Darsh Bala,Delhi,Delhi,Premium
4466,Odika Palla,Coimbatore,Tamil Nadu,Regular
4467,Janaki Sama,Salem,Tamil Nadu,Wholesale
4468,Bina Virk,Jaipur,Rajasthan,Regular
4469,Jai Dayal,Mysuru,Karnataka,Premium
4470,Azad Pall,Chennai,Tamil Nadu,Premium
4471,Tejas Chacko,Jaipur,Rajasthan,Wholesale
4472,Yahvi Bala,Hyderabad,Telangana,Regular
4473,Samar Sankaran,Salem,Tamil Nadu,Wholesale
4474,Urmi Sabharwal,Mysuru,Karnataka,Premium
4475,Eiravati Bandi,Kochi,Kerala,Wholesale
4476,Raagini Patel,Mumbai,Maharashtra,Premium
4477,Aryan Merchant,Madurai,Tamil Nadu,Regular
4478,Priya Trivedi,Coimbatore,Tamil Nadu,Regular
4479,Shivansh Chandra,Delhi,Delhi,Premium
4480,Yashawini Chaudhuri,Bengaluru,Karnataka,Wholesale
4481,Naveen Sachdeva,Coimbatore,Tamil Nadu,Wholesale
4482,Abeer Edwin,Madurai,Tamil Nadu,Regular
4483,Chakradev Tara,Bengaluru,Karnataka,Premium
4484,Yamini Kunda,Mumbai,Maharashtra,Premium
4485,Janani Shenoy,Delhi,Delhi,Wholesale
4486,Tanmayi Kothari,Chennai,Tamil Nadu,Regular
4487,Amol Tailor,Mysuru,Karnataka,Wholesale
4488,Jacob Dara,Kolkata,West Bengal,Wholesale
4489,Ishani More,Hyderabad,Telangana,Premium
4490,Anmol Naidu,Mysuru,Karnataka,Regular
4491,Samuel Dubey,Ahmedabad,Gujarat,Wholesale
4492,Nikita Comar,Bengaluru,Karnataka,Wholesale
4493,Umang Bhargava,Mysuru,Karnataka,Wholesale
4494,Christopher Dube,Kochi,Kerala,Premium
4495,Geetika Amble,Kolkata,West Bengal,Regular
4496,Gaurangi Sundaram,Kolkata,West Bengal,Regular
4497,Warjas Mitra,Mysuru,Karnataka,Premium
4498,Shivansh Bhattacharyya,Trichy,Tamil Nadu,Wholesale
4499,Michael Buch,Jaipur,Rajasthan,Wholesale
4500,Fariq Bumb,Bengaluru,Karnataka,Wholesale
4501,Aarna Parsa,Mumbai,Maharashtra,Premium
4502,Brijesh Dey,Ahmedabad,Gujarat,Regular
4503,Odika Bal,Trichy,Tamil Nadu,Wholesale
4504,Wazir Boase,Chennai,Tamil Nadu,Regular
4505,Charita Magar,Hyderabad,Telangana,Premium
4506,Hemangini Ranganathan,Ahmedabad,Gujarat,Wholesale
4507,Ucchal Deshpande,Mumbai,Maharashtra,Wholesale
4508,Wahab Pall,Pune,Maharashtra,Premium
4509,Ekaraj Bains,Jaipur,Rajasthan,Regular
4510,Hemal Date,Ahmedabad,Gujarat,Regular
4511,Udyati Mutti,Hyderabad,Telangana,Wholesale
4512,Vrishti Deo,Coimbatore,Tamil Nadu,Premium
4513,Neelima Bhavsar,Chennai,Tamil Nadu,Regular
4514,Naveen Ram,Mysuru,Karnataka,Regular
4515,Samaksh Behl,Pune,Maharashtra,Wholesale
4516,Patrick Suresh,Pune,Maharashtra,Wholesale
4517,Kalpit Sen,Trichy,Tamil Nadu,Premium
4518,Harshil Borde,Madurai,Tamil Nadu,Premium
4519,Yoshita Borah,Madurai,Tamil Nadu,Wholesale
4520,Qadim Joshi,Kolkata,West Bengal,Regular
4521,Dayamai Sachar,Chennai,Tamil Nadu,Premium
4522,Irya Chaudhary,Mumbai,Maharashtra,Regular
4523,Mekhala Dugar,Kochi,Kerala,Wholesale
4524,Janya Menon,Salem,Tamil Nadu,Regular
4525,Balvan Tara,Pune,Maharashtra,Regular
4526,Yashodhara Bhatia,Kolkata,West Bengal,Premium
4527,Kashish Lala,Hyderabad,Telangana,Regular
4528,Bachittar Radhakrishnan,Madurai,Tamil Nadu,Regular
4529,Upadhriti Ganguly,Trichy,Tamil Nadu,Regular
4530,Kevin Tak,Mumbai,Maharashtra,Regular
4531,Michael Mukherjee,Mumbai,Maharashtra,Regular
4532,Robert Nadkarni,Mysuru,Karnataka,Regular
4533,Daniel Nagy,Ahmedabad,Gujarat,Wholesale
4534,Chasmum Venkatesh,Madurai,Tamil Nadu,Wholesale
4535,Omisha Goel,Bengaluru,Karnataka,Premium
4536,Sanaya Nagi,Hyderabad,Telangana,Premium
4537,Chandani Tailor,Bengaluru,Karnataka,Premium
4538,Omaja Bhatt,Bengaluru,Karnataka,Wholesale
4539,Dalbir Sama,Ahmedabad,Gujarat,Wholesale
4540,Tarak Kashyap,Chennai,Tamil Nadu,Premium
4541,Chandresh Shetty,Bengaluru,Karnataka,Regular
4542,Jhalak Chanda,Jaipur,Rajasthan,Regular
4543,Azaan Naik,Delhi,Delhi,Premium
4544,Parth Tandon,Ahmedabad,Gujarat,Premium
4545,Kevin Mitra,Pune,Maharashtra,Wholesale
4546,Zinal Nazareth,Coimbatore,Tamil Nadu,Wholesale
4547,Faqid Suri,Salem,Tamil Nadu,Regular
4548,Ladli Chandra,Madurai,Tamil Nadu,Premium
4549,Advik Narayanan,Delhi,Delhi,Premium
4550,Odika Dass,Mumbai,Maharashtra,Regular
4551,Shaurya Bandi,Mumbai,Maharashtra,Regular
4552,Yadavi Naik,Hyderabad,Telangana,Wholesale
4553,Arunima Mann,Pune,Maharashtra,Regular
4554,Baljiwan Bhagat,Madurai,Tamil Nadu,Wholesale
4555,Bhavna Mukhopadhyay,Delhi,Delhi,Premium
4556,Indira Kaul,Pune,Maharashtra,Regular
4557,Nitesh Venkatesh,Kochi,Kerala,Wholesale
4558,Omisha Date,Mumbai,Maharashtra,Wholesale
4559,Abha Seth,Bengaluru,Karnataka,Wholesale
4560,Daniel Sandhu,Chennai,Tamil Nadu,Wholesale
4561,Abhimanyu Dhar,Delhi,Delhi,Regular
4562,Warhi Puri,Salem,Tamil Nadu,Premium
4563,Ansh Kaul,Madurai,Tamil Nadu,Premium
4564,Vrishti Bhatia,Madurai,Tamil Nadu,Wholesale
4565,Pranit Gour,Ahmedabad,Gujarat,Regular
4566,Saumya Manne,Madurai,Tamil Nadu,Regular
4567,Urvi Varma,Mysuru,Karnataka,Premium
4568,Harita Bajaj,Coimbatore,Tamil Nadu,Regular
4569,Oviya Krishna,Madurai,Tamil Nadu,Wholesale
4570,Radha Hari,Mysuru,Karnataka,Regular
4571,Meghana Bandi,Mumbai,Maharashtra,Premium
4572,Mekhala Ben,Salem,Tamil Nadu,Regular
4573,Jeremiah Dugar,Mumbai,Maharashtra,Wholesale
4574,Luke Rastogi,Chennai,Tamil Nadu,Regular
4575,Ekiya Dhaliwal,Trichy,Tamil Nadu,Wholesale
4576,Vedhika Karpe,Salem,Tamil Nadu,Wholesale
4577,Lopa Divan,Chennai,Tamil Nadu,Premium
4578,Edhitha Dhar,Chennai,Tamil Nadu,Wholesale
4579,Warinder Sandhu,Coimbatore,Tamil Nadu,Premium
4580,Lila Bir,Trichy,Tamil Nadu,Premium
4581,Eiravati Nori,Madurai,Tamil Nadu,Premium
4582,Nidhi Mitra,Trichy,Tamil Nadu,Premium
4583,Januja Chatterjee,Kolkata,West Bengal,Regular
4584,Garima Chaudry,Trichy,Tamil Nadu,Premium
4585,Brinda Choudhary,Kochi,Kerala,Wholesale
4586,Matthew Badami,Hyderabad,Telangana,Regular
4587,Ojasvi Nagy,Pune,Maharashtra,Wholesale
4588,Jyoti Butala,Jaipur,Rajasthan,Wholesale
4589,Harita Ganguly,Chennai,Tamil Nadu,Wholesale
4590,Tanveer Pillay,Coimbatore,Tamil Nadu,Premium
4591,Krisha Yohannan,Mumbai,Maharashtra,Regular
4592,Shaurya Sinha,Madurai,Tamil Nadu,Regular
4593,Darsh Chana,Bengaluru,Karnataka,Regular
4594,Yashvi Buch,Mysuru,Karnataka,Wholesale
4595,Abdul Nori,Pune,Maharashtra,Premium
4596,Dalaja Lall,Trichy,Tamil Nadu,Wholesale
4597,Bhavya Sarraf,Salem,Tamil Nadu,Premium
4598,Atharv Mitter,Mysuru,Karnataka,Regular
4599,Vamakshi Dyal,Trichy,Tamil Nadu,Regular
4600,Panini Barad,Bengaluru,Karnataka,Premium
4601,Rajata Mammen,Jaipur,Rajasthan,Wholesale
4602,Vrishti Narang,Kochi,Kerala,Wholesale
4603,Sanya Apte,Delhi,Delhi,Premium
4604,Tamanna Sibal,Bengaluru,Karnataka,Premium
4605,Alexander Oak,Kolkata,West Bengal,Regular
4606,Lucky Sangha,Jaipur,Rajasthan,Regular
4607,Raagini Kohli,Madurai,Tamil Nadu,Premium
4608,Aayush Samra,Bengaluru,Karnataka,Premium
4609,Jatin Pillay,Kolkata,West Bengal,Premium
4610,Thomas Sodhi,Hyderabad,Telangana,Wholesale
4611,Chandresh Patil,Coimbatore,Tamil Nadu,Regular
4612,Upasna Tata,Mysuru,Karnataka,Wholesale
4613,Abhimanyu Jani,Ahmedabad,Gujarat,Regular
4614,Radha Venkatesh,Kolkata,West Bengal,Wholesale
4615,Tanmayi Shukla,Mysuru,Karnataka,Wholesale
4616,Warinder Iyer,Hyderabad,Telangana,Premium
4617,Champak Dass,Coimbatore,Tamil Nadu,Wholesale
4618,Udyati Sunder,Salem,Tamil Nadu,Regular
4619,Neha Bal,Madurai,Tamil Nadu,Regular
4620,Kalpit Nagar,Chennai,Tamil Nadu,Wholesale
4621,Vivaan Dube,Kolkata,West Bengal,Regular
4622,Aahana Cherian,Trichy,Tamil Nadu,Premium
4623,Lekha Master,Hyderabad,Telangana,Regular
4624,Ansh Tripathi,Bengaluru,Karnataka,Wholesale
4625,Lohit Natt,Mysuru,Karnataka,Regular
4626,Kashish Prabhakar,Delhi,Delhi,Wholesale
4627,Chandani Vasa,Mysuru,Karnataka,Premium
4628,Brijesh Ahluwalia,Mysuru,Karnataka,Wholesale
4629,Neha Pandey,Delhi,Delhi,Regular
4630,Dhruv Chaudhari,Kolkata,West Bengal,Regular
4631,Gaurav Mane,Ahmedabad,Gujarat,Premium
4632,Harsh Mutti,Chennai,Tamil Nadu,Regular
4633,Keya Handa,Delhi,Delhi,Regular
4634,Vrishti Bose,Ahmedabad,Gujarat,Premium
4635,Reva Natt,Salem,Tamil Nadu,Wholesale
4636,Kavya Bedi,Ahmedabad,Gujarat,Premium
4637,Nathaniel Chaudry,Hyderabad,Telangana,Premium
4638,Januja Chhabra,Trichy,Tamil Nadu,Wholesale
4639,Faras Saxena,Bengaluru,Karnataka,Wholesale
4640,Saanvi Om,Hyderabad,Telangana,Premium
4641,Gunbir Sekhon,Bengaluru,Karnataka,Wholesale
4642,Jai Mani,Kochi,Kerala,Premium
4643,Tanay Kade,Mysuru,Karnataka,Premium
4644,Rehaan Palan,Bengaluru,Karnataka,Premium
4645,Jasmit Sharma,Madurai,Tamil Nadu,Wholesale
4646,Lakshit Pradhan,Coimbatore,Tamil Nadu,Regular
4647,Brijesh Bumb,Delhi,Delhi,Premium
4648,Bhavya Grover,Jaipur,Rajasthan,Regular
4649,Nitara Goda,Jaipur,Rajasthan,Premium
4650,Aachal Krishnan,Delhi,Delhi,Premium
4651,Qushi Dubey,Mysuru,Karnataka,Wholesale
4652,Yashica Lanka,Kolkata,West Bengal,Regular
4653,Charan Naik,Coimbatore,Tamil Nadu,Regular
4654,Mason Yogi,Trichy,Tamil Nadu,Premium
4655,Victor Wali,Mumbai,Maharashtra,Premium
4656,Hema Sundaram,Chennai,Tamil Nadu,Regular
4657,Triya Minhas,Delhi,Delhi,Regular
4658,Nimrat Srinivas,Jaipur,Rajasthan,Regular
4659,Neha Garde,Pune,Maharashtra,Premium
4660,Priya Doshi,Trichy,Tamil Nadu,Premium
4661,Chandani Wali,Chennai,Tamil Nadu,Premium
4662,Rehaan Bahri,Delhi,Delhi,Wholesale
4663,Chakradhar Memon,Kochi,Kerala,Premium
4664,Zayan Trivedi,Ahmedabad,Gujarat,Wholesale
4665,Eiravati Suri,Delhi,Delhi,Regular
4666,Shivani Bobal,Madurai,Tamil Nadu,Wholesale
4667,Chakradhar Sankar,Trichy,Tamil Nadu,Premium
4668,Abhimanyu Mannan,Delhi,Delhi,Wholesale
4669,Lakshit Comar,Trichy,Tamil Nadu,Regular
4670,Indira Pandit,Chennai,Tamil Nadu,Wholesale
4671,Yashoda Khatri,Jaipur,Rajasthan,Regular
4672,Reyansh Shankar,Mysuru,Karnataka,Wholesale
4673,Nisha Gala,Kochi,Kerala,Regular
4674,Sanya Sankar,Hyderabad,Telangana,Regular
4675,Varenya Mohan,Coimbatore,Tamil Nadu,Wholesale
4676,Gopal Krish,Pune,Maharashtra,Premium
4677,Krish Borde,Salem,Tamil Nadu,Wholesale
4678,Nikita Sibal,Mysuru,Karnataka,Premium
4679,Isaac Goda,Chennai,Tamil Nadu,Wholesale
4680,Abhiram Rege,Kolkata,West Bengal,Regular
4681,Ekalinga Ramachandran,Madurai,Tamil Nadu,Premium
4682,Tripti Virk,Ahmedabad,Gujarat,Wholesale
4683,Udyati Bora,Delhi,Delhi,Wholesale
4684,Charan Mannan,Chennai,Tamil Nadu,Premium
4685,Bachittar Sahni,Trichy,Tamil Nadu,Premium
4686,Siya Jha,Pune,Maharashtra,Wholesale
4687,Chandani Parekh,Coimbatore,Tamil Nadu,Regular
4688,Ekaraj Mand,Kolkata,West Bengal,Premium
4689,Hiral Garde,Jaipur,Rajasthan,Wholesale
4690,Warinder Rajagopal,Ahmedabad,Gujarat,Premium
4691,Yuvraj Sharma,Salem,Tamil Nadu,Regular
4692,Abhimanyu Date,Mysuru,Karnataka,Premium
4693,Noah Mandal,Delhi,Delhi,Regular
4694,Robert Mody,Bengaluru,Karnataka,Regular
4695,Forum Kohli,Jaipur,Rajasthan,Regular
4696,Ikshita Chandra,Delhi,Delhi,Regular
4697,Vaishnavi Viswanathan,Chennai,Tamil Nadu,Regular
4698,Advika Chawla,Kochi,Kerala,Wholesale
4699,Ishaan Dey,Salem,Tamil Nadu,Premium
4700,Praneel Dube,Chennai,Tamil Nadu,Regular
4701,Wishi Rege,Madurai,Tamil Nadu,Wholesale
4702,Yatan Oommen,Mysuru,Karnataka,Premium
4703,Fariq Shroff,Bengaluru,Karnataka,Wholesale
4704,Lavanya Sem,Mumbai,Maharashtra,Regular
4705,Azad Cherian,Kolkata,West Bengal,Wholesale
4706,Hardik Guha,Mysuru,Karnataka,Premium
4707,Caleb Gour,Chennai,Tamil Nadu,Wholesale
4708,Ojas Parekh,Kolkata,West Bengal,Wholesale
4709,Gopal Konda,Jaipur,Rajasthan,Wholesale
4710,Mohammed Dada,Hyderabad,Telangana,Premium
4711,Ronith Sankar,Jaipur,Rajasthan,Regular
4712,Nathaniel Sankaran,Trichy,Tamil Nadu,Wholesale
4713,Qabil Deol,Coimbatore,Tamil Nadu,Premium
4714,Wazir Chahal,Kochi,Kerala,Regular
4715,Ekantika Dada,Salem,Tamil Nadu,Premium
4716,Devika Ranganathan,Mumbai,Maharashtra,Wholesale
4717,Jagat Soman,Pune,Maharashtra,Regular
4718,Advay Aurora,Bengaluru,Karnataka,Premium
4719,Yochana Ramaswamy,Trichy,Tamil Nadu,Regular
4720,Unnati Parmar,Mysuru,Karnataka,Premium
4721,Jagdish Borra,Pune,Maharashtra,Regular
4722,Zashil Sastry,Salem,Tamil Nadu,Regular
4723,Mugdha Dara,Kochi,Kerala,Wholesale
4724,Ansh Agate,Hyderabad,Telangana,Regular
4725,Harshil Bala,Salem,Tamil Nadu,Wholesale
4726,Adya Thakkar,Kolkata,West Bengal,Premium
4727,Manya Mody,Salem,Tamil Nadu,Premium
4728,Dominic Uppal,Delhi,Delhi,Premium
4729,Kiaan Nayar,Trichy,Tamil Nadu,Wholesale
4730,Dakshesh Banik,Salem,Tamil Nadu,Premium
4731,Chaitaly Parsa,Hyderabad,Telangana,Regular
4732,Charvi Saha,Kochi,Kerala,Wholesale
4733,Kamya Bhagat,Ahmedabad,Gujarat,Premium
4734,Omisha Dixit,Pune,Maharashtra,Premium
4735,Harish Sastry,Hyderabad,Telangana,Premium
4736,Andrew Patla,Salem,Tamil Nadu,Regular
4737,Abdul Nadkarni,Trichy,Tamil Nadu,Premium
4738,Bahadurjit Barad,Pune,Maharashtra,Wholesale
4739,Amrita Sridhar,Trichy,Tamil Nadu,Regular
4740,Janya Kari,Pune,Maharashtra,Regular
4741,Bhanumati Kalita,Salem,Tamil Nadu,Regular
4742,Bhavani Dubey,Ahmedabad,Gujarat,Wholesale
4743,Harini Iyer,Delhi,Delhi,Regular
4744,Leela Arya,Kochi,Kerala,Wholesale
4745,Hitesh Bava,Hyderabad,Telangana,Regular
4746,Unni Chaudhry,Jaipur,Rajasthan,Premium
4747,Sudiksha Borde,Trichy,Tamil Nadu,Regular
4748,Devansh Ramakrishnan,Hyderabad,Telangana,Regular
4749,Janya Chakrabarti,Pune,Maharashtra,Regular
4750,Ekalinga Dar,Chennai,Tamil Nadu,Wholesale
4751,Nidra Som,Jaipur,Rajasthan,Premium
4752,Sai Raja,Chennai,Tamil Nadu,Premium
4753,Zehaan Borah,Jaipur,Rajasthan,Premium
4754,Bhavna Sachdeva,Mumbai,Maharashtra,Wholesale
4755,Ekantika Thakkar,Mysuru,Karnataka,Regular
4756,Yashawini Sachdeva,Madurai,Tamil Nadu,Premium
4757,Hritik Ahuja,Pune,Maharashtra,Premium
4758,Girish Chandra,Mysuru,Karnataka,Wholesale
4759,Meghana Munshi,Jaipur,Rajasthan,Wholesale
4760,Bhavini Pillai,Pune,Maharashtra,Regular
4761,Kevin Pandey,Mumbai,Maharashtra,Wholesale
4762,Guneet Ahuja,Salem,Tamil Nadu,Premium
4763,Yagnesh Dhar,Jaipur,Rajasthan,Regular
4764,Max Maharaj,Kolkata,West Bengal,Wholesale
4765,Vedhika Ramesh,Chennai,Tamil Nadu,Regular
4766,Harini Nadig,Delhi,Delhi,Regular
4767,Vrishti Rastogi,Mumbai,Maharashtra,Wholesale
4768,Leela Pandya,Kochi,Kerala,Regular
4769,Hemangini Sarraf,Trichy,Tamil Nadu,Premium
4770,Fitan Bhalla,Delhi,Delhi,Regular
4771,Timothy Tiwari,Jaipur,Rajasthan,Wholesale
4772,Pratyush Devi,Madurai,Tamil Nadu,Premium
4773,Hiral Barman,Bengaluru,Karnataka,Regular
4774,Guneet Patla,Kolkata,West Bengal,Wholesale
4775,Anita Sule,Mysuru,Karnataka,Regular
4776,Harita Choudhury,Kochi,Kerala,Regular
4777,Mohammed Kala,Delhi,Delhi,Wholesale
4778,Chavvi Raj,Mumbai,Maharashtra,Regular
4779,Meera Desai,Mysuru,Karnataka,Regular
4780,Turvi Datta,Kochi,Kerala,Premium
4781,Nicholas Patla,Coimbatore,Tamil Nadu,Regular
4782,Mohini Randhawa,Coimbatore,Tamil Nadu,Wholesale
4783,Vedika Murty,Trichy,Tamil Nadu,Premium
4784,Sai Kapadia,Ahmedabad,Gujarat,Wholesale
4785,Ishwar Palan,Bengaluru,Karnataka,Premium
4786,Maanas Master,Delhi,Delhi,Regular
4787,Ati Balasubramanian,Kolkata,West Bengal,Premium
4788,Ishwar Toor,Bengaluru,Karnataka,Premium
4789,Vanya Chandran,Mumbai,Maharashtra,Wholesale
4790,Thomas Ravel,Kochi,Kerala,Regular
4791,Ekaja Pandey,Coimbatore,Tamil Nadu,Regular
4792,Damini Sangha,Kolkata,West Bengal,Regular
4793,Liam Borde,Delhi,Delhi,Regular
4794,Anamika Master,Chennai,Tamil Nadu,Premium
4795,Bhavya Parmer,Mumbai,Maharashtra,Wholesale
4796,Niharika Ram,Mumbai,Maharashtra,Regular
4797,Gautami Koshy,Coimbatore,Tamil Nadu,Regular
4798,Rachana Hora,Ahmedabad,Gujarat,Wholesale
4799,Shivani Baral,Madurai,Tamil Nadu,Premium
4800,Nicholas Ahuja,Mysuru,Karnataka,Premium
4801,Vanya Karpe,Bengaluru,Karnataka,Wholesale
4802,Ucchal Ghose,Mumbai,Maharashtra,Premium
4803,Daksha Oommen,Delhi,Delhi,Premium
4804,Xavier Parsa,Kochi,Kerala,Regular
4805,Pallavi Randhawa,Chennai,Tamil Nadu,Wholesale
4806,Bimala Buch,Hyderabad,Telangana,Premium
4807,Neel Morar,Bengaluru,Karnataka,Regular
4808,Nidhi Singh,Kochi,Kerala,Wholesale
4809,Sachi Raghavan,Delhi,Delhi,Regular
4810,Rehaan Mahal,Trichy,Tamil Nadu,Premium
4811,Udyati Ratti,Salem,Tamil Nadu,Wholesale
4812,Chakrika Ahuja,Bengaluru,Karnataka,Premium
4813,Qasim Bains,Kolkata,West Bengal,Wholesale
4814,Raagini Arya,Bengaluru,Karnataka,Regular
4815,Indali Rao,Coimbatore,Tamil Nadu,Regular
4816,Samaksh Swaminathan,Hyderabad,Telangana,Wholesale
4817,Pooja Kadakia,Bengaluru,Karnataka,Premium
4818,Dalaja Dua,Delhi,Delhi,Wholesale
4819,Rachit Rama,Trichy,Tamil Nadu,Regular
4820,Manthan Sood,Madurai,Tamil Nadu,Premium
4821,Gabriel Verma,Trichy,Tamil Nadu,Wholesale
4822,Gunbir Dada,Ahmedabad,Gujarat,Wholesale
4823,Harini Sridhar,Pune,Maharashtra,Premium
4824,Ekaraj Rajan,Mumbai,Maharashtra,Wholesale
4825,Inaya Gill,Chennai,Tamil Nadu,Premium
4826,Aradhana Merchant,Madurai,Tamil Nadu,Wholesale
4827,Jackson Narang,Hyderabad,Telangana,Premium
4828,Ekansh Bail,Jaipur,Rajasthan,Premium
4829,Darpan Walia,Madurai,Tamil Nadu,Premium
4830,Karan Chandra,Delhi,Delhi,Regular
4831,Prisha Randhawa,Ahmedabad,Gujarat,Premium
4832,Yashoda Nagar,Delhi,Delhi,Wholesale
4833,Turvi Bedi,Ahmedabad,Gujarat,Wholesale
4834,Dalaja Chowdhury,Trichy,Tamil Nadu,Regular
4835,Ria Chokshi,Pune,Maharashtra,Wholesale
4836,Mohini Karan,Kolkata,West Bengal,Regular
4837,Damini Merchant,Delhi,Delhi,Regular
4838,Dalaja Johal,Mumbai,Maharashtra,Regular
4839,Oviya Desai,Mysuru,Karnataka,Wholesale
4840,Shivansh Sathe,Ahmedabad,Gujarat,Regular
4841,Siddharth Singh,Coimbatore,Tamil Nadu,Wholesale
4842,Jeremiah Johal,Hyderabad,Telangana,Regular
4843,Ubika Divan,Mumbai,Maharashtra,Regular
4844,Charan Nanda,Ahmedabad,Gujarat,Wholesale
4845,Ishanvi Bora,Jaipur,Rajasthan,Premium
4846,Zaitra Prashad,Ahmedabad,Gujarat,Regular
4847,Mitesh Kulkarni,Bengaluru,Karnataka,Regular
4848,Arya Keer,Ahmedabad,Gujarat,Wholesale
4849,Nidra Setty,Bengaluru,Karnataka,Premium
4850,Tarak Bava,Jaipur,Rajasthan,Regular
4851,Yauvani Divan,Trichy,Tamil Nadu,Regular
4852,Kevin Dubey,Kochi,Kerala,Regular
4853,Zilmil Narain,Coimbatore,Tamil Nadu,Premium
4854,Hemangini Khosla,Kochi,Kerala,Premium
4855,Rushil Chandra,Chennai,Tamil Nadu,Premium
4856,Ikshita Saha,Jaipur,Rajasthan,Wholesale
4857,Karan Saxena,Mysuru,Karnataka,Regular
4858,Sachi Roy,Hyderabad,Telangana,Regular
4859,Pavani Pall,Jaipur,Rajasthan,Regular
4860,Tanish Lanka,Salem,Tamil Nadu,Premium
4861,Yoshita Iyer,Mysuru,Karnataka,Premium
4862,Dalbir Verma,Coimbatore,Tamil Nadu,Regular
4863,Adweta Dasgupta,Jaipur,Rajasthan,Premium
4864,Warjas Bose,Trichy,Tamil Nadu,Regular
4865,Lavanya Mangal,Salem,Tamil Nadu,Wholesale
4866,Pavani Jaggi,Kolkata,West Bengal,Premium
4867,Edhitha Barad,Mysuru,Karnataka,Regular
4868,Yuvraj Sodhi,Pune,Maharashtra,Premium
4869,Ojasvi Khare,Ahmedabad,Gujarat,Regular
4870,Triveni Desai,Bengaluru,Karnataka,Regular
4871,Nidhi Vig,Jaipur,Rajasthan,Premium
4872,Bhanumati Mital,Hyderabad,Telangana,Regular
4873,Edhitha Buch,Trichy,Tamil Nadu,Regular
4874,Chavvi Walia,Coimbatore,Tamil Nadu,Wholesale
4875,Urvi Ravi,Trichy,Tamil Nadu,Premium
4876,Vedika Deol,Jaipur,Rajasthan,Wholesale
4877,Vedika Sama,Mumbai,Maharashtra,Wholesale
4878,Sathvik Padmanabhan,Kochi,Kerala,Wholesale
4879,Urishilla Bail,Jaipur,Rajasthan,Premium
4880,Widisha Chaudhari,Hyderabad,Telangana,Wholesale
4881,Lohit Morar,Hyderabad,Telangana,Premium
4882,Madhav Rajan,Delhi,Delhi,Premium
4883,Peter Dubey,Coimbatore,Tamil Nadu,Regular
4884,Kevin Rout,Pune,Maharashtra,Premium
4885,Divya Bath,Kolkata,West Bengal,Regular
4886,Bakhshi Taneja,Mumbai,Maharashtra,Regular
4887,Thomas Aggarwal,Coimbatore,Tamil Nadu,Wholesale
4888,Irya Sekhon,Chennai,Tamil Nadu,Wholesale
4889,Varenya Bhattacharyya,Madurai,Tamil Nadu,Premium
4890,Anmol Kumar,Salem,Tamil Nadu,Regular
4891,Umang Kumar,Jaipur,Rajasthan,Regular
4892,Tripti Golla,Ahmedabad,Gujarat,Premium
4893,Aditya Kade,Delhi,Delhi,Regular
4894,Harshil Anne,Trichy,Tamil Nadu,Regular
4895,Hemal Mangat,Salem,Tamil Nadu,Wholesale
4896,Amol Sibal,Coimbatore,Tamil Nadu,Wholesale
4897,Lakshit Rattan,Jaipur,Rajasthan,Regular
4898,Dayita Mody,Ahmedabad,Gujarat,Wholesale
4899,Netra Majumdar,Kolkata,West Bengal,Regular
4900,Damini Gill,Mumbai,Maharashtra,Regular
4901,Riya Varty,Delhi,Delhi,Wholesale
4902,Ishanvi Sankaran,Pune,Maharashtra,Premium
4903,Liam Chadha,Ahmedabad,Gujarat,Premium
4904,Faraj Patil,Ahmedabad,Gujarat,Wholesale
4905,Aachal Padmanabhan,Jaipur,Rajasthan,Wholesale
4906,Kiaan Som,Madurai,Tamil Nadu,Regular
4907,Ladli Puri,Kochi,Kerala,Regular
4908,Yagnesh Krishnamurthy,Delhi,Delhi,Premium
4909,Varenya Dash,Madurai,Tamil Nadu,Wholesale
4910,Abdul Ravel,Delhi,Delhi,Wholesale
4911,Pooja Pingle,Kochi,Kerala,Regular
4912,Joshua Bhandari,Kolkata,West Bengal,Regular
4913,Falan Dugal,Coimbatore,Tamil Nadu,Premium
4914,Harish Palan,Pune,Maharashtra,Wholesale
4915,Harita Naik,Ahmedabad,Gujarat,Premium
4916,Aadi Zachariah,Hyderabad,Telangana,Wholesale
4917,Divya Mahal,Bengaluru,Karnataka,Wholesale
4918,Robert Puri,Trichy,Tamil Nadu,Premium
4919,Dev Sen,Madurai,Tamil Nadu,Wholesale
4920,Joshua Kara,Delhi,Delhi,Regular
4921,Caleb Mitter,Trichy,Tamil Nadu,Regular
4922,Laban Amble,Madurai,Tamil Nadu,Wholesale
4923,Chanakya Doshi,Pune,Maharashtra,Premium
4924,Lavanya Kaur,Pune,Maharashtra,Wholesale
4925,Pallavi Comar,Jaipur,Rajasthan,Regular
4926,Avni Mammen,Pune,Maharashtra,Regular
4927,Qarin Wason,Mumbai,Maharashtra,Wholesale
4928,David Tank,Kolkata,West Bengal,Regular
4929,Siddharth More,Mysuru,Karnataka,Regular
4930,Imaran Bose,Madurai,Tamil Nadu,Wholesale
4931,Gauri Sami,Trichy,Tamil Nadu,Regular
4932,Laksh Salvi,Chennai,Tamil Nadu,Wholesale
4933,Vaishnavi Bajwa,Coimbatore,Tamil Nadu,Premium
4934,Baljiwan Gopal,Salem,Tamil Nadu,Wholesale
4935,Aditya Barad,Coimbatore,Tamil Nadu,Wholesale
4936,Mitali Batta,Salem,Tamil Nadu,Wholesale
4937,Hardik Ganesh,Jaipur,Rajasthan,Regular
4938,Yadavi Sampath,Coimbatore,Tamil Nadu,Wholesale
4939,Ati Deo,Mysuru,Karnataka,Wholesale
4940,Dhriti Kamdar,Madurai,Tamil Nadu,Regular
4941,Warhi Kalita,Ahmedabad,Gujarat,Regular
4942,Vrishti Keer,Jaipur,Rajasthan,Premium
4943,Charles Raman,Kochi,Kerala,Regular
4944,Damyanti Dalal,Bengaluru,Karnataka,Premium
4945,Omya Raja,Kolkata,West Bengal,Premium
4946,Anvi Nagy,Trichy,Tamil Nadu,Premium
4947,Wahab Mannan,Coimbatore,Tamil Nadu,Regular
4948,Pahal Reddy,Pune,Maharashtra,Wholesale
4949,Gavin Rege,Chennai,Tamil Nadu,Regular
4950,Azaan Mander,Hyderabad,Telangana,Regular
4951,Vedika Cherian,Coimbatore,Tamil Nadu,Regular
4952,Yug Toor,Madurai,Tamil Nadu,Wholesale
4953,Neelima Sridhar,Pune,Maharashtra,Regular
4954,Balendra Kurian,Salem,Tamil Nadu,Wholesale
4955,Anusha Shetty,Mysuru,Karnataka,Regular
4956,Prisha Shukla,Ahmedabad,Gujarat,Regular
4957,Vansha Keer,Hyderabad,Telangana,Regular
4958,Yashica Toor,Pune,Maharashtra,Premium
4959,Sathvik Krishnamurthy,Mumbai,Maharashtra,Premium
4960,Shaurya Wagle,Madurai,Tamil Nadu,Wholesale
4961,Chandani Dube,Chennai,Tamil Nadu,Wholesale
4962,Nitara Mandal,Jaipur,Rajasthan,Regular
4963,Samar Saran,Madurai,Tamil Nadu,Wholesale
4964,Gagan Behl,Hyderabad,Telangana,Regular
4965,Bahadurjit Varma,Pune,Maharashtra,Regular
4966,Frado Natt,Trichy,Tamil Nadu,Regular
4967,Yashica Tak,Ahmedabad,Gujarat,Wholesale
4968,Pranit Sawhney,Coimbatore,Tamil Nadu,Premium
4969,Daksh Khanna,Delhi,Delhi,Premium
4970,Suhani Kulkarni,Kolkata,West Bengal,Wholesale
4971,Eesha Mody,Salem,Tamil Nadu,Regular
4972,Kalpit Bera,Pune,Maharashtra,Regular
4973,Ishwar Vig,Kochi,Kerala,Premium
4974,Nakul Ahuja,Bengaluru,Karnataka,Wholesale
4975,Ekaraj Nayak,Jaipur,Rajasthan,Premium
4976,Unnati Naik,Kochi,Kerala,Premium
4977,Patrick Chanda,Hyderabad,Telangana,Premium
4978,Fariq Parekh,Chennai,Tamil Nadu,Regular
4979,Omya Kothari,Mumbai,Maharashtra,Wholesale
4980,Harini Garde,Salem,Tamil Nadu,Premium
4981,Raksha Rout,Jaipur,Rajasthan,Premium
4982,Harish Sibal,Mumbai,Maharashtra,Regular
4983,Neelima Bajwa,Chennai,Tamil Nadu,Regular
4984,Nilima Kant,Bengaluru,Karnataka,Regular
4985,Reva Shukla,Delhi,Delhi,Regular
4986,Ryan Sane,Delhi,Delhi,Regular
4987,Yagnesh Kapur,Pune,Maharashtra,Regular
4988,Nathaniel Parekh,Mysuru,Karnataka,Premium
4989,Chanakya Savant,Ahmedabad,Gujarat,Wholesale
4990,Divya Pandya,Pune,Maharashtra,Wholesale
4991,Vritti Ahluwalia,Chennai,Tamil Nadu,Regular
4992,Hemangini Bhalla,Coimbatore,Tamil Nadu,Wholesale
4993,Dakshesh Zacharia,Kolkata,West Bengal,Regular
4994,Gagan Dora,Trichy,Tamil Nadu,Premium
4995,Keya Mangat,Madurai,Tamil Nadu,Premium
4996,Rachit Thakkar,Madurai,Tamil Nadu,Premium
4997,Owen Karpe,Madurai,Tamil Nadu,Regular
4998,Urishilla Malhotra,Kolkata,West Bengal,Wholesale
4999,Joshua Natarajan,Kochi,Kerala,Premium
5000,Yashodhara Choudhury,Bengaluru,Karnataka,Premium
