INVENTORY_ID,PRODUCT_ID,WAREHOUSE_ID,STOCK_QUANTITY,REORDER_LEVEL
1,41,3,729,194
2,375,23,25,92
3,238,22,530,108
4,15,9,263,158
5,466,8,367,90
6,286,18,654,97
7,217,18,175,152
8,497,2,900,196
9,151,24,970,107
10,133,25,369,41
11,133,9,741,131
12,437,19,540,71
13,159,12,898,125
14,59,15,77,101
15,275,3,727,125
16,145,21,234,193
17,307,6,978,88
18,390,20,750,20
19,425,17,633,196
20,424,4,886,151
21,123,7,645,81
22,187,23,477,164
23,133,3,901,79
24,402,3,319,119
25,224,19,686,48
26,31,1,724,159
27,481,15,398,96
28,496,4,508,108
29,177,7,167,54
30,142,5,167,106
31,389,11,569,129
32,322,19,775,148
33,347,11,16,51
34,417,16,397,198
35,181,25,926,119
36,177,19,990,110
37,410,6,895,140
38,253,20,709,49
39,144,16,53,99
40,273,24,537,85
41,93,15,389,110
42,243,9,592,130
43,171,7,59,134
44,325,2,226,158
45,89,23,456,57
46,266,3,303,95
47,53,20,440,92
48,313,13,655,154
49,418,15,641,72
50,367,19,173,180
51,8,15,536,108
52,211,13,817,23
53,288,18,419,47
54,78,2,798,91
55,445,14,788,48
56,82,24,906,173
57,367,1,576,188
58,470,8,384,31
59,434,14,295,198
60,365,16,154,37
61,265,17,569,148
62,14,8,390,120
63,340,20,517,77
64,139,21,97,155
65,461,2,796,186
66,370,25,233,25
67,273,13,952,43
68,273,16,564,150
69,65,25,385,141
70,310,23,397,144
71,306,18,26,73
72,450,15,680,120
73,485,15,806,72
74,221,13,656,79
75,65,12,862,116
76,80,21,304,92
77,254,1,289,180
78,329,9,534,166
79,211,6,628,121
80,401,18,343,177
81,255,10,516,174
82,332,22,811,34
83,3,17,143,177
84,7,11,931,171
85,165,1,16,130
86,94,1,771,70
87,262,13,147,141
88,492,21,657,129
89,432,17,488,109
90,181,10,336,90
91,398,3,575,122
92,253,11,13,153
93,268,7,721,28
94,273,6,728,197
95,251,20,868,31
96,86,17,562,33
97,463,5,199,25
98,49,23,45,137
99,221,2,228,70
100,251,1,821,119
101,485,13,737,155
102,306,25,362,23
103,335,21,191,34
104,385,17,417,120
105,311,11,131,180
106,275,11,232,23
107,257,9,521,183
108,207,24,823,39
109,452,13,16,30
110,360,7,403,177
111,98,8,35,170
112,272,6,768,40
113,204,25,85,164
114,198,16,19,72
115,244,13,910,79
116,185,2,153,163
117,404,15,813,66
118,360,20,120,180
119,443,2,308,180
120,398,25,928,175
121,306,15,286,192
122,468,20,122,184
123,350,22,548,59
124,498,24,689,159
125,308,2,759,105
126,76,5,220,30
127,43,8,423,119
128,208,21,820,190
129,47,15,401,93
130,156,12,762,116
131,175,16,794,47
132,88,12,270,189
133,257,15,139,48
134,469,19,940,125
135,159,25,665,72
136,355,2,12,127
137,119,10,711,113
138,161,13,791,167
139,246,4,668,181
140,497,7,482,110
141,300,13,283,187
142,364,18,128,37
143,208,22,199,47
144,485,8,345,48
145,126,22,120,106
146,124,20,670,132
147,135,13,895,177
148,28,5,881,78
149,218,4,977,103
150,360,23,447,21
151,317,19,711,148
152,65,2,131,196
153,163,16,183,97
154,7,19,793,142
155,406,25,81,180
156,132,3,671,132
157,77,16,850,87
158,51,9,624,113
159,341,18,877,67
160,403,12,756,40
161,163,20,397,132
162,37,18,772,180
163,354,3,264,175
164,23,16,807,178
165,155,23,218,151
166,96,7,969,149
167,55,14,244,168
168,404,22,266,85
169,484,9,75,42
170,138,3,622,122
171,142,21,555,196
172,181,22,553,67
173,144,21,326,86
174,484,2,486,147
175,410,13,425,146
176,366,15,11,110
177,264,24,971,128
178,304,7,991,181
179,104,11,586,146
180,361,25,930,186
181,487,22,197,78
182,18,6,426,22
183,217,25,179,184
184,462,15,880,33
185,193,25,138,60
186,259,22,386,152
187,345,10,113,155
188,137,14,20,20
189,379,24,288,96
190,37,21,835,91
191,478,11,576,195
192,195,1,726,112
193,251,12,255,41
194,221,20,711,120
195,7,21,572,30
196,159,16,210,86
197,48,4,397,77
198,158,1,438,49
199,175,3,828,72
200,166,5,522,48
201,71,8,665,120
202,303,25,530,160
203,494,10,971,126
204,468,10,919,58
205,172,6,44,97
206,392,11,775,101
207,281,23,622,131
208,487,22,784,103
209,156,19,177,120
210,290,17,301,28
211,114,11,831,172
212,351,12,473,147
213,309,8,875,73
214,282,3,612,188
215,67,5,462,62
216,279,3,497,24
217,19,12,339,21
218,442,5,769,198
219,119,12,879,162
220,238,9,786,136
221,148,13,735,133
222,485,14,197,96
223,249,19,286,87
224,326,18,30,198
225,351,4,105,93
226,102,19,312,147
227,180,11,661,169
228,205,11,93,173
229,287,5,720,101
230,232,21,176,192
231,413,18,10,86
232,166,25,472,119
233,484,9,446,25
234,477,6,567,85
235,456,9,507,192
236,413,20,324,134
237,210,14,57,180
238,412,5,267,145
239,72,16,200,162
240,436,11,306,43
241,131,4,982,127
242,473,2,481,79
243,25,16,800,164
244,265,14,153,34
245,2,18,840,121
246,149,12,215,43
247,30,19,78,155
248,368,14,936,103
249,365,9,191,113
250,236,20,781,58
251,316,16,41,134
252,320,3,588,82
253,221,9,901,185
254,12,23,297,142
255,275,17,771,178
256,394,3,271,28
257,347,3,369,158
258,390,14,218,165
259,74,3,27,184
260,294,7,238,107
261,435,22,779,115
262,79,18,567,139
263,479,20,866,81
264,67,4,174,24
265,39,2,869,45
266,228,5,590,196
267,402,5,98,160
268,4,3,400,165
269,443,14,558,105
270,286,18,746,55
271,397,21,708,64
272,416,23,999,112
273,74,2,909,90
274,34,19,479,184
275,19,5,936,183
276,292,17,98,110
277,168,7,560,171
278,297,16,351,187
279,81,19,552,48
280,129,11,679,141
281,340,13,371,114
282,19,7,121,44
283,353,21,276,122
284,274,20,608,74
285,59,2,213,90
286,464,15,763,75
287,82,5,187,88
288,453,1,748,194
289,259,23,112,68
290,438,2,396,164
291,197,5,523,160
292,209,3,998,197
293,208,8,877,134
294,215,13,26,194
295,11,2,926,134
296,246,18,162,83
297,95,21,397,118
298,201,2,299,56
299,60,9,469,164
300,318,8,983,146
301,433,21,42,156
302,293,19,377,90
303,81,5,276,193
304,281,3,436,158
305,415,9,602,23
306,284,14,919,65
307,38,4,884,175
308,417,21,211,73
309,427,24,159,42
310,441,19,839,119
311,285,8,156,155
312,184,7,850,91
313,463,10,348,156
314,270,25,75,104
315,367,25,83,132
316,361,21,875,116
317,291,3,364,53
318,226,13,842,33
319,279,1,192,31
320,377,14,686,155
321,195,2,378,106
322,40,4,141,80
323,102,20,233,107
324,470,16,91,58
325,199,5,95,82
326,58,6,907,186
327,322,12,828,177
328,170,7,261,21
329,61,24,696,184
330,410,19,350,84
331,283,20,122,21
332,268,17,268,121
333,231,18,549,111
334,16,17,965,26
335,158,21,636,92
336,242,20,853,150
337,174,1,14,138
338,66,22,336,23
339,243,12,705,53
340,434,7,72,135
341,298,11,986,80
342,491,10,359,76
343,296,16,295,49
344,494,6,663,23
345,362,11,518,142
346,115,11,626,33
347,417,11,853,50
348,367,11,825,200
349,363,17,308,78
350,372,2,578,116
351,24,9,745,25
352,251,2,541,101
353,267,15,145,196
354,316,16,179,37
355,369,6,640,144
356,301,23,802,62
357,317,7,883,111
358,98,8,901,134
359,348,2,876,47
360,403,10,271,181
361,381,20,308,73
362,465,9,592,56
363,122,2,135,115
364,266,2,16,135
365,124,18,659,133
366,435,21,85,46
367,30,17,341,134
368,163,12,860,121
369,26,17,677,70
370,448,20,534,98
371,96,18,346,182
372,187,13,297,93
373,387,20,985,96
374,212,22,581,158
375,416,14,932,187
376,151,9,575,84
377,22,15,845,137
378,198,1,21,129
379,144,16,281,147
380,305,6,384,32
381,411,22,829,161
382,267,10,525,152
383,486,9,98,121
384,197,19,862,27
385,381,13,667,80
386,113,9,230,178
387,389,25,17,54
388,329,4,167,163
389,230,10,365,43
390,450,3,958,21
391,253,23,973,124
392,81,12,552,104
393,97,21,423,83
394,34,14,405,134
395,158,15,43,59
396,153,12,881,28
397,33,3,660,152
398,415,1,680,140
399,361,2,739,134
400,46,10,252,191
401,41,1,650,77
402,147,8,813,78
403,40,11,724,156
404,86,9,870,28
405,432,13,952,185
406,11,8,882,141
407,195,7,357,108
408,15,14,277,169
409,83,20,537,91
410,436,18,866,36
411,9,6,745,80
412,494,6,960,180
413,299,9,201,166
414,323,17,241,160
415,101,20,747,113
416,258,6,484,113
417,278,23,914,36
418,382,22,872,178
419,350,25,555,151
420,47,19,217,155
421,101,6,17,20
422,247,10,846,83
423,60,10,845,177
424,378,8,684,41
425,403,17,25,160
426,397,16,407,72
427,124,3,810,198
428,13,21,103,197
429,230,5,764,82
430,329,3,166,43
431,369,4,46,89
432,151,23,674,102
433,498,19,894,118
434,286,24,576,93
435,355,9,156,197
436,465,8,310,167
437,103,19,308,191
438,252,15,807,114
439,158,25,59,190
440,308,21,623,145
441,406,24,30,146
442,160,7,345,199
443,238,24,212,79
444,480,23,715,193
445,203,9,289,166
446,408,9,165,41
447,332,6,581,73
448,61,10,665,52
449,270,9,494,30
450,405,17,488,136
451,420,16,874,129
452,41,9,679,122
453,494,24,211,97
454,439,2,490,20
455,44,16,452,87
456,337,6,383,132
457,446,10,730,69
458,443,7,260,170
459,72,12,692,131
460,221,13,815,75
461,179,19,359,36
462,275,4,292,111
463,310,4,646,184
464,398,14,123,22
465,484,23,315,44
466,372,11,99,190
467,231,20,331,67
468,299,22,365,105
469,227,12,416,185
470,314,19,384,95
471,415,4,149,45
472,440,6,74,129
473,122,20,902,60
474,351,20,128,38
475,240,10,574,190
476,253,20,330,25
477,131,8,641,198
478,26,11,131,47
479,335,6,820,108
480,141,24,867,141
481,164,25,465,167
482,36,1,381,41
483,348,7,832,93
484,400,24,80,173
485,54,21,384,121
486,309,22,546,135
487,223,12,94,110
488,223,4,983,93
489,68,24,154,42
490,408,22,42,115
491,497,12,274,189
492,270,9,178,91
493,327,14,913,104
494,439,4,684,54
495,368,13,576,70
496,117,11,790,74
497,497,21,162,152
498,408,9,589,188
499,105,15,134,48
500,385,23,166,150
501,433,24,723,84
502,99,11,118,197
503,478,6,280,196
504,236,20,156,142
505,255,8,712,168
506,345,7,925,56
507,436,21,653,91
508,257,4,65,21
509,43,13,586,90
510,331,2,438,139
511,467,8,776,149
512,454,13,753,64
513,441,24,103,128
514,488,11,684,46
515,74,9,671,185
516,272,10,174,36
517,456,4,244,104
518,407,3,730,140
519,124,14,223,130
520,46,4,550,152
521,196,22,40,23
522,170,25,290,190
523,494,23,727,158
524,422,10,429,25
525,116,24,173,193
526,245,15,652,56
527,19,14,872,135
528,178,14,873,90
529,62,7,75,140
530,190,4,993,200
531,282,23,298,97
532,138,20,735,47
533,26,8,592,172
534,165,20,656,170
535,289,3,270,47
536,200,10,646,38
537,104,5,144,59
538,110,9,316,150
539,325,13,875,115
540,286,13,920,52
541,254,21,413,71
542,257,13,229,42
543,121,12,375,159
544,369,10,339,144
545,189,5,471,133
546,54,11,695,90
547,126,7,264,97
548,270,7,132,64
549,245,5,723,97
550,176,16,880,142
551,422,11,444,77
552,162,18,578,101
553,483,2,52,141
554,75,10,83,173
555,85,25,503,164
556,161,9,257,130
557,61,23,393,131
558,109,13,837,142
559,313,3,694,190
560,202,2,213,130
561,142,5,928,149
562,60,18,250,192
563,428,8,154,27
564,292,24,179,102
565,121,10,722,71
566,350,21,60,185
567,57,12,194,139
568,481,5,988,30
569,295,11,574,63
570,315,13,979,102
571,394,17,57,133
572,48,11,684,42
573,250,1,858,68
574,333,9,849,22
575,378,17,491,125
576,323,22,289,26
577,41,13,197,70
578,354,19,305,115
579,138,18,52,85
580,130,14,759,124
581,67,14,496,170
582,93,22,527,130
583,137,2,899,152
584,483,17,139,147
585,487,7,220,82
586,119,12,776,132
587,478,20,463,57
588,165,22,90,178
589,267,2,660,177
590,25,2,551,188
591,298,20,620,83
592,192,25,199,111
593,106,20,981,89
594,158,25,579,101
595,147,20,966,134
596,269,22,16,130
597,184,14,923,110
598,210,2,904,104
599,85,10,371,29
600,440,10,369,121
601,29,25,822,76
602,304,17,677,196
603,374,4,292,191
604,498,9,479,162
605,69,17,907,57
606,362,17,695,151
607,253,1,651,65
608,443,9,810,81
609,4,22,256,46
610,390,1,519,169
611,500,18,444,27
612,456,14,690,23
613,338,19,751,58
614,378,14,480,69
615,327,3,974,189
616,51,4,603,169
617,362,23,668,111
618,165,2,191,71
619,175,21,442,65
620,146,14,430,129
621,396,6,28,53
622,265,15,534,145
623,310,23,945,76
624,421,25,132,27
625,361,18,339,39
626,76,9,934,173
627,130,5,294,151
628,284,17,936,163
629,156,23,450,183
630,43,12,733,159
631,84,25,883,155
632,251,14,551,27
633,333,10,153,76
634,498,23,366,87
635,97,7,983,178
636,191,20,367,72
637,352,11,199,112
638,255,21,385,144
639,335,21,112,74
640,208,14,885,36
641,68,12,84,93
642,400,5,917,24
643,52,18,475,112
644,177,21,620,144
645,304,12,657,79
646,3,8,682,32
647,275,23,261,142
648,490,13,648,39
649,411,24,804,62
650,122,18,795,146
651,497,17,937,28
652,17,23,408,151
653,282,10,888,27
654,406,19,124,183
655,276,11,247,96
656,148,13,320,129
657,396,4,457,41
658,43,3,842,115
659,313,23,997,100
660,144,14,549,71
661,405,20,965,159
662,196,25,875,124
663,173,5,137,114
664,234,4,268,87
665,267,9,155,32
666,480,6,242,69
667,81,7,664,161
668,499,24,377,150
669,499,8,973,38
670,109,23,307,94
671,132,9,701,107
672,211,22,312,179
673,213,18,663,189
674,51,11,998,96
675,472,9,724,196
676,233,6,887,144
677,231,10,214,43
678,148,7,103,26
679,381,7,36,98
680,273,19,386,188
681,308,18,465,129
682,46,6,48,30
683,448,3,138,55
684,217,21,362,63
685,15,7,96,184
686,195,1,399,141
687,364,18,571,96
688,261,13,636,110
689,61,17,461,79
690,449,22,324,143
691,22,22,507,140
692,438,21,336,191
693,229,20,266,115
694,201,12,318,75
695,204,1,593,147
696,176,18,844,130
697,234,13,110,85
698,178,17,627,106
699,159,5,693,29
700,349,5,377,180
701,40,18,356,33
702,358,10,870,138
703,366,13,334,160
704,27,12,586,128
705,310,22,571,139
706,28,8,975,105
707,66,19,22,112
708,193,24,624,128
709,64,8,276,164
710,257,18,963,29
711,123,17,637,196
712,54,24,786,86
713,28,20,894,192
714,31,17,845,74
715,242,24,923,141
716,144,3,889,124
717,462,2,141,32
718,116,15,404,118
719,345,15,561,78
720,430,16,970,21
721,433,12,852,181
722,393,17,969,101
723,225,20,965,28
724,344,18,254,31
725,186,1,681,138
726,193,21,236,182
727,51,7,645,62
728,347,15,20,191
729,498,3,85,168
730,351,17,726,190
731,89,21,58,46
732,226,9,353,57
733,379,10,539,54
734,7,10,223,47
735,322,24,903,184
736,339,18,335,118
737,345,20,502,56
738,372,4,91,198
739,114,4,531,88
740,1,7,683,129
741,355,18,975,65
742,405,19,303,172
743,344,8,65,113
744,38,7,686,158
745,231,23,800,61
746,457,7,46,81
747,217,6,63,142
748,345,23,531,106
749,127,13,35,76
750,357,8,658,94
751,258,1,585,25
752,459,1,30,22
753,414,22,416,147
754,168,12,556,140
755,180,18,527,50
756,342,18,396,77
757,492,15,113,119
758,10,12,964,84
759,248,7,55,126
760,166,1,543,163
761,380,12,103,126
762,424,24,76,43
763,379,1,891,105
764,133,20,787,42
765,331,3,47,50
766,153,25,521,70
767,119,19,827,154
768,423,5,202,26
769,420,14,994,33
770,418,3,156,81
771,417,16,539,143
772,163,16,908,136
773,15,12,316,57
774,26,14,439,116
775,35,20,517,79
776,179,17,286,146
777,66,25,332,52
778,51,22,565,31
779,300,25,631,27
780,311,17,657,68
781,68,7,601,141
782,52,16,361,52
783,299,3,248,28
784,447,4,228,52
785,219,15,98,148
786,210,6,688,100
787,63,10,352,44
788,442,10,254,125
789,111,12,141,44
790,347,24,926,133
791,259,19,107,182
792,135,8,141,57
793,47,24,842,45
794,380,22,409,84
795,233,13,979,26
796,193,4,665,41
797,194,3,856,184
798,11,24,838,38
799,150,21,740,164
800,60,25,666,65
801,396,17,469,60
802,308,5,780,179
803,484,1,653,186
804,373,9,536,181
805,89,11,588,158
806,140,17,187,65
807,208,10,42,155
808,406,10,398,116
809,298,9,551,130
810,25,16,253,53
811,145,11,416,115
812,357,8,768,44
813,74,19,874,102
814,462,14,941,135
815,86,3,284,200
816,99,10,673,28
817,355,9,962,166
818,196,14,87,34
819,140,2,473,159
820,198,17,757,64
821,214,11,778,146
822,444,16,408,151
823,255,2,604,109
824,22,19,80,128
825,123,16,492,137
826,259,22,570,165
827,254,4,960,130
828,146,5,285,123
829,279,18,567,96
830,340,3,534,161
831,14,9,527,120
832,117,2,452,128
833,190,21,985,36
834,214,15,255,106
835,25,6,313,174
836,343,1,91,68
837,308,25,517,119
838,433,15,154,65
839,11,20,446,22
840,199,23,270,114
841,484,9,85,147
842,446,6,958,130
843,312,23,840,72
844,81,23,336,114
845,497,10,589,152
846,110,2,139,43
847,167,21,697,186
848,358,6,933,193
849,124,15,876,126
850,281,13,202,65
851,304,24,984,166
852,260,13,707,115
853,231,15,226,97
854,127,11,594,24
855,20,6,913,82
856,372,24,708,49
857,152,10,684,78
858,49,14,860,50
859,18,16,720,139
860,39,9,348,154
861,411,1,353,141
862,271,18,505,24
863,327,19,364,114
864,84,22,132,154
865,391,4,445,151
866,280,9,959,52
867,181,9,958,167
868,445,17,666,126
869,482,8,730,70
870,266,20,225,150
871,476,25,45,42
872,300,7,166,50
873,80,12,561,50
874,323,24,922,46
875,356,21,648,95
876,144,22,220,92
877,256,17,262,135
878,147,16,69,182
879,146,17,962,23
880,154,22,669,153
881,207,3,556,67
882,339,13,460,130
883,195,16,369,109
884,25,3,178,185
885,69,23,810,98
886,214,18,496,33
887,497,25,670,155
888,452,25,235,123
889,110,4,259,152
890,9,7,928,158
891,19,5,200,186
892,486,15,659,112
893,315,1,724,186
894,161,25,817,173
895,190,25,91,150
896,190,25,176,160
897,274,4,815,22
898,423,7,588,173
899,250,1,914,100
900,6,24,655,161
901,15,7,258,69
902,447,4,496,88
903,275,13,603,100
904,372,17,973,36
905,437,1,734,175
906,95,1,999,137
907,292,11,920,194
908,460,11,396,130
909,132,12,780,166
910,268,6,271,42
911,25,1,984,181
912,472,11,125,59
913,339,8,474,93
914,468,15,496,124
915,59,3,490,172
916,424,8,275,91
917,259,15,475,113
918,165,18,508,175
919,31,19,156,94
920,393,19,705,178
921,482,13,784,105
922,125,17,873,176
923,370,18,906,141
924,160,8,32,82
925,448,20,793,25
926,168,24,464,50
927,200,6,542,121
928,27,5,219,25
929,496,2,250,148
930,129,3,164,189
931,187,3,983,39
932,40,3,594,157
933,28,17,744,115
934,43,19,817,132
935,193,18,461,184
936,98,22,765,161
937,442,15,218,34
938,105,4,239,132
939,272,22,764,114
940,220,8,302,165
941,387,10,813,99
942,170,3,178,37
943,328,2,986,97
944,142,8,735,84
945,248,16,289,26
946,149,8,392,58
947,237,24,827,181
948,102,19,62,119
949,43,4,722,149
950,159,4,632,179
951,207,11,301,24
952,367,19,454,63
953,431,17,186,64
954,61,10,650,35
955,394,18,890,38
956,84,23,629,168
957,466,21,538,194
958,69,16,930,50
959,308,25,973,27
960,84,14,86,109
961,69,22,149,73
962,309,5,59,175
963,343,15,58,136
964,298,8,360,31
965,242,21,244,31
966,230,14,241,71
967,294,1,815,83
968,321,7,751,69
969,440,10,606,89
970,433,2,968,147
971,146,11,787,142
972,45,3,897,88
973,77,7,878,161
974,70,17,419,179
975,340,5,913,182
976,22,24,885,30
977,216,22,842,86
978,184,19,628,111
979,155,10,421,62
980,81,24,953,174
981,163,2,713,111
982,438,21,674,56
983,356,18,592,90
984,303,5,577,25
985,454,11,599,81
986,222,13,401,66
987,38,14,549,136
988,292,6,58,175
989,388,11,443,160
990,54,14,653,110
991,402,16,89,157
992,260,3,249,168
993,137,6,905,185
994,445,24,845,162
995,103,23,166,65
996,228,12,952,142
997,391,18,456,38
998,247,18,137,72
999,497,10,331,185
1000,270,12,448,166
1001,80,14,246,29
1002,201,1,514,85
1003,372,11,45,96
1004,363,17,177,200
1005,54,1,464,200
1006,328,11,415,79
1007,126,17,525,80
1008,144,4,344,154
1009,463,16,279,78
1010,234,19,727,185
1011,351,19,667,95
1012,300,20,763,100
1013,193,14,193,141
1014,450,22,144,27
1015,311,7,341,123
1016,126,21,316,189
1017,289,16,637,83
1018,447,12,209,163
1019,40,8,705,65
1020,442,14,713,180
1021,200,17,339,90
1022,237,8,783,91
1023,198,23,115,28
1024,388,18,485,27
1025,19,8,709,70
1026,221,25,158,174
1027,336,8,745,54
1028,390,17,281,123
1029,498,6,90,41
1030,174,20,129,162
1031,11,18,611,157
1032,149,13,269,37
1033,359,11,544,148
1034,205,14,396,117
1035,236,15,258,130
1036,275,19,129,37
1037,144,20,42,123
1038,328,18,316,108
1039,221,21,472,76
1040,323,2,16,68
1041,319,25,598,148
1042,36,3,466,136
1043,331,14,944,32
1044,145,10,101,105
1045,56,22,947,35
1046,83,16,544,188
1047,419,19,543,45
1048,245,23,569,135
1049,465,13,569,20
1050,276,19,789,64
1051,453,13,417,81
1052,306,10,295,198
1053,365,4,127,37
1054,225,18,125,88
1055,14,10,136,37
1056,482,9,271,199
1057,11,21,685,101
1058,467,19,702,89
1059,323,8,199,137
1060,174,22,397,40
1061,240,19,693,117
1062,394,23,551,152
1063,307,24,801,138
1064,258,6,790,105
1065,262,17,162,196
1066,354,19,665,124
1067,294,3,231,175
1068,141,25,866,108
1069,392,23,466,126
1070,255,5,610,197
1071,424,9,357,28
1072,123,9,641,176
1073,197,7,574,177
1074,193,20,404,97
1075,39,3,727,117
1076,35,3,642,190
1077,122,2,431,106
1078,10,1,607,107
1079,31,16,118,156
1080,338,14,866,48
1081,287,4,896,32
1082,90,20,720,144
1083,25,16,656,32
1084,495,23,60,29
1085,108,23,973,142
1086,407,11,996,42
1087,497,16,289,172
1088,430,18,36,121
1089,122,15,966,76
1090,195,19,623,195
1091,95,13,619,137
1092,138,14,618,111
1093,46,24,623,120
1094,498,21,104,66
1095,185,10,827,136
1096,163,24,419,37
1097,292,8,828,35
1098,455,3,228,107
1099,394,10,981,119
1100,171,2,506,58
1101,174,13,543,67
1102,134,14,254,144
1103,478,23,910,62
1104,196,6,870,101
1105,490,25,783,100
1106,6,12,84,49
1107,279,19,945,98
1108,232,20,266,70
1109,224,2,380,27
1110,486,17,117,55
1111,405,12,326,138
1112,48,3,504,110
1113,324,10,584,153
1114,193,24,347,86
1115,55,7,453,190
1116,34,17,925,26
1117,375,19,567,197
1118,426,13,777,88
1119,336,7,593,25
1120,253,2,488,158
1121,254,9,134,25
1122,245,7,276,128
1123,274,14,240,102
1124,268,14,919,139
1125,270,7,126,52
1126,468,6,554,43
1127,123,15,933,156
1128,241,10,284,164
1129,313,23,454,123
1130,356,6,202,91
1131,234,8,782,193
1132,426,15,82,169
1133,47,13,779,69
1134,484,1,633,147
1135,55,22,723,194
1136,390,18,959,156
1137,34,16,339,186
1138,444,13,748,80
1139,473,11,497,92
1140,422,4,840,71
1141,74,10,782,136
1142,345,15,724,52
1143,372,22,97,129
1144,251,18,722,158
1145,363,22,819,35
1146,84,9,632,183
1147,180,16,809,87
1148,104,22,719,44
1149,439,19,611,167
1150,311,12,135,127
1151,357,24,750,161
1152,207,1,510,79
1153,114,23,993,52
1154,464,24,14,110
1155,237,14,272,81
1156,409,10,962,73
1157,15,10,707,165
1158,153,2,987,162
1159,60,14,672,118
1160,361,7,22,88
1161,47,11,920,22
1162,395,11,941,50
1163,187,10,855,55
1164,386,23,183,142
1165,248,13,966,33
1166,388,11,522,28
1167,406,22,216,20
1168,57,25,570,23
1169,335,17,566,170
1170,130,9,829,77
1171,271,4,105,181
1172,426,10,597,51
1173,311,8,811,171
1174,7,11,11,116
1175,375,7,791,174
1176,450,4,344,103
1177,176,14,976,98
1178,159,11,604,71
1179,126,20,801,114
1180,241,11,538,173
1181,116,21,622,187
1182,97,16,230,87
1183,321,10,502,127
1184,79,9,734,181
1185,61,17,944,29
1186,309,7,172,50
1187,205,4,355,120
1188,34,17,180,70
1189,65,4,721,68
1190,338,22,980,58
1191,67,15,556,200
1192,308,25,436,135
1193,442,8,73,52
1194,335,10,177,21
1195,480,4,905,181
1196,75,9,12,171
1197,204,24,55,62
1198,340,21,573,179
1199,246,13,898,71
1200,66,12,931,104
1201,159,20,246,109
1202,452,9,436,123
1203,169,10,743,79
1204,312,1,847,152
1205,386,15,273,37
1206,334,8,974,164
1207,108,13,492,158
1208,286,14,539,63
1209,491,8,348,127
1210,434,12,35,143
1211,436,13,438,24
1212,487,19,472,20
1213,171,7,580,138
1214,481,18,423,128
1215,228,24,544,133
1216,128,2,567,94
1217,379,22,411,101
1218,428,14,342,106
1219,446,12,983,193
1220,78,16,620,141
1221,66,10,820,125
1222,365,21,934,76
1223,188,23,506,97
1224,477,19,590,109
1225,283,20,557,94
1226,180,22,956,57
1227,163,8,10,136
1228,297,13,644,96
1229,172,1,978,21
1230,338,13,324,44
1231,17,18,742,183
1232,234,25,878,124
1233,475,2,474,55
1234,265,25,849,49
1235,326,18,751,184
1236,100,18,662,106
1237,45,2,680,141
1238,459,24,381,159
1239,1,25,424,150
1240,489,5,422,144
1241,195,24,879,72
1242,403,13,756,35
1243,453,25,308,105
1244,26,17,251,138
1245,107,11,302,100
1246,134,6,141,78
1247,243,8,475,140
1248,96,18,229,154
1249,341,13,862,177
1250,256,25,25,59
1251,329,12,716,50
1252,237,14,840,84
1253,270,22,570,129
1254,430,13,326,180
1255,139,24,420,168
1256,274,7,134,143
1257,412,4,643,88
1258,251,5,62,65
1259,45,9,952,59
1260,326,2,227,169
1261,487,7,632,128
1262,455,17,117,187
1263,443,4,135,106
1264,409,18,712,59
1265,454,14,170,160
1266,463,23,534,126
1267,174,1,503,168
1268,376,3,81,25
1269,40,18,475,178
1270,364,3,841,188
1271,95,18,54,160
1272,50,13,150,197
1273,157,25,355,176
1274,376,15,55,47
1275,69,13,191,110
1276,101,20,955,199
1277,297,7,617,49
1278,119,3,109,156
1279,144,19,583,102
1280,385,4,715,73
1281,394,8,111,115
1282,138,12,261,36
1283,199,15,980,110
1284,124,25,787,100
1285,50,6,705,92
1286,407,23,546,84
1287,457,5,300,52
1288,277,23,986,35
1289,301,6,287,119
1290,400,12,864,67
1291,95,8,185,144
1292,416,5,124,64
1293,25,15,630,45
1294,411,24,545,97
1295,239,24,435,50
1296,452,20,714,141
1297,188,14,873,128
1298,410,20,200,90
1299,58,23,75,168
1300,327,3,911,42
1301,240,25,136,122
1302,61,25,32,66
1303,479,3,221,177
1304,37,3,85,176
1305,86,16,326,120
1306,34,24,235,147
1307,451,16,105,179
1308,354,11,19,164
1309,300,4,184,93
1310,178,1,450,153
1311,12,20,80,85
1312,280,2,930,199
1313,300,4,772,89
1314,270,3,533,179
1315,247,16,886,172
1316,80,4,256,29
1317,61,17,106,33
1318,315,10,325,157
1319,69,21,164,129
1320,72,21,964,24
1321,481,18,119,106
1322,7,14,709,74
1323,111,24,779,24
1324,114,24,296,166
1325,249,10,803,162
1326,219,1,553,59
1327,168,5,681,136
1328,154,12,256,141
1329,455,21,291,94
1330,249,24,256,118
1331,289,5,625,103
1332,476,4,32,136
1333,139,18,123,166
1334,339,16,725,126
1335,382,15,820,162
1336,305,16,326,46
1337,80,14,607,168
1338,261,13,288,92
1339,412,20,677,56
1340,247,18,539,166
1341,265,9,551,61
1342,484,21,589,39
1343,280,16,356,119
1344,186,24,983,147
1345,183,3,809,54
1346,58,2,641,193
1347,71,24,457,45
1348,124,10,555,99
1349,222,16,540,55
1350,8,9,834,77
1351,423,13,844,83
1352,244,21,553,138
1353,183,11,96,90
1354,110,6,396,136
1355,130,9,745,63
1356,28,3,509,82
1357,351,14,965,26
1358,59,5,950,153
1359,247,18,156,67
1360,111,4,975,187
1361,142,21,628,66
1362,307,12,704,173
1363,283,18,83,172
1364,452,15,84,28
1365,128,13,695,185
1366,59,8,568,155
1367,148,15,588,100
1368,98,22,816,39
1369,293,4,196,150
1370,272,15,144,172
1371,344,20,623,182
1372,493,16,803,71
1373,377,21,510,194
1374,380,18,368,135
1375,5,7,112,193
1376,49,15,525,170
1377,183,4,190,123
1378,370,12,23,118
1379,101,12,449,97
1380,205,9,305,145
1381,416,18,553,147
1382,234,8,437,152
1383,11,19,457,77
1384,310,15,750,56
1385,145,23,558,63
1386,86,14,854,142
1387,498,2,432,125
1388,88,5,23,29
1389,380,13,513,116
1390,287,23,657,179
1391,59,20,75,117
1392,455,17,398,141
1393,408,17,615,59
1394,453,19,161,95
1395,182,14,202,152
1396,430,1,451,39
1397,488,16,282,167
1398,268,5,78,112
1399,21,19,276,79
1400,281,21,254,70
1401,63,23,453,103
1402,89,23,411,171
1403,11,4,80,80
1404,374,18,925,158
1405,288,20,480,182
1406,325,7,84,123
1407,224,25,748,46
1408,405,24,295,41
1409,248,23,51,166
1410,327,20,771,160
1411,428,24,404,37
1412,333,8,348,32
1413,194,21,700,189
1414,37,23,972,157
1415,473,21,952,65
1416,213,9,734,57
1417,486,9,970,102
1418,282,5,268,37
1419,86,8,608,92
1420,44,25,287,82
1421,93,16,964,156
1422,361,13,746,186
1423,478,7,888,138
1424,188,13,180,144
1425,334,3,196,143
1426,470,17,47,89
1427,340,9,799,67
1428,436,18,127,197
1429,316,13,845,57
1430,198,25,1000,92
1431,288,22,513,100
1432,236,17,280,161
1433,230,3,417,27
1434,242,5,705,64
1435,89,21,222,22
1436,336,4,493,191
1437,476,2,478,27
1438,463,20,587,97
1439,40,12,210,92
1440,290,7,685,87
1441,87,9,192,86
1442,56,15,365,149
1443,495,7,396,31
1444,465,24,597,187
1445,340,25,219,176
1446,355,23,71,43
1447,375,4,570,57
1448,40,19,578,57
1449,45,10,152,82
1450,476,16,614,59
1451,206,1,239,139
1452,413,23,393,60
1453,160,22,760,192
1454,154,10,685,121
1455,199,19,89,123
1456,49,21,319,190
1457,221,3,820,36
1458,490,18,973,82
1459,375,8,954,145
1460,146,8,475,168
1461,458,18,910,168
1462,488,17,474,64
1463,90,14,160,119
1464,293,20,968,163
1465,102,1,224,35
1466,206,4,118,117
1467,73,14,226,102
1468,72,9,757,28
1469,387,9,235,30
1470,13,19,555,95
1471,470,15,498,161
1472,355,18,360,69
1473,474,14,278,64
1474,329,6,764,165
1475,300,15,588,51
1476,280,25,494,152
1477,37,19,421,52
1478,155,25,908,157
1479,78,16,329,109
1480,345,20,117,119
1481,184,25,623,74
1482,338,11,979,51
1483,428,10,651,26
1484,471,7,454,175
1485,281,12,359,163
1486,282,19,164,139
1487,58,8,640,165
1488,368,18,347,180
1489,87,7,371,200
1490,16,8,451,166
1491,240,8,271,123
1492,309,14,591,40
1493,108,1,932,21
1494,45,20,75,85
1495,311,11,392,122
1496,137,24,589,42
1497,41,23,37,160
1498,188,15,347,41
1499,70,2,567,143
1500,3,7,980,164
1501,38,16,535,57
1502,102,18,334,185
1503,52,19,783,181
1504,207,24,935,42
1505,168,5,409,86
1506,48,21,124,128
1507,235,3,355,184
1508,320,1,67,89
1509,202,14,625,108
1510,166,24,716,22
1511,172,24,337,196
1512,157,7,156,140
1513,404,22,273,30
1514,480,1,366,96
1515,191,1,316,159
1516,224,3,468,77
1517,186,10,955,155
1518,101,22,322,188
1519,317,15,879,89
1520,297,18,628,45
1521,92,9,916,100
1522,365,24,357,139
1523,237,19,369,128
1524,219,9,690,58
1525,133,8,840,174
1526,231,21,960,153
1527,129,7,269,65
1528,414,11,793,144
1529,462,12,461,24
1530,141,20,103,126
1531,473,25,987,97
1532,407,19,552,109
1533,322,22,938,82
1534,283,18,319,161
1535,346,8,960,90
1536,347,16,52,73
1537,264,23,384,36
1538,159,2,850,137
1539,209,13,385,42
1540,218,5,463,74
1541,441,14,648,158
1542,432,6,587,97
1543,161,16,887,22
1544,94,24,227,184
1545,367,5,373,153
1546,151,19,446,29
1547,299,23,716,144
1548,353,25,955,82
1549,130,6,858,68
1550,290,19,693,178
1551,20,11,635,190
1552,463,23,432,156
1553,242,16,356,191
1554,191,11,278,69
1555,56,3,820,150
1556,82,24,679,196
1557,174,19,630,101
1558,449,11,687,178
1559,378,25,93,176
1560,135,14,698,159
1561,496,14,847,87
1562,370,14,759,98
1563,36,1,411,167
1564,390,10,728,100
1565,161,25,733,30
1566,55,8,412,64
1567,403,19,100,117
1568,77,8,684,93
1569,497,22,33,119
1570,147,13,354,90
1571,138,10,797,97
1572,167,14,254,177
1573,342,25,612,21
1574,231,16,236,192
1575,125,6,327,26
1576,260,12,358,64
1577,138,3,31,171
1578,129,8,856,148
1579,194,6,564,127
1580,443,12,408,47
1581,110,24,658,41
1582,429,17,517,83
1583,341,11,159,155
1584,462,22,698,137
1585,444,23,633,75
1586,28,16,160,50
1587,81,16,848,51
1588,280,15,25,171
1589,178,2,884,86
1590,484,18,224,76
1591,133,23,429,118
1592,498,8,270,29
1593,149,19,185,71
1594,231,7,121,83
1595,354,12,635,86
1596,467,1,653,141
1597,431,2,883,92
1598,206,16,428,125
1599,324,23,827,198
1600,254,4,986,87
1601,77,14,662,85
1602,49,21,514,56
1603,82,16,859,20
1604,445,25,338,180
1605,410,13,332,42
1606,306,11,633,81
1607,90,20,567,123
1608,340,10,201,67
1609,122,3,675,97
1610,395,12,780,137
1611,133,22,650,141
1612,408,14,887,26
1613,216,17,315,58
1614,105,22,743,69
1615,274,14,531,62
1616,236,19,102,155
1617,71,1,478,189
1618,55,1,920,26
1619,372,21,38,72
1620,58,5,734,181
1621,183,17,314,49
1622,250,19,876,89
1623,387,24,584,159
1624,295,1,468,97
1625,22,20,192,76
1626,316,3,577,90
1627,415,1,112,45
1628,480,18,899,112
1629,226,4,39,21
1630,188,4,866,172
1631,459,19,986,156
1632,174,2,940,99
1633,200,23,551,66
1634,8,18,719,34
1635,419,12,453,139
1636,498,22,801,70
1637,77,16,444,109
1638,423,11,887,58
1639,352,1,903,127
1640,54,16,732,75
1641,460,20,307,85
1642,140,3,167,30
1643,231,15,996,78
1644,181,8,289,144
1645,499,10,306,116
1646,447,4,472,150
1647,217,18,547,182
1648,315,16,381,195
1649,329,11,253,33
1650,56,13,984,191
1651,13,8,887,92
1652,327,18,151,197
1653,255,14,220,58
1654,445,15,447,21
1655,66,22,280,197
1656,120,20,682,49
1657,136,1,816,156
1658,400,22,427,59
1659,499,9,476,171
1660,107,6,208,167
1661,328,8,713,164
1662,85,25,190,193
1663,358,13,240,120
1664,7,17,497,36
1665,172,15,794,140
1666,197,3,879,188
1667,47,24,934,152
1668,414,17,22,72
1669,152,4,46,67
1670,172,20,475,44
1671,358,16,601,119
1672,270,7,630,79
1673,154,23,212,137
1674,416,13,378,60
1675,429,1,232,167
1676,308,11,533,50
1677,247,13,353,92
1678,408,18,791,189
1679,329,12,95,112
1680,270,20,105,120
1681,51,7,342,123
1682,139,4,252,108
1683,191,15,17,22
1684,220,10,662,151
1685,445,9,118,76
1686,274,1,574,80
1687,307,17,155,175
1688,294,4,292,33
1689,193,23,555,24
1690,299,4,199,79
1691,385,4,939,48
1692,219,4,864,152
1693,414,11,214,24
1694,473,7,731,103
1695,487,6,451,185
1696,441,19,488,71
1697,82,1,88,188
1698,394,22,669,175
1699,174,4,45,66
1700,467,4,846,91
1701,497,17,683,57
1702,35,7,713,88
1703,192,11,427,126
1704,186,7,245,157
1705,448,15,31,112
1706,477,19,144,111
1707,169,22,301,179
1708,354,12,626,176
1709,26,23,272,136
1710,417,4,416,57
1711,339,6,574,131
1712,41,16,232,118
1713,247,8,21,185
1714,4,21,529,149
1715,435,22,84,128
1716,32,6,63,157
1717,377,22,325,179
1718,5,12,691,153
1719,459,9,122,60
1720,40,9,760,45
1721,131,14,454,157
1722,116,13,761,168
1723,15,1,272,104
1724,488,12,163,185
1725,34,21,914,98
1726,199,1,815,81
1727,55,7,904,84
1728,97,3,500,151
1729,493,12,33,112
1730,127,11,195,71
1731,223,13,23,59
1732,359,16,558,80
1733,432,24,956,161
1734,224,7,463,77
1735,436,15,380,140
1736,183,10,499,144
1737,38,13,192,194
1738,440,11,585,79
1739,235,12,543,123
1740,112,7,438,58
1741,54,10,718,50
1742,380,2,17,84
1743,34,6,116,40
1744,288,9,539,42
1745,97,13,26,87
1746,473,3,656,180
1747,49,18,861,137
1748,84,16,560,46
1749,364,13,703,28
1750,421,5,860,31
1751,344,6,589,108
1752,435,3,102,64
1753,170,10,113,165
1754,116,24,423,175
1755,269,21,699,103
1756,276,14,590,83
1757,75,20,122,151
1758,296,21,313,77
1759,449,14,114,91
1760,64,2,845,199
1761,360,2,787,191
1762,210,11,409,113
1763,410,25,629,169
1764,25,4,471,34
1765,398,16,219,130
1766,25,24,993,159
1767,197,10,507,43
1768,353,25,301,63
1769,145,11,381,166
1770,188,20,732,156
1771,478,1,797,86
1772,366,15,374,160
1773,153,24,729,70
1774,263,20,764,63
1775,152,8,737,35
1776,287,6,873,79
1777,310,23,839,35
1778,70,10,740,150
1779,406,13,744,80
1780,73,8,52,63
1781,255,13,919,118
1782,30,5,736,146
1783,308,22,614,71
1784,315,11,548,186
1785,2,10,83,38
1786,378,12,685,58
1787,216,5,856,36
1788,338,1,858,186
1789,326,15,115,137
1790,483,6,300,163
1791,353,6,656,133
1792,260,16,572,48
1793,431,13,258,32
1794,179,11,610,94
1795,152,24,311,134
1796,473,12,315,173
1797,213,17,684,124
1798,409,17,269,146
1799,29,22,923,40
1800,338,23,159,195
1801,109,1,608,105
1802,239,19,383,150
1803,145,10,179,197
1804,271,4,903,151
1805,366,5,825,70
1806,297,19,768,38
1807,150,25,928,48
1808,61,6,894,67
1809,395,14,504,99
1810,291,16,623,127
1811,97,12,294,176
1812,193,16,347,98
1813,41,11,494,110
1814,254,19,446,116
1815,495,7,942,62
1816,221,19,228,180
1817,297,10,763,163
1818,56,14,781,86
1819,439,9,223,130
1820,338,14,918,89
1821,43,22,342,110
1822,168,9,697,115
1823,342,23,365,72
1824,169,21,861,36
1825,184,25,647,89
1826,214,18,30,166
1827,474,11,236,106
1828,248,12,158,53
1829,100,1,240,167
1830,491,7,352,85
1831,243,15,563,154
1832,167,6,922,168
1833,136,3,464,30
1834,381,4,490,193
1835,35,15,850,21
1836,293,13,779,62
1837,364,21,52,123
1838,143,11,216,21
1839,84,22,815,45
1840,136,5,172,170
1841,185,24,926,41
1842,200,9,969,139
1843,429,11,707,139
1844,128,5,132,83
1845,51,3,746,172
1846,188,7,490,117
1847,93,16,303,37
1848,334,14,393,189
1849,15,22,664,115
1850,423,25,183,139
1851,205,19,601,127
1852,260,1,278,169
1853,361,2,749,98
1854,196,9,822,93
1855,72,3,496,140
1856,379,8,50,184
1857,310,3,104,133
1858,302,21,823,175
1859,329,23,705,21
1860,133,13,879,160
1861,449,25,950,80
1862,401,9,219,88
1863,246,23,434,85
1864,293,19,697,78
1865,485,5,793,25
1866,481,23,15,196
1867,146,1,659,33
1868,16,8,842,95
1869,236,6,51,110
1870,115,21,422,40
1871,317,11,351,157
1872,99,11,134,110
1873,408,1,411,95
1874,82,16,420,154
1875,78,21,804,93
1876,412,5,611,93
1877,224,9,373,58
1878,53,8,947,102
1879,121,10,981,24
1880,179,1,974,44
1881,489,9,245,63
1882,273,9,253,68
1883,433,11,351,26
1884,295,5,622,42
1885,50,18,325,93
1886,38,2,838,90
1887,160,2,787,138
1888,368,25,503,152
1889,51,6,690,57
1890,248,13,861,63
1891,481,5,135,97
1892,467,22,712,87
1893,390,18,160,27
1894,40,20,212,114
1895,82,15,311,144
1896,62,10,135,167
1897,256,14,374,161
1898,394,14,441,175
1899,297,11,525,78
1900,217,5,890,116
1901,204,20,234,164
1902,11,20,431,63
1903,388,25,861,108
1904,364,19,972,36
1905,177,18,161,135
1906,345,23,90,86
1907,289,11,82,79
1908,425,11,567,135
1909,206,8,25,112
1910,326,23,697,27
1911,253,9,74,182
1912,437,24,493,132
1913,180,22,108,86
1914,54,14,331,65
1915,479,6,884,145
1916,379,23,93,138
1917,200,19,839,61
1918,449,16,792,41
1919,375,12,155,102
1920,421,14,197,144
1921,287,3,912,139
1922,222,2,375,169
1923,251,14,159,24
1924,294,2,482,170
1925,364,17,594,72
1926,37,5,360,171
1927,136,11,331,184
1928,474,15,428,90
1929,164,2,531,147
1930,35,8,796,122
1931,136,24,253,57
1932,93,1,243,57
1933,242,5,497,159
1934,430,6,619,32
1935,342,12,164,92
1936,263,17,873,48
1937,62,8,929,89
1938,443,3,555,77
1939,473,21,344,177
1940,165,20,87,110
1941,480,6,812,55
1942,22,19,297,69
1943,119,12,611,63
1944,406,18,317,113
1945,179,3,427,118
1946,495,18,732,23
1947,256,18,789,125
1948,391,15,423,178
1949,426,24,685,165
1950,281,6,831,196
1951,171,13,116,136
1952,266,3,290,63
1953,205,22,984,132
1954,149,18,835,129
1955,419,21,244,191
1956,20,19,373,52
1957,63,22,725,178
1958,374,2,38,82
1959,418,20,703,103
1960,447,19,591,60
1961,258,2,348,191
1962,125,22,885,175
1963,290,13,855,58
1964,486,3,846,46
1965,422,12,17,198
1966,68,11,790,48
1967,240,4,336,111
1968,462,13,773,164
1969,70,10,426,126
1970,26,23,160,128
1971,343,1,900,178
1972,458,15,277,130
1973,277,7,151,46
1974,439,5,780,160
1975,435,10,400,89
1976,316,4,889,139
1977,224,20,618,169
1978,311,3,311,122
1979,271,17,191,56
1980,121,17,275,128
1981,349,10,954,75
1982,452,18,297,84
1983,282,23,96,135
1984,372,18,969,198
1985,481,21,197,28
1986,146,25,890,45
1987,363,9,799,137
1988,414,3,875,188
1989,486,13,303,153
1990,450,23,810,176
1991,274,16,12,129
1992,132,2,936,114
1993,89,5,604,151
1994,88,13,937,124
1995,116,7,211,139
1996,446,7,602,29
1997,32,25,526,133
1998,61,15,175,126
1999,301,6,224,67
2000,402,11,198,70
2001,57,13,617,186
2002,135,18,803,28
2003,439,21,189,170
2004,165,21,279,103
2005,429,3,965,88
2006,421,25,465,47
2007,62,17,905,106
2008,56,4,65,31
2009,140,20,619,97
2010,430,5,296,82
2011,8,1,384,30
2012,431,20,273,152
2013,44,18,891,52
2014,376,12,234,199
2015,209,8,688,197
2016,445,20,813,169
2017,263,19,81,126
2018,21,4,401,161
2019,458,14,978,111
2020,305,8,848,140
2021,330,6,452,134
2022,451,5,762,126
2023,91,13,893,76
2024,219,6,266,188
2025,66,16,567,21
2026,166,4,615,164
2027,91,15,88,61
2028,100,22,218,196
2029,491,21,219,28
2030,459,6,832,108
2031,227,15,995,30
2032,374,14,553,58
2033,109,15,608,99
2034,34,2,448,66
2035,433,23,761,85
2036,65,23,26,154
2037,219,7,395,149
2038,223,22,673,126
2039,116,1,347,93
2040,215,25,1000,83
2041,245,7,637,97
2042,60,17,943,114
2043,251,8,722,189
2044,280,11,145,26
2045,356,7,291,95
2046,456,17,588,152
2047,234,2,212,143
2048,301,2,814,142
2049,115,10,409,24
2050,350,24,392,189
2051,363,22,980,31
2052,242,4,304,104
2053,100,9,964,45
2054,355,24,681,103
2055,202,15,717,70
2056,2,13,167,122
2057,216,5,578,170
2058,171,14,230,147
2059,85,5,529,32
2060,123,4,851,21
2061,242,10,313,71
2062,83,5,908,195
2063,234,19,810,44
2064,225,6,734,24
2065,426,5,331,168
2066,272,5,415,74
2067,302,24,713,162
2068,482,20,356,90
2069,179,22,667,147
2070,126,17,998,98
2071,243,21,10,20
2072,268,25,110,72
2073,30,1,677,121
2074,397,12,713,131
2075,52,6,41,167
2076,105,24,924,143
2077,491,11,614,121
2078,180,23,455,69
2079,182,23,710,142
2080,378,16,955,45
2081,419,19,438,54
2082,468,1,312,28
2083,352,18,545,186
2084,164,18,772,124
2085,202,14,88,160
2086,27,10,51,84
2087,25,8,649,22
2088,290,14,852,57
2089,379,17,578,47
2090,184,9,237,21
2091,282,11,989,42
2092,355,5,248,49
2093,248,19,95,140
2094,340,22,327,50
2095,71,16,465,166
2096,478,14,869,74
2097,139,10,187,97
2098,211,4,713,141
2099,144,2,231,44
2100,227,14,317,48
2101,35,3,891,87
2102,146,15,422,52
2103,9,5,82,140
2104,428,8,648,43
2105,295,19,220,90
2106,44,9,493,57
2107,298,23,420,159
2108,269,19,468,119
2109,201,15,290,62
2110,52,8,20,171
2111,120,13,1000,112
2112,149,12,68,128
2113,48,4,398,102
2114,457,3,224,116
2115,18,21,280,151
2116,119,23,811,192
2117,144,7,282,154
2118,67,7,59,72
2119,257,25,137,160
2120,254,23,419,192
2121,42,17,229,94
2122,166,3,237,183
2123,235,9,961,103
2124,370,12,477,160
2125,457,1,596,146
2126,324,4,540,136
2127,310,25,448,73
2128,291,13,173,89
2129,425,21,643,72
2130,327,22,626,147
2131,267,5,882,52
2132,345,9,461,122
2133,436,25,471,111
2134,380,7,112,163
2135,196,7,714,163
2136,96,4,279,83
2137,80,24,412,159
2138,355,10,815,36
2139,145,16,940,49
2140,285,25,905,199
2141,238,24,870,93
2142,478,11,722,158
2143,33,14,863,113
2144,293,7,677,112
2145,344,7,883,197
2146,301,1,579,64
2147,458,23,842,65
2148,427,22,572,182
2149,196,15,951,145
2150,282,3,375,49
2151,284,5,659,82
2152,14,5,983,142
2153,170,3,224,156
2154,251,21,893,66
2155,477,20,862,94
2156,221,4,171,115
2157,294,22,716,56
2158,67,18,875,185
2159,292,21,595,153
2160,106,24,730,112
2161,244,12,810,193
2162,497,25,222,108
2163,110,23,769,73
2164,175,1,825,126
2165,122,24,967,75
2166,46,6,408,75
2167,36,7,282,167
2168,244,20,584,199
2169,18,7,514,24
2170,91,10,550,132
2171,249,2,289,92
2172,235,11,323,57
2173,482,4,558,22
2174,192,10,239,194
2175,439,8,972,120
2176,72,24,36,182
2177,4,16,290,188
2178,462,12,235,101
2179,148,25,653,33
2180,232,12,162,159
2181,113,4,175,72
2182,64,14,487,24
2183,100,14,707,187
2184,129,15,256,166
2185,330,9,406,67
2186,453,20,229,31
2187,305,21,688,71
2188,41,13,277,195
2189,399,2,818,122
2190,337,12,18,73
2191,270,24,470,131
2192,219,22,934,177
2193,123,21,72,122
2194,110,5,885,168
2195,460,6,897,40
2196,201,15,725,69
2197,420,23,642,90
2198,433,6,644,127
2199,130,16,450,125
2200,340,9,448,194
2201,58,15,665,133
2202,275,13,100,169
2203,104,7,759,26
2204,77,4,681,66
2205,265,13,36,195
2206,235,2,567,134
2207,24,16,426,71
2208,193,14,411,137
2209,2,20,109,26
2210,253,24,473,69
2211,278,24,342,60
2212,288,14,806,167
2213,306,8,307,25
2214,112,16,774,71
2215,452,17,996,164
2216,460,5,113,56
2217,397,14,446,50
2218,337,1,799,161
2219,62,12,249,166
2220,379,8,765,181
2221,343,25,280,111
2222,469,21,546,157
2223,426,21,381,73
2224,32,22,547,22
2225,158,17,222,103
2226,98,4,821,179
2227,153,5,977,77
2228,279,7,328,196
2229,55,19,262,186
2230,397,25,398,124
2231,6,10,882,114
2232,207,24,916,30
2233,169,17,40,133
2234,164,3,349,187
2235,174,3,929,166
2236,494,4,667,22
2237,460,22,931,122
2238,391,17,477,132
2239,361,7,357,56
2240,309,20,968,155
2241,13,12,659,63
2242,89,13,355,91
2243,410,8,614,66
2244,128,20,868,154
2245,423,25,51,160
2246,341,17,530,138
2247,458,24,859,99
2248,492,10,30,119
2249,247,17,911,98
2250,213,22,352,89
2251,307,3,275,169
2252,46,20,196,185
2253,224,11,946,47
2254,322,2,736,23
2255,145,1,821,169
2256,418,24,506,143
2257,278,9,992,154
2258,169,2,38,168
2259,435,12,433,109
2260,97,19,380,127
2261,330,9,307,181
2262,268,22,804,60
2263,62,5,469,186
2264,473,2,366,46
2265,112,3,481,163
2266,258,23,667,27
2267,288,6,586,72
2268,222,17,18,159
2269,242,14,77,101
2270,370,25,598,167
2271,18,10,451,174
2272,482,12,259,26
2273,152,18,960,22
2274,220,17,336,73
2275,49,18,356,149
2276,433,4,236,61
2277,339,14,356,21
2278,470,6,794,75
2279,479,22,56,147
2280,278,7,763,149
2281,132,16,381,138
2282,260,2,477,177
2283,128,18,704,38
2284,9,16,558,116
2285,370,4,133,198
2286,316,4,374,99
2287,219,1,340,155
2288,1,7,621,194
2289,315,5,53,124
2290,419,19,653,49
2291,465,18,332,77
2292,31,20,755,49
2293,29,20,167,23
2294,456,11,17,23
2295,440,20,559,161
2296,313,11,648,144
2297,466,24,394,80
2298,155,6,543,73
2299,34,20,872,145
2300,79,18,992,40
2301,98,3,718,40
2302,197,20,274,112
2303,247,21,53,55
2304,61,20,433,26
2305,258,14,253,184
2306,36,11,317,89
2307,84,12,416,121
2308,238,5,525,191
2309,377,14,622,165
2310,397,19,250,109
2311,76,3,917,25
2312,394,12,665,200
2313,176,5,341,139
2314,162,24,406,145
2315,68,20,762,113
2316,206,22,78,186
2317,194,6,778,171
2318,199,18,560,26
2319,309,21,954,71
2320,477,2,639,100
2321,387,6,510,56
2322,67,15,880,178
2323,291,6,115,39
2324,27,17,886,151
2325,38,16,197,73
2326,347,10,326,178
2327,492,25,842,125
2328,128,21,982,192
2329,311,12,111,174
2330,234,13,171,133
2331,187,24,900,164
2332,151,14,49,147
2333,347,15,531,199
2334,32,6,617,115
2335,493,9,550,36
2336,17,13,362,139
2337,87,25,592,26
2338,68,16,672,199
2339,464,5,588,59
2340,159,8,209,101
2341,419,21,883,139
2342,457,2,339,134
2343,155,23,612,200
2344,267,14,437,65
2345,148,15,777,102
2346,261,22,653,36
2347,154,16,273,200
2348,380,23,747,126
2349,33,14,662,34
2350,216,16,231,79
2351,99,2,598,138
2352,351,8,576,114
2353,307,3,766,22
2354,16,11,430,64
2355,337,16,722,191
2356,481,10,145,97
2357,128,17,355,157
2358,448,3,87,189
2359,251,12,553,117
2360,49,14,22,104
2361,24,14,138,162
2362,499,23,339,73
2363,18,10,524,102
2364,232,9,926,94
2365,221,23,48,33
2366,268,15,304,197
2367,160,3,370,196
2368,120,3,178,153
2369,148,19,437,52
2370,204,9,580,135
2371,106,19,70,198
2372,219,12,712,21
2373,74,21,89,146
2374,193,10,604,25
2375,490,8,346,161
2376,251,22,73,105
2377,93,20,198,55
2378,441,25,469,94
2379,363,25,127,141
2380,306,17,852,21
2381,175,1,112,127
2382,389,9,134,131
2383,100,4,580,178
2384,203,2,193,121
2385,370,2,724,141
2386,65,24,171,194
2387,6,5,418,195
2388,213,23,341,180
2389,287,5,258,144
2390,450,8,56,119
2391,301,5,704,136
2392,163,5,775,168
2393,356,14,251,129
2394,253,13,603,37
2395,192,11,357,180
2396,330,25,432,123
2397,464,10,237,113
2398,50,1,349,46
2399,277,5,948,155
2400,150,4,753,55
2401,78,1,104,158
2402,213,11,405,114
2403,43,19,262,107
2404,479,6,624,130
2405,476,7,387,187
2406,183,13,561,127
2407,108,16,71,35
2408,47,18,255,150
2409,41,21,224,21
2410,174,23,812,69
2411,422,10,600,87
2412,483,7,305,132
2413,113,18,797,160
2414,400,1,320,121
2415,244,24,174,72
2416,218,2,27,200
2417,376,14,775,91
2418,369,14,775,184
2419,336,16,935,186
2420,168,2,769,134
2421,6,24,377,153
2422,383,15,488,149
2423,434,4,25,107
2424,424,25,843,49
2425,391,5,448,68
2426,221,8,471,172
2427,471,1,737,128
2428,354,18,378,51
2429,189,7,235,140
2430,42,24,733,32
2431,322,18,925,112
2432,495,24,260,140
2433,256,12,17,72
2434,376,14,454,153
2435,347,11,843,178
2436,234,23,629,139
2437,484,8,251,71
2438,415,12,58,52
2439,83,17,486,191
2440,397,19,507,63
2441,207,1,703,106
2442,67,18,336,39
2443,372,24,249,59
2444,283,9,272,47
2445,366,18,983,85
2446,198,10,395,25
2447,301,17,343,56
2448,172,6,752,185
2449,460,12,605,114
2450,102,10,744,152
2451,458,11,741,30
2452,295,19,954,174
2453,343,23,823,21
2454,287,22,416,123
2455,181,8,76,45
2456,251,3,820,92
2457,319,11,114,100
2458,312,17,347,116
2459,308,7,303,145
2460,40,4,889,186
2461,225,23,352,91
2462,371,12,61,26
2463,379,6,114,94
2464,187,4,376,153
2465,290,3,465,67
2466,366,15,359,125
2467,493,4,467,155
2468,234,4,304,88
2469,395,7,793,73
2470,379,25,857,109
2471,99,12,979,122
2472,188,15,611,113
2473,440,21,752,174
2474,484,5,391,199
2475,6,2,93,38
2476,355,22,305,67
2477,392,17,45,164
2478,212,6,885,119
2479,131,9,565,151
2480,460,25,837,30
2481,457,14,168,115
2482,260,21,281,152
2483,75,18,62,102
2484,71,25,634,58
2485,405,18,332,78
2486,462,18,117,107
2487,392,16,836,151
2488,264,15,571,138
2489,435,10,940,168
2490,177,18,429,166
2491,337,16,818,43
2492,207,18,184,67
2493,220,5,445,195
2494,430,10,825,155
2495,25,25,550,159
2496,99,18,796,25
2497,92,21,57,95
2498,11,9,530,81
2499,319,11,511,48
2500,289,24,470,38
2501,386,25,275,182
2502,269,2,451,198
2503,10,17,17,94
2504,178,5,126,122
2505,306,17,982,110
2506,181,24,104,150
2507,123,16,636,69
2508,235,7,431,62
2509,448,15,708,157
2510,369,19,467,130
2511,30,16,323,46
2512,50,8,243,161
2513,69,3,788,147
2514,209,15,698,105
2515,404,4,190,46
2516,5,14,597,89
2517,457,3,408,83
2518,236,17,69,139
2519,483,3,378,33
2520,365,10,339,173
2521,322,2,929,126
2522,450,20,137,135
2523,106,9,316,111
2524,484,20,626,78
2525,36,25,672,91
2526,265,21,229,108
2527,415,6,430,80
2528,197,4,598,83
2529,236,23,120,191
2530,468,1,688,180
2531,65,9,179,92
2532,151,7,322,148
2533,330,19,141,104
2534,125,17,659,55
2535,407,12,106,164
2536,289,10,952,141
2537,401,17,899,93
2538,134,20,116,136
2539,476,4,807,176
2540,337,22,153,153
2541,76,20,193,59
2542,364,24,701,99
2543,397,19,995,147
2544,210,18,812,62
2545,126,20,360,144
2546,285,19,1000,40
2547,239,5,401,188
2548,314,15,459,28
2549,372,4,776,160
2550,341,16,111,68
2551,306,8,54,67
2552,147,6,622,111
2553,297,10,108,82
2554,490,20,748,114
2555,487,20,168,49
2556,36,7,683,130
2557,262,2,173,130
2558,156,20,814,66
2559,69,24,412,80
2560,45,3,982,192
2561,166,4,736,59
2562,160,18,416,85
2563,61,16,721,65
2564,285,1,25,144
2565,263,13,823,153
2566,499,22,196,187
2567,458,15,979,111
2568,500,23,770,164
2569,143,4,87,81
2570,417,18,557,84
2571,226,7,419,51
2572,154,1,12,118
2573,473,4,860,27
2574,333,22,965,116
2575,135,25,524,188
2576,232,13,641,98
2577,345,13,77,150
2578,128,19,833,54
2579,470,25,354,169
2580,324,10,911,171
2581,30,2,847,138
2582,374,21,311,112
2583,317,5,318,126
2584,58,12,65,114
2585,269,17,999,176
2586,368,14,162,168
2587,329,20,140,45
2588,438,15,409,190
2589,332,23,28,113
2590,258,12,15,101
2591,184,2,48,137
2592,138,19,499,122
2593,187,8,41,173
2594,146,18,231,110
2595,353,10,168,162
2596,293,18,317,107
2597,103,2,587,118
2598,7,15,118,32
2599,142,15,983,45
2600,423,9,474,161
2601,39,15,75,119
2602,21,24,383,182
2603,316,22,904,42
2604,169,3,132,85
2605,397,19,425,194
2606,243,24,208,71
2607,196,19,626,160
2608,166,18,269,38
2609,294,20,514,93
2610,322,18,973,126
2611,232,11,524,194
2612,196,17,434,190
2613,481,7,890,47
2614,4,7,752,44
2615,299,20,734,44
2616,29,13,826,100
2617,71,18,634,163
2618,453,18,884,176
2619,381,19,303,114
2620,211,5,915,110
2621,369,3,921,45
2622,4,4,259,182
2623,73,12,666,192
2624,78,9,982,138
2625,373,16,805,120
2626,337,12,720,107
2627,289,11,475,145
2628,205,22,964,163
2629,468,4,402,191
2630,425,19,372,80
2631,351,12,984,175
2632,226,13,556,41
2633,29,14,236,185
2634,259,10,195,55
2635,304,18,687,20
2636,454,19,364,30
2637,128,22,920,45
2638,294,19,383,53
2639,428,9,505,183
2640,208,23,725,171
2641,175,4,744,176
2642,484,18,751,60
2643,485,18,545,193
2644,273,22,168,74
2645,111,23,320,117
2646,1,13,147,91
2647,237,22,624,52
2648,188,6,749,113
2649,320,19,19,122
2650,203,7,576,144
2651,335,11,680,112
2652,228,8,359,49
2653,178,5,157,166
2654,150,10,651,161
2655,144,1,767,68
2656,369,18,918,49
2657,426,17,337,142
2658,49,20,925,125
2659,362,8,852,123
2660,334,19,208,101
2661,181,6,544,158
2662,157,14,20,55
2663,410,24,86,116
2664,139,10,473,162
2665,148,12,825,132
2666,430,23,909,124
2667,199,21,232,105
2668,127,20,258,130
2669,336,7,884,187
2670,397,12,932,186
2671,231,2,540,73
2672,470,6,16,96
2673,245,8,352,138
2674,347,6,896,44
2675,156,11,377,82
2676,281,12,820,97
2677,289,20,443,121
2678,243,10,92,161
2679,203,6,587,98
2680,78,13,490,75
2681,394,18,464,117
2682,398,5,206,177
2683,141,1,486,181
2684,485,13,687,103
2685,349,10,798,21
2686,33,6,32,149
2687,100,14,894,181
2688,339,22,23,59
2689,180,13,637,63
2690,402,20,217,145
2691,283,17,501,189
2692,483,24,829,166
2693,219,22,224,87
2694,499,10,676,59
2695,317,19,290,67
2696,199,7,974,58
2697,245,21,707,159
2698,470,24,804,101
2699,424,3,543,109
2700,50,20,129,100
2701,175,24,969,142
2702,161,20,81,194
2703,198,21,957,169
2704,199,21,857,109
2705,90,24,11,90
2706,152,14,790,49
2707,168,18,940,121
2708,35,1,269,35
2709,273,14,144,44
2710,234,14,415,200
2711,364,3,530,101
2712,90,23,483,32
2713,204,10,730,163
2714,325,4,541,197
2715,291,10,460,47
2716,346,3,418,78
2717,324,12,323,95
2718,17,10,600,175
2719,107,2,641,127
2720,380,5,685,126
2721,469,7,462,33
2722,343,25,226,140
2723,43,5,222,94
2724,384,22,913,196
2725,238,5,280,33
2726,466,11,936,113
2727,472,18,651,111
2728,353,3,55,152
2729,193,19,964,89
2730,79,25,269,76
2731,143,8,433,162
2732,208,24,572,136
2733,155,7,59,177
2734,332,2,720,151
2735,76,10,681,53
2736,80,16,541,103
2737,198,12,902,81
2738,115,7,106,44
2739,306,20,367,126
2740,41,5,908,133
2741,183,15,430,79
2742,277,14,935,109
2743,339,7,831,74
2744,136,3,536,181
2745,103,15,69,153
2746,335,8,728,87
2747,493,20,706,184
2748,64,13,252,39
2749,438,25,570,97
2750,196,25,632,93
2751,431,6,445,71
2752,393,11,704,101
2753,20,8,264,140
2754,346,7,435,190
2755,123,17,116,137
2756,419,5,451,123
2757,268,22,491,92
2758,486,10,112,101
2759,42,6,320,156
2760,172,16,913,123
2761,48,16,936,54
2762,184,16,441,34
2763,107,20,362,117
2764,242,1,890,190
2765,444,24,201,147
2766,356,23,110,22
2767,73,25,698,98
2768,42,5,404,93
2769,91,5,394,53
2770,323,14,173,100
2771,489,2,379,178
2772,385,2,518,124
2773,328,8,880,200
2774,2,14,595,110
2775,459,15,280,142
2776,307,3,594,21
2777,430,1,802,85
2778,470,23,993,143
2779,116,9,369,167
2780,236,6,124,171
2781,352,1,627,73
2782,233,4,20,73
2783,176,20,619,93
2784,70,23,846,24
2785,296,15,797,25
2786,71,13,318,179
2787,451,10,322,178
2788,470,2,423,90
2789,299,18,858,101
2790,373,25,889,98
2791,90,23,15,133
2792,265,20,799,66
2793,183,18,452,107
2794,72,22,655,42
2795,288,22,891,185
2796,467,13,770,39
2797,186,24,486,85
2798,448,12,890,141
2799,427,18,146,141
2800,399,18,410,117
2801,193,8,259,84
2802,55,21,682,142
2803,64,3,15,123
2804,479,22,817,190
2805,185,14,949,181
2806,378,12,328,52
2807,279,18,965,34
2808,124,24,560,39
2809,80,25,450,45
2810,333,12,585,62
2811,175,11,141,160
2812,426,1,563,50
2813,300,11,590,90
2814,384,10,209,116
2815,76,3,469,62
2816,66,25,241,75
2817,23,10,788,55
2818,472,18,149,21
2819,105,21,59,188
2820,479,22,165,155
2821,461,1,401,79
2822,108,14,768,49
2823,340,8,297,183
2824,457,9,70,176
2825,95,18,133,35
2826,255,3,226,99
2827,348,1,122,39
2828,298,22,510,105
2829,217,10,150,127
2830,337,13,496,26
2831,33,20,691,29
2832,406,6,791,80
2833,487,20,871,22
2834,441,2,768,118
2835,204,2,954,179
2836,273,11,111,62
2837,385,21,489,179
2838,258,21,443,72
2839,144,5,841,70
2840,288,11,966,75
2841,211,16,822,75
2842,126,16,251,110
2843,388,2,410,114
2844,158,4,26,127
2845,474,13,975,173
2846,250,9,339,39
2847,293,19,961,80
2848,149,4,442,124
2849,19,3,428,140
2850,16,10,825,30
2851,321,16,118,130
2852,348,8,528,32
2853,453,13,499,86
2854,19,9,94,90
2855,360,15,934,31
2856,219,23,487,185
2857,267,18,610,132
2858,245,20,251,138
2859,385,20,573,149
2860,319,17,878,76
2861,107,9,622,192
2862,80,24,224,155
2863,151,10,842,59
2864,422,5,432,92
2865,127,7,827,131
2866,97,3,62,91
2867,18,17,17,184
2868,274,3,659,105
2869,251,17,515,91
2870,470,25,194,133
2871,200,19,67,80
2872,211,15,269,83
2873,163,10,696,25
2874,67,2,372,190
2875,59,17,591,84
2876,308,17,734,197
2877,81,1,749,101
2878,272,3,565,105
2879,261,22,551,169
2880,448,7,911,139
2881,500,11,700,46
2882,420,25,703,65
2883,312,3,465,40
2884,183,2,935,127
2885,128,22,393,107
2886,88,1,458,124
2887,42,23,798,45
2888,240,15,421,26
2889,232,14,236,188
2890,126,25,775,132
2891,371,15,13,71
2892,219,19,260,82
2893,476,20,239,97
2894,82,24,374,177
2895,423,23,183,32
2896,296,15,510,193
2897,413,11,663,110
2898,154,16,15,79
2899,177,2,263,34
2900,277,3,99,58
2901,32,13,303,117
2902,405,6,710,148
2903,259,8,188,78
2904,467,22,109,198
2905,242,9,144,52
2906,171,6,531,48
2907,188,13,61,100
2908,211,3,863,42
2909,228,19,594,35
2910,83,20,373,40
2911,326,6,782,165
2912,259,22,1000,182
2913,231,4,29,125
2914,94,5,936,20
2915,387,11,398,54
2916,223,3,969,112
2917,415,11,203,177
2918,336,14,720,163
2919,72,9,682,197
2920,311,15,494,176
2921,19,10,595,113
2922,245,21,173,159
2923,492,5,433,50
2924,306,18,164,180
2925,492,16,203,108
2926,123,15,317,116
2927,395,23,849,59
2928,235,15,592,166
2929,356,17,957,59
2930,245,18,32,32
2931,471,5,945,173
2932,427,24,929,163
2933,54,19,716,107
2934,112,22,490,122
2935,479,12,496,70
2936,466,16,239,195
2937,371,14,876,139
2938,368,5,259,76
2939,322,14,996,175
2940,402,25,915,34
2941,137,11,598,78
2942,84,10,540,165
2943,384,24,752,108
2944,482,5,415,162
2945,476,7,499,185
2946,377,18,550,176
2947,251,8,946,31
2948,395,10,378,40
2949,121,8,348,48
2950,305,10,937,102
2951,206,9,576,67
2952,276,13,251,59
2953,146,7,328,139
2954,241,15,776,135
2955,116,24,856,155
2956,276,6,353,198
2957,389,5,202,24
2958,380,22,866,192
2959,457,18,211,57
2960,57,12,537,151
2961,155,17,434,25
2962,454,17,713,157
2963,94,11,326,29
2964,448,21,658,122
2965,437,7,429,156
2966,117,19,454,26
2967,185,3,377,25
2968,65,4,718,34
2969,329,24,863,58
2970,388,8,227,176
2971,498,12,984,81
2972,35,5,246,37
2973,108,4,500,92
2974,162,17,265,113
2975,372,3,239,89
2976,52,11,552,84
2977,141,3,950,85
2978,412,9,618,57
2979,488,11,770,191
2980,5,10,784,30
2981,170,13,451,172
2982,182,2,570,28
2983,237,11,376,170
2984,115,9,919,22
2985,198,14,253,154
2986,75,22,226,51
2987,380,7,296,62
2988,242,13,668,153
2989,474,21,287,64
2990,237,17,575,37
2991,328,6,917,38
2992,178,6,598,42
2993,342,1,448,122
2994,10,15,177,140
2995,224,5,101,45
2996,447,25,296,86
2997,174,18,507,135
2998,389,4,980,117
2999,130,11,519,145
3000,216,18,434,188
3001,370,15,116,175
3002,478,18,636,51
3003,133,13,939,183
3004,295,23,598,187
3005,14,7,49,20
3006,319,22,691,51
3007,177,4,87,193
3008,13,21,310,102
3009,8,17,436,145
3010,152,1,183,57
3011,40,12,362,89
3012,242,6,325,59
3013,147,14,185,106
3014,371,13,720,101
3015,155,12,389,159
3016,339,15,143,28
3017,303,7,372,146
3018,461,25,94,159
3019,272,17,290,151
3020,378,17,900,53
3021,458,10,952,75
3022,123,8,802,176
3023,364,10,827,170
3024,45,24,492,56
3025,189,20,340,196
3026,314,1,233,91
3027,310,23,672,78
3028,214,2,997,41
3029,443,4,134,161
3030,139,18,294,186
3031,24,2,497,166
3032,141,23,393,198
3033,222,16,721,133
3034,94,7,910,77
3035,327,25,461,40
3036,83,8,120,50
3037,321,1,330,186
3038,81,3,170,184
3039,23,19,859,115
3040,123,2,248,87
3041,170,8,389,190
3042,316,7,639,137
3043,363,4,852,138
3044,5,21,306,58
3045,85,10,282,78
3046,81,6,259,47
3047,285,15,688,180
3048,144,7,590,49
3049,186,2,592,200
3050,471,22,639,82
3051,47,24,553,157
3052,328,2,630,20
3053,484,8,640,123
3054,86,8,215,173
3055,30,13,939,34
3056,338,25,111,66
3057,497,18,454,173
3058,97,14,971,27
3059,151,8,651,170
3060,363,14,46,144
3061,472,6,175,100
3062,21,6,681,114
3063,130,7,319,72
3064,73,17,496,92
3065,205,9,470,40
3066,173,4,396,181
3067,356,5,495,159
3068,7,12,601,155
3069,211,22,275,183
3070,124,9,641,185
3071,141,5,21,24
3072,258,22,775,120
3073,486,13,783,30
3074,174,8,895,24
3075,487,5,613,28
3076,35,22,929,34
3077,44,4,331,76
3078,54,6,40,193
3079,146,18,543,147
3080,241,24,418,75
3081,334,18,978,193
3082,406,22,656,73
3083,418,21,131,112
3084,110,6,374,54
3085,99,11,473,115
3086,170,7,933,168
3087,329,7,805,62
3088,333,6,771,125
3089,45,22,49,42
3090,18,20,626,172
3091,301,3,909,188
3092,280,1,466,113
3093,283,7,955,52
3094,152,9,235,104
3095,319,16,696,145
3096,245,8,377,160
3097,341,3,561,40
3098,227,7,956,113
3099,62,18,490,31
3100,474,22,348,65
3101,258,24,823,166
3102,182,25,578,188
3103,234,13,186,108
3104,344,5,753,73
3105,169,6,981,124
3106,38,22,857,53
3107,364,12,602,117
3108,51,17,62,174
3109,436,9,29,117
3110,428,18,242,139
3111,405,6,532,110
3112,485,4,290,110
3113,406,12,663,165
3114,468,14,608,190
3115,304,25,135,38
3116,197,12,868,182
3117,109,7,87,45
3118,196,4,295,53
3119,2,7,895,163
3120,127,6,631,192
3121,98,2,98,144
3122,193,17,275,91
3123,150,22,861,155
3124,481,8,347,22
3125,358,15,921,192
3126,365,25,917,136
3127,2,17,407,24
3128,330,22,129,143
3129,67,23,715,146
3130,308,12,618,23
3131,371,10,257,159
3132,345,3,515,116
3133,238,8,181,149
3134,158,7,740,30
3135,352,17,50,89
3136,458,10,158,75
3137,248,1,956,159
3138,21,14,565,128
3139,100,13,265,61
3140,247,16,454,174
3141,178,23,681,185
3142,173,14,531,25
3143,397,22,360,139
3144,361,9,813,62
3145,62,14,868,68
3146,444,23,597,153
3147,165,12,957,175
3148,413,24,584,42
3149,340,18,886,62
3150,364,6,218,172
3151,26,25,211,188
3152,81,13,574,38
3153,333,10,605,97
3154,90,24,723,100
3155,192,24,920,89
3156,132,8,723,133
3157,475,15,643,128
3158,303,17,622,164
3159,415,12,789,24
3160,87,13,969,54
3161,173,11,293,80
3162,161,9,328,160
3163,484,6,968,120
3164,473,13,550,146
3165,65,20,554,133
3166,274,12,801,103
3167,128,6,70,40
3168,306,24,899,179
3169,334,21,272,103
3170,455,2,269,90
3171,182,20,663,91
3172,107,2,421,45
3173,196,17,191,30
3174,302,19,651,147
3175,473,25,152,152
3176,458,9,600,44
3177,136,5,343,128
3178,259,11,722,31
3179,46,20,122,125
3180,345,4,234,185
3181,60,20,436,118
3182,285,25,948,100
3183,192,20,876,188
3184,490,12,380,139
3185,242,24,397,42
3186,218,21,323,189
3187,22,9,759,54
3188,423,1,47,122
3189,195,6,596,90
3190,279,7,225,113
3191,333,8,266,111
3192,220,22,323,92
3193,17,20,307,117
3194,500,3,204,50
3195,281,13,897,200
3196,247,12,571,157
3197,192,4,418,66
3198,204,25,199,154
3199,225,15,178,26
3200,372,17,913,135
3201,207,24,741,142
3202,60,24,881,118
3203,95,13,545,183
3204,321,5,145,113
3205,70,5,770,34
3206,404,17,282,129
3207,162,2,886,193
3208,16,13,705,25
3209,131,3,480,111
3210,118,15,269,76
3211,268,12,264,110
3212,345,13,749,120
3213,435,12,583,122
3214,21,23,822,49
3215,97,3,791,107
3216,493,4,869,173
3217,155,25,425,123
3218,111,11,470,28
3219,134,12,715,106
3220,441,3,351,47
3221,467,17,54,126
3222,417,8,318,106
3223,142,13,668,54
3224,443,5,917,22
3225,162,19,964,166
3226,224,8,983,58
3227,261,7,828,124
3228,484,7,908,142
3229,416,21,954,81
3230,460,17,791,186
3231,201,18,181,199
3232,350,7,182,110
3233,338,13,601,196
3234,472,17,953,186
3235,142,20,715,106
3236,119,10,846,159
3237,480,20,103,121
3238,290,10,785,178
3239,42,15,867,91
3240,121,6,304,26
3241,184,11,705,85
3242,216,9,713,84
3243,134,20,179,126
3244,95,4,427,190
3245,349,16,461,98
3246,254,22,543,107
3247,203,5,126,64
3248,362,21,66,199
3249,392,8,60,117
3250,182,15,998,85
3251,270,13,651,24
3252,355,9,699,55
3253,287,10,412,125
3254,210,21,759,82
3255,334,22,561,163
3256,139,7,112,29
3257,274,17,612,91
3258,97,4,412,199
3259,128,20,324,56
3260,331,22,389,177
3261,322,15,998,127
3262,181,4,878,132
3263,344,8,986,110
3264,209,25,997,145
3265,18,24,711,46
3266,233,22,296,39
3267,2,4,114,55
3268,295,8,677,105
3269,30,13,499,139
3270,99,1,87,80
3271,451,8,331,156
3272,434,6,759,106
3273,19,23,230,191
3274,386,14,782,62
3275,300,9,265,55
3276,445,24,610,59
3277,478,23,955,54
3278,162,14,274,200
3279,16,20,255,52
3280,71,17,934,62
3281,214,22,823,177
3282,172,3,993,60
3283,247,9,664,170
3284,71,19,117,140
3285,112,15,617,56
3286,20,14,335,155
3287,365,7,808,150
3288,258,3,799,47
3289,446,15,488,98
3290,300,9,118,108
3291,41,7,482,180
3292,265,22,338,29
3293,482,5,323,179
3294,365,10,57,38
3295,17,25,656,147
3296,423,13,932,182
3297,472,19,927,191
3298,168,23,81,50
3299,299,17,830,98
3300,239,2,260,98
3301,151,6,415,121
3302,311,14,797,121
3303,427,15,823,158
3304,271,17,108,171
3305,227,5,550,193
3306,88,1,41,144
3307,498,19,301,36
3308,499,10,664,126
3309,92,1,931,102
3310,278,15,555,164
3311,136,13,592,77
3312,216,3,921,62
3313,256,7,309,53
3314,136,25,349,34
3315,51,23,808,153
3316,404,2,233,95
3317,397,14,928,70
3318,241,1,899,121
3319,58,1,229,195
3320,19,24,947,59
3321,266,24,241,169
3322,487,8,944,113
3323,134,5,181,22
3324,189,20,776,190
3325,50,7,125,56
3326,170,14,989,87
3327,352,7,350,127
3328,253,6,607,156
3329,499,19,479,45
3330,84,13,497,161
3331,325,19,403,138
3332,211,24,33,53
3333,470,6,861,26
3334,296,13,302,107
3335,388,4,600,146
3336,283,5,556,160
3337,181,15,594,30
3338,404,18,302,195
3339,139,10,289,89
3340,456,8,191,168
3341,462,24,240,173
3342,259,7,929,89
3343,220,18,269,21
3344,295,23,506,188
3345,87,11,169,150
3346,87,11,535,160
3347,166,21,923,145
3348,207,16,611,23
3349,235,8,563,135
3350,232,25,898,134
3351,375,24,434,102
3352,466,7,704,195
3353,223,2,917,192
3354,394,3,825,173
3355,311,10,315,144
3356,427,23,850,63
3357,355,24,143,127
3358,282,10,410,97
3359,265,7,298,57
3360,391,4,620,44
3361,279,15,850,116
3362,212,23,857,128
3363,169,11,46,168
3364,329,20,445,97
3365,64,4,502,59
3366,488,2,169,164
3367,358,8,13,118
3368,377,5,962,65
3369,447,2,844,178
3370,152,2,122,185
3371,41,10,894,35
3372,346,13,226,27
3373,53,25,357,197
3374,225,20,750,171
3375,421,25,692,134
3376,66,1,444,200
3377,197,11,707,134
3378,44,24,27,127
3379,173,16,356,178
3380,497,3,712,42
3381,482,25,510,61
3382,204,17,243,113
3383,282,8,456,103
3384,168,11,881,79
3385,383,25,234,37
3386,499,18,893,34
3387,377,11,724,130
3388,391,14,179,102
3389,353,16,707,167
3390,157,15,313,40
3391,132,17,272,24
3392,313,16,220,193
3393,93,21,774,60
3394,153,15,979,40
3395,111,14,712,58
3396,42,24,675,172
3397,427,14,576,190
3398,103,19,518,146
3399,137,10,845,143
3400,331,20,544,134
3401,446,10,138,136
3402,344,3,67,135
3403,471,15,437,172
3404,495,23,623,88
3405,9,25,343,35
3406,303,16,41,59
3407,237,22,670,79
3408,59,22,756,115
3409,328,12,344,156
3410,232,12,535,36
3411,343,10,988,91
3412,42,7,627,55
3413,369,20,758,198
3414,293,13,82,111
3415,208,5,42,72
3416,181,1,767,162
3417,193,7,803,26
3418,489,4,586,113
3419,249,9,602,166
3420,104,24,485,92
3421,351,13,733,65
3422,365,5,693,108
3423,413,7,308,183
3424,163,5,810,39
3425,303,12,830,93
3426,243,4,784,193
3427,170,18,223,103
3428,59,22,562,139
3429,296,6,519,125
3430,417,1,599,62
3431,349,7,430,24
3432,471,1,410,195
3433,256,3,599,151
3434,491,2,401,47
3435,133,20,674,133
3436,323,7,600,147
3437,453,8,266,31
3438,337,21,230,104
3439,351,25,804,77
3440,86,9,622,166
3441,133,3,897,21
3442,183,15,288,116
3443,145,25,836,49
3444,121,17,53,40
3445,122,10,343,75
3446,196,5,300,105
3447,1,19,373,199
3448,429,2,461,40
3449,110,10,343,130
3450,330,9,843,72
3451,221,22,188,105
3452,245,17,336,46
3453,133,12,18,62
3454,95,6,328,42
3455,339,10,270,115
3456,86,25,31,189
3457,91,5,847,113
3458,150,9,138,117
3459,267,12,283,58
3460,187,12,56,193
3461,288,22,520,164
3462,89,25,535,186
3463,301,12,467,83
3464,134,14,362,94
3465,376,3,777,34
3466,84,22,488,160
3467,274,1,423,93
3468,464,8,233,149
3469,371,25,327,174
3470,387,13,739,23
3471,178,6,329,22
3472,305,11,470,38
3473,177,16,276,101
3474,379,25,968,144
3475,443,20,824,189
3476,439,11,776,176
3477,85,17,621,139
3478,440,23,609,82
3479,125,24,325,85
3480,421,7,583,68
3481,39,7,640,109
3482,388,5,961,188
3483,317,18,731,156
3484,222,17,828,134
3485,249,11,245,49
3486,212,18,849,82
3487,183,23,563,169
3488,184,15,505,101
3489,132,7,448,57
3490,189,14,618,48
3491,53,2,529,200
3492,245,5,369,91
3493,255,15,277,120
3494,216,23,955,80
3495,374,10,611,172
3496,363,3,889,50
3497,346,6,342,79
3498,41,2,789,191
3499,134,20,387,179
3500,170,23,797,128
3501,203,18,660,161
3502,135,10,190,115
3503,383,22,483,149
3504,399,17,149,32
3505,201,6,858,80
3506,312,19,276,80
3507,19,18,391,79
3508,177,15,372,121
3509,446,24,408,107
3510,310,14,793,62
3511,450,17,538,81
3512,326,13,652,43
3513,22,23,665,84
3514,404,4,98,185
3515,457,6,948,33
3516,33,8,745,59
3517,479,8,632,173
3518,218,20,362,118
3519,120,12,686,76
3520,387,2,660,95
3521,333,20,133,118
3522,288,23,606,125
3523,129,16,218,95
3524,255,6,734,82
3525,306,14,721,197
3526,161,22,11,25
3527,233,7,715,53
3528,211,4,548,172
3529,58,17,237,197
3530,232,7,74,147
3531,206,25,391,119
3532,164,16,912,37
3533,40,22,955,40
3534,335,18,261,159
3535,494,17,903,55
3536,304,11,324,198
3537,374,1,341,183
3538,139,18,573,123
3539,149,25,800,121
3540,345,1,547,104
3541,423,11,549,91
3542,364,24,889,84
3543,336,20,465,169
3544,197,10,16,139
3545,135,12,616,94
3546,241,20,28,47
3547,57,3,360,115
3548,304,17,323,53
3549,447,10,312,83
3550,10,12,718,42
3551,300,23,280,130
3552,425,7,938,66
3553,367,2,72,70
3554,436,25,851,34
3555,165,8,333,67
3556,313,23,422,125
3557,491,5,74,198
3558,356,6,788,104
3559,64,14,765,68
3560,327,14,408,196
3561,210,19,332,177
3562,218,8,567,197
3563,415,21,597,116
3564,30,4,790,56
3565,242,2,741,139
3566,242,8,129,143
3567,81,6,94,161
3568,68,9,974,189
3569,290,24,237,99
3570,478,23,740,170
3571,385,22,744,176
3572,389,17,597,164
3573,199,23,16,84
3574,94,4,317,188
3575,295,16,506,73
3576,476,8,202,79
3577,394,9,804,36
3578,354,2,672,31
3579,31,8,857,123
3580,419,7,514,91
3581,383,16,247,107
3582,43,6,693,160
3583,41,17,999,71
3584,263,22,847,169
3585,47,17,389,161
3586,424,10,489,191
3587,273,1,311,85
3588,91,24,603,119
3589,374,2,512,103
3590,383,11,825,151
3591,82,8,302,48
3592,265,16,309,189
3593,158,4,606,46
3594,366,21,976,51
3595,3,18,824,29
3596,270,20,774,163
3597,314,17,103,142
3598,371,15,110,142
3599,48,16,387,168
3600,348,23,773,193
3601,446,5,728,39
3602,444,23,956,76
3603,398,1,244,20
3604,292,8,917,197
3605,13,24,884,53
3606,360,16,843,180
3607,354,2,380,67
3608,322,3,700,186
3609,470,4,132,115
3610,360,14,149,74
3611,456,23,299,83
3612,145,11,121,99
3613,167,16,787,145
3614,176,24,986,119
3615,29,12,365,130
3616,303,5,390,157
3617,63,7,869,68
3618,409,20,389,90
3619,35,10,840,166
3620,81,4,637,156
3621,186,8,485,73
3622,256,24,594,148
3623,297,9,71,75
3624,127,9,129,107
3625,16,21,499,31
3626,29,3,516,79
3627,26,19,286,103
3628,105,16,333,90
3629,303,8,490,37
3630,352,16,89,200
3631,430,17,656,88
3632,377,13,418,94
3633,487,23,882,195
3634,75,4,462,25
3635,145,1,342,141
3636,173,8,226,136
3637,215,1,555,122
3638,361,9,410,105
3639,489,12,614,197
3640,442,8,586,176
3641,211,13,848,163
3642,261,10,862,102
3643,412,1,667,196
3644,452,8,45,144
3645,387,7,644,191
3646,55,5,466,48
3647,88,9,851,24
3648,167,8,661,69
3649,55,4,396,41
3650,324,19,121,57
3651,45,12,607,158
3652,198,11,684,164
3653,334,5,505,193
3654,303,15,771,76
3655,202,19,613,55
3656,362,1,973,77
3657,321,1,336,51
3658,465,1,944,135
3659,401,8,155,59
3660,481,9,372,94
3661,55,12,507,178
3662,164,15,425,80
3663,207,4,932,174
3664,233,9,478,69
3665,475,13,585,22
3666,58,23,323,186
3667,226,2,340,60
3668,52,11,598,164
3669,228,1,644,120
3670,313,16,101,90
3671,455,22,426,180
3672,359,22,521,180
3673,25,12,390,95
3674,74,20,64,182
3675,263,8,791,26
3676,374,6,688,139
3677,253,6,176,177
3678,192,8,21,140
3679,433,18,256,85
3680,281,10,536,88
3681,207,18,344,97
3682,60,25,199,178
3683,227,9,31,107
3684,90,24,886,25
3685,34,4,210,188
3686,293,8,280,79
3687,24,24,89,44
3688,249,20,376,173
3689,487,21,859,61
3690,156,22,392,24
3691,70,13,464,91
3692,167,9,844,64
3693,256,13,41,69
3694,79,15,991,138
3695,500,3,953,140
3696,131,5,526,115
3697,92,7,263,60
3698,150,2,885,45
3699,266,6,25,195
3700,51,10,122,71
3701,385,12,86,57
3702,35,3,886,115
3703,230,15,519,37
3704,422,10,492,106
3705,145,4,270,157
3706,260,7,182,174
3707,325,7,632,41
3708,442,17,797,198
3709,433,20,928,120
3710,485,11,525,59
3711,203,23,376,155
3712,353,22,546,193
3713,172,21,688,137
3714,70,9,878,52
3715,66,18,411,184
3716,354,5,802,154
3717,359,20,467,116
3718,381,1,517,49
3719,433,12,871,61
3720,475,21,226,99
3721,278,8,565,28
3722,411,18,96,100
3723,376,7,325,30
3724,178,21,509,28
3725,411,2,472,200
3726,256,3,980,168
3727,360,12,551,82
3728,45,4,954,151
3729,231,9,625,129
3730,495,8,382,167
3731,118,3,339,191
3732,53,5,757,144
3733,108,15,854,121
3734,456,10,596,26
3735,132,20,788,194
3736,396,3,361,98
3737,447,2,952,39
3738,147,4,87,20
3739,342,18,322,167
3740,124,3,700,80
3741,22,15,811,129
3742,182,10,351,100
3743,362,3,985,71
3744,121,5,100,61
3745,339,20,272,132
3746,108,6,264,41
3747,409,16,628,113
3748,5,4,668,139
3749,131,7,593,162
3750,15,19,299,166
3751,66,24,713,110
3752,317,8,793,26
3753,32,8,423,188
3754,413,17,645,141
3755,66,13,679,150
3756,441,6,304,173
3757,142,18,32,75
3758,436,23,820,194
3759,295,16,849,34
3760,129,3,289,196
3761,259,13,113,121
3762,450,3,207,55
3763,418,3,110,162
3764,435,3,396,76
3765,27,13,415,126
3766,277,15,155,129
3767,341,3,954,69
3768,233,19,713,88
3769,372,5,399,127
3770,486,17,648,144
3771,351,23,707,54
3772,46,21,944,25
3773,373,13,526,40
3774,213,16,138,99
3775,205,9,436,134
3776,142,1,140,88
3777,122,22,790,32
3778,123,2,766,127
3779,346,10,190,140
3780,355,9,414,43
3781,91,2,808,54
3782,80,4,97,181
3783,10,8,828,122
3784,328,17,116,105
3785,331,21,267,84
3786,305,10,75,43
3787,201,16,859,69
3788,393,6,102,141
3789,12,17,639,50
3790,431,2,740,179
3791,82,10,960,176
3792,221,20,115,116
3793,150,1,459,158
3794,482,3,539,25
3795,287,2,373,60
3796,391,15,925,158
3797,165,9,645,155
3798,499,18,92,74
3799,453,12,566,22
3800,291,24,957,197
3801,235,6,824,96
3802,453,19,473,132
3803,88,1,278,170
3804,140,4,906,41
3805,173,13,650,129
3806,236,10,534,159
3807,51,21,334,126
3808,72,14,744,74
3809,9,2,371,22
3810,232,19,435,114
3811,252,20,835,153
3812,475,14,587,76
3813,147,19,534,165
3814,309,20,51,46
3815,107,24,447,76
3816,193,9,500,144
3817,294,5,988,199
3818,260,2,785,200
3819,327,7,738,82
3820,77,17,300,97
3821,336,17,597,63
3822,137,19,569,64
3823,407,14,322,197
3824,215,19,347,162
3825,312,23,613,26
3826,247,22,48,101
3827,332,1,357,102
3828,201,2,812,185
3829,286,5,87,197
3830,295,3,746,182
3831,461,1,982,77
3832,471,19,781,133
3833,395,24,549,141
3834,125,5,401,118
3835,399,14,962,124
3836,277,25,275,55
3837,268,22,181,190
3838,475,24,871,26
3839,255,2,904,22
3840,313,21,553,69
3841,356,17,779,198
3842,364,10,346,196
3843,391,14,824,114
3844,52,16,527,78
3845,136,8,622,149
3846,253,17,70,168
3847,460,14,743,145
3848,394,18,873,181
3849,207,10,709,98
3850,302,3,820,30
3851,158,24,125,194
3852,34,8,140,154
3853,242,5,50,163
3854,271,5,212,144
3855,157,5,840,86
3856,41,22,565,120
3857,365,6,415,157
3858,373,12,573,160
3859,451,12,327,111
3860,244,23,716,88
3861,356,15,453,149
3862,484,14,527,87
3863,134,9,472,64
3864,124,23,717,61
3865,182,7,24,75
3866,172,5,303,173
3867,153,7,188,60
3868,64,11,950,99
3869,56,6,784,190
3870,148,13,301,50
3871,367,10,153,69
3872,318,2,46,166
3873,240,20,798,30
3874,33,1,995,43
3875,381,24,929,100
3876,416,22,16,123
3877,134,23,876,30
3878,113,22,757,38
3879,348,15,680,117
3880,437,5,714,65
3881,12,19,684,130
3882,174,23,855,85
3883,263,14,252,164
3884,369,16,844,55
3885,407,2,184,112
3886,2,3,307,199
3887,351,25,53,89
3888,439,7,110,136
3889,446,20,346,33
3890,410,15,507,36
3891,473,24,509,171
3892,93,24,496,170
3893,246,15,562,183
3894,498,23,91,35
3895,179,12,136,88
3896,145,22,633,44
3897,226,17,700,168
3898,142,23,592,141
3899,276,1,635,107
3900,195,21,568,28
3901,45,18,82,159
3902,149,3,572,30
3903,487,10,667,182
3904,240,17,393,158
3905,131,6,504,111
3906,156,4,343,152
3907,136,13,326,20
3908,277,10,260,105
3909,469,3,247,173
3910,389,21,782,123
3911,422,4,404,62
3912,330,23,295,158
3913,138,25,120,48
3914,302,9,528,117
3915,196,12,815,48
3916,104,4,112,33
3917,254,24,480,149
3918,315,20,151,192
3919,116,17,181,175
3920,466,9,806,27
3921,226,17,196,167
3922,398,1,32,140
3923,204,2,908,188
3924,11,8,451,183
3925,312,9,68,197
3926,453,8,413,79
3927,59,21,474,135
3928,78,19,676,41
3929,272,24,847,73
3930,231,25,695,86
3931,464,23,541,139
3932,187,14,547,50
3933,414,22,548,25
3934,105,3,362,32
3935,331,5,237,46
3936,18,8,763,141
3937,343,12,128,48
3938,402,18,251,102
3939,335,20,490,148
3940,357,4,885,74
3941,165,8,368,32
3942,387,7,449,157
3943,25,6,916,190
3944,393,10,165,170
3945,11,25,498,100
3946,500,3,946,21
3947,389,10,17,112
3948,127,4,223,164
3949,304,4,710,32
3950,62,5,594,83
3951,433,10,250,133
3952,453,14,399,28
3953,310,1,372,136
3954,231,1,606,144
3955,321,16,226,159
3956,331,6,74,57
3957,278,3,639,145
3958,206,23,888,198
3959,155,23,63,193
3960,275,19,55,199
3961,237,8,440,139
3962,243,19,249,149
3963,58,1,888,51
3964,218,13,576,136
3965,135,8,988,63
3966,291,25,47,123
3967,115,24,242,51
3968,445,3,274,188
3969,279,21,943,73
3970,334,3,395,132
3971,303,23,130,50
3972,174,2,865,115
3973,56,16,12,165
3974,121,21,435,139
3975,88,20,147,114
3976,369,7,585,74
3977,33,21,267,85
3978,5,23,376,120
3979,149,19,238,121
3980,352,14,991,167
3981,265,20,387,65
3982,334,9,794,124
3983,201,7,740,188
3984,341,21,386,153
3985,187,13,715,35
3986,153,7,452,38
3987,163,13,278,108
3988,245,9,868,135
3989,25,6,630,145
3990,22,24,877,139
3991,259,22,114,131
3992,314,23,937,125
3993,131,8,436,106
3994,358,18,459,23
3995,152,22,431,168
3996,12,11,569,153
3997,356,9,260,123
3998,225,7,656,153
3999,154,2,867,47
4000,126,7,189,42
4001,179,15,209,82
4002,264,4,815,162
4003,386,3,557,82
4004,427,3,755,120
4005,48,11,390,198
4006,80,12,79,110
4007,148,16,321,104
4008,71,6,671,156
4009,221,13,498,144
4010,400,16,967,122
4011,308,18,945,97
4012,176,14,538,55
4013,91,9,954,175
4014,144,17,975,185
4015,377,22,810,111
4016,61,11,578,139
4017,423,20,348,55
4018,164,17,926,167
4019,399,6,996,155
4020,400,23,543,81
4021,430,12,672,33
4022,493,10,965,183
4023,386,2,197,137
4024,215,14,438,181
4025,435,14,99,62
4026,165,3,765,29
4027,54,2,773,148
4028,356,25,850,108
4029,68,13,918,123
4030,328,20,739,41
4031,171,25,493,52
4032,9,21,483,184
4033,483,21,570,165
4034,133,10,119,72
4035,93,11,163,158
4036,245,21,414,23
4037,206,18,899,122
4038,247,5,222,169
4039,400,14,65,22
4040,343,15,804,180
4041,44,14,932,117
4042,79,16,564,100
4043,211,17,909,93
4044,495,12,514,33
4045,282,8,137,60
4046,423,20,843,131
4047,208,7,70,155
4048,259,4,477,138
4049,156,7,271,118
4050,294,7,189,100
4051,67,17,853,131
4052,339,21,560,120
4053,107,11,567,69
4054,38,12,165,129
4055,362,21,416,112
4056,396,25,954,47
4057,490,11,949,161
4058,488,23,108,148
4059,97,23,718,167
4060,146,20,198,182
4061,239,19,478,101
4062,169,1,703,76
4063,24,11,744,101
4064,357,9,729,48
4065,127,10,681,159
4066,388,13,922,138
4067,58,22,915,154
4068,342,23,910,105
4069,378,24,254,60
4070,385,21,250,97
4071,427,15,144,104
4072,138,3,256,82
4073,139,4,363,130
4074,158,19,794,170
4075,454,2,819,164
4076,57,5,975,165
4077,485,11,691,108
4078,168,20,427,96
4079,448,17,99,30
4080,223,21,778,125
4081,373,4,516,136
4082,164,21,873,159
4083,317,3,949,148
4084,91,5,875,33
4085,398,22,622,103
4086,303,16,575,143
4087,312,19,631,100
4088,309,3,618,189
4089,451,16,85,135
4090,24,1,222,185
4091,112,15,592,47
4092,366,23,873,109
4093,344,2,968,121
4094,275,3,148,36
4095,202,6,544,163
4096,305,25,773,37
4097,12,25,546,41
4098,94,11,977,102
4099,379,5,728,54
4100,137,7,966,169
4101,108,13,374,51
4102,393,13,132,79
4103,77,8,938,184
4104,267,22,154,78
4105,148,6,959,103
4106,281,13,549,185
4107,284,5,212,25
4108,163,15,98,39
4109,373,3,955,24
4110,473,4,695,133
4111,126,23,944,143
4112,120,8,603,31
4113,16,1,75,146
4114,273,1,116,116
4115,138,15,684,191
4116,39,10,45,101
4117,206,17,984,76
4118,127,13,908,125
4119,434,11,413,25
4120,140,23,486,89
4121,3,2,513,25
4122,393,5,751,121
4123,285,24,26,166
4124,170,15,903,167
4125,117,14,396,156
4126,189,16,958,23
4127,357,22,769,38
4128,105,4,939,103
4129,65,23,892,146
4130,398,4,328,135
4131,62,16,228,52
4132,467,23,603,61
4133,239,15,664,102
4134,243,25,37,142
4135,182,13,77,52
4136,210,12,434,102
4137,191,7,942,160
4138,416,20,523,63
4139,465,3,253,111
4140,224,22,219,59
4141,381,17,938,32
4142,79,13,777,77
4143,118,23,110,154
4144,14,25,255,170
4145,452,8,69,73
4146,378,16,585,153
4147,492,4,84,79
4148,12,18,82,92
4149,128,4,309,46
4150,462,23,888,161
4151,374,24,163,109
4152,274,20,857,72
4153,352,15,645,63
4154,328,16,874,44
4155,52,5,483,34
4156,286,4,782,66
4157,205,10,754,63
4158,372,3,61,58
4159,273,13,246,190
4160,180,4,307,102
4161,372,2,411,135
4162,247,1,643,53
4163,366,2,791,27
4164,323,7,997,132
4165,293,16,169,160
4166,108,9,367,188
4167,285,4,805,192
4168,424,25,841,200
4169,310,24,487,125
4170,396,5,400,100
4171,10,13,176,144
4172,21,8,342,165
4173,421,1,398,159
4174,492,9,486,186
4175,319,16,635,57
4176,354,9,758,113
4177,459,10,371,54
4178,130,10,145,174
4179,446,6,872,52
4180,276,4,719,44
4181,170,3,635,28
4182,295,18,117,157
4183,77,18,914,63
4184,42,17,60,177
4185,54,9,813,121
4186,306,22,861,123
4187,129,4,530,171
4188,98,18,351,85
4189,350,1,81,178
4190,417,24,534,87
4191,284,16,572,120
4192,458,3,133,25
4193,38,21,475,52
4194,190,20,402,162
4195,288,22,780,169
4196,436,17,495,141
4197,46,10,895,31
4198,122,19,967,94
4199,319,4,252,105
4200,173,24,147,60
4201,354,12,291,115
4202,460,18,111,135
4203,124,16,892,92
4204,50,4,95,107
4205,329,12,341,102
4206,204,7,160,118
4207,165,10,215,149
4208,289,5,297,120
4209,424,8,523,174
4210,203,17,898,149
4211,186,14,742,28
4212,257,15,181,83
4213,165,18,412,81
4214,49,1,778,79
4215,450,11,866,187
4216,346,12,824,50
4217,2,6,461,180
4218,286,23,276,137
4219,116,24,844,187
4220,491,12,434,165
4221,357,25,794,103
4222,235,8,993,50
4223,24,24,467,67
4224,285,4,900,165
4225,89,7,895,160
4226,445,25,89,107
4227,265,18,151,157
4228,358,8,722,51
4229,187,14,288,37
4230,241,10,257,195
4231,459,12,238,103
4232,211,19,577,81
4233,114,6,145,122
4234,461,8,657,154
4235,420,9,700,86
4236,225,18,21,32
4237,163,8,549,31
4238,237,8,699,91
4239,499,13,171,44
4240,433,20,315,77
4241,287,1,354,105
4242,419,10,118,56
4243,431,22,731,124
4244,263,8,804,155
4245,98,4,918,144
4246,259,7,306,106
4247,37,14,577,76
4248,57,7,446,82
4249,280,22,532,128
4250,386,21,299,45
4251,340,23,662,110
4252,295,21,140,43
4253,437,4,948,80
4254,162,3,284,83
4255,60,11,638,155
4256,171,24,595,182
4257,461,13,369,40
4258,475,7,781,73
4259,177,17,311,125
4260,283,19,833,59
4261,478,11,346,65
4262,348,17,254,73
4263,295,19,775,119
4264,413,1,85,153
4265,461,22,190,136
4266,65,4,918,141
4267,306,17,296,181
4268,103,5,617,49
4269,225,3,956,130
4270,427,19,501,196
4271,264,15,253,176
4272,147,3,537,148
4273,247,3,374,77
4274,438,6,283,57
4275,314,11,138,109
4276,478,23,562,189
4277,123,25,18,173
4278,410,7,586,56
4279,292,10,82,133
4280,432,25,717,112
4281,459,10,684,138
4282,265,5,399,137
4283,277,20,451,111
4284,435,17,336,189
4285,34,23,222,194
4286,243,21,395,179
4287,407,22,764,81
4288,315,20,945,154
4289,427,13,868,71
4290,375,12,924,119
4291,390,18,932,137
4292,487,25,470,64
4293,321,11,761,37
4294,159,3,486,91
4295,292,14,592,88
4296,262,14,136,173
4297,468,18,603,155
4298,18,3,616,72
4299,249,12,774,142
4300,253,19,41,52
4301,195,21,964,123
4302,209,18,754,103
4303,409,6,244,172
4304,301,13,711,39
4305,329,19,106,31
4306,475,17,289,187
4307,398,11,609,193
4308,395,5,403,24
4309,441,17,851,83
4310,90,6,906,139
4311,293,10,91,136
4312,118,5,808,58
4313,422,13,440,195
4314,70,6,308,125
4315,284,18,667,146
4316,198,9,21,169
4317,135,3,919,179
4318,268,25,735,46
4319,125,21,508,60
4320,286,22,174,134
4321,303,5,52,57
4322,115,7,117,94
4323,154,23,656,173
4324,465,1,722,130
4325,74,1,484,33
4326,20,7,839,90
4327,312,15,767,165
4328,340,15,592,80
4329,425,15,888,174
4330,356,25,534,116
4331,111,25,151,165
4332,350,1,913,172
4333,9,9,308,105
4334,477,12,123,101
4335,222,16,935,132
4336,63,11,166,191
4337,218,7,202,135
4338,290,17,425,157
4339,370,18,665,190
4340,313,13,597,161
4341,23,20,958,135
4342,351,12,304,110
4343,390,11,184,113
4344,383,5,724,196
4345,160,20,461,58
4346,203,13,397,169
4347,188,3,329,139
4348,123,4,566,107
4349,356,6,443,144
4350,370,11,454,194
4351,164,7,894,50
4352,41,15,227,36
4353,388,18,211,197
4354,95,2,352,55
4355,476,8,354,67
4356,104,22,843,38
4357,400,11,569,81
4358,24,1,785,140
4359,225,6,247,67
4360,204,19,826,161
4361,40,12,850,83
4362,470,11,350,179
4363,135,12,709,154
4364,294,11,383,172
4365,194,4,716,180
4366,154,12,497,72
4367,147,8,808,127
4368,289,24,535,56
4369,31,21,469,158
4370,66,24,274,92
4371,485,11,526,180
4372,98,10,146,191
4373,286,14,841,61
4374,323,15,372,96
4375,184,8,643,72
4376,483,15,568,96
4377,393,23,423,191
4378,418,21,975,51
4379,97,13,218,102
4380,454,11,791,83
4381,157,19,794,194
4382,255,18,506,37
4383,78,21,393,164
4384,453,13,342,35
4385,411,16,168,155
4386,436,2,456,113
4387,363,8,442,122
4388,340,18,204,56
4389,405,11,461,169
4390,469,13,561,59
4391,412,16,536,21
4392,314,11,862,83
4393,335,9,276,152
4394,53,16,594,115
4395,212,25,671,130
4396,182,3,210,124
4397,406,13,526,168
4398,354,23,773,199
4399,285,10,253,115
4400,426,9,306,38
4401,414,19,727,127
4402,498,12,115,89
4403,30,15,470,45
4404,111,5,788,156
4405,331,16,429,138
4406,190,6,34,50
4407,298,10,750,144
4408,115,12,933,30
4409,348,22,455,147
4410,46,10,794,183
4411,22,17,17,66
4412,390,15,422,58
4413,493,18,928,46
4414,281,14,306,58
4415,264,13,69,26
4416,334,2,58,58
4417,151,12,123,91
4418,215,22,484,125
4419,77,23,33,195
4420,90,1,487,190
4421,25,14,249,145
4422,196,10,100,88
4423,119,9,274,170
4424,34,16,122,89
4425,45,2,474,72
4426,495,4,940,87
4427,316,6,940,126
4428,326,9,181,74
4429,65,22,848,120
4430,8,1,106,41
4431,161,22,243,75
4432,460,4,227,58
4433,166,12,692,48
4434,366,5,517,195
4435,338,11,753,59
4436,254,16,515,127
4437,499,2,21,187
4438,27,11,166,111
4439,123,23,50,70
4440,50,18,896,102
4441,318,13,943,200
4442,318,18,372,37
4443,253,1,677,145
4444,152,10,983,130
4445,132,4,480,55
4446,198,16,631,81
4447,231,25,23,80
4448,12,7,259,120
4449,89,7,585,128
4450,290,1,261,110
4451,165,3,117,123
4452,86,11,915,103
4453,3,4,856,178
4454,48,23,669,114
4455,423,17,806,127
4456,365,9,872,142
4457,12,25,395,24
4458,11,12,609,80
4459,323,16,256,74
4460,233,8,367,137
4461,220,10,291,41
4462,274,7,781,180
4463,188,17,118,111
4464,56,10,641,59
4465,455,14,190,132
4466,136,2,399,192
4467,94,1,291,27
4468,376,24,727,35
4469,213,24,32,23
4470,194,22,26,119
4471,54,1,632,148
4472,442,15,352,151
4473,291,24,946,37
4474,254,7,780,21
4475,1,7,840,154
4476,52,14,718,187
4477,15,13,241,194
4478,198,18,278,160
4479,376,12,46,119
4480,267,20,107,29
4481,300,14,424,43
4482,144,24,960,92
4483,430,8,646,155
4484,14,1,19,195
4485,182,10,841,121
4486,379,11,847,67
4487,204,10,181,73
4488,17,18,191,77
4489,400,25,35,45
4490,57,19,969,105
4491,50,21,417,109
4492,16,12,752,81
4493,29,23,845,45
4494,270,18,522,102
4495,3,16,137,34
4496,17,12,525,63
4497,27,22,979,49
4498,79,7,723,185
4499,402,7,518,160
4500,286,21,989,33
4501,286,11,807,187
4502,369,20,236,52
4503,453,16,39,165
4504,431,9,933,137
4505,279,1,365,132
4506,208,20,859,110
4507,217,23,216,81
4508,277,14,708,29
4509,444,14,783,167
4510,142,21,857,153
4511,327,10,54,92
4512,459,5,548,156
4513,256,22,107,114
4514,122,3,355,34
4515,493,2,228,110
4516,254,2,461,129
4517,4,12,441,146
4518,311,15,993,43
4519,117,14,370,34
4520,485,3,655,49
4521,480,12,210,84
4522,66,10,431,21
4523,9,16,875,149
4524,373,9,368,131
4525,142,7,236,88
4526,391,23,737,90
4527,270,20,979,143
4528,44,19,949,121
4529,314,16,870,133
4530,301,15,68,58
4531,153,22,118,168
4532,296,5,786,81
4533,217,12,800,166
4534,354,3,586,35
4535,2,24,356,121
4536,321,23,467,61
4537,484,7,735,138
4538,363,6,755,81
4539,498,1,285,69
4540,471,7,867,83
4541,246,7,628,184
4542,458,4,119,200
4543,230,18,42,92
4544,438,9,145,100
4545,238,22,126,57
4546,119,19,836,84
4547,430,11,494,93
4548,329,19,665,92
4549,44,13,30,23
4550,82,24,963,163
4551,387,22,176,160
4552,218,14,461,153
4553,117,20,191,180
4554,76,22,840,161
4555,125,20,913,174
4556,212,16,634,22
4557,152,15,239,90
4558,129,14,611,188
4559,91,19,315,162
4560,26,22,854,171
4561,234,25,144,80
4562,224,6,19,199
4563,185,22,248,119
4564,480,19,231,25
4565,181,12,273,93
4566,306,3,26,130
4567,21,14,966,170
4568,34,12,314,112
4569,173,6,898,90
4570,436,18,200,200
4571,470,6,777,115
4572,177,22,936,99
4573,388,9,993,119
4574,387,20,354,90
4575,201,17,234,46
4576,360,8,870,72
4577,24,13,205,197
4578,131,1,661,137
4579,342,22,899,169
4580,111,12,536,160
4581,243,6,355,125
4582,365,7,35,122
4583,205,2,485,128
4584,493,22,535,49
4585,10,13,118,163
4586,248,2,247,68
4587,308,6,240,130
4588,379,4,80,179
4589,448,19,809,123
4590,56,16,875,116
4591,116,24,447,110
4592,192,18,305,181
4593,398,11,1000,42
4594,74,6,523,195
4595,339,17,967,164
4596,59,10,221,167
4597,80,7,825,91
4598,304,11,602,35
4599,490,19,866,198
4600,446,1,836,121
4601,394,4,300,86
4602,43,13,709,191
4603,133,11,167,197
4604,147,5,162,34
4605,127,25,554,66
4606,320,8,271,197
4607,51,17,784,84
4608,34,23,800,23
4609,137,17,464,56
4610,190,23,752,128
4611,136,15,675,71
4612,257,7,530,68
4613,286,19,424,188
4614,58,13,840,186
4615,332,11,796,89
4616,311,8,472,100
4617,156,11,650,124
4618,51,1,286,167
4619,256,20,251,100
4620,354,6,171,154
4621,248,14,515,118
4622,251,19,900,103
4623,366,18,260,173
4624,219,11,413,164
4625,334,3,363,136
4626,212,12,802,174
4627,407,18,327,45
4628,415,21,202,174
4629,126,7,604,123
4630,137,23,320,120
4631,1,15,269,161
4632,302,24,860,185
4633,454,8,577,180
4634,134,7,28,160
4635,352,16,33,76
4636,367,18,818,64
4637,418,15,875,47
4638,415,10,552,143
4639,284,11,999,34
4640,371,14,337,45
4641,194,20,514,93
4642,164,22,645,25
4643,283,10,208,43
4644,441,23,509,59
4645,168,3,154,140
4646,16,2,13,106
4647,284,5,680,200
4648,185,24,315,42
4649,72,5,982,75
4650,426,10,413,69
4651,82,17,472,32
4652,400,7,54,104
4653,63,16,827,92
4654,313,5,940,188
4655,375,17,14,134
4656,117,14,854,131
4657,101,11,738,47
4658,446,1,95,197
4659,55,1,825,74
4660,461,12,628,124
4661,427,3,421,129
4662,292,16,508,52
4663,463,16,166,184
4664,250,11,893,164
4665,137,4,738,76
4666,140,19,787,115
4667,350,22,282,184
4668,471,10,935,194
4669,278,12,817,145
4670,155,2,183,51
4671,490,3,959,194
4672,321,10,861,55
4673,278,4,672,58
4674,360,7,354,156
4675,166,4,324,30
4676,315,6,300,149
4677,136,16,946,27
4678,416,25,929,143
4679,146,16,655,92
4680,156,8,671,27
4681,27,25,607,63
4682,313,5,412,28
4683,299,20,48,159
4684,378,15,424,183
4685,126,23,273,89
4686,377,3,290,121
4687,124,24,762,88
4688,372,11,764,162
4689,169,11,662,33
4690,34,24,236,111
4691,115,24,518,22
4692,343,5,550,132
4693,436,20,785,193
4694,380,24,893,140
4695,163,9,765,190
4696,493,3,451,162
4697,88,10,646,92
4698,95,22,517,79
4699,160,10,57,78
4700,284,15,709,153
4701,447,17,235,87
4702,115,1,363,35
4703,191,6,253,156
4704,206,23,927,161
4705,404,10,214,74
4706,402,8,420,64
4707,304,2,769,195
4708,248,10,74,39
4709,478,16,508,119
4710,284,3,275,125
4711,489,10,716,53
4712,59,3,918,164
4713,426,24,671,166
4714,102,10,715,63
4715,196,11,291,157
4716,437,3,304,104
4717,84,15,450,116
4718,40,23,348,25
4719,9,20,368,195
4720,272,15,908,172
4721,113,8,470,63
4722,455,25,917,142
4723,248,8,613,169
4724,56,14,410,85
4725,325,22,26,148
4726,42,14,966,51
4727,406,7,786,33
4728,389,7,321,100
4729,173,11,549,187
4730,319,10,19,135
4731,158,16,296,38
4732,78,9,438,88
4733,303,23,541,105
4734,448,19,163,112
4735,438,21,59,148
4736,471,15,875,72
4737,183,11,426,200
4738,276,7,993,30
4739,71,7,531,57
4740,67,1,246,72
4741,133,11,705,86
4742,115,12,195,159
4743,378,1,929,173
4744,385,18,891,29
4745,16,23,442,94
4746,195,7,435,112
4747,120,15,599,25
4748,318,5,133,102
4749,43,2,923,50
4750,329,25,213,23
4751,403,25,19,125
4752,338,16,408,79
4753,267,23,811,141
4754,96,20,231,100
4755,142,7,872,146
4756,364,18,866,150
4757,238,4,199,106
4758,20,25,690,108
4759,376,10,337,155
4760,34,13,405,51
4761,32,22,268,109
4762,64,18,303,184
4763,271,14,906,74
4764,36,21,721,134
4765,131,6,728,38
4766,458,22,222,85
4767,230,17,451,123
4768,305,22,622,62
4769,208,5,669,133
4770,286,20,789,62
4771,86,16,600,188
4772,314,3,424,200
4773,407,24,433,39
4774,483,14,688,86
4775,237,19,414,183
4776,481,18,808,49
4777,476,6,488,150
4778,259,5,468,102
4779,76,4,298,173
4780,301,5,425,111
4781,17,16,147,46
4782,287,3,183,76
4783,455,12,643,172
4784,181,10,228,89
4785,119,3,217,165
4786,257,3,864,143
4787,379,22,811,164
4788,245,2,619,29
4789,120,8,820,89
4790,183,7,983,74
4791,119,1,358,186
4792,262,22,108,149
4793,425,9,295,72
4794,283,20,252,128
4795,489,25,225,57
4796,156,22,794,99
4797,111,1,183,88
4798,60,15,85,88
4799,91,21,14,63
4800,260,21,830,184
4801,345,13,524,78
4802,270,10,384,138
4803,356,5,733,150
4804,98,22,572,178
4805,460,9,441,86
4806,116,7,957,40
4807,309,14,518,130
4808,443,3,934,31
4809,418,8,474,93
4810,40,2,667,33
4811,412,6,932,186
4812,138,10,30,49
4813,181,17,117,199
4814,389,15,17,52
4815,471,13,728,145
4816,127,14,317,31
4817,202,2,654,87
4818,395,5,310,196
4819,268,9,605,196
4820,361,14,918,115
4821,14,11,543,171
4822,334,25,810,197
4823,301,13,128,41
4824,305,13,601,138
4825,265,8,969,97
4826,187,19,17,60
4827,211,13,767,161
4828,147,2,971,188
4829,187,4,879,81
4830,355,11,462,48
4831,475,24,145,26
4832,108,25,885,105
4833,254,15,586,161
4834,355,13,604,192
4835,371,17,945,36
4836,336,15,480,35
4837,375,16,940,139
4838,127,23,36,37
4839,270,16,902,27
4840,386,20,617,66
4841,277,15,240,132
4842,26,9,222,95
4843,431,22,682,77
4844,24,17,302,124
4845,271,5,599,55
4846,298,15,273,132
4847,299,9,682,191
4848,480,19,104,88
4849,279,10,107,65
4850,442,18,336,34
4851,143,16,411,151
4852,332,25,805,198
4853,216,5,867,135
4854,156,9,454,190
4855,478,14,655,153
4856,316,13,968,73
4857,370,1,640,142
4858,374,25,996,112
4859,51,13,792,140
4860,407,2,391,84
4861,209,16,288,171
4862,92,24,331,33
4863,200,22,918,135
4864,258,12,771,63
4865,92,9,216,183
4866,29,21,449,200
4867,291,3,395,136
4868,387,4,314,187
4869,411,8,334,131
4870,28,9,621,78
4871,34,3,673,70
4872,383,1,791,118
4873,95,16,96,114
4874,129,23,506,156
4875,66,25,333,193
4876,254,16,450,91
4877,281,7,129,78
4878,242,15,382,190
4879,495,10,722,149
4880,420,13,672,147
4881,494,8,746,67
4882,238,14,711,90
4883,331,1,320,137
4884,38,15,643,111
4885,244,10,771,129
4886,157,3,81,61
4887,170,14,502,135
4888,80,21,239,89
4889,340,3,777,58
4890,14,19,354,155
4891,30,7,605,29
4892,354,1,581,56
4893,32,16,473,162
4894,162,6,597,176
4895,167,16,420,133
4896,357,4,797,197
4897,433,3,250,77
4898,389,1,570,90
4899,200,10,517,96
4900,496,7,693,200
4901,40,11,430,93
4902,59,7,211,77
4903,399,14,888,132
4904,49,20,651,109
4905,233,12,707,184
4906,29,9,353,94
4907,116,5,329,83
4908,261,7,732,142
4909,444,6,984,162
4910,341,16,821,153
4911,382,6,575,196
4912,204,5,563,121
4913,43,5,691,59
4914,191,21,99,33
4915,16,10,595,53
4916,294,16,384,173
4917,318,6,940,170
4918,200,10,212,183
4919,251,24,937,113
4920,341,19,950,167
4921,447,14,701,189
4922,389,10,266,133
4923,439,20,121,109
4924,102,20,393,154
4925,364,23,262,102
4926,159,18,540,34
4927,231,13,835,191
4928,302,12,246,64
4929,313,24,531,135
4930,26,8,538,50
4931,464,23,476,125
4932,207,17,731,196
4933,83,7,471,198
4934,236,4,945,120
4935,133,10,120,28
4936,275,17,91,119
4937,399,12,916,194
4938,244,22,496,132
4939,481,25,144,144
4940,91,18,359,37
4941,30,7,787,95
4942,210,24,149,106
4943,416,11,631,75
4944,326,8,489,157
4945,115,6,128,102
4946,347,21,732,116
4947,225,21,428,190
4948,32,6,612,195
4949,464,5,919,39
4950,195,13,234,143
4951,353,24,481,34
4952,451,16,807,54
4953,179,7,954,98
4954,229,16,281,132
4955,131,7,373,177
4956,493,10,934,138
4957,407,11,64,182
4958,281,7,196,156
4959,224,23,779,154
4960,36,13,38,130
4961,483,18,76,119
4962,443,12,199,180
4963,374,10,303,186
4964,233,18,605,104
4965,256,17,965,179
4966,488,9,943,115
4967,55,18,738,153
4968,397,5,130,68
4969,50,13,209,192
4970,13,20,628,48
4971,378,5,966,91
4972,376,1,821,131
4973,355,11,12,120
4974,228,7,61,141
4975,489,24,32,151
4976,290,17,912,22
4977,476,25,142,121
4978,78,17,874,200
4979,173,19,501,119
4980,490,10,574,34
4981,446,11,614,21
4982,61,14,309,170
4983,40,10,310,93
4984,487,6,829,134
4985,439,21,484,189
4986,202,12,412,90
4987,459,22,425,130
4988,428,8,595,195
4989,290,11,297,164
4990,330,4,842,113
4991,150,24,670,119
4992,408,19,165,116
4993,141,15,468,38
4994,325,24,907,191
4995,395,22,865,169
4996,430,18,164,177
4997,3,24,725,61
4998,398,15,294,84
4999,452,10,827,56
5000,376,7,760,155
5001,285,8,790,147
5002,265,18,250,164
5003,293,3,943,23
5004,284,8,915,82
5005,260,11,16,99
5006,384,19,478,156
5007,432,16,835,175
5008,328,2,344,64
5009,375,22,438,196
5010,301,9,581,132
5011,36,10,875,198
5012,65,21,383,105
5013,449,9,329,171
5014,387,8,164,150
5015,294,5,858,81
5016,202,16,12,104
5017,460,8,667,76
5018,62,17,885,116
5019,361,23,202,151
5020,216,19,67,175
5021,205,13,90,90
5022,405,14,617,86
5023,132,14,325,63
5024,268,12,62,25
5025,260,22,126,94
5026,317,14,357,194
5027,417,18,430,149
5028,42,15,283,120
5029,407,10,274,128
5030,41,25,727,141
5031,392,6,696,172
5032,54,25,469,134
5033,307,11,500,44
5034,491,12,155,156
5035,260,22,97,187
5036,272,24,701,168
5037,211,15,916,83
5038,179,8,222,20
5039,259,14,582,129
5040,409,13,846,85
5041,433,9,378,45
5042,270,24,87,64
5043,366,10,335,110
5044,2,3,196,135
5045,472,22,393,97
5046,184,21,327,65
5047,150,6,546,105
5048,488,20,571,170
5049,212,5,1000,50
5050,254,21,895,53
5051,398,12,31,74
5052,188,14,696,81
5053,42,11,380,31
5054,441,25,94,165
5055,44,9,614,45
5056,414,23,522,47
5057,450,13,662,81
5058,142,7,930,191
5059,332,12,538,81
5060,281,3,465,78
5061,144,21,444,187
5062,448,20,967,56
5063,315,5,818,149
5064,146,15,981,191
5065,283,21,38,25
5066,118,24,25,21
5067,124,19,141,175
5068,330,20,593,114
5069,36,17,619,25
5070,410,9,656,124
5071,208,18,129,38
5072,437,7,97,178
5073,258,21,450,129
5074,487,10,56,87
5075,171,24,163,21
5076,227,14,717,69
5077,122,14,298,196
5078,331,8,305,149
5079,33,25,81,52
5080,394,15,748,84
5081,255,17,684,30
5082,131,25,385,50
5083,72,25,52,172
5084,409,1,561,41
5085,446,5,693,35
5086,476,16,763,93
5087,224,25,168,92
5088,323,21,852,24
5089,377,5,166,138
5090,125,4,716,177
5091,491,25,458,80
5092,209,16,32,91
5093,212,14,185,157
5094,246,23,107,159
5095,208,9,888,160
5096,393,18,630,100
5097,491,20,44,86
5098,430,10,209,111
5099,376,12,504,62
5100,269,18,836,38
5101,154,12,386,163
5102,220,19,194,128
5103,446,21,299,95
5104,256,19,629,143
5105,264,7,180,129
5106,144,22,362,88
5107,109,2,800,120
5108,263,16,613,199
5109,167,16,134,102
5110,494,1,336,141
5111,69,11,913,151
5112,102,2,284,41
5113,457,3,799,117
5114,450,21,910,82
5115,147,25,133,83
5116,197,8,331,62
5117,121,9,458,23
5118,231,22,700,45
5119,149,18,173,98
5120,149,13,833,80
5121,158,2,965,181
5122,379,19,182,183
5123,269,9,315,188
5124,57,15,869,96
5125,294,6,827,100
5126,154,17,353,53
5127,29,8,113,179
5128,421,15,753,101
5129,174,16,914,62
5130,114,13,65,28
5131,372,24,736,66
5132,247,21,621,61
5133,16,2,910,33
5134,427,23,260,149
5135,481,6,894,82
5136,296,10,912,75
5137,421,2,126,46
5138,139,12,653,136
5139,313,5,780,35
5140,408,17,507,150
5141,288,21,893,99
5142,196,10,68,198
5143,407,16,328,119
5144,142,3,864,69
5145,435,19,840,102
5146,344,5,186,78
5147,368,17,775,172
5148,8,1,938,120
5149,41,14,276,35
5150,233,23,506,96
5151,495,14,818,153
5152,194,22,570,36
5153,160,9,688,134
5154,158,1,819,49
5155,177,9,639,89
5156,133,2,219,178
5157,27,12,752,186
5158,399,2,504,191
5159,318,22,632,127
5160,382,25,278,90
5161,457,17,221,171
5162,94,12,754,58
5163,86,11,111,130
5164,33,7,749,196
5165,413,16,277,178
5166,41,22,578,84
5167,216,15,280,136
5168,30,16,362,83
5169,209,15,559,125
5170,360,16,382,40
5171,170,8,736,128
5172,279,23,194,88
5173,405,18,820,43
5174,416,21,547,130
5175,35,2,36,55
5176,310,15,248,114
5177,377,15,536,50
5178,45,6,520,198
5179,390,23,259,197
5180,95,5,879,171
5181,24,9,933,120
5182,388,7,943,105
5183,104,21,817,72
5184,458,1,47,105
5185,453,1,216,134
5186,286,7,262,126
5187,406,15,140,40
5188,47,25,545,151
5189,85,15,918,30
5190,375,25,319,165
5191,136,17,779,93
5192,236,2,749,154
5193,84,11,614,97
5194,341,6,641,108
5195,39,16,465,128
5196,443,5,934,195
5197,183,8,461,108
5198,500,21,486,195
5199,316,1,963,160
5200,199,10,413,152
5201,110,14,34,100
5202,344,10,253,111
5203,137,10,692,131
5204,114,9,927,30
5205,251,13,397,100
5206,345,1,839,192
5207,170,8,392,174
5208,379,25,193,169
5209,405,12,203,88
5210,142,5,881,50
5211,170,19,469,99
5212,379,11,818,72
5213,312,21,821,129
5214,344,7,542,171
5215,470,1,433,127
5216,329,20,113,92
5217,411,17,763,49
5218,348,19,725,170
5219,395,14,51,188
5220,465,4,467,144
5221,267,21,662,35
5222,387,15,225,162
5223,323,20,627,42
5224,389,23,419,67
5225,50,18,506,37
5226,21,4,352,129
5227,285,10,368,132
5228,164,14,572,85
5229,489,24,863,50
5230,315,6,202,59
5231,239,25,584,50
5232,460,7,778,22
5233,115,16,320,67
5234,473,15,330,175
5235,26,6,203,120
5236,45,15,28,112
5237,173,20,635,186
5238,276,21,603,167
5239,115,19,272,52
5240,250,19,659,194
5241,356,11,936,123
5242,156,24,138,128
5243,349,14,691,41
5244,180,10,599,199
5245,476,5,843,154
5246,428,23,120,181
5247,282,9,426,92
5248,325,10,324,185
5249,174,17,19,193
5250,55,24,452,58
5251,231,12,298,163
5252,256,10,798,182
5253,467,9,827,80
5254,464,10,521,75
5255,82,9,311,56
5256,449,8,510,122
5257,289,15,134,195
5258,483,13,190,36
5259,224,9,549,95
5260,59,24,438,170
5261,125,19,183,94
5262,307,21,921,175
5263,32,22,226,186
5264,144,3,879,151
5265,107,14,334,36
5266,198,17,769,48
5267,217,18,956,135
5268,168,3,328,153
5269,218,6,692,125
5270,68,25,167,152
5271,402,16,968,137
5272,486,7,76,166
5273,28,6,655,127
5274,412,18,874,26
5275,418,22,590,187
5276,231,7,30,93
5277,280,21,933,189
5278,367,1,539,166
5279,249,12,946,160
5280,243,23,648,49
5281,117,11,268,85
5282,85,3,904,56
5283,346,24,936,198
5284,408,24,562,51
5285,455,11,408,178
5286,220,13,599,149
5287,184,19,571,183
5288,398,20,119,159
5289,271,18,176,138
5290,380,7,577,158
5291,231,11,140,113
5292,28,13,371,176
5293,34,20,575,60
5294,191,15,863,134
5295,452,25,876,164
5296,279,15,816,122
5297,338,10,548,189
5298,361,13,155,117
5299,202,24,970,112
5300,135,19,582,21
5301,471,2,94,88
5302,12,15,148,143
5303,359,12,13,74
5304,403,20,206,165
5305,148,20,504,105
5306,87,5,117,158
5307,264,20,955,194
5308,87,13,911,69
5309,64,21,974,74
5310,213,24,470,95
5311,159,7,857,71
5312,406,11,399,102
5313,92,12,541,71
5314,23,22,577,41
5315,395,24,469,157
5316,192,20,999,110
5317,28,14,612,36
5318,244,25,543,140
5319,450,8,825,119
5320,488,24,263,104
5321,152,8,904,151
5322,114,2,37,82
5323,218,1,648,115
5324,343,6,521,125
5325,289,1,141,96
5326,256,4,576,99
5327,412,18,657,77
5328,495,20,271,53
5329,162,22,166,105
5330,418,11,622,116
5331,270,24,201,196
5332,140,13,542,176
5333,295,14,464,143
5334,302,4,36,151
5335,55,11,735,120
5336,154,9,523,133
5337,7,11,696,114
5338,422,8,265,66
5339,312,21,578,31
5340,472,10,78,185
5341,173,8,40,180
5342,135,16,15,40
5343,29,21,716,104
5344,351,24,336,55
5345,141,10,779,106
5346,256,1,134,182
5347,425,4,668,194
5348,139,22,515,126
5349,235,7,980,36
5350,434,10,273,59
5351,431,24,668,186
5352,287,18,49,27
5353,332,25,978,128
5354,91,5,865,128
5355,433,14,68,45
5356,144,24,865,33
5357,32,16,365,158
5358,14,22,296,153
5359,165,21,341,54
5360,275,16,123,161
5361,449,7,437,191
5362,495,9,765,103
5363,97,2,464,173
5364,400,19,613,28
5365,451,21,372,66
5366,318,2,349,117
5367,338,17,310,23
5368,426,23,498,185
5369,239,1,613,147
5370,165,24,418,138
5371,177,7,996,180
5372,289,8,78,151
5373,432,16,583,152
5374,247,17,928,95
5375,436,25,177,90
5376,42,16,167,43
5377,426,12,924,33
5378,461,1,396,67
5379,412,15,873,27
5380,251,1,953,94
5381,82,21,961,195
5382,159,9,47,159
5383,393,9,596,59
5384,279,3,916,80
5385,462,15,979,133
5386,440,18,385,143
5387,48,25,594,194
5388,305,6,896,43
5389,238,6,651,179
5390,384,20,191,144
5391,8,24,579,41
5392,422,5,239,195
5393,12,15,372,109
5394,36,2,737,61
5395,136,18,711,83
5396,340,16,154,54
5397,45,1,353,49
5398,83,13,489,77
5399,255,9,666,31
5400,450,7,902,84
5401,474,9,303,84
5402,170,12,741,77
5403,184,22,166,106
5404,417,7,265,71
5405,477,9,825,152
5406,458,23,19,185
5407,135,16,297,145
5408,101,23,410,47
5409,7,22,96,162
5410,133,11,91,178
5411,13,4,678,146
5412,151,20,186,158
5413,330,1,579,196
5414,21,10,781,188
5415,53,11,565,150
5416,327,15,318,40
5417,335,13,179,102
5418,27,9,832,52
5419,487,22,612,110
5420,71,23,24,99
5421,105,3,682,45
5422,311,4,922,128
5423,262,14,742,111
5424,212,13,275,102
5425,378,19,458,84
5426,496,1,151,154
5427,498,25,939,125
5428,38,18,692,184
5429,29,21,604,113
5430,233,17,634,134
5431,19,4,577,120
5432,160,7,342,73
5433,256,14,914,106
5434,401,21,551,105
5435,342,6,140,112
5436,359,8,247,118
5437,392,17,491,55
5438,378,25,30,84
5439,469,4,77,39
5440,60,12,466,86
5441,341,25,712,114
5442,214,3,856,126
5443,142,22,723,171
5444,290,2,388,150
5445,110,6,191,103
5446,221,10,68,39
5447,134,7,963,37
5448,311,11,533,146
5449,366,11,887,140
5450,490,18,517,130
5451,430,9,285,47
5452,382,9,33,35
5453,336,10,26,53
5454,424,14,925,59
5455,247,7,337,128
5456,47,21,861,79
5457,403,13,582,189
5458,451,8,578,147
5459,461,15,14,179
5460,305,16,718,50
5461,356,9,460,151
5462,226,8,631,193
5463,166,21,792,37
5464,29,17,890,61
5465,397,6,128,37
5466,293,5,364,178
5467,16,15,534,59
5468,170,2,817,92
5469,218,18,133,96
5470,309,12,294,31
5471,253,7,848,200
5472,42,10,296,25
5473,201,24,90,129
5474,377,9,317,92
5475,186,19,734,108
5476,209,1,720,138
5477,336,15,255,57
5478,25,25,398,27
5479,396,8,428,189
5480,299,5,982,188
5481,495,13,975,49
5482,449,22,947,135
5483,97,16,746,54
5484,108,6,833,107
5485,412,21,309,103
5486,415,1,997,27
5487,265,21,929,153
5488,308,23,234,73
5489,57,9,402,75
5490,269,9,802,107
5491,316,9,597,32
5492,330,5,945,61
5493,259,19,693,40
5494,475,14,249,137
5495,207,14,383,149
5496,281,24,801,41
5497,466,16,141,94
5498,452,6,60,99
5499,312,23,890,127
5500,101,21,343,31
5501,184,16,256,42
5502,166,21,121,86
5503,15,16,536,30
5504,419,6,611,155
5505,250,1,660,151
5506,481,18,995,107
5507,285,10,421,138
5508,347,13,419,22
5509,202,15,85,57
5510,42,12,443,155
5511,113,9,346,109
5512,288,19,794,75
5513,181,16,787,103
5514,241,23,370,162
5515,30,5,341,105
5516,311,9,382,143
5517,358,18,259,194
5518,149,3,881,174
5519,140,14,313,199
5520,61,5,996,38
5521,368,23,285,65
5522,112,18,286,86
5523,361,25,335,45
5524,354,21,764,83
5525,479,12,258,95
5526,468,16,133,185
5527,190,24,64,126
5528,310,24,83,56
5529,212,21,131,180
5530,30,11,386,148
5531,138,25,756,60
5532,432,12,778,41
5533,358,3,918,184
5534,318,19,229,151
5535,437,2,236,126
5536,463,11,286,62
5537,132,5,408,185
5538,350,23,572,179
5539,348,11,603,87
5540,111,16,492,131
5541,172,12,383,172
5542,179,16,963,52
5543,125,8,876,190
5544,443,17,116,168
5545,346,21,830,78
5546,10,24,640,196
5547,281,16,758,97
5548,93,8,88,77
5549,476,12,474,138
5550,500,10,334,33
5551,316,1,846,186
5552,106,13,573,66
5553,216,9,603,24
5554,190,6,879,88
5555,122,5,707,60
5556,492,9,978,171
5557,329,3,204,54
5558,499,24,69,107
5559,295,11,645,108
5560,215,14,316,92
5561,218,8,930,151
5562,307,4,872,63
5563,461,11,798,50
5564,446,21,660,88
5565,226,24,831,166
5566,145,18,870,36
5567,441,8,471,200
5568,268,12,171,179
5569,302,5,120,97
5570,248,15,277,176
5571,179,16,530,170
5572,141,18,893,89
5573,3,8,454,159
5574,71,25,723,132
5575,122,5,685,37
5576,100,17,157,189
5577,303,14,841,133
5578,149,24,963,20
5579,242,1,619,199
5580,493,8,279,119
5581,427,12,442,77
5582,467,13,585,43
5583,101,9,731,173
5584,369,5,553,143
5585,414,22,746,83
5586,383,19,975,29
5587,424,19,122,155
5588,322,22,827,80
5589,420,18,798,141
5590,459,12,573,161
5591,435,11,856,157
5592,369,21,102,117
5593,89,24,77,40
5594,437,5,483,99
5595,166,3,256,163
5596,6,5,777,101
5597,487,6,375,117
5598,432,25,311,103
5599,157,11,359,69
5600,6,15,677,76
5601,162,4,613,143
5602,269,22,141,176
5603,149,16,40,85
5604,307,3,647,134
5605,88,5,295,102
5606,329,21,116,165
5607,261,8,440,41
5608,456,10,157,94
5609,292,2,324,63
5610,198,22,494,62
5611,203,13,342,132
5612,491,4,736,159
5613,204,25,647,124
5614,398,8,677,95
5615,159,17,94,127
5616,160,3,171,124
5617,157,2,651,170
5618,66,8,987,197
5619,419,5,156,71
5620,344,9,535,173
5621,429,21,959,141
5622,408,20,287,98
5623,262,22,145,51
5624,46,1,292,150
5625,480,14,260,105
5626,208,1,12,72
5627,494,16,199,82
5628,161,20,748,151
5629,447,2,693,162
5630,134,13,199,48
5631,289,7,394,149
5632,117,20,940,27
5633,155,10,591,40
5634,62,17,516,128
5635,276,18,259,197
5636,37,12,93,47
5637,495,9,391,35
5638,414,8,435,108
5639,92,18,982,44
5640,195,21,271,182
5641,186,17,18,24
5642,49,6,348,70
5643,151,14,421,73
5644,477,8,933,168
5645,500,19,740,29
5646,353,4,856,147
5647,259,11,384,61
5648,357,25,155,77
5649,8,6,192,78
5650,138,2,225,42
5651,249,15,374,135
5652,249,20,533,179
5653,242,5,863,44
5654,281,18,351,166
5655,415,16,203,61
5656,378,5,826,119
5657,316,7,53,197
5658,98,17,172,55
5659,310,4,502,54
5660,223,9,106,200
5661,186,2,471,98
5662,335,25,615,179
5663,218,7,642,190
5664,429,6,350,95
5665,338,1,351,137
5666,140,6,277,117
5667,188,16,143,97
5668,209,11,457,183
5669,353,20,636,194
5670,270,17,292,26
5671,77,21,108,134
5672,429,15,385,193
5673,415,25,874,183
5674,347,6,514,172
5675,332,19,936,153
5676,443,11,307,196
5677,128,24,568,28
5678,404,14,618,83
5679,383,8,58,42
5680,69,1,127,154
5681,296,13,186,155
5682,484,6,862,74
5683,94,21,530,179
5684,202,5,373,59
5685,478,8,60,153
5686,49,2,130,107
5687,82,16,937,36
5688,173,18,132,126
5689,301,1,445,133
5690,200,24,276,21
5691,288,23,115,74
5692,499,19,952,164
5693,432,25,33,112
5694,84,24,412,69
5695,109,25,481,97
5696,62,1,349,106
5697,330,11,571,120
5698,237,13,931,51
5699,441,17,565,196
5700,69,18,314,184
5701,68,25,718,186
5702,304,13,365,186
5703,219,18,924,100
5704,431,2,70,76
5705,118,20,343,134
5706,295,24,413,190
5707,368,1,636,52
5708,430,11,241,179
5709,17,2,482,88
5710,404,8,64,169
5711,283,15,137,189
5712,129,16,41,82
5713,441,8,134,117
5714,235,6,396,121
5715,264,13,139,184
5716,226,7,789,126
5717,104,7,830,113
5718,140,11,412,147
5719,478,9,799,106
5720,360,25,999,25
5721,242,7,594,185
5722,485,23,576,187
5723,52,18,182,196
5724,433,2,716,147
5725,406,8,728,159
5726,487,8,537,169
5727,214,14,765,182
5728,496,8,473,130
5729,69,13,851,111
5730,159,15,62,100
5731,70,16,589,182
5732,280,25,623,23
5733,465,16,212,54
5734,417,3,738,89
5735,449,1,63,192
5736,363,20,578,141
5737,21,12,374,125
5738,259,18,727,75
5739,370,5,770,68
5740,251,10,301,117
5741,112,24,988,72
5742,167,12,983,57
5743,405,24,803,70
5744,65,12,29,163
5745,303,13,816,141
5746,140,7,315,134
5747,101,6,277,37
5748,284,12,527,22
5749,298,20,449,135
5750,439,7,668,135
5751,166,15,174,46
5752,211,14,703,99
5753,404,3,203,97
5754,238,25,806,159
5755,318,12,798,33
5756,101,22,90,62
5757,33,14,963,79
5758,37,12,87,194
5759,444,17,112,169
5760,29,14,822,32
5761,200,3,693,68
5762,435,18,512,70
5763,394,16,929,110
5764,437,4,880,152
5765,207,1,567,28
5766,417,3,349,87
5767,464,4,940,178
5768,341,21,652,34
5769,106,10,693,168
5770,300,20,982,26
5771,389,16,498,83
5772,5,2,500,75
5773,410,15,511,165
5774,11,18,642,126
5775,402,4,894,106
5776,124,3,894,139
5777,97,21,565,141
5778,363,9,601,168
5779,428,19,753,198
5780,316,3,382,177
5781,58,20,427,54
5782,455,21,654,197
5783,291,2,504,135
5784,481,12,304,134
5785,395,12,396,195
5786,60,13,343,97
5787,274,20,864,109
5788,186,3,158,193
5789,184,22,778,124
5790,309,24,907,65
5791,316,20,888,97
5792,455,3,609,107
5793,38,10,960,111
5794,371,15,974,112
5795,298,15,722,54
5796,170,4,786,26
5797,165,13,18,64
5798,318,25,191,153
5799,48,5,837,96
5800,269,19,494,181
5801,19,17,916,187
5802,451,19,222,93
5803,262,1,311,175
5804,367,15,833,148
5805,470,19,723,149
5806,436,10,446,125
5807,295,25,231,28
5808,449,6,639,77
5809,196,14,608,29
5810,385,12,55,183
5811,396,7,869,71
5812,169,13,996,46
5813,276,14,637,158
5814,39,23,603,110
5815,310,8,555,108
5816,208,13,824,186
5817,301,12,257,116
5818,276,10,432,120
5819,438,13,273,180
5820,15,23,198,177
5821,34,1,809,69
5822,347,25,683,151
5823,51,5,496,35
5824,197,5,623,132
5825,227,7,851,87
5826,303,25,992,103
5827,302,15,235,195
5828,123,4,566,48
5829,296,13,182,96
5830,54,15,742,78
5831,149,12,212,195
5832,95,13,317,148
5833,481,5,724,159
5834,28,23,959,114
5835,16,24,28,189
5836,238,17,260,198
5837,249,19,218,44
5838,133,19,360,34
5839,348,16,210,138
5840,62,10,498,38
5841,420,20,190,61
5842,337,22,583,113
5843,285,3,739,35
5844,278,15,469,119
5845,182,13,555,30
5846,243,17,223,111
5847,126,19,532,175
5848,196,8,533,50
5849,355,20,105,131
5850,286,10,562,112
5851,381,9,278,105
5852,58,9,329,31
5853,39,12,254,43
5854,225,22,774,147
5855,64,4,861,42
5856,437,21,231,155
5857,29,18,272,63
5858,234,4,675,120
5859,499,21,810,52
5860,217,23,837,180
5861,130,17,555,84
5862,219,19,53,170
5863,16,18,425,199
5864,439,7,241,160
5865,462,4,726,72
5866,339,11,160,96
5867,440,8,76,190
5868,48,8,653,175
5869,21,10,253,146
5870,171,23,74,191
5871,29,11,902,158
5872,56,8,380,171
5873,291,10,140,128
5874,141,13,859,183
5875,5,18,286,185
5876,368,5,857,62
5877,81,3,342,145
5878,4,22,989,65
5879,341,19,142,38
5880,117,15,631,83
5881,108,11,775,70
5882,34,11,431,88
5883,239,1,46,105
5884,473,21,847,28
5885,126,9,120,50
5886,108,24,10,173
5887,418,10,89,191
5888,485,7,225,191
5889,122,24,278,41
5890,208,8,816,112
5891,337,10,959,131
5892,123,7,785,140
5893,85,7,469,193
5894,311,14,157,23
5895,266,2,297,134
5896,414,19,426,119
5897,211,4,273,136
5898,200,18,155,160
5899,230,23,916,55
5900,139,2,38,57
5901,62,1,804,93
5902,307,8,864,87
5903,353,19,399,87
5904,460,22,672,189
5905,249,4,90,51
5906,346,8,50,22
5907,478,12,288,86
5908,451,15,837,33
5909,174,16,317,185
5910,347,25,181,23
5911,251,20,346,42
5912,296,6,315,53
5913,71,10,795,29
5914,7,24,479,154
5915,279,19,452,22
5916,371,2,908,25
5917,493,5,923,87
5918,403,10,898,194
5919,407,4,138,79
5920,456,11,988,82
5921,369,25,976,153
5922,227,23,197,93
5923,446,15,86,164
5924,441,20,362,27
5925,180,7,907,156
5926,93,22,426,68
5927,120,10,799,62
5928,85,10,581,23
5929,280,25,219,110
5930,473,4,550,198
5931,472,20,290,122
5932,42,5,509,135
5933,98,16,537,150
5934,138,5,843,96
5935,319,7,15,138
5936,116,21,100,133
5937,306,15,964,147
5938,448,20,66,177
5939,69,25,60,109
5940,491,15,104,58
5941,8,17,760,140
5942,314,2,379,116
5943,113,15,466,32
5944,20,14,976,82
5945,91,12,504,24
5946,225,10,709,160
5947,430,10,785,65
5948,80,12,232,121
5949,443,11,58,124
5950,86,5,303,114
5951,365,7,335,182
5952,50,16,19,49
5953,41,18,826,116
5954,284,4,27,30
5955,42,13,121,109
5956,487,3,251,44
5957,280,21,612,24
5958,135,23,395,46
5959,103,20,555,196
5960,42,13,186,45
5961,11,16,541,140
5962,240,25,771,195
5963,474,6,776,94
5964,176,23,946,156
5965,61,12,340,65
5966,227,4,350,79
5967,301,1,292,53
5968,426,6,22,59
5969,392,25,631,73
5970,262,3,729,63
5971,19,5,765,101
5972,411,10,642,58
5973,285,16,159,20
5974,215,23,47,183
5975,255,2,39,158
5976,42,15,736,24
5977,245,24,771,194
5978,91,11,401,161
5979,201,4,546,104
5980,17,12,755,92
5981,269,22,86,177
5982,115,13,226,151
5983,385,19,18,109
5984,474,14,148,159
5985,422,9,659,147
5986,20,9,217,69
5987,89,11,855,102
5988,19,8,554,20
5989,354,10,389,59
5990,250,2,93,185
5991,280,20,677,111
5992,296,8,762,108
5993,482,1,218,125
5994,492,17,231,103
5995,74,14,193,68
5996,114,16,586,190
5997,379,21,373,88
5998,114,3,247,142
5999,337,10,145,112
6000,239,18,532,145
6001,350,22,401,33
6002,256,20,558,176
6003,198,18,858,23
6004,14,23,775,181
6005,217,19,244,54
6006,162,18,255,146
6007,448,14,778,128
6008,311,4,185,122
6009,463,20,915,39
6010,337,17,448,37
6011,208,10,50,122
6012,214,23,523,21
6013,54,15,427,29
6014,8,21,612,169
6015,155,22,933,108
6016,316,9,809,92
6017,466,15,641,152
6018,187,4,41,200
6019,347,22,196,58
6020,261,3,137,158
6021,375,20,96,68
6022,9,16,117,151
6023,294,25,639,120
6024,298,24,232,100
6025,408,9,552,164
6026,351,14,999,162
6027,209,13,659,136
6028,433,25,786,134
6029,476,4,660,64
6030,241,18,617,60
6031,186,24,893,109
6032,23,24,13,97
6033,319,9,165,177
6034,189,12,477,145
6035,214,13,416,189
6036,380,21,622,37
6037,122,25,938,43
6038,105,18,950,166
6039,20,11,231,77
6040,134,17,958,83
6041,188,16,242,123
6042,358,18,726,147
6043,201,7,114,198
6044,210,7,565,92
6045,17,15,953,168
6046,335,1,635,77
6047,10,25,887,65
6048,464,24,973,148
6049,396,13,299,91
6050,85,12,250,38
6051,409,5,801,165
6052,406,15,195,27
6053,253,19,616,72
6054,36,15,103,23
6055,424,14,242,69
6056,140,17,572,157
6057,382,25,900,96
6058,301,23,357,41
6059,250,25,426,40
6060,112,10,567,162
6061,288,7,649,134
6062,32,14,26,182
6063,299,1,455,153
6064,427,8,422,64
6065,460,8,700,51
6066,318,2,493,37
6067,352,25,573,75
6068,369,2,247,74
6069,215,2,521,62
6070,32,22,214,150
6071,346,7,99,181
6072,54,8,884,25
6073,378,18,956,121
6074,10,10,124,48
6075,329,7,757,86
6076,283,11,816,113
6077,86,16,418,80
6078,67,3,898,68
6079,243,10,119,153
6080,53,15,560,58
6081,192,14,869,21
6082,220,12,22,134
6083,369,3,520,76
6084,66,20,913,96
6085,442,7,744,134
6086,171,16,441,129
6087,92,17,440,125
6088,292,10,930,102
6089,445,24,676,79
6090,449,15,775,27
6091,343,21,296,30
6092,132,7,436,31
6093,481,19,554,198
6094,408,14,704,131
6095,401,12,427,169
6096,357,13,624,106
6097,342,21,62,42
6098,180,10,296,140
6099,373,13,470,92
6100,332,15,153,85
6101,14,22,348,73
6102,244,18,385,94
6103,491,5,417,179
6104,172,14,756,177
6105,157,10,798,194
6106,174,13,966,111
6107,253,16,661,126
6108,330,8,675,89
6109,312,13,286,47
6110,43,9,222,118
6111,443,22,317,59
6112,151,14,338,187
6113,209,6,781,191
6114,420,21,774,142
6115,460,12,79,121
6116,461,18,445,147
6117,126,25,428,39
6118,150,12,167,53
6119,452,16,390,171
6120,123,5,586,93
6121,161,10,693,90
6122,41,22,429,28
6123,131,17,852,73
6124,324,20,718,69
6125,168,10,840,128
6126,368,11,309,161
6127,490,10,344,189
6128,228,22,218,129
6129,159,6,407,70
6130,196,20,74,84
6131,109,9,438,122
6132,290,10,669,67
6133,226,9,925,118
6134,375,12,513,100
6135,357,23,117,187
6136,71,17,390,33
6137,355,11,263,76
6138,442,18,296,65
6139,314,2,666,128
6140,467,3,49,140
6141,47,24,545,26
6142,55,7,258,41
6143,31,18,241,156
6144,379,20,488,74
6145,296,24,861,179
6146,435,11,329,160
6147,447,5,37,123
6148,60,12,487,169
6149,290,16,475,199
6150,270,18,400,124
6151,481,15,528,96
6152,110,24,929,106
6153,173,23,397,181
6154,393,23,626,165
6155,165,9,359,194
6156,192,23,207,50
6157,294,19,180,128
6158,89,4,940,106
6159,101,17,483,44
6160,424,8,109,155
6161,296,8,120,109
6162,412,1,868,60
6163,440,14,745,84
6164,296,7,440,124
6165,147,18,409,147
6166,328,21,400,20
6167,173,17,563,117
6168,205,14,397,38
6169,397,8,380,54
6170,5,2,731,88
6171,189,9,235,69
6172,248,5,725,84
6173,6,14,832,21
6174,4,23,297,178
6175,379,21,978,117
6176,260,25,732,29
6177,375,25,214,123
6178,84,17,261,84
6179,166,17,551,96
6180,442,8,403,119
6181,261,19,659,29
6182,252,24,48,173
6183,103,11,642,24
6184,269,9,49,155
6185,52,14,893,32
6186,338,9,68,64
6187,54,6,94,131
6188,367,7,263,104
6189,306,16,347,150
6190,91,18,71,186
6191,34,13,522,136
6192,11,5,496,23
6193,440,15,406,195
6194,434,1,782,132
6195,481,4,118,101
6196,176,16,733,141
6197,402,13,800,178
6198,302,25,221,167
6199,147,23,335,62
6200,348,13,595,195
6201,8,8,761,181
6202,345,2,139,97
6203,282,19,490,61
6204,461,17,266,107
6205,495,11,925,96
6206,263,16,15,55
6207,134,10,180,67
6208,142,4,447,57
6209,130,8,782,123
6210,187,5,816,119
6211,78,10,641,179
6212,228,5,318,171
6213,136,24,67,40
6214,141,8,776,25
6215,250,12,211,157
6216,216,8,264,102
6217,483,21,635,95
6218,80,10,630,52
6219,7,19,813,78
6220,434,21,247,36
6221,477,3,994,98
6222,90,19,907,122
6223,124,18,189,95
6224,128,24,323,141
6225,194,1,982,106
6226,114,7,347,110
6227,139,5,601,169
6228,431,3,433,138
6229,167,16,547,60
6230,440,22,839,85
6231,232,6,322,147
6232,189,22,466,187
6233,447,6,908,42
6234,205,6,234,79
6235,449,24,740,134
6236,151,18,353,85
6237,112,5,852,122
6238,284,4,546,65
6239,341,12,841,112
6240,43,21,745,70
6241,307,14,669,154
6242,308,11,232,53
6243,6,6,881,173
6244,70,21,882,65
6245,229,24,232,112
6246,328,10,684,24
6247,289,24,317,128
6248,220,21,550,92
6249,453,14,436,42
6250,475,1,119,126
6251,135,22,440,85
6252,372,4,660,120
6253,42,12,638,145
6254,316,18,795,130
6255,77,19,653,199
6256,416,22,260,42
6257,164,11,757,162
6258,369,23,422,121
6259,230,11,261,189
6260,500,7,367,161
6261,152,12,461,170
6262,21,22,488,134
6263,495,16,129,115
6264,104,7,718,72
6265,267,19,725,156
6266,436,12,301,194
6267,47,2,557,180
6268,428,10,195,143
6269,20,3,622,76
6270,243,9,852,112
6271,148,12,515,177
6272,95,14,717,88
6273,327,9,740,81
6274,322,19,702,101
6275,39,17,741,70
6276,112,21,198,28
6277,203,3,874,152
6278,210,18,934,47
6279,93,22,23,124
6280,297,18,229,65
6281,461,7,468,192
6282,163,24,952,172
6283,154,3,773,147
6284,226,6,51,137
6285,417,20,609,192
6286,144,21,523,49
6287,473,22,798,198
6288,213,16,70,33
6289,314,18,447,128
6290,477,10,106,181
6291,445,1,190,69
6292,197,22,396,197
6293,31,1,689,83
6294,313,8,647,47
6295,319,2,834,182
6296,31,2,588,64
6297,71,2,897,182
6298,269,4,503,191
6299,483,10,510,75
6300,142,21,996,70
6301,366,3,656,194
6302,127,5,644,145
6303,336,10,935,25
6304,275,22,996,84
6305,353,8,619,68
6306,69,4,481,47
6307,236,11,455,130
6308,394,5,673,73
6309,272,20,452,135
6310,20,17,58,193
6311,131,17,661,197
6312,413,7,682,183
6313,129,7,281,168
6314,296,15,179,31
6315,385,18,246,38
6316,364,15,409,137
6317,194,17,362,59
6318,27,1,381,70
6319,364,24,380,191
6320,328,17,918,132
6321,230,3,491,29
6322,431,13,935,166
6323,458,17,354,186
6324,147,10,499,25
6325,137,2,988,26
6326,437,20,687,49
6327,137,20,574,110
6328,388,6,978,177
6329,31,11,517,31
6330,64,17,519,162
6331,188,7,179,54
6332,289,18,291,78
6333,478,7,936,73
6334,159,18,667,112
6335,436,23,910,49
6336,16,19,300,148
6337,370,1,906,140
6338,373,2,234,161
6339,1,10,108,150
6340,96,6,633,151
6341,154,4,233,89
6342,74,18,745,133
6343,393,20,19,54
6344,52,5,14,67
6345,479,20,879,112
6346,385,21,218,187
6347,319,4,917,47
6348,275,23,106,151
6349,175,5,272,125
6350,272,7,135,137
6351,122,3,558,34
6352,344,2,162,27
6353,355,14,129,85
6354,442,24,481,114
6355,308,20,133,127
6356,3,7,817,169
6357,474,23,644,40
6358,116,6,629,163
6359,389,19,905,161
6360,69,2,730,131
6361,43,1,127,191
6362,279,25,999,70
6363,399,12,251,43
6364,29,6,596,35
6365,36,9,341,105
6366,135,18,627,140
6367,404,18,172,180
6368,494,4,937,178
6369,227,11,501,42
6370,441,8,557,131
6371,236,9,201,180
6372,386,24,455,20
6373,182,15,409,167
6374,94,5,368,55
6375,480,9,243,147
6376,10,6,53,74
6377,238,18,800,121
6378,374,22,421,121
6379,67,23,110,174
6380,473,23,232,199
6381,443,6,124,66
6382,87,3,908,195
6383,245,5,649,145
6384,226,13,860,79
6385,336,9,740,107
6386,30,18,82,177
6387,143,24,102,63
6388,121,1,754,180
6389,237,14,589,100
6390,493,9,724,176
6391,471,5,908,54
6392,7,16,133,147
6393,4,1,772,46
6394,108,13,897,42
6395,117,4,960,118
6396,364,10,881,194
6397,129,17,139,154
6398,382,25,978,82
6399,149,11,171,50
6400,453,13,206,27
6401,273,23,20,25
6402,447,3,447,114
6403,24,6,772,87
6404,242,16,192,129
6405,350,9,358,157
6406,348,21,697,150
6407,30,7,415,157
6408,157,10,866,152
6409,104,23,29,114
6410,482,8,631,186
6411,277,12,136,131
6412,241,15,989,122
6413,408,22,71,52
6414,421,17,348,74
6415,142,23,109,115
6416,401,25,571,37
6417,327,10,406,66
6418,432,7,937,95
6419,447,17,979,66
6420,289,7,652,87
6421,431,16,819,73
6422,246,25,146,142
6423,154,10,584,67
6424,52,23,468,21
6425,24,10,100,136
6426,26,25,330,143
6427,197,22,157,154
6428,494,15,573,25
6429,320,23,813,44
6430,500,15,91,88
6431,206,8,28,93
6432,155,5,666,119
6433,120,5,500,116
6434,67,21,445,32
6435,17,13,256,72
6436,213,8,889,37
6437,304,2,609,53
6438,85,17,331,117
6439,400,13,413,109
6440,126,4,384,169
6441,179,17,365,119
6442,88,14,626,53
6443,235,20,75,133
6444,450,21,632,40
6445,428,21,788,21
6446,473,17,533,95
6447,426,5,571,144
6448,500,19,466,127
6449,265,4,645,149
6450,462,20,856,129
6451,310,25,525,157
6452,393,25,297,88
6453,111,24,745,65
6454,64,6,414,34
6455,310,1,775,195
6456,433,22,626,21
6457,286,20,692,73
6458,155,13,340,72
6459,120,12,938,172
6460,455,9,549,122
6461,164,16,434,42
6462,380,6,836,166
6463,50,10,896,102
6464,95,11,960,142
6465,309,3,928,59
6466,498,18,779,65
6467,325,21,145,199
6468,204,1,580,22
6469,290,17,350,173
6470,372,13,749,144
6471,305,17,892,123
6472,485,12,58,109
6473,492,16,997,61
6474,442,16,712,104
6475,265,7,622,119
6476,453,15,293,169
6477,13,8,205,20
6478,472,15,77,50
6479,377,24,14,200
6480,442,3,338,148
6481,231,15,993,59
6482,293,5,758,48
6483,472,18,288,72
6484,241,16,119,173
6485,9,14,689,68
6486,489,25,544,161
6487,389,7,949,23
6488,219,6,486,111
6489,193,3,166,20
6490,297,10,57,42
6491,380,6,259,37
6492,461,21,855,49
6493,267,7,69,75
6494,293,2,927,139
6495,450,7,1000,60
6496,96,1,418,99
6497,191,14,501,184
6498,78,25,698,148
6499,361,11,573,124
6500,239,10,602,89
6501,89,23,981,147
6502,11,17,697,144
6503,349,12,253,62
6504,425,21,727,27
6505,499,20,372,133
6506,437,22,100,189
6507,209,5,45,125
6508,200,21,461,162
6509,259,22,23,79
6510,152,1,674,118
6511,296,10,790,200
6512,54,12,213,85
6513,450,24,572,45
6514,81,14,158,126
6515,183,19,779,164
6516,332,10,330,138
6517,4,5,836,165
6518,70,4,232,59
6519,436,10,867,29
6520,433,15,131,27
6521,254,9,640,90
6522,420,17,558,91
6523,476,24,759,127
6524,299,25,613,189
6525,93,9,53,157
6526,270,14,476,193
6527,330,10,655,60
6528,392,25,999,83
6529,184,7,477,38
6530,346,22,811,183
6531,98,8,631,138
6532,374,2,929,20
6533,448,20,667,93
6534,272,9,786,69
6535,347,5,971,27
6536,154,14,321,135
6537,175,11,387,50
6538,370,1,135,198
6539,146,23,927,157
6540,239,2,547,183
6541,84,10,685,98
6542,381,8,556,185
6543,285,19,538,115
6544,349,6,962,122
6545,292,9,186,194
6546,301,3,526,98
6547,102,3,567,180
6548,21,24,517,88
6549,444,20,67,99
6550,184,25,87,199
6551,443,10,777,190
6552,310,15,638,193
6553,480,17,432,151
6554,18,8,381,50
6555,225,12,694,126
6556,337,19,398,192
6557,140,20,194,144
6558,417,23,864,112
6559,286,10,147,130
6560,139,1,688,188
6561,263,22,462,31
6562,39,9,717,137
6563,478,11,21,151
6564,309,20,651,35
6565,175,3,967,27
6566,228,3,882,148
6567,129,23,672,59
6568,196,21,712,81
6569,290,21,755,105
6570,404,10,74,184
6571,291,19,91,65
6572,243,10,619,101
6573,427,12,559,61
6574,233,14,138,194
6575,421,24,926,157
6576,453,3,129,67
6577,311,23,721,181
6578,89,4,884,53
6579,494,21,68,32
6580,359,23,439,57
6581,460,22,849,170
6582,282,5,67,63
6583,145,18,472,92
6584,339,1,460,117
6585,262,20,823,35
6586,253,3,438,35
6587,396,6,973,76
6588,430,16,144,59
6589,185,8,846,146
6590,266,11,827,168
6591,121,3,481,40
6592,127,11,415,159
6593,124,12,871,179
6594,134,21,66,69
6595,110,13,776,91
6596,225,23,672,137
6597,43,15,90,162
6598,442,16,320,104
6599,193,22,679,89
6600,369,23,409,44
6601,9,18,273,60
6602,480,6,606,180
6603,157,8,18,131
6604,287,11,240,180
6605,393,1,485,122
6606,463,15,574,187
6607,329,9,657,139
6608,80,1,483,113
6609,102,4,472,50
6610,9,14,345,29
6611,190,16,235,120
6612,243,10,310,65
6613,30,19,345,180
6614,97,17,437,32
6615,318,4,192,95
6616,36,25,608,28
6617,479,19,300,21
6618,344,5,585,40
6619,224,23,304,79
6620,22,7,430,88
6621,163,17,244,114
6622,305,10,423,83
6623,144,7,437,167
6624,64,18,42,163
6625,137,21,672,147
6626,187,11,920,22
6627,344,14,593,83
6628,245,2,716,54
6629,235,21,275,36
6630,223,15,643,152
6631,197,7,896,44
6632,475,17,921,139
6633,142,24,396,73
6634,469,18,795,79
6635,79,24,150,177
6636,124,7,211,171
6637,37,4,951,116
6638,201,10,795,176
6639,409,25,713,164
6640,297,10,480,180
6641,338,11,738,57
6642,258,10,522,67
6643,47,9,114,191
6644,496,14,341,163
6645,125,7,954,198
6646,76,15,191,140
6647,395,7,495,150
6648,192,11,803,172
6649,228,3,387,94
6650,409,10,647,125
6651,407,7,709,134
6652,386,13,88,66
6653,135,6,333,104
6654,428,12,288,141
6655,187,6,529,190
6656,141,10,373,92
6657,96,21,364,90
6658,186,11,86,173
6659,44,17,596,182
6660,315,14,383,143
6661,248,16,712,131
6662,330,21,816,73
6663,485,12,257,158
6664,272,18,189,104
6665,269,14,508,30
6666,493,12,155,180
6667,388,25,895,99
6668,145,15,348,194
6669,239,4,433,98
6670,83,5,370,65
6671,406,8,880,158
6672,89,10,567,88
6673,364,1,662,95
6674,34,16,980,28
6675,216,8,632,179
6676,65,17,565,123
6677,265,22,293,115
6678,330,4,375,57
6679,54,13,524,89
6680,69,4,321,50
6681,13,10,428,157
6682,41,7,483,106
6683,118,20,513,49
6684,142,9,582,77
6685,443,13,217,82
6686,76,20,935,82
6687,38,6,727,127
6688,499,20,1000,155
6689,134,5,719,107
6690,87,1,761,173
6691,194,1,626,47
6692,99,17,734,69
6693,65,22,968,88
6694,44,4,394,185
6695,284,15,836,76
6696,18,18,739,72
6697,415,5,294,58
6698,279,12,745,62
6699,380,11,122,187
6700,145,25,80,132
6701,237,21,350,174
6702,318,5,188,86
6703,183,1,865,76
6704,258,22,26,64
6705,293,6,374,83
6706,74,12,124,142
6707,235,4,463,75
6708,357,10,311,196
6709,293,16,401,160
6710,219,14,639,49
6711,138,10,191,57
6712,27,18,907,105
6713,389,17,599,35
6714,327,21,920,118
6715,322,17,950,156
6716,102,3,91,78
6717,185,1,502,181
6718,125,12,517,79
6719,329,16,488,124
6720,400,13,130,133
6721,159,18,175,68
6722,261,14,585,22
6723,285,22,661,135
6724,32,20,285,21
6725,266,21,433,119
6726,264,16,779,154
6727,426,19,707,118
6728,473,20,440,166
6729,119,20,147,137
6730,96,13,263,188
6731,207,22,425,87
6732,95,15,66,82
6733,54,9,813,200
6734,389,3,996,58
6735,414,6,126,118
6736,470,8,688,69
6737,82,6,636,27
6738,466,20,847,152
6739,95,18,317,166
6740,173,22,220,57
6741,7,8,32,49
6742,426,17,468,131
6743,161,22,608,110
6744,162,4,358,166
6745,304,23,625,193
6746,232,19,838,33
6747,93,12,900,186
6748,274,15,457,186
6749,229,14,459,105
6750,124,5,285,164
6751,185,15,529,111
6752,493,2,759,52
6753,288,6,590,68
6754,319,7,804,134
6755,101,11,935,148
6756,457,17,983,31
6757,213,20,41,77
6758,20,10,506,65
6759,132,13,464,104
6760,364,24,321,37
6761,338,14,598,30
6762,418,18,970,44
6763,379,23,572,124
6764,445,21,698,54
6765,353,6,515,137
6766,354,10,550,129
6767,211,2,33,63
6768,254,13,138,115
6769,435,20,989,26
6770,434,5,430,53
6771,281,12,452,41
6772,313,15,838,78
6773,370,19,376,99
6774,89,14,220,111
6775,54,8,166,26
6776,345,7,891,90
6777,442,17,739,49
6778,469,9,407,21
6779,499,20,724,172
6780,9,4,278,177
6781,348,4,939,191
6782,246,3,252,154
6783,469,14,606,46
6784,222,17,948,179
6785,114,20,919,144
6786,174,22,771,84
6787,10,19,731,149
6788,74,14,863,46
6789,434,18,991,33
6790,243,10,171,184
6791,29,15,182,52
6792,235,24,203,76
6793,206,21,631,165
6794,121,10,219,95
6795,21,15,133,138
6796,345,19,336,58
6797,280,8,893,118
6798,48,6,837,183
6799,308,3,161,145
6800,305,2,326,133
6801,490,22,360,189
6802,282,5,853,39
6803,45,12,416,75
6804,289,17,628,27
6805,173,23,557,125
6806,305,19,479,177
6807,427,24,458,112
6808,273,13,86,129
6809,419,20,788,101
6810,385,16,659,181
6811,291,14,679,90
6812,214,10,434,133
6813,261,13,587,76
6814,233,8,906,96
6815,63,8,679,47
6816,123,9,911,46
6817,101,15,345,167
6818,14,21,86,154
6819,353,17,266,164
6820,331,23,577,34
6821,310,14,204,89
6822,362,11,273,149
6823,408,16,61,23
6824,132,16,246,159
6825,416,16,810,56
6826,211,24,871,20
6827,194,4,417,173
6828,83,3,289,57
6829,450,19,369,173
6830,187,13,390,94
6831,489,6,678,161
6832,244,10,935,141
6833,81,9,927,196
6834,426,23,557,183
6835,270,8,199,170
6836,272,14,963,127
6837,84,18,555,148
6838,94,24,978,138
6839,416,19,406,177
6840,186,11,746,155
6841,426,25,811,175
6842,147,17,855,133
6843,258,13,694,107
6844,460,2,621,54
6845,63,1,323,192
6846,451,13,427,129
6847,452,17,697,130
6848,489,22,503,28
6849,296,16,991,179
6850,457,11,94,174
6851,245,16,562,163
6852,123,2,984,26
6853,260,22,76,109
6854,212,3,640,91
6855,324,15,503,178
6856,488,17,595,34
6857,307,20,458,195
6858,143,24,30,34
6859,481,13,173,134
6860,194,8,714,70
6861,331,25,637,81
6862,131,12,399,29
6863,251,6,261,169
6864,360,7,790,122
6865,408,19,513,94
6866,456,24,415,37
6867,193,1,388,106
6868,258,25,285,158
6869,78,20,169,36
6870,255,6,918,93
6871,444,3,168,171
6872,44,21,68,171
6873,275,1,619,89
6874,390,20,605,116
6875,411,20,133,187
6876,478,22,589,30
6877,219,10,155,60
6878,436,17,785,172
6879,138,1,273,107
6880,344,7,57,54
6881,290,5,246,41
6882,353,8,860,53
6883,398,21,551,48
6884,256,13,323,137
6885,290,17,412,69
6886,161,15,983,146
6887,8,2,724,87
6888,147,17,668,147
6889,453,25,709,156
6890,262,13,876,186
6891,158,15,764,169
6892,411,14,776,34
6893,162,12,805,83
6894,145,8,468,117
6895,292,10,910,152
6896,247,1,689,81
6897,236,17,453,156
6898,169,24,445,130
6899,288,8,796,80
6900,118,22,538,32
6901,7,12,142,198
6902,116,18,590,96
6903,239,15,339,116
6904,381,23,221,58
6905,254,1,783,138
6906,330,10,973,176
6907,36,10,761,97
6908,109,17,395,54
6909,196,15,842,160
6910,301,18,792,57
6911,348,12,179,120
6912,134,1,223,134
6913,209,3,925,58
6914,166,10,152,58
6915,277,20,284,51
6916,348,15,593,200
6917,446,13,101,94
6918,287,23,217,155
6919,112,1,481,162
6920,48,25,790,168
6921,352,9,573,138
6922,248,20,94,148
6923,465,1,185,97
6924,251,16,248,59
6925,398,14,919,65
6926,212,5,676,46
6927,241,4,159,155
6928,375,8,238,104
6929,405,3,970,75
6930,9,22,164,66
6931,98,6,76,171
6932,492,7,975,147
6933,99,7,144,80
6934,314,6,151,186
6935,37,10,583,182
6936,71,6,490,84
6937,255,5,139,166
6938,122,13,974,34
6939,128,19,415,200
6940,289,3,161,46
6941,129,13,111,172
6942,389,15,222,113
6943,190,4,461,119
6944,168,5,826,129
6945,403,3,369,93
6946,454,20,513,39
6947,150,19,694,149
6948,165,11,767,37
6949,179,5,640,69
6950,304,6,876,200
6951,53,13,796,24
6952,368,24,587,136
6953,475,1,768,30
6954,227,16,185,103
6955,81,2,515,193
6956,71,12,560,92
6957,368,6,904,50
6958,196,1,964,191
6959,221,24,733,123
6960,478,2,456,143
6961,471,7,610,49
6962,196,1,632,48
6963,288,12,283,194
6964,23,8,351,37
6965,314,9,918,188
6966,143,8,228,50
6967,149,24,142,178
6968,474,1,382,41
6969,371,11,396,103
6970,73,16,845,133
6971,345,17,431,73
6972,390,7,873,177
6973,10,6,589,34
6974,231,11,111,196
6975,76,25,531,89
6976,411,8,885,67
6977,457,3,982,195
6978,388,6,46,190
6979,245,7,840,158
6980,470,8,982,181
6981,4,11,19,61
6982,133,24,161,41
6983,167,8,407,84
6984,256,2,202,60
6985,148,16,125,124
6986,31,6,844,169
6987,160,6,503,184
6988,388,5,222,172
6989,149,11,586,53
6990,313,9,549,164
6991,266,21,159,177
6992,238,15,809,197
6993,85,4,88,63
6994,82,5,93,118
6995,77,10,750,143
6996,222,15,40,158
6997,149,8,161,150
6998,393,22,488,114
6999,84,9,129,37
7000,386,23,466,100
7001,302,12,72,125
7002,345,5,404,132
7003,428,12,11,195
7004,88,10,824,75
7005,84,1,452,129
7006,138,11,743,100
7007,385,3,515,38
7008,42,5,945,198
7009,125,23,904,87
7010,231,20,866,159
7011,419,7,679,92
7012,342,5,990,192
7013,363,4,764,143
7014,421,25,352,191
7015,52,13,937,38
7016,478,25,543,143
7017,196,11,659,122
7018,155,3,582,85
7019,147,12,814,108
7020,226,1,531,183
7021,8,1,166,31
7022,393,7,704,173
7023,152,20,993,61
7024,341,6,670,50
7025,460,7,809,129
7026,18,14,47,66
7027,401,20,892,109
7028,138,2,388,57
7029,210,23,586,138
7030,42,16,722,63
7031,42,15,806,125
7032,367,12,393,35
7033,404,2,175,26
7034,284,8,47,94
7035,57,11,873,68
7036,352,25,625,126
7037,124,1,785,180
7038,262,23,425,88
7039,38,19,760,141
7040,199,12,153,141
7041,243,7,354,101
7042,432,9,471,99
7043,229,11,279,84
7044,9,11,758,148
7045,19,11,236,178
7046,6,12,398,75
7047,476,2,146,186
7048,445,7,635,101
7049,487,18,200,176
7050,403,8,560,145
7051,323,13,980,68
7052,282,20,382,150
7053,154,8,452,183
7054,46,12,391,82
7055,412,17,237,147
7056,417,21,992,149
7057,500,20,940,144
7058,320,11,445,76
7059,485,2,197,189
7060,213,23,87,178
7061,460,8,933,73
7062,454,5,898,39
7063,37,19,190,78
7064,398,11,128,123
7065,447,23,428,89
7066,160,20,31,194
7067,304,1,874,110
7068,422,15,691,125
7069,258,1,560,102
7070,185,14,303,72
7071,337,10,391,143
7072,471,8,743,60
7073,476,20,199,130
7074,299,17,849,144
7075,500,25,558,72
7076,271,20,887,186
7077,318,2,648,63
7078,203,21,460,180
7079,1,1,459,102
7080,141,14,593,155
7081,314,5,507,85
7082,465,16,837,104
7083,98,23,135,21
7084,148,5,175,68
7085,276,23,357,177
7086,125,12,146,91
7087,218,1,573,101
7088,398,11,256,172
7089,32,19,276,104
7090,494,15,338,157
7091,388,13,467,31
7092,148,25,283,174
7093,254,2,372,139
7094,211,23,19,124
7095,483,1,252,77
7096,10,16,208,190
7097,468,3,542,172
7098,254,5,393,147
7099,232,23,15,129
7100,332,18,396,148
7101,258,15,191,134
7102,382,12,394,117
7103,268,24,91,101
7104,482,18,828,119
7105,330,17,629,24
7106,13,15,75,112
7107,284,14,958,159
7108,61,23,464,22
7109,499,5,463,36
7110,61,20,654,144
7111,182,19,998,63
7112,353,13,53,40
7113,6,10,536,44
7114,39,20,197,31
7115,236,11,959,189
7116,65,12,12,21
7117,236,24,742,36
7118,104,22,214,146
7119,448,3,225,197
7120,20,12,964,66
7121,245,23,620,196
7122,75,23,350,131
7123,153,21,17,189
7124,131,20,867,170
7125,84,1,342,35
7126,410,14,107,164
7127,455,22,143,185
7128,130,16,172,193
7129,419,8,802,72
7130,478,6,873,42
7131,99,24,913,89
7132,113,20,301,119
7133,385,17,802,48
7134,398,21,928,68
7135,395,15,688,178
7136,244,9,169,91
7137,415,24,199,185
7138,106,25,927,137
7139,437,18,473,112
7140,323,19,944,189
7141,34,1,872,26
7142,142,7,796,78
7143,351,17,753,161
7144,259,2,816,34
7145,265,12,137,34
7146,232,7,174,83
7147,345,20,500,120
7148,375,23,91,65
7149,27,4,498,133
7150,172,18,983,79
7151,108,15,757,170
7152,342,23,538,122
7153,7,14,745,130
7154,471,5,680,149
7155,211,18,238,79
7156,213,2,90,160
7157,491,1,35,40
7158,143,1,26,70
7159,335,3,576,116
7160,86,24,539,123
7161,221,21,172,152
7162,416,13,618,159
7163,248,23,397,146
7164,430,23,203,190
7165,61,21,464,108
7166,72,7,825,121
7167,48,12,307,150
7168,264,25,104,67
7169,212,23,422,150
7170,442,14,131,90
7171,137,15,657,139
7172,361,15,736,36
7173,414,12,859,49
7174,319,11,396,153
7175,194,10,346,59
7176,388,14,966,179
7177,33,6,917,79
7178,5,9,985,124
7179,287,5,450,116
7180,80,25,784,136
7181,382,2,829,173
7182,385,22,480,67
7183,412,1,449,67
7184,332,9,496,182
7185,84,22,636,175
7186,209,3,625,150
7187,220,16,542,166
7188,279,19,463,199
7189,182,14,361,181
7190,313,18,124,146
7191,141,6,407,135
7192,377,10,570,45
7193,19,13,788,186
7194,381,2,853,33
7195,138,16,439,150
7196,491,23,23,149
7197,497,4,190,155
7198,273,20,265,34
7199,134,10,330,98
7200,431,13,539,28
7201,7,15,321,168
7202,296,23,399,119
7203,265,14,898,46
7204,424,23,901,136
7205,98,15,422,99
7206,295,9,290,171
7207,56,3,62,133
7208,164,11,978,145
7209,299,25,825,131
7210,498,15,846,90
7211,342,24,781,86
7212,349,20,358,165
7213,410,16,907,36
7214,310,21,832,65
7215,388,10,840,125
7216,247,22,361,46
7217,160,20,337,178
7218,241,13,159,163
7219,397,7,765,153
7220,29,6,349,82
7221,256,19,138,79
7222,222,13,549,148
7223,136,16,26,119
7224,61,11,570,98
7225,249,16,253,138
7226,73,18,543,70
7227,38,15,912,158
7228,300,4,503,69
7229,283,6,322,101
7230,161,3,843,76
7231,352,20,653,48
7232,28,13,75,76
7233,276,10,521,80
7234,229,6,400,150
7235,357,3,754,196
7236,344,12,620,85
7237,271,12,814,175
7238,184,12,95,39
7239,173,3,302,68
7240,403,12,76,130
7241,127,13,293,60
7242,173,1,361,191
7243,457,2,966,161
7244,169,8,646,80
7245,186,20,369,42
7246,197,14,466,48
7247,244,2,150,141
7248,371,19,259,198
7249,120,18,113,192
7250,388,24,249,189
7251,208,11,945,130
7252,384,2,744,53
7253,434,2,125,165
7254,208,22,885,134
7255,331,13,813,197
7256,452,6,760,33
7257,158,11,220,158
7258,142,6,44,135
7259,188,21,280,196
7260,102,11,990,167
7261,448,13,233,146
7262,145,4,556,144
7263,118,12,931,164
7264,416,12,604,174
7265,470,13,634,166
7266,227,18,615,105
7267,165,24,153,36
7268,455,1,813,97
7269,133,18,39,50
7270,447,12,392,42
7271,459,17,947,138
7272,228,10,884,52
7273,453,20,246,39
7274,440,21,824,132
7275,138,20,36,145
7276,206,11,999,144
7277,161,4,416,65
7278,260,16,303,38
7279,266,21,295,132
7280,286,25,587,146
7281,236,6,525,151
7282,276,23,631,190
7283,281,7,145,43
7284,114,18,477,125
7285,37,18,53,114
7286,182,25,315,179
7287,468,22,287,65
7288,498,24,714,82
7289,209,5,195,55
7290,287,24,945,198
7291,318,10,973,43
7292,127,17,147,71
7293,437,20,269,49
7294,276,21,814,35
7295,495,20,755,171
7296,289,9,844,156
7297,216,24,420,124
7298,192,21,600,177
7299,223,16,134,167
7300,494,10,609,44
7301,207,13,197,44
7302,462,1,101,122
7303,191,5,623,85
7304,334,5,77,127
7305,371,14,471,71
7306,254,1,217,90
7307,409,8,825,126
7308,151,4,849,56
7309,60,2,950,180
7310,221,6,436,45
7311,325,2,292,157
7312,445,9,861,139
7313,349,7,144,51
7314,37,3,263,22
7315,196,21,943,50
7316,355,16,922,198
7317,165,19,95,34
7318,433,11,876,24
7319,401,2,791,22
7320,387,6,158,190
7321,303,6,304,181
7322,397,10,784,181
7323,276,3,120,28
7324,27,25,261,78
7325,426,2,941,80
7326,466,8,654,100
7327,67,9,562,156
7328,485,2,18,168
7329,3,6,714,38
7330,416,1,28,50
7331,212,9,516,142
7332,458,24,664,123
7333,423,16,596,57
7334,428,9,853,89
7335,439,6,475,23
7336,446,23,214,193
7337,255,5,422,41
7338,307,9,499,152
7339,491,24,751,173
7340,424,24,435,183
7341,220,18,290,77
7342,36,17,55,50
7343,3,4,510,90
7344,185,7,536,93
7345,282,4,936,148
7346,211,9,433,36
7347,35,21,91,181
7348,84,24,108,67
7349,124,3,854,149
7350,56,12,328,174
7351,341,24,327,85
7352,362,1,69,21
7353,465,23,84,129
7354,100,21,458,104
7355,360,14,259,94
7356,192,24,358,112
7357,494,6,498,82
7358,153,13,81,34
7359,395,5,362,28
7360,284,6,249,70
7361,202,2,31,22
7362,485,21,224,166
7363,264,7,526,137
7364,108,3,408,182
7365,108,20,82,133
7366,159,5,753,49
7367,169,5,604,39
7368,246,15,998,109
7369,355,10,340,28
7370,79,7,580,163
7371,240,24,676,85
7372,19,9,432,90
7373,297,4,906,49
7374,461,24,912,70
7375,383,10,683,95
7376,81,8,653,63
7377,322,8,786,107
7378,231,6,221,189
7379,111,25,546,59
7380,108,5,344,75
7381,221,19,781,81
7382,76,9,748,165
7383,107,2,344,59
7384,340,16,384,136
7385,112,14,457,185
7386,12,12,99,28
7387,321,23,693,134
7388,199,7,729,199
7389,235,2,364,146
7390,42,15,508,108
7391,154,14,73,81
7392,420,16,236,186
7393,151,24,948,190
7394,252,4,279,137
7395,472,17,529,144
7396,243,18,286,131
7397,241,1,783,175
7398,19,22,899,178
7399,38,23,91,59
7400,493,25,327,116
7401,356,3,450,180
7402,64,24,600,56
7403,454,5,188,163
7404,353,14,945,124
7405,432,5,618,184
7406,430,24,776,94
7407,295,16,696,43
7408,298,17,701,20
7409,467,4,66,55
7410,450,23,261,79
7411,9,9,893,108
7412,106,13,643,87
7413,142,10,185,25
7414,28,12,202,133
7415,485,23,607,200
7416,448,2,361,47
7417,261,6,582,138
7418,94,19,316,175
7419,427,24,640,117
7420,166,11,461,69
7421,35,2,470,196
7422,483,2,988,26
7423,410,15,493,44
7424,77,24,587,50
7425,26,19,142,22
7426,451,25,329,43
7427,432,3,670,48
7428,261,3,476,174
7429,395,9,440,194
7430,170,24,533,39
7431,250,8,691,69
7432,73,5,755,144
7433,479,11,783,181
7434,321,8,390,101
7435,148,8,583,24
7436,436,25,65,92
7437,494,7,642,115
7438,251,14,964,186
7439,219,19,772,76
7440,76,21,438,88
7441,341,23,136,166
7442,185,15,145,101
7443,152,8,252,21
7444,156,16,796,77
7445,226,23,958,23
7446,160,4,607,153
7447,411,18,287,91
7448,176,12,609,25
7449,225,18,310,189
7450,270,3,530,96
7451,363,14,35,59
7452,159,14,58,32
7453,103,24,372,45
7454,295,18,124,76
7455,258,6,804,86
7456,144,11,320,71
7457,278,5,581,40
7458,364,12,678,29
7459,387,12,48,166
7460,212,3,115,145
7461,328,14,716,182
7462,214,20,819,57
7463,405,17,869,146
7464,367,24,768,42
7465,380,10,138,28
7466,332,5,44,183
7467,79,25,737,73
7468,124,23,324,136
7469,352,13,212,119
7470,143,8,168,189
7471,22,11,44,141
7472,211,23,906,182
7473,453,17,673,135
7474,87,17,715,56
7475,424,1,710,71
7476,367,16,135,72
7477,381,11,895,82
7478,443,11,472,179
7479,451,5,920,143
7480,440,25,159,142
7481,90,13,167,160
7482,70,8,493,70
7483,185,7,263,153
7484,328,1,919,80
7485,261,2,259,41
7486,105,10,472,121
7487,453,18,392,73
7488,279,20,216,22
7489,132,4,643,142
7490,339,20,547,107
7491,293,15,668,195
7492,490,22,831,25
7493,398,15,148,196
7494,188,2,248,180
7495,179,15,359,100
7496,231,10,549,33
7497,90,23,980,154
7498,476,16,325,177
7499,211,12,436,193
7500,452,6,411,119
7501,462,2,181,169
7502,193,15,767,182
7503,465,9,790,29
7504,341,8,96,108
7505,338,3,432,71
7506,408,21,962,70
7507,261,8,891,61
7508,216,8,477,84
7509,137,16,503,136
7510,9,23,980,93
7511,284,14,231,186
7512,204,6,27,78
7513,221,19,722,65
7514,416,13,868,63
7515,30,6,872,152
7516,221,25,359,20
7517,403,21,45,24
7518,390,18,671,71
7519,173,23,389,24
7520,290,25,27,149
7521,275,12,511,173
7522,20,10,971,38
7523,403,21,117,153
7524,317,25,12,187
7525,154,21,190,35
7526,226,3,40,135
7527,179,17,534,161
7528,437,23,200,24
7529,481,17,477,89
7530,228,10,978,155
7531,463,3,453,50
7532,113,24,548,57
7533,385,15,728,92
7534,130,7,979,53
7535,157,9,187,91
7536,400,15,110,126
7537,224,18,405,184
7538,420,16,157,80
7539,346,14,525,49
7540,47,7,793,105
7541,390,9,110,182
7542,491,24,47,133
7543,128,7,311,172
7544,477,9,45,78
7545,430,22,975,157
7546,356,24,618,24
7547,103,9,490,149
7548,287,22,301,120
7549,369,23,999,177
7550,138,4,485,73
7551,498,6,874,192
7552,74,11,121,122
7553,137,7,448,96
7554,72,11,990,45
7555,62,10,243,101
7556,94,6,846,69
7557,33,23,605,153
7558,485,15,135,170
7559,385,24,133,79
7560,253,24,36,106
7561,242,1,510,47
7562,146,12,131,72
7563,434,19,374,171
7564,264,11,646,153
7565,164,12,21,73
7566,439,9,852,143
7567,398,15,683,22
7568,137,24,779,28
7569,307,22,20,177
7570,22,2,684,95
7571,459,8,991,193
7572,12,11,328,187
7573,18,15,482,85
7574,153,13,534,100
7575,303,12,283,36
7576,22,9,750,67
7577,449,2,324,163
7578,331,1,70,78
7579,336,19,433,48
7580,57,2,656,93
7581,405,3,105,102
7582,169,19,349,157
7583,161,6,672,156
7584,243,24,707,49
7585,143,13,719,116
7586,296,5,918,175
7587,489,18,442,55
7588,377,7,322,155
7589,292,7,108,113
7590,83,3,159,160
7591,432,10,647,43
7592,254,13,128,79
7593,4,9,166,38
7594,197,5,674,146
7595,91,18,469,178
7596,320,3,979,114
7597,437,23,986,124
7598,418,23,963,137
7599,388,8,905,99
7600,311,19,904,177
7601,403,25,586,157
7602,84,7,407,119
7603,116,10,945,91
7604,294,25,71,114
7605,205,10,234,81
7606,208,22,294,137
7607,212,13,617,160
7608,495,4,544,174
7609,19,25,404,182
7610,466,11,268,84
7611,417,25,499,167
7612,131,11,645,189
7613,476,5,285,142
7614,66,13,64,60
7615,442,7,612,82
7616,212,5,959,161
7617,268,14,102,92
7618,12,19,743,85
7619,54,21,178,53
7620,326,3,994,22
7621,151,20,186,124
7622,339,6,342,162
7623,53,25,60,83
7624,137,1,826,199
7625,388,20,19,161
7626,405,9,508,187
7627,266,11,530,170
7628,48,2,30,181
7629,202,5,543,52
7630,376,11,137,112
7631,203,3,423,194
7632,26,5,994,122
7633,124,18,369,29
7634,299,15,906,195
7635,366,9,740,136
7636,207,17,599,78
7637,397,12,620,63
7638,19,7,641,93
7639,134,13,120,22
7640,116,24,121,58
7641,313,25,503,64
7642,1,6,44,124
7643,330,1,295,115
7644,486,17,506,199
7645,193,18,292,50
7646,90,24,993,72
7647,314,6,674,45
7648,425,13,983,163
7649,262,12,143,160
7650,150,12,479,179
7651,343,13,615,135
7652,475,24,605,156
7653,450,21,424,63
7654,288,8,19,191
7655,386,23,325,159
7656,215,23,821,92
7657,394,14,923,147
7658,180,16,144,193
7659,275,11,618,159
7660,27,21,122,22
7661,395,4,81,22
7662,128,5,982,40
7663,153,3,161,130
7664,45,8,90,166
7665,470,25,894,187
7666,329,6,898,115
7667,279,22,391,158
7668,387,12,397,148
7669,380,6,989,65
7670,176,21,216,187
7671,482,16,180,116
7672,276,18,429,147
7673,56,24,98,64
7674,231,20,832,188
7675,450,25,998,167
7676,45,19,906,189
7677,183,5,700,165
7678,326,23,593,65
7679,12,22,447,121
7680,404,8,515,128
7681,139,25,880,192
7682,460,25,242,181
7683,334,12,68,21
7684,252,16,579,133
7685,422,4,107,159
7686,127,12,275,140
7687,10,13,451,118
7688,107,22,538,180
7689,219,11,581,159
7690,68,9,467,189
7691,484,7,196,83
7692,295,6,876,123
7693,76,4,143,161
7694,349,1,402,57
7695,178,10,930,120
7696,288,7,957,58
7697,162,5,240,126
7698,343,24,392,70
7699,10,6,887,151
7700,299,11,367,150
7701,48,24,462,151
7702,62,23,926,174
7703,183,8,410,158
7704,155,13,948,68
7705,435,9,718,199
7706,390,10,239,41
7707,339,23,903,22
7708,282,12,698,45
7709,164,8,424,47
7710,74,16,370,180
7711,225,3,29,167
7712,112,3,254,162
7713,27,19,227,181
7714,202,8,16,146
7715,339,16,580,40
7716,30,9,474,182
7717,88,22,254,113
7718,176,13,708,82
7719,288,16,25,120
7720,355,5,896,111
7721,424,3,880,195
7722,309,4,618,26
7723,163,2,421,61
7724,281,11,434,165
7725,178,9,753,182
7726,417,8,412,138
7727,361,23,890,36
7728,17,14,874,42
7729,34,24,343,105
7730,402,1,401,89
7731,369,25,283,103
7732,497,22,131,99
7733,132,1,288,31
7734,290,5,94,29
7735,497,22,771,160
7736,15,10,113,102
7737,90,15,457,94
7738,374,23,527,94
7739,255,14,262,147
7740,68,25,819,58
7741,496,3,387,174
7742,348,12,404,77
7743,365,25,869,89
7744,333,18,986,72
7745,84,24,207,180
7746,61,19,797,145
7747,233,1,297,182
7748,131,16,401,175
7749,58,19,334,167
7750,223,6,554,133
7751,203,11,52,26
7752,184,3,720,91
7753,23,4,860,76
7754,168,25,559,198
7755,376,16,367,75
7756,479,14,268,170
7757,211,1,693,191
7758,332,9,875,141
7759,302,8,64,199
7760,29,25,612,30
7761,190,15,390,150
7762,138,21,229,71
7763,76,22,958,58
7764,50,17,938,64
7765,366,16,311,79
7766,97,19,909,141
7767,210,15,468,136
7768,443,11,298,71
7769,87,4,336,195
7770,269,20,639,36
7771,391,10,643,54
7772,324,12,957,108
7773,299,18,391,96
7774,299,12,712,111
7775,22,7,205,190
7776,252,17,30,60
7777,158,1,816,57
7778,5,19,244,66
7779,46,14,726,115
7780,279,23,72,70
7781,50,1,275,53
7782,278,20,936,184
7783,256,22,553,174
7784,334,18,670,109
7785,34,10,321,85
7786,460,18,712,90
7787,111,2,866,199
7788,456,21,265,159
7789,371,15,770,184
7790,381,22,492,93
7791,420,15,798,169
7792,377,15,527,195
7793,152,19,820,111
7794,474,13,99,167
7795,295,10,262,184
7796,459,11,332,81
7797,123,24,227,85
7798,138,25,982,78
7799,419,17,73,144
7800,470,21,574,132
7801,202,22,220,29
7802,70,8,51,152
7803,47,4,530,171
7804,216,23,556,126
7805,481,4,170,199
7806,26,12,341,176
7807,240,6,206,160
7808,420,23,774,142
7809,178,11,246,110
7810,432,6,944,93
7811,372,12,478,133
7812,418,11,411,88
7813,251,1,387,76
7814,368,17,587,189
7815,226,9,998,78
7816,111,24,749,114
7817,435,8,740,90
7818,261,4,193,120
7819,58,15,935,179
7820,366,10,566,34
7821,370,21,569,121
7822,76,6,57,175
7823,377,20,360,126
7824,28,21,523,32
7825,427,4,156,156
7826,323,5,442,153
7827,139,8,410,93
7828,419,6,472,177
7829,457,9,557,177
7830,221,4,294,200
7831,380,13,525,52
7832,246,2,912,56
7833,211,8,243,57
7834,43,2,881,73
7835,133,19,544,31
7836,105,2,369,130
7837,59,23,612,105
7838,296,18,141,110
7839,282,1,468,162
7840,351,8,307,158
7841,78,15,148,156
7842,332,14,147,60
7843,45,10,211,121
7844,386,9,24,175
7845,256,2,531,20
7846,465,23,333,78
7847,120,9,171,126
7848,351,23,686,129
7849,287,12,510,114
7850,32,8,182,86
7851,365,7,93,177
7852,33,21,164,93
7853,27,10,713,82
7854,134,14,584,136
7855,230,20,832,57
7856,136,25,425,81
7857,381,20,515,116
7858,400,11,86,31
7859,71,3,702,162
7860,65,24,343,164
7861,3,12,958,147
7862,278,8,448,132
7863,90,6,782,78
7864,128,3,427,86
7865,93,23,999,72
7866,50,4,628,43
7867,274,3,771,186
7868,445,16,340,98
7869,466,17,747,188
7870,401,21,180,110
7871,333,25,541,102
7872,183,12,85,148
7873,96,4,877,86
7874,22,15,832,142
7875,439,22,423,85
7876,52,9,360,105
7877,67,24,367,189
7878,65,5,612,96
7879,115,24,56,189
7880,393,23,877,140
7881,266,21,534,92
7882,330,4,815,62
7883,167,8,68,120
7884,449,16,125,150
7885,362,21,973,134
7886,326,22,878,68
7887,473,1,396,153
7888,408,4,458,115
7889,297,12,463,54
7890,133,10,605,35
7891,43,7,200,128
7892,193,4,141,157
7893,155,25,547,30
7894,214,3,409,34
7895,413,12,585,45
7896,387,15,205,103
7897,362,25,852,43
7898,423,18,404,157
7899,237,12,595,175
7900,364,3,846,106
7901,145,22,632,153
7902,66,9,61,181
7903,361,5,170,136
7904,276,22,78,112
7905,299,14,888,110
7906,310,13,329,83
7907,3,21,736,161
7908,243,7,122,105
7909,369,7,119,68
7910,67,24,607,186
7911,388,12,531,46
7912,490,2,317,97
7913,11,23,296,124
7914,330,21,131,69
7915,247,14,796,70
7916,288,16,725,128
7917,137,10,549,69
7918,283,24,441,70
7919,40,11,99,75
7920,217,19,238,64
7921,433,15,886,200
7922,79,23,941,200
7923,200,15,358,76
7924,47,18,762,189
7925,292,21,894,167
7926,205,3,387,144
7927,92,15,237,93
7928,24,1,926,33
7929,302,18,103,38
7930,50,9,29,172
7931,438,6,527,63
7932,400,15,509,103
7933,489,24,597,154
7934,79,4,690,144
7935,174,13,179,132
7936,403,16,35,109
7937,12,4,510,87
7938,389,13,328,35
7939,278,15,800,138
7940,177,22,820,106
7941,440,3,293,49
7942,13,24,160,81
7943,324,10,831,57
7944,116,14,90,40
7945,62,13,662,40
7946,435,1,785,88
7947,64,21,651,123
7948,204,8,445,114
7949,286,24,596,120
7950,206,20,317,123
7951,281,8,335,59
7952,26,23,445,159
7953,312,12,227,109
7954,145,8,752,170
7955,498,7,27,166
7956,330,17,90,143
7957,135,11,858,179
7958,69,19,615,72
7959,317,24,224,114
7960,50,11,202,76
7961,94,24,61,36
7962,45,4,648,190
7963,33,12,287,149
7964,14,3,208,58
7965,390,11,446,60
7966,283,1,191,69
7967,252,12,606,186
7968,10,24,574,114
7969,306,23,330,100
7970,168,7,946,83
7971,119,24,646,116
7972,488,14,982,51
7973,496,17,607,170
7974,311,23,623,172
7975,400,18,820,142
7976,355,25,744,25
7977,300,9,102,90
7978,388,9,696,67
7979,410,13,91,31
7980,17,13,975,175
7981,14,25,425,64
7982,23,5,566,173
7983,324,2,344,106
7984,466,2,329,141
7985,122,7,634,69
7986,237,24,456,66
7987,492,13,202,194
7988,181,14,662,64
7989,153,11,338,76
7990,154,7,764,79
7991,79,16,580,86
7992,124,11,71,130
7993,4,12,473,142
7994,158,21,312,198
7995,59,14,352,142
7996,399,18,904,118
7997,253,10,370,130
7998,251,14,463,128
7999,391,3,461,62
8000,466,21,834,169
