PAYMENT_ID,ORDER_ID,PAYMENT_METHOD,PAYMENT_STATUS,AMOUNT
1,1,Credit Card,Paid,121444
2,2,Cash,Paid,121340
3,3,Credit Card,Paid,93060
4,4,Cash,Paid,88311
5,5,Credit Card,Paid,153321
6,6,Credit Card,Paid,105332
7,7,Cash,Paid,60408
8,8,UPI,Pending,86319
9,9,UPI,Paid,242262
10,10,Credit Card,Paid,167982
11,11,Net Banking,Pending,95950
12,12,Credit Card,Failed,335874
13,13,UPI,Paid,48949
14,14,Debit Card,Paid,331541
15,15,Debit Card,Paid,93732
16,16,UPI,Failed,100154
17,17,Debit Card,Failed,198060
18,18,UPI,Paid,472860
19,19,Credit Card,Failed,87456
20,20,Credit Card,Paid,88572
21,21,UPI,Paid,165420
22,22,UPI,Paid,61760
23,23,UPI,Paid,137996
24,24,UPI,Paid,142818
25,25,UPI,Pending,102952
26,26,Cash,Pending,167982
27,27,UPI,Paid,89808
28,28,UPI,Paid,108600
29,29,UPI,Paid,91332
30,30,Credit Card,Pending,111630
31,31,Debit Card,Paid,464481
32,32,UPI,Paid,264180
33,33,Credit Card,Paid,117024
34,34,UPI,Paid,293573
35,35,UPI,Paid,221480
36,36,Debit Card,Paid,282408
37,37,Credit Card,Paid,282408
38,38,UPI,Paid,17752
39,39,UPI,Paid,29630
40,40,Credit Card,Failed,273707
41,41,Cash,Paid,175950
42,42,Debit Card,Paid,85614
43,43,UPI,Paid,178200
44,44,UPI,Paid,309463
45,45,Cash,Paid,303610
46,46,Cash,Paid,141770
47,47,Net Banking,Paid,280392
48,48,UPI,Paid,48173
49,49,Credit Card,Failed,216355
50,50,Credit Card,Paid,261144
51,51,UPI,Pending,277920
52,52,Cash,Paid,35823
53,53,Debit Card,Paid,568390
54,54,Debit Card,Paid,304536
55,55,Net Banking,Pending,199632
56,56,Credit Card,Paid,144012
57,57,UPI,Paid,107586
58,58,Credit Card,Paid,310072
59,59,UPI,Paid,135747
60,60,UPI,Paid,378904
61,61,UPI,Paid,407259
62,62,UPI,Paid,396641
63,63,UPI,Paid,201352
64,64,Credit Card,Paid,173046
65,65,UPI,Paid,322668
66,66,Debit Card,Failed,197267
67,67,UPI,Paid,304044
68,68,UPI,Paid,270470
69,69,Credit Card,Pending,135176
70,70,Debit Card,Pending,388530
71,71,Credit Card,Paid,61089
72,72,UPI,Paid,148764
73,73,Debit Card,Paid,202068
74,74,Credit Card,Paid,44920
75,75,Credit Card,Paid,253818
76,76,UPI,Paid,509310
77,77,Debit Card,Paid,27486
78,78,UPI,Paid,197855
79,79,Credit Card,Failed,69369
80,80,Net Banking,Paid,126180
81,81,UPI,Paid,155316
82,82,UPI,Paid,197916
83,83,UPI,Paid,38306
84,84,UPI,Paid,428265
85,85,Credit Card,Paid,138654
86,86,UPI,Paid,102564
87,87,Cash,Paid,174464
88,88,Debit Card,Paid,47050
89,89,Credit Card,Paid,72804
90,90,UPI,Paid,173150
91,91,UPI,Failed,471258
92,92,UPI,Paid,123820
93,93,Credit Card,Paid,144519
94,94,UPI,Paid,401180
95,95,Credit Card,Paid,50674
96,96,Net Banking,Paid,14859
97,97,Credit Card,Paid,62172
98,98,Cash,Failed,431700
99,99,Cash,Paid,123288
100,100,Net Banking,Paid,275992
101,101,UPI,Paid,23540
102,102,Debit Card,Paid,93376
103,103,UPI,Paid,148840
104,104,UPI,Failed,210642
105,105,Credit Card,Paid,351760
106,106,UPI,Paid,368350
107,107,Credit Card,Paid,573930
108,108,Credit Card,Paid,66808
109,109,Credit Card,Paid,152672
110,110,UPI,Failed,463690
111,111,Credit Card,Paid,49020
112,112,UPI,Paid,47568
113,113,Debit Card,Paid,222540
114,114,UPI,Pending,72692
115,115,UPI,Failed,76598
116,116,UPI,Pending,380670
117,117,UPI,Paid,32626
118,118,UPI,Paid,286965
119,119,Debit Card,Pending,208696
120,120,Credit Card,Paid,96246
121,121,UPI,Failed,233380
122,122,Cash,Paid,409290
123,123,Credit Card,Failed,454712
124,124,UPI,Paid,236815
125,125,Credit Card,Paid,420860
126,126,Cash,Paid,217060
127,127,Net Banking,Paid,23506
128,128,UPI,Paid,216944
129,129,UPI,Paid,242910
130,130,Credit Card,Paid,91869
131,131,UPI,Paid,444152
132,132,Credit Card,Paid,29645
133,133,Cash,Paid,194526
134,134,Credit Card,Paid,182298
135,135,Credit Card,Paid,237496
136,136,Credit Card,Paid,72176
137,137,Debit Card,Paid,224520
138,138,Cash,Paid,283395
139,139,UPI,Paid,442792
140,140,Credit Card,Paid,117315
141,141,Debit Card,Paid,174464
142,142,UPI,Paid,142160
143,143,Credit Card,Paid,29437
144,144,Debit Card,Paid,68768
145,145,Credit Card,Pending,128616
146,146,UPI,Paid,135235
147,147,Net Banking,Paid,593970
148,148,Debit Card,Paid,383680
149,149,UPI,Paid,229572
150,150,UPI,Paid,301716
151,151,Net Banking,Paid,106520
152,152,UPI,Paid,17655
153,153,Debit Card,Paid,117530
154,154,Net Banking,Paid,39781
155,155,Cash,Paid,288024
156,156,Debit Card,Paid,101716
157,157,Credit Card,Paid,34270
158,158,Credit Card,Paid,126180
159,159,UPI,Paid,23882
160,160,Credit Card,Pending,214227
161,161,UPI,Paid,151668
162,162,Debit Card,Paid,234630
163,163,UPI,Paid,108560
164,164,UPI,Paid,440784
165,165,UPI,Paid,102588
166,166,Net Banking,Paid,229940
167,167,Credit Card,Paid,159790
168,168,Credit Card,Paid,107944
169,169,Cash,Failed,78900
170,170,Credit Card,Paid,105616
171,171,Credit Card,Paid,274464
172,172,Net Banking,Failed,98180
173,173,Debit Card,Paid,219753
174,174,Credit Card,Paid,338220
175,175,UPI,Paid,287320
176,176,Cash,Pending,332094
177,177,Credit Card,Paid,142690
178,178,UPI,Paid,432944
179,179,UPI,Pending,14786
180,180,UPI,Paid,432184
181,181,UPI,Failed,156660
182,182,Debit Card,Paid,243915
183,183,Debit Card,Paid,20508
184,184,UPI,Paid,53256
185,185,Credit Card,Paid,7928
186,186,Net Banking,Paid,136236
187,187,Credit Card,Paid,15545
188,188,UPI,Paid,433557
189,189,UPI,Paid,43968
190,190,Credit Card,Paid,329728
191,191,Cash,Paid,287862
192,192,UPI,Paid,15083
193,193,UPI,Failed,270470
194,194,Debit Card,Pending,125460
195,195,Cash,Paid,80970
196,196,Net Banking,Failed,52600
197,197,UPI,Paid,212681
198,198,Credit Card,Paid,89705
199,199,Net Banking,Paid,46920
200,200,UPI,Pending,248227
201,201,Net Banking,Paid,124110
202,202,UPI,Paid,485840
203,203,Debit Card,Paid,55701
204,204,Credit Card,Paid,154827
205,205,Debit Card,Paid,136527
206,206,Debit Card,Pending,224630
207,207,Credit Card,Paid,177556
208,208,Debit Card,Paid,7574
209,209,UPI,Failed,313530
210,210,Credit Card,Paid,320856
211,211,Credit Card,Failed,50607
212,212,Debit Card,Paid,101348
213,213,Cash,Paid,144352
214,214,UPI,Failed,262430
215,215,Net Banking,Paid,84156
216,216,UPI,Paid,47535
217,217,Net Banking,Paid,107034
218,218,Net Banking,Paid,392630
219,219,Net Banking,Failed,192490
220,220,UPI,Paid,151014
221,221,Debit Card,Paid,354459
222,222,Net Banking,Failed,157052
223,223,Credit Card,Paid,199524
224,224,Cash,Pending,123848
225,225,UPI,Paid,67380
226,226,UPI,Paid,286350
227,227,UPI,Paid,151984
228,228,Net Banking,Paid,19190
229,229,Credit Card,Paid,477738
230,230,Debit Card,Paid,17787
231,231,Debit Card,Paid,201352
232,232,Credit Card,Paid,128240
233,233,UPI,Paid,216041
234,234,Debit Card,Paid,91930
235,235,Cash,Paid,18173
236,236,UPI,Failed,172522
237,237,Cash,Paid,89840
238,238,Cash,Paid,48122
239,239,Net Banking,Paid,383424
240,240,Debit Card,Paid,181760
241,241,Cash,Paid,324792
242,242,UPI,Paid,131215
243,243,UPI,Paid,101480
244,244,Credit Card,Paid,321910
245,245,Cash,Paid,229502
246,246,Credit Card,Pending,490500
247,247,Net Banking,Pending,139640
248,248,UPI,Paid,25976
249,249,UPI,Pending,280520
250,250,UPI,Failed,25638
251,251,UPI,Paid,354368
252,252,Cash,Paid,45988
253,253,UPI,Paid,332696
254,254,UPI,Paid,418376
255,255,UPI,Paid,59144
256,256,Credit Card,Paid,254355
257,257,UPI,Paid,51372
258,258,UPI,Failed,23433
259,259,Cash,Paid,415962
260,260,Credit Card,Paid,24417
261,261,UPI,Failed,101946
262,262,UPI,Paid,40844
263,263,Credit Card,Paid,90588
264,264,UPI,Paid,117789
265,265,Net Banking,Paid,27016
266,266,UPI,Paid,78729
267,267,UPI,Pending,63208
268,268,Credit Card,Failed,94812
269,269,Credit Card,Paid,82384
270,270,Credit Card,Paid,130396
271,271,Credit Card,Paid,352079
272,272,Net Banking,Paid,238520
273,273,Cash,Paid,270775
274,274,UPI,Paid,360216
275,275,UPI,Paid,275104
276,276,UPI,Paid,368361
277,277,Cash,Paid,291109
278,278,Credit Card,Paid,76736
279,279,Credit Card,Paid,137456
280,280,UPI,Paid,184050
281,281,UPI,Paid,186808
282,282,Credit Card,Paid,109500
283,283,Credit Card,Paid,36365
284,284,Cash,Paid,365218
285,285,Credit Card,Paid,78954
286,286,Credit Card,Paid,68286
287,287,Net Banking,Failed,61246
288,288,UPI,Paid,67984
289,289,Debit Card,Paid,267210
290,290,Debit Card,Failed,212624
291,291,Debit Card,Paid,1725
292,292,Credit Card,Pending,33288
293,293,UPI,Paid,233440
294,294,Debit Card,Paid,56905
295,295,Debit Card,Paid,70299
296,296,Credit Card,Paid,65750
297,297,UPI,Paid,414950
298,298,UPI,Paid,68726
299,299,UPI,Pending,374192
300,300,Debit Card,Paid,238730
301,301,UPI,Pending,272710
302,302,UPI,Paid,41216
303,303,UPI,Paid,210897
304,304,Credit Card,Paid,335839
305,305,Credit Card,Pending,299592
306,306,UPI,Paid,280168
307,307,Debit Card,Paid,392530
308,308,UPI,Pending,293394
309,309,Credit Card,Paid,32760
310,310,Debit Card,Paid,93964
311,311,Credit Card,Failed,266304
312,312,UPI,Pending,95364
313,313,UPI,Paid,60766
314,314,Cash,Paid,246952
315,315,UPI,Paid,128226
316,316,Debit Card,Paid,389439
317,317,UPI,Failed,405632
318,318,Cash,Paid,461840
319,319,Net Banking,Paid,93758
320,320,Debit Card,Paid,206946
321,321,Cash,Paid,26170
322,322,UPI,Paid,109818
323,323,UPI,Paid,196784
324,324,Cash,Paid,43956
325,325,Cash,Paid,333095
326,326,Cash,Paid,87420
327,327,Debit Card,Failed,426290
328,328,UPI,Paid,111768
329,329,UPI,Paid,311850
330,330,UPI,Paid,354368
331,331,UPI,Paid,125163
332,332,Credit Card,Failed,68715
333,333,Debit Card,Pending,19370
334,334,UPI,Paid,13975
335,335,UPI,Paid,160224
336,336,UPI,Failed,518661
337,337,Credit Card,Paid,321755
338,338,Credit Card,Paid,135594
339,339,Cash,Failed,113728
340,340,Debit Card,Paid,541180
341,341,UPI,Paid,122532
342,342,Cash,Paid,206304
343,343,Cash,Failed,512890
344,344,Net Banking,Pending,378640
345,345,UPI,Failed,18628
346,346,Credit Card,Paid,396240
347,347,UPI,Paid,128796
348,348,UPI,Paid,352840
349,349,Cash,Paid,10992
350,350,UPI,Paid,109920
351,351,Credit Card,Paid,113751
352,352,UPI,Paid,43009
353,353,UPI,Paid,198905
354,354,Cash,Paid,91048
355,355,Net Banking,Paid,29136
356,356,Credit Card,Paid,64368
357,357,UPI,Paid,11381
358,358,Debit Card,Paid,258860
359,359,Debit Card,Pending,237496
360,360,Debit Card,Failed,109500
361,361,Net Banking,Paid,239100
362,362,UPI,Paid,207088
363,363,UPI,Paid,55467
364,364,UPI,Failed,117303
365,365,Credit Card,Paid,90612
366,366,Debit Card,Paid,78968
367,367,UPI,Paid,117130
368,368,Credit Card,Pending,41850
369,369,Credit Card,Paid,98960
370,370,Net Banking,Paid,444249
371,371,Credit Card,Paid,500770
372,372,Credit Card,Paid,221752
373,373,UPI,Paid,25630
374,374,UPI,Paid,173046
375,375,Debit Card,Paid,138675
376,376,Debit Card,Failed,112917
377,377,Credit Card,Paid,131215
378,378,Cash,Paid,77780
379,379,UPI,Paid,130720
380,380,UPI,Paid,88362
381,381,Cash,Paid,433719
382,382,Debit Card,Paid,99432
383,383,Credit Card,Paid,213840
384,384,UPI,Paid,473994
385,385,Debit Card,Paid,239885
386,386,Debit Card,Paid,79352
387,387,UPI,Paid,100887
388,388,Credit Card,Paid,135882
389,389,Net Banking,Paid,79142
390,390,Net Banking,Paid,45525
391,391,Credit Card,Paid,33794
392,392,Cash,Paid,149148
393,393,UPI,Paid,87420
394,394,Net Banking,Pending,258860
395,395,UPI,Paid,170968
396,396,Debit Card,Paid,98928
397,397,Credit Card,Paid,52734
398,398,Debit Card,Paid,279855
399,399,UPI,Paid,109844
400,400,UPI,Paid,27461
401,401,UPI,Paid,170168
402,402,Credit Card,Pending,30296
403,403,Credit Card,Paid,107180
404,404,Credit Card,Paid,70032
405,405,UPI,Paid,212328
406,406,Credit Card,Pending,166410
407,407,UPI,Paid,51495
408,408,Debit Card,Paid,506740
409,409,Net Banking,Paid,324583
410,410,UPI,Paid,458757
411,411,Debit Card,Paid,54922
412,412,UPI,Paid,170517
413,413,UPI,Paid,270470
414,414,Debit Card,Paid,99916
415,415,Credit Card,Paid,480040
416,416,Debit Card,Paid,111336
417,417,UPI,Pending,109920
418,418,UPI,Paid,223956
419,419,UPI,Paid,38299
420,420,UPI,Pending,256656
421,421,Credit Card,Paid,254290
422,422,Net Banking,Paid,43412
423,423,UPI,Paid,219726
424,424,Credit Card,Paid,25767
425,425,Debit Card,Paid,110505
426,426,Net Banking,Paid,103948
427,427,Net Banking,Paid,470510
428,428,Cash,Paid,145760
429,429,UPI,Paid,191104
430,430,UPI,Pending,260442
431,431,Cash,Failed,303920
432,432,UPI,Paid,350469
433,433,Debit Card,Paid,77750
434,434,UPI,Pending,335964
435,435,Debit Card,Pending,32082
436,436,Cash,Failed,43494
437,437,Credit Card,Paid,56150
438,438,Credit Card,Paid,52922
439,439,UPI,Pending,46246
440,440,Net Banking,Paid,279864
441,441,Credit Card,Paid,15545
442,442,UPI,Paid,266176
443,443,Net Banking,Paid,452720
444,444,Credit Card,Failed,78510
445,445,Credit Card,Paid,24225
446,446,Net Banking,Paid,149148
447,447,UPI,Paid,132576
448,448,Net Banking,Pending,59262
449,449,Credit Card,Pending,22729
450,450,Credit Card,Pending,296320
451,451,Debit Card,Paid,117783
452,452,Debit Card,Paid,132520
453,453,Credit Card,Paid,201352
454,454,Cash,Paid,375501
455,455,UPI,Paid,129813
456,456,Debit Card,Paid,192016
457,457,Credit Card,Pending,110915
458,458,UPI,Paid,68768
459,459,Credit Card,Paid,83502
460,460,Net Banking,Failed,12285
461,461,Credit Card,Failed,211029
462,462,Debit Card,Paid,56150
463,463,Credit Card,Pending,259870
464,464,UPI,Paid,434976
465,465,Credit Card,Paid,69369
466,466,UPI,Paid,58839
467,467,Credit Card,Paid,454712
468,468,UPI,Failed,38105
469,469,UPI,Paid,41778
470,470,Credit Card,Paid,239885
471,471,Debit Card,Paid,341034
472,472,Net Banking,Paid,224574
473,473,UPI,Pending,306411
474,474,UPI,Paid,36124
475,475,UPI,Pending,29834
476,476,UPI,Paid,116004
477,477,Credit Card,Pending,29687
478,478,Cash,Paid,66508
479,479,UPI,Paid,476298
480,480,Net Banking,Pending,264630
481,481,Debit Card,Paid,95364
482,482,Debit Card,Paid,81858
483,483,Debit Card,Failed,57682
484,484,UPI,Paid,39850
485,485,Credit Card,Paid,374332
486,486,Credit Card,Failed,302880
487,487,UPI,Paid,424656
488,488,Net Banking,Paid,260870
489,489,Net Banking,Paid,410312
490,490,Debit Card,Paid,125372
491,491,Debit Card,Paid,100212
492,492,Credit Card,Pending,432710
493,493,UPI,Paid,123825
494,494,Cash,Paid,198905
495,495,Credit Card,Paid,60888
496,496,Credit Card,Paid,50220
497,497,Credit Card,Paid,433098
498,498,UPI,Paid,181004
499,499,UPI,Paid,116220
500,500,Credit Card,Failed,185476
501,501,UPI,Paid,116220
502,502,Credit Card,Paid,161861
503,503,UPI,Paid,127145
504,504,Debit Card,Paid,267380
505,505,UPI,Paid,65572
506,506,Credit Card,Paid,94918
507,507,Cash,Paid,50704
508,508,Debit Card,Paid,156087
509,509,UPI,Paid,69260
510,510,UPI,Paid,478404
511,511,UPI,Pending,180369
512,512,Credit Card,Paid,20596
513,513,Credit Card,Paid,206668
514,514,UPI,Paid,211169
515,515,Cash,Paid,61760
516,516,UPI,Paid,363096
517,517,Credit Card,Paid,171684
518,518,Net Banking,Paid,362056
519,519,Debit Card,Paid,116608
520,520,Debit Card,Paid,255976
521,521,UPI,Paid,431700
522,522,Credit Card,Pending,328887
523,523,Credit Card,Paid,148584
524,524,Credit Card,Paid,39760
525,525,Net Banking,Pending,70920
526,526,UPI,Paid,59290
527,527,Cash,Pending,43565
528,528,UPI,Paid,47585
529,529,Net Banking,Paid,65952
530,530,Credit Card,Pending,344372
531,531,UPI,Paid,46498
532,532,Cash,Paid,92589
533,533,UPI,Paid,49020
534,534,UPI,Paid,319896
535,535,UPI,Failed,253440
536,536,UPI,Paid,307179
537,537,Cash,Paid,48122
538,538,Cash,Paid,129048
539,539,UPI,Paid,407259
540,540,UPI,Pending,81141
541,541,Credit Card,Paid,27288
542,542,Net Banking,Pending,146448
543,543,Net Banking,Failed,509967
544,544,UPI,Paid,29934
545,545,Credit Card,Paid,19190
546,546,UPI,Paid,60722
547,547,UPI,Paid,64872
548,548,Credit Card,Paid,479820
549,549,Credit Card,Failed,27375
550,550,Credit Card,Paid,452574
551,551,Debit Card,Pending,31997
552,552,UPI,Paid,148536
553,553,Cash,Paid,30189
554,554,UPI,Paid,128660
555,555,UPI,Paid,109830
556,556,Cash,Paid,119205
557,557,UPI,Failed,38900
558,558,Debit Card,Paid,14540
559,559,UPI,Paid,165512
560,560,UPI,Paid,113751
561,561,Net Banking,Paid,391432
562,562,Debit Card,Paid,391797
563,563,Debit Card,Paid,204200
564,564,UPI,Paid,131500
565,565,UPI,Paid,21720
566,566,Credit Card,Paid,160472
567,567,UPI,Paid,81909
568,568,UPI,Paid,231845
569,569,Cash,Paid,76612
570,570,UPI,Paid,50456
571,571,Credit Card,Paid,96552
572,572,Cash,Paid,56150
573,573,UPI,Paid,112539
574,574,UPI,Paid,140375
575,575,Credit Card,Paid,259020
576,576,UPI,Paid,17770
577,577,Debit Card,Paid,288512
578,578,Credit Card,Paid,154428
579,579,UPI,Paid,133074
580,580,Net Banking,Paid,495882
581,581,Debit Card,Paid,63916
582,582,Credit Card,Paid,123648
583,583,Credit Card,Pending,338560
584,584,UPI,Paid,123820
585,585,UPI,Paid,387828
586,586,Credit Card,Paid,403774
587,587,Cash,Paid,260442
588,588,Cash,Paid,105910
589,589,Credit Card,Paid,513350
590,590,Cash,Paid,135235
591,591,Debit Card,Paid,293472
592,592,UPI,Paid,40592
593,593,Cash,Paid,26620
594,594,UPI,Paid,241336
595,595,UPI,Paid,287862
596,596,Debit Card,Paid,184175
597,597,UPI,Pending,421328
598,598,UPI,Paid,244220
599,599,Net Banking,Pending,194428
600,600,UPI,Paid,186050
601,601,UPI,Paid,97798
602,602,Cash,Paid,427648
603,603,UPI,Paid,179260
604,604,Debit Card,Paid,67588
605,605,Credit Card,Failed,53669
606,606,UPI,Paid,70885
607,607,Debit Card,Failed,255252
608,608,UPI,Failed,329378
609,609,Credit Card,Failed,117759
610,610,UPI,Paid,222540
611,611,UPI,Pending,74700
612,612,UPI,Paid,133636
613,613,Cash,Paid,55467
614,614,Credit Card,Failed,288512
615,615,Credit Card,Paid,392530
616,616,Credit Card,Pending,119410
617,617,Cash,Paid,344990
618,618,Cash,Paid,28432
619,619,UPI,Paid,95364
620,620,Cash,Paid,387121
621,621,UPI,Paid,166557
622,622,Net Banking,Paid,29632
623,623,Debit Card,Failed,128150
624,624,UPI,Paid,237690
625,625,Debit Card,Paid,442672
626,626,Credit Card,Paid,42482
627,627,Credit Card,Paid,57682
628,628,UPI,Paid,128664
629,629,Net Banking,Failed,107072
630,630,UPI,Paid,244984
631,631,Credit Card,Paid,536430
632,632,UPI,Pending,211554
633,633,Net Banking,Paid,53640
634,634,Credit Card,Failed,215112
635,635,UPI,Paid,435650
636,636,Debit Card,Paid,158508
637,637,Credit Card,Paid,173976
638,638,Debit Card,Paid,336028
639,639,Debit Card,Failed,131868
640,640,UPI,Paid,119205
641,641,Debit Card,Paid,113751
642,642,UPI,Pending,47012
643,643,Debit Card,Pending,472860
644,644,Net Banking,Paid,71416
645,645,Net Banking,Paid,261390
646,646,Credit Card,Pending,169316
647,647,UPI,Paid,89705
648,648,UPI,Pending,440541
649,649,Debit Card,Paid,248970
650,650,Cash,Paid,94451
651,651,Net Banking,Pending,275072
652,652,Debit Card,Paid,224916
653,653,UPI,Paid,34104
654,654,Debit Card,Paid,18111
655,655,Credit Card,Failed,66576
656,656,Credit Card,Paid,212410
657,657,Net Banking,Paid,219753
658,658,UPI,Paid,34143
659,659,UPI,Paid,374816
660,660,UPI,Paid,134739
661,661,UPI,Paid,400616
662,662,UPI,Paid,157086
663,663,Cash,Paid,66576
664,664,Credit Card,Paid,95346
665,665,UPI,Paid,121730
666,666,Debit Card,Paid,102312
667,667,UPI,Paid,55470
668,668,UPI,Paid,376432
669,669,Net Banking,Paid,144888
670,670,UPI,Paid,76996
671,671,Debit Card,Pending,96246
672,672,Credit Card,Paid,549380
673,673,Credit Card,Failed,294710
674,674,Credit Card,Failed,329728
675,675,Credit Card,Paid,172053
676,676,UPI,Paid,493610
677,677,UPI,Paid,186201
678,678,Debit Card,Paid,439700
679,679,Credit Card,Paid,113810
680,680,Debit Card,Paid,233388
681,681,UPI,Paid,166410
682,682,Credit Card,Paid,66145
683,683,UPI,Paid,219258
684,684,UPI,Paid,214602
685,685,Cash,Paid,52020
686,686,Net Banking,Paid,70556
687,687,Cash,Pending,428265
688,688,Credit Card,Paid,152064
689,689,Net Banking,Paid,24764
690,690,UPI,Paid,331541
691,691,UPI,Paid,17250
692,692,UPI,Failed,6900
693,693,Debit Card,Paid,35574
694,694,UPI,Paid,182298
695,695,UPI,Paid,143175
696,696,UPI,Paid,261390
697,697,Credit Card,Paid,147912
698,698,UPI,Paid,39100
699,699,UPI,Failed,52955
700,700,Credit Card,Paid,306340
701,701,Debit Card,Pending,18493
702,702,Debit Card,Failed,284352
703,703,Cash,Pending,423110
704,704,Credit Card,Pending,147270
705,705,Credit Card,Paid,361062
706,706,UPI,Failed,49606
707,707,Credit Card,Paid,346866
708,708,Debit Card,Paid,372240
709,709,Debit Card,Paid,288410
710,710,Debit Card,Paid,34499
711,711,Net Banking,Paid,53536
712,712,UPI,Paid,36640
713,713,Debit Card,Paid,149944
714,714,UPI,Paid,117530
715,715,Net Banking,Paid,263820
716,716,Credit Card,Paid,52804
717,717,Net Banking,Paid,166002
718,718,Cash,Paid,83587
719,719,UPI,Paid,206080
720,720,Credit Card,Paid,93270
721,721,UPI,Pending,117336
722,722,UPI,Paid,363096
723,723,UPI,Paid,23882
724,724,Net Banking,Pending,461646
725,725,Debit Card,Paid,27288
726,726,UPI,Paid,162465
727,727,Debit Card,Paid,39296
728,728,UPI,Paid,158910
729,729,UPI,Paid,62132
730,730,Credit Card,Paid,36032
731,731,Credit Card,Paid,73260
732,732,Credit Card,Paid,5929
733,733,Credit Card,Paid,237762
734,734,Net Banking,Paid,553030
735,735,UPI,Paid,117315
736,736,UPI,Pending,392085
737,737,Net Banking,Paid,440361
738,738,UPI,Paid,10591
739,739,Debit Card,Paid,359408
740,740,Cash,Paid,79965
741,741,UPI,Paid,247640
742,742,UPI,Paid,31090
743,743,UPI,Paid,206080
744,744,Credit Card,Paid,212624
745,745,Debit Card,Paid,355758
746,746,Credit Card,Failed,196994
747,747,Credit Card,Paid,102312
748,748,UPI,Paid,64176
749,749,Net Banking,Failed,198352
750,750,Debit Card,Paid,519138
751,751,Credit Card,Paid,29911
752,752,Debit Card,Paid,179304
753,753,UPI,Paid,270670
754,754,Credit Card,Failed,15979
755,755,UPI,Pending,95991
756,756,UPI,Paid,114201
757,757,UPI,Paid,339540
758,758,Debit Card,Paid,17454
759,759,UPI,Paid,23433
760,760,Debit Card,Paid,117300
761,761,Credit Card,Paid,301063
762,762,Net Banking,Paid,35767
763,763,UPI,Pending,32786
764,764,UPI,Failed,82384
765,765,UPI,Paid,247040
766,766,Credit Card,Pending,343512
767,767,Debit Card,Failed,308202
768,768,Cash,Paid,112728
769,769,Credit Card,Paid,124413
770,770,Credit Card,Paid,156660
771,771,Cash,Paid,20971
772,772,Net Banking,Failed,116445
773,773,Credit Card,Paid,357651
774,774,UPI,Pending,78610
775,775,Net Banking,Paid,89270
776,776,UPI,Paid,168450
777,777,Credit Card,Paid,107124
778,778,UPI,Paid,110135
779,779,UPI,Paid,72675
780,780,UPI,Paid,185875
781,781,Credit Card,Failed,123970
782,782,UPI,Pending,423110
783,783,Credit Card,Paid,127476
784,784,UPI,Paid,199696
785,785,UPI,Paid,264610
786,786,UPI,Pending,467820
787,787,UPI,Failed,410680
788,788,UPI,Paid,42086
789,789,Net Banking,Paid,126830
790,790,UPI,Paid,163930
791,791,Debit Card,Paid,73670
792,792,UPI,Paid,315963
793,793,Debit Card,Paid,15556
794,794,Credit Card,Paid,291504
795,795,UPI,Failed,100572
796,796,Debit Card,Paid,92465
797,797,Debit Card,Paid,307764
798,798,UPI,Paid,78255
799,799,UPI,Failed,95076
800,800,Credit Card,Paid,48692
801,801,UPI,Paid,372688
802,802,UPI,Paid,139677
803,803,UPI,Paid,74564
804,804,UPI,Paid,14540
805,805,UPI,Paid,55496
806,806,Credit Card,Paid,215460
807,807,Credit Card,Paid,27955
808,808,UPI,Paid,489490
809,809,Debit Card,Paid,224916
810,810,Cash,Paid,239910
811,811,Cash,Failed,122532
812,812,UPI,Paid,145408
813,813,Debit Card,Paid,119260
814,814,UPI,Paid,242680
815,815,Credit Card,Paid,209905
816,816,Debit Card,Paid,88890
817,817,UPI,Paid,111038
818,818,Credit Card,Failed,44358
819,819,Credit Card,Paid,159246
820,820,UPI,Pending,414710
821,821,UPI,Paid,21700
822,822,Debit Card,Pending,230832
823,823,UPI,Pending,7621
824,824,Net Banking,Paid,236430
825,825,Credit Card,Paid,182036
826,826,Net Banking,Paid,34630
827,827,Debit Card,Failed,327462
828,828,Debit Card,Paid,123452
829,829,UPI,Paid,417392
830,830,Net Banking,Paid,139950
831,831,Credit Card,Paid,130008
832,832,UPI,Paid,286136
833,833,Net Banking,Failed,78792
834,834,Debit Card,Paid,474060
835,835,Credit Card,Pending,153882
836,836,UPI,Pending,209448
837,837,Net Banking,Paid,26624
838,838,Net Banking,Paid,253278
839,839,UPI,Paid,287568
840,840,Net Banking,Paid,112458
841,841,UPI,Paid,264080
842,842,UPI,Paid,390264
843,843,Cash,Paid,74855
844,844,Net Banking,Paid,47652
845,845,Cash,Failed,8370
846,846,Credit Card,Paid,369744
847,847,UPI,Paid,392630
848,848,UPI,Paid,9824
849,849,Cash,Paid,175535
850,850,Cash,Pending,457407
851,851,UPI,Paid,206436
852,852,Debit Card,Paid,18573
853,853,Debit Card,Paid,129660
854,854,Debit Card,Paid,17092
855,855,UPI,Paid,92738
856,856,Debit Card,Paid,329589
857,857,Cash,Paid,101946
858,858,UPI,Paid,498141
859,859,Net Banking,Paid,329378
860,860,UPI,Paid,27437
861,861,Credit Card,Paid,69120
862,862,UPI,Paid,27447
863,863,UPI,Paid,246933
864,864,Credit Card,Paid,342503
865,865,Credit Card,Failed,93258
866,866,UPI,Paid,221045
867,867,Cash,Paid,311200
868,868,Debit Card,Pending,34104
869,869,Credit Card,Paid,469620
870,870,Debit Card,Paid,186368
871,871,Credit Card,Failed,138177
872,872,Credit Card,Paid,230295
873,873,Credit Card,Paid,384566
874,874,UPI,Paid,360504
875,875,UPI,Paid,191935
876,876,Debit Card,Paid,146349
877,877,Net Banking,Paid,206994
878,878,UPI,Paid,190728
879,879,Net Banking,Paid,169575
880,880,Debit Card,Paid,203024
881,881,UPI,Pending,229836
882,882,UPI,Paid,49528
883,883,Credit Card,Paid,47330
884,884,UPI,Paid,45198
885,885,Credit Card,Paid,21182
886,886,UPI,Pending,163557
887,887,Cash,Paid,301644
888,888,UPI,Pending,29547
889,889,UPI,Paid,48844
890,890,Net Banking,Paid,89397
891,891,UPI,Paid,80604
892,892,UPI,Paid,198243
893,893,UPI,Paid,39261
894,894,Cash,Paid,63056
895,895,Cash,Paid,36346
896,896,UPI,Failed,223884
897,897,UPI,Paid,250385
898,898,UPI,Paid,210430
899,899,UPI,Paid,376334
900,900,Credit Card,Paid,103092
901,901,Cash,Paid,156522
902,902,Debit Card,Failed,166425
903,903,UPI,Pending,516537
904,904,Debit Card,Paid,169928
905,905,Cash,Failed,41721
906,906,UPI,Failed,49120
907,907,Credit Card,Failed,64398
908,908,UPI,Paid,27437
909,909,UPI,Paid,507114
910,910,UPI,Paid,533637
911,911,UPI,Paid,262402
912,912,Credit Card,Paid,34083
913,913,UPI,Paid,503901
914,914,Debit Card,Paid,48191
915,915,UPI,Paid,239440
916,916,Credit Card,Failed,353277
917,917,Debit Card,Paid,100188
918,918,Credit Card,Paid,48741
919,919,Credit Card,Paid,55303
920,920,UPI,Paid,102300
921,921,Cash,Paid,23882
922,922,UPI,Paid,22492
923,923,Debit Card,Paid,15979
924,924,UPI,Pending,68982
925,925,UPI,Paid,38510
926,926,UPI,Paid,148435
927,927,UPI,Paid,97898
928,928,Credit Card,Paid,27288
929,929,Credit Card,Pending,73670
930,930,UPI,Pending,87200
931,931,UPI,Pending,271542
932,932,Credit Card,Paid,212681
933,933,UPI,Paid,323016
934,934,Net Banking,Paid,228580
935,935,UPI,Paid,164864
936,936,Credit Card,Paid,179040
937,937,UPI,Paid,38387
938,938,UPI,Failed,123520
939,939,Credit Card,Failed,278467
940,940,UPI,Paid,377451
941,941,Credit Card,Pending,250082
942,942,Credit Card,Paid,4273
943,943,UPI,Pending,96382
944,944,Credit Card,Pending,266240
945,945,UPI,Paid,246576
946,946,UPI,Paid,59262
947,947,Net Banking,Paid,43565
948,948,Credit Card,Pending,235060
949,949,UPI,Paid,17455
950,950,Credit Card,Paid,173648
951,951,UPI,Paid,65952
952,952,UPI,Pending,100594
953,953,Credit Card,Paid,153882
954,954,UPI,Paid,66005
955,955,UPI,Paid,271506
956,956,Credit Card,Paid,138520
957,957,Debit Card,Paid,221814
958,958,Debit Card,Paid,427536
959,959,UPI,Paid,118072
960,960,UPI,Paid,70441
961,961,Net Banking,Paid,233863
962,962,UPI,Paid,232890
963,963,Debit Card,Paid,341034
964,964,UPI,Paid,540230
965,965,Cash,Paid,34388
966,966,Credit Card,Paid,331960
967,967,UPI,Paid,314088
968,968,Debit Card,Failed,193146
969,969,UPI,Paid,83587
970,970,Debit Card,Paid,69300
971,971,Cash,Paid,40056
972,972,UPI,Paid,271323
973,973,Credit Card,Paid,154810
974,974,Debit Card,Paid,235250
975,975,Credit Card,Paid,597680
976,976,UPI,Paid,34910
977,977,UPI,Paid,192692
978,978,UPI,Failed,34143
979,979,Credit Card,Paid,60576
980,980,Credit Card,Paid,52486
981,981,Debit Card,Paid,183060
982,982,UPI,Paid,97878
983,983,Credit Card,Failed,400240
984,984,Debit Card,Paid,28115
985,985,Credit Card,Paid,111038
986,986,UPI,Pending,482787
987,987,UPI,Paid,195648
988,988,Credit Card,Pending,97384
989,989,Debit Card,Paid,116245
990,990,UPI,Paid,51476
991,991,Credit Card,Paid,46559
992,992,UPI,Paid,48912
993,993,UPI,Paid,46514
994,994,Net Banking,Paid,303610
995,995,UPI,Paid,277920
996,996,Debit Card,Paid,91581
997,997,Credit Card,Paid,142176
998,998,Debit Card,Paid,6963
999,999,UPI,Pending,29799
1000,1000,Net Banking,Paid,47725
1001,1001,UPI,Paid,380880
1002,1002,Debit Card,Paid,216944
1003,1003,Cash,Paid,253370
1004,1004,Debit Card,Paid,303822
1005,1005,Credit Card,Paid,11230
1006,1006,UPI,Paid,286136
1007,1007,UPI,Failed,118288
1008,1008,UPI,Paid,70053
1009,1009,Credit Card,Pending,248768
1010,1010,Credit Card,Paid,54236
1011,1011,UPI,Paid,54972
1012,1012,Net Banking,Paid,321755
1013,1013,UPI,Paid,248970
1014,1014,UPI,Paid,45524
1015,1015,Net Banking,Paid,104040
1016,1016,Cash,Paid,99816
1017,1017,Credit Card,Pending,38740
1018,1018,UPI,Paid,337374
1019,1019,Cash,Pending,213904
1020,1020,UPI,Failed,178032
1021,1021,Net Banking,Paid,240336
1022,1022,Debit Card,Pending,17578
1023,1023,Debit Card,Paid,14652
1024,1024,Credit Card,Paid,378774
1025,1025,Cash,Paid,86198
1026,1026,Debit Card,Paid,58160
1027,1027,Credit Card,Paid,99864
1028,1028,UPI,Pending,219000
1029,1029,Credit Card,Paid,444152
1030,1030,UPI,Paid,177184
1031,1031,Credit Card,Paid,56502
1032,1032,UPI,Paid,19652
1033,1033,Credit Card,Paid,153115
1034,1034,Credit Card,Paid,43600
1035,1035,Credit Card,Paid,518661
1036,1036,Net Banking,Paid,23769
1037,1037,UPI,Failed,75160
1038,1038,UPI,Paid,205620
1039,1039,Debit Card,Paid,209241
1040,1040,Credit Card,Paid,5590
1041,1041,Credit Card,Failed,7621
1042,1042,Cash,Paid,88416
1043,1043,UPI,Failed,133088
1044,1044,UPI,Paid,333768
1045,1045,Credit Card,Paid,36640
1046,1046,UPI,Paid,329728
1047,1047,Debit Card,Failed,165050
1048,1048,Credit Card,Paid,69369
1049,1049,UPI,Pending,101484
1050,1050,UPI,Paid,107469
1051,1051,Credit Card,Paid,13229
1052,1052,UPI,Paid,167216
1053,1053,Cash,Paid,13229
1054,1054,UPI,Paid,40024
1055,1055,Credit Card,Failed,93564
1056,1056,Net Banking,Pending,55704
1057,1057,Net Banking,Failed,271542
1058,1058,Net Banking,Pending,346300
1059,1059,Credit Card,Paid,5929
1060,1060,UPI,Paid,163731
1061,1061,Debit Card,Paid,119343
1062,1062,Credit Card,Paid,266469
1063,1063,Credit Card,Paid,207456
1064,1064,UPI,Pending,101274
1065,1065,Credit Card,Paid,75507
1066,1066,UPI,Paid,43170
1067,1067,UPI,Paid,17752
1068,1068,UPI,Paid,114456
1069,1069,Debit Card,Failed,117783
1070,1070,UPI,Paid,221336
1071,1071,Credit Card,Paid,15856
1072,1072,Debit Card,Paid,80236
1073,1073,Cash,Paid,181648
1074,1074,Cash,Paid,256860
1075,1075,UPI,Paid,261390
1076,1076,Credit Card,Paid,185214
1077,1077,UPI,Paid,30496
1078,1078,UPI,Pending,58956
1079,1079,UPI,Paid,259368
1080,1080,UPI,Paid,144888
1081,1081,UPI,Paid,164064
1082,1082,UPI,Paid,214227
1083,1083,Net Banking,Paid,26986
1084,1084,Net Banking,Pending,96201
1085,1085,UPI,Paid,29632
1086,1086,UPI,Paid,145752
1087,1087,Debit Card,Paid,43635
1088,1088,Credit Card,Paid,239580
1089,1089,Net Banking,Paid,103397
1090,1090,Credit Card,Paid,61644
1091,1091,UPI,Paid,431793
1092,1092,Credit Card,Pending,113810
1093,1093,UPI,Pending,20136
1094,1094,UPI,Paid,338076
1095,1095,Cash,Paid,59293
1096,1096,Net Banking,Paid,197856
1097,1097,Net Banking,Paid,206184
1098,1098,Credit Card,Paid,11132
1099,1099,UPI,Paid,74564
1100,1100,Credit Card,Paid,56362
1101,1101,Debit Card,Paid,271506
1102,1102,UPI,Paid,38740
1103,1103,Credit Card,Paid,102952
1104,1104,UPI,Paid,83962
1105,1105,Cash,Paid,323288
1106,1106,Net Banking,Paid,166360
1107,1107,Credit Card,Paid,11713
1108,1108,UPI,Paid,235578
1109,1109,Credit Card,Paid,61523
1110,1110,Cash,Paid,164241
1111,1111,Credit Card,Paid,54155
1112,1112,Debit Card,Paid,285120
1113,1113,Credit Card,Paid,18935
1114,1114,UPI,Paid,184572
1115,1115,Credit Card,Paid,391296
1116,1116,Net Banking,Failed,16740
1117,1117,Net Banking,Paid,104058
1118,1118,UPI,Paid,245749
1119,1119,Debit Card,Paid,52965
1120,1120,Credit Card,Paid,463284
1121,1121,UPI,Paid,48949
1122,1122,UPI,Paid,287320
1123,1123,UPI,Paid,93288
1124,1124,Credit Card,Failed,186056
1125,1125,UPI,Paid,355112
1126,1126,Net Banking,Paid,257070
1127,1127,Cash,Paid,362056
1128,1128,Debit Card,Paid,225828
1129,1129,Net Banking,Paid,204354
1130,1130,Cash,Paid,148818
1131,1131,Credit Card,Failed,96244
1132,1132,Debit Card,Paid,35852
1133,1133,UPI,Pending,58512
1134,1134,Net Banking,Paid,394422
1135,1135,UPI,Paid,171940
1136,1136,UPI,Failed,282950
1137,1137,Debit Card,Paid,23769
1138,1138,UPI,Paid,160929
1139,1139,Credit Card,Paid,225393
1140,1140,Net Banking,Paid,173433
1141,1141,UPI,Paid,86418
1142,1142,UPI,Failed,183060
1143,1143,Credit Card,Paid,277732
1144,1144,Cash,Paid,62180
1145,1145,Net Banking,Paid,42086
1146,1146,Debit Card,Pending,206136
1147,1147,UPI,Pending,167982
1148,1148,Net Banking,Paid,54972
1149,1149,Debit Card,Paid,261696
1150,1150,Credit Card,Pending,90588
1151,1151,Credit Card,Paid,85260
1152,1152,Credit Card,Paid,76598
1153,1153,Debit Card,Pending,596300
1154,1154,UPI,Paid,74340
1155,1155,Credit Card,Paid,116560
1156,1156,UPI,Paid,236862
1157,1157,Credit Card,Paid,135747
1158,1158,UPI,Paid,109056
1159,1159,Debit Card,Paid,450912
1160,1160,Credit Card,Paid,244650
1161,1161,UPI,Paid,200280
1162,1162,Credit Card,Paid,357260
1163,1163,Debit Card,Paid,143664
1164,1164,UPI,Failed,119028
1165,1165,UPI,Paid,46184
1166,1166,UPI,Paid,291159
1167,1167,UPI,Paid,115092
1168,1168,Credit Card,Paid,375501
1169,1169,Debit Card,Pending,154116
1170,1170,Net Banking,Failed,39781
1171,1171,UPI,Paid,4095
1172,1172,UPI,Paid,292560
1173,1173,Cash,Paid,283395
1174,1174,Cash,Paid,79895
1175,1175,Cash,Paid,38152
1176,1176,Credit Card,Paid,142640
1177,1177,Credit Card,Paid,108268
1178,1178,UPI,Paid,57056
1179,1179,Cash,Failed,226008
1180,1180,Credit Card,Paid,253440
1181,1181,UPI,Paid,78510
1182,1182,Cash,Paid,433240
1183,1183,UPI,Paid,261008
1184,1184,Net Banking,Paid,88416
1185,1185,Credit Card,Paid,39603
1186,1186,UPI,Pending,322758
1187,1187,UPI,Pending,88893
1188,1188,Credit Card,Failed,76134
1189,1189,Credit Card,Failed,344736
1190,1190,Credit Card,Pending,396760
1191,1191,Credit Card,Paid,391296
1192,1192,UPI,Paid,26181
1193,1193,UPI,Failed,182864
1194,1194,UPI,Paid,181004
1195,1195,UPI,Failed,335848
1196,1196,UPI,Paid,41900
1197,1197,Net Banking,Paid,311850
1198,1198,UPI,Paid,247296
1199,1199,Credit Card,Paid,249480
1200,1200,UPI,Paid,105321
1201,1201,Credit Card,Failed,256480
1202,1202,Debit Card,Paid,264610
1203,1203,UPI,Paid,312174
1204,1204,UPI,Paid,15802
1205,1205,Credit Card,Paid,8370
1206,1206,UPI,Paid,31380
1207,1207,UPI,Paid,256242
1208,1208,Credit Card,Paid,112260
1209,1209,Net Banking,Paid,53248
1210,1210,Cash,Paid,52614
1211,1211,UPI,Pending,125943
1212,1212,Debit Card,Paid,115622
1213,1213,Credit Card,Failed,491193
1214,1214,UPI,Paid,198112
1215,1215,Credit Card,Failed,32502
1216,1216,Cash,Pending,118794
1217,1217,Debit Card,Paid,41587
1218,1218,Net Banking,Paid,46650
1219,1219,UPI,Paid,45040
1220,1220,UPI,Failed,205960
1221,1221,UPI,Paid,111768
1222,1222,UPI,Paid,44913
1223,1223,Credit Card,Paid,134712
1224,1224,UPI,Paid,46559
1225,1225,Net Banking,Paid,166047
1226,1226,Credit Card,Paid,198060
1227,1227,UPI,Pending,194144
1228,1228,Net Banking,Paid,177144
1229,1229,UPI,Pending,258552
1230,1230,Net Banking,Paid,54606
1231,1231,UPI,Paid,40252
1232,1232,Cash,Paid,100072
1233,1233,Cash,Paid,54094
1234,1234,Net Banking,Paid,25975
1235,1235,UPI,Pending,130860
1236,1236,Debit Card,Paid,358520
1237,1237,UPI,Paid,163457
1238,1238,UPI,Paid,116445
1239,1239,Credit Card,Paid,150835
1240,1240,Credit Card,Paid,21747
1241,1241,UPI,Paid,49130
1242,1242,UPI,Paid,89802
1243,1243,Credit Card,Paid,91869
1244,1244,Credit Card,Failed,298800
1245,1245,Debit Card,Paid,22460
1246,1246,Net Banking,Paid,51294
1247,1247,Credit Card,Pending,154400
1248,1248,UPI,Paid,520290
1249,1249,Debit Card,Paid,352002
1250,1250,UPI,Paid,135590
1251,1251,UPI,Paid,183060
1252,1252,Credit Card,Failed,30496
1253,1253,UPI,Paid,225828
1254,1254,Debit Card,Paid,17454
1255,1255,UPI,Pending,165050
1256,1256,UPI,Paid,246952
1257,1257,Net Banking,Paid,80236
1258,1258,Credit Card,Failed,303849
1259,1259,UPI,Paid,72064
1260,1260,UPI,Paid,27288
1261,1261,UPI,Paid,97688
1262,1262,Credit Card,Paid,421911
1263,1263,UPI,Paid,236650
1264,1264,UPI,Paid,306750
1265,1265,UPI,Paid,118520
1266,1266,Cash,Pending,329589
1267,1267,UPI,Paid,359569
1268,1268,UPI,Paid,300402
1269,1269,UPI,Paid,308202
1270,1270,Credit Card,Failed,91930
1271,1271,Credit Card,Paid,265410
1272,1272,UPI,Paid,89802
1273,1273,Debit Card,Paid,368472
1274,1274,Credit Card,Paid,216160
1275,1275,Cash,Failed,75415
1276,1276,Cash,Pending,56364
1277,1277,Cash,Paid,292344
1278,1278,Debit Card,Failed,102393
1279,1279,UPI,Paid,30147
1280,1280,UPI,Paid,515420
1281,1281,Net Banking,Pending,107524
1282,1282,Credit Card,Failed,145350
1283,1283,UPI,Paid,39687
1284,1284,Net Banking,Pending,285280
1285,1285,Net Banking,Pending,102312
1286,1286,UPI,Paid,268740
1287,1287,Cash,Paid,236430
1288,1288,UPI,Paid,36032
1289,1289,Cash,Paid,180140
1290,1290,Cash,Paid,545770
1291,1291,Cash,Paid,13229
1292,1292,Credit Card,Paid,195505
1293,1293,UPI,Pending,164612
1294,1294,Debit Card,Paid,28142
1295,1295,Cash,Paid,189950
1296,1296,Net Banking,Paid,30496
1297,1297,UPI,Paid,289055
1298,1298,UPI,Paid,170517
1299,1299,Debit Card,Paid,151750
1300,1300,Debit Card,Paid,356780
1301,1301,Debit Card,Failed,152635
1302,1302,Cash,Paid,308720
1303,1303,UPI,Paid,379085
1304,1304,Credit Card,Paid,87130
1305,1305,UPI,Paid,270590
1306,1306,UPI,Paid,244447
1307,1307,UPI,Paid,360332
1308,1308,Net Banking,Pending,33690
1309,1309,Net Banking,Paid,230920
1310,1310,Credit Card,Paid,134280
1311,1311,Credit Card,Paid,91581
1312,1312,Credit Card,Paid,607220
1313,1313,UPI,Paid,215460
1314,1314,Debit Card,Failed,166989
1315,1315,Credit Card,Paid,114300
1316,1316,UPI,Paid,506740
1317,1317,Debit Card,Paid,276165
1318,1318,UPI,Paid,365218
1319,1319,UPI,Paid,29471
1320,1320,Debit Card,Paid,394422
1321,1321,Debit Card,Paid,217060
1322,1322,Net Banking,Pending,21720
1323,1323,Cash,Paid,115258
1324,1324,Credit Card,Failed,53456
1325,1325,UPI,Paid,56346
1326,1326,UPI,Paid,120168
1327,1327,Cash,Paid,396641
1328,1328,Credit Card,Paid,65286
1329,1329,UPI,Paid,329508
1330,1330,Debit Card,Paid,303830
1331,1331,Credit Card,Failed,91930
1332,1332,Debit Card,Paid,18913
1333,1333,Debit Card,Paid,96382
1334,1334,UPI,Paid,83174
1335,1335,Debit Card,Failed,191625
1336,1336,Debit Card,Failed,44389
1337,1337,Debit Card,Paid,58272
1338,1338,Credit Card,Failed,53669
1339,1339,Credit Card,Paid,164622
1340,1340,Debit Card,Paid,118096
1341,1341,Debit Card,Paid,137536
1342,1342,UPI,Paid,129297
1343,1343,UPI,Paid,179536
1344,1344,Credit Card,Paid,147185
1345,1345,Credit Card,Paid,75834
1346,1346,UPI,Paid,207780
1347,1347,Net Banking,Paid,206994
1348,1348,Credit Card,Paid,159468
1349,1349,UPI,Failed,263304
1350,1350,Credit Card,Paid,30484
1351,1351,Debit Card,Paid,51367
1352,1352,UPI,Paid,440784
1353,1353,UPI,Paid,49464
1354,1354,Credit Card,Pending,288738
1355,1355,Debit Card,Paid,116004
1356,1356,UPI,Paid,84728
1357,1357,Credit Card,Paid,317408
1358,1358,Credit Card,Paid,440208
1359,1359,Credit Card,Paid,97384
1360,1360,Debit Card,Paid,329508
1361,1361,Debit Card,Paid,41751
1362,1362,Cash,Paid,23639
1363,1363,UPI,Paid,354368
1364,1364,UPI,Pending,201885
1365,1365,Net Banking,Paid,228402
1366,1366,Credit Card,Paid,358320
1367,1367,Debit Card,Paid,95304
1368,1368,UPI,Paid,129451
1369,1369,UPI,Paid,244216
1370,1370,Credit Card,Paid,226947
1371,1371,Credit Card,Paid,61383
1372,1372,Debit Card,Paid,116700
1373,1373,UPI,Paid,328734
1374,1374,UPI,Paid,392400
1375,1375,Cash,Paid,196630
1376,1376,UPI,Paid,17787
1377,1377,Debit Card,Paid,442764
1378,1378,UPI,Paid,47937
1379,1379,Credit Card,Paid,91149
1380,1380,Credit Card,Paid,51367
1381,1381,Debit Card,Paid,114147
1382,1382,UPI,Paid,47977
1383,1383,Debit Card,Pending,70441
1384,1384,UPI,Paid,139950
1385,1385,Credit Card,Paid,155430
1386,1386,Credit Card,Pending,15856
1387,1387,Credit Card,Failed,28202
1388,1388,Cash,Paid,144519
1389,1389,UPI,Paid,333095
1390,1390,UPI,Pending,92414
1391,1391,Credit Card,Paid,46530
1392,1392,UPI,Paid,167020
1393,1393,UPI,Paid,162282
1394,1394,Cash,Paid,49530
1395,1395,Debit Card,Failed,147860
1396,1396,Credit Card,Paid,142218
1397,1397,Credit Card,Pending,82944
1398,1398,UPI,Paid,34720
1399,1399,Debit Card,Paid,55701
1400,1400,UPI,Pending,111336
1401,1401,Debit Card,Failed,119686
1402,1402,Cash,Paid,160006
1403,1403,Credit Card,Paid,255465
1404,1404,Cash,Paid,110196
1405,1405,Credit Card,Paid,141010
1406,1406,UPI,Failed,473630
1407,1407,Debit Card,Failed,152469
1408,1408,UPI,Paid,27016
1409,1409,Credit Card,Failed,366120
1410,1410,UPI,Paid,25155
1411,1411,Credit Card,Paid,388530
1412,1412,UPI,Paid,154315
1413,1413,Debit Card,Paid,120168
1414,1414,Debit Card,Pending,28732
1415,1415,Credit Card,Paid,109056
1416,1416,UPI,Paid,74196
1417,1417,Credit Card,Paid,526660
1418,1418,Debit Card,Paid,321102
1419,1419,UPI,Paid,244984
1420,1420,Cash,Pending,98960
1421,1421,Debit Card,Paid,198060
1422,1422,UPI,Paid,125700
1423,1423,UPI,Paid,392544
1424,1424,Cash,Paid,452720
1425,1425,Credit Card,Paid,169928
1426,1426,Net Banking,Paid,540230
1427,1427,UPI,Paid,112624
1428,1428,UPI,Paid,287328
1429,1429,Cash,Paid,143238
1430,1430,UPI,Paid,93025
1431,1431,Credit Card,Paid,50732
1432,1432,UPI,Paid,9008
1433,1433,Credit Card,Paid,37350
1434,1434,UPI,Paid,138960
1435,1435,UPI,Failed,358320
1436,1436,UPI,Paid,110135
1437,1437,Credit Card,Paid,40272
1438,1438,UPI,Paid,238520
1439,1439,UPI,Paid,201885
1440,1440,Net Banking,Failed,57076
1441,1441,Debit Card,Paid,388066
1442,1442,Net Banking,Paid,462180
1443,1443,Cash,Pending,172710
1444,1444,UPI,Paid,39226
1445,1445,UPI,Paid,113015
1446,1446,Debit Card,Paid,287328
1447,1447,Debit Card,Paid,99816
1448,1448,UPI,Paid,292344
1449,1449,Debit Card,Failed,57184
1450,1450,Credit Card,Paid,134712
1451,1451,UPI,Paid,75330
1452,1452,Credit Card,Paid,293394
1453,1453,UPI,Paid,401180
1454,1454,Debit Card,Paid,354270
1455,1455,Debit Card,Paid,113416
1456,1456,Credit Card,Paid,47363
1457,1457,Net Banking,Paid,132627
1458,1458,Credit Card,Paid,57351
1459,1459,UPI,Paid,226652
1460,1460,Net Banking,Paid,71080
1461,1461,Credit Card,Paid,24225
1462,1462,UPI,Paid,268709
1463,1463,Cash,Paid,63912
1464,1464,Debit Card,Paid,489490
1465,1465,Credit Card,Paid,47054
1466,1466,Debit Card,Pending,12819
1467,1467,UPI,Paid,147620
1468,1468,Debit Card,Paid,89270
1469,1469,Net Banking,Paid,478404
1470,1470,Net Banking,Paid,364365
1471,1471,UPI,Paid,103502
1472,1472,UPI,Paid,93852
1473,1473,UPI,Paid,268191
1474,1474,UPI,Paid,184050
1475,1475,UPI,Paid,92445
1476,1476,UPI,Paid,338184
1477,1477,Credit Card,Paid,242064
1478,1478,UPI,Pending,93060
1479,1479,Credit Card,Paid,108268
1480,1480,UPI,Paid,214857
1481,1481,UPI,Paid,231540
1482,1482,Net Banking,Paid,176216
1483,1483,UPI,Paid,82550
1484,1484,UPI,Paid,203980
1485,1485,Net Banking,Paid,76612
1486,1486,UPI,Paid,9871
1487,1487,Credit Card,Paid,19652
1488,1488,Debit Card,Paid,197267
1489,1489,UPI,Paid,222540
1490,1490,Net Banking,Paid,529220
1491,1491,Net Banking,Paid,230902
1492,1492,Net Banking,Paid,204645
1493,1493,UPI,Paid,113810
1494,1494,Cash,Paid,316799
1495,1495,UPI,Paid,50858
1496,1496,Debit Card,Paid,97798
1497,1497,UPI,Paid,182036
1498,1498,Cash,Paid,509967
1499,1499,Credit Card,Paid,297794
1500,1500,Net Banking,Paid,293340
1501,1501,UPI,Paid,213264
1502,1502,UPI,Paid,302880
1503,1503,UPI,Pending,103164
1504,1504,UPI,Paid,49361
1505,1505,UPI,Paid,46755
1506,1506,Credit Card,Pending,348800
1507,1507,Net Banking,Paid,148150
1508,1508,UPI,Paid,130465
1509,1509,Net Banking,Paid,36028
1510,1510,Debit Card,Failed,284352
1511,1511,Debit Card,Paid,267272
1512,1512,Debit Card,Paid,324138
1513,1513,UPI,Paid,140004
1514,1514,Credit Card,Paid,36640
1515,1515,Credit Card,Paid,23463
1516,1516,Credit Card,Pending,289055
1517,1517,Credit Card,Paid,439700
1518,1518,Cash,Paid,291109
1519,1519,UPI,Paid,189320
1520,1520,Net Banking,Pending,109480
1521,1521,Credit Card,Paid,56312
1522,1522,Debit Card,Paid,221396
1523,1523,Net Banking,Paid,219860
1524,1524,UPI,Paid,49716
1525,1525,Net Banking,Paid,75276
1526,1526,Credit Card,Paid,531560
1527,1527,UPI,Paid,42456
1528,1528,Debit Card,Paid,122740
1529,1529,Cash,Paid,102612
1530,1530,UPI,Paid,102186
1531,1531,UPI,Paid,235255
1532,1532,Cash,Paid,76287
1533,1533,UPI,Failed,123473
1534,1534,Cash,Paid,107556
1535,1535,Credit Card,Failed,52740
1536,1536,UPI,Paid,415656
1537,1537,Cash,Paid,78610
1538,1538,Credit Card,Failed,293574
1539,1539,UPI,Paid,174605
1540,1540,Credit Card,Failed,339012
1541,1541,Debit Card,Paid,163400
1542,1542,Net Banking,Paid,137964
1543,1543,Credit Card,Paid,103424
1544,1544,Debit Card,Paid,156087
1545,1545,Credit Card,Paid,89520
1546,1546,Credit Card,Paid,280900
1547,1547,UPI,Paid,520290
1548,1548,Debit Card,Paid,364140
1549,1549,Debit Card,Paid,489120
1550,1550,Credit Card,Paid,425970
1551,1551,Credit Card,Pending,363393
1552,1552,Net Banking,Paid,45965
1553,1553,Debit Card,Pending,48753
1554,1554,Credit Card,Paid,318936
1555,1555,Debit Card,Paid,260870
1556,1556,Credit Card,Paid,309620
1557,1557,Debit Card,Paid,278400
1558,1558,UPI,Pending,40344
1559,1559,Debit Card,Paid,440208
1560,1560,UPI,Pending,459837
1561,1561,Debit Card,Paid,84622
1562,1562,Debit Card,Paid,20598
1563,1563,UPI,Paid,75875
1564,1564,Debit Card,Paid,147060
1565,1565,UPI,Paid,197920
1566,1566,UPI,Paid,117024
1567,1567,Cash,Paid,45509
1568,1568,UPI,Paid,450693
1569,1569,Cash,Paid,55519
1570,1570,Net Banking,Paid,41939
1571,1571,Credit Card,Paid,157086
1572,1572,UPI,Paid,189452
1573,1573,Credit Card,Pending,125520
1574,1574,UPI,Paid,19718
1575,1575,Credit Card,Paid,222076
1576,1576,Credit Card,Paid,236187
1577,1577,Credit Card,Paid,112300
1578,1578,UPI,Paid,308735
1579,1579,Debit Card,Failed,358608
1580,1580,UPI,Paid,13508
1581,1581,Cash,Paid,28528
1582,1582,UPI,Pending,93118
1583,1583,Cash,Pending,20889
1584,1584,Credit Card,Paid,140637
1585,1585,UPI,Paid,383424
1586,1586,UPI,Paid,593970
1587,1587,Cash,Paid,114201
1588,1588,UPI,Paid,321910
1589,1589,UPI,Paid,360216
1590,1590,Debit Card,Paid,43407
1591,1591,Debit Card,Paid,50607
1592,1592,UPI,Paid,83174
1593,1593,UPI,Pending,245574
1594,1594,UPI,Paid,18016
1595,1595,Debit Card,Paid,131944
1596,1596,Credit Card,Paid,276515
1597,1597,UPI,Paid,14917
1598,1598,UPI,Paid,51306
1599,1599,UPI,Pending,199524
1600,1600,Debit Card,Paid,79860
1601,1601,Debit Card,Paid,509730
1602,1602,Debit Card,Paid,108560
1603,1603,Cash,Paid,155922
1604,1604,Net Banking,Paid,92492
1605,1605,Credit Card,Paid,296300
1606,1606,UPI,Paid,109844
1607,1607,Credit Card,Paid,96320
1608,1608,UPI,Pending,196265
1609,1609,Credit Card,Paid,56905
1610,1610,Cash,Paid,247640
1611,1611,Debit Card,Paid,116700
1612,1612,Credit Card,Paid,72176
1613,1613,Debit Card,Paid,34720
1614,1614,UPI,Paid,117336
1615,1615,Net Banking,Paid,219672
1616,1616,UPI,Paid,310520
1617,1617,Credit Card,Pending,195685
1618,1618,Credit Card,Paid,133088
1619,1619,UPI,Paid,70320
1620,1620,Credit Card,Paid,55470
1621,1621,Cash,Pending,318800
1622,1622,Credit Card,Pending,68262
1623,1623,UPI,Paid,91490
1624,1624,Cash,Paid,391296
1625,1625,Credit Card,Paid,67465
1626,1626,UPI,Paid,86848
1627,1627,Credit Card,Paid,282114
1628,1628,UPI,Paid,213921
1629,1629,Credit Card,Failed,73280
1630,1630,UPI,Failed,267210
1631,1631,Credit Card,Failed,187430
1632,1632,UPI,Paid,17450
1633,1633,UPI,Paid,49245
1634,1634,Debit Card,Pending,175413
1635,1635,Credit Card,Paid,228339
1636,1636,Debit Card,Paid,127232
1637,1637,UPI,Paid,142956
1638,1638,Credit Card,Paid,77568
1639,1639,Credit Card,Paid,76944
1640,1640,UPI,Paid,79168
1641,1641,Debit Card,Paid,138544
1642,1642,Debit Card,Paid,74972
1643,1643,Credit Card,Paid,149597
1644,1644,Debit Card,Paid,362056
1645,1645,UPI,Paid,86196
1646,1646,Net Banking,Paid,47070
1647,1647,Debit Card,Paid,225480
1648,1648,Debit Card,Paid,184930
1649,1649,UPI,Paid,317058
1650,1650,UPI,Paid,523620
1651,1651,Debit Card,Paid,108560
1652,1652,Cash,Paid,163376
1653,1653,Debit Card,Paid,300681
1654,1654,UPI,Paid,109212
1655,1655,Credit Card,Pending,366120
1656,1656,UPI,Paid,265780
1657,1657,Credit Card,Failed,80504
1658,1658,Debit Card,Paid,51294
1659,1659,UPI,Paid,336688
1660,1660,Debit Card,Paid,13229
1661,1661,Debit Card,Paid,111853
1662,1662,Credit Card,Paid,379900
1663,1663,UPI,Failed,98546
1664,1664,UPI,Paid,426654
1665,1665,Credit Card,Paid,98240
1666,1666,Debit Card,Paid,92414
1667,1667,Credit Card,Paid,54584
1668,1668,Debit Card,Paid,214572
1669,1669,Credit Card,Paid,253818
1670,1670,Credit Card,Pending,218331
1671,1671,UPI,Paid,224100
1672,1672,UPI,Failed,60332
1673,1673,UPI,Failed,31112
1674,1674,UPI,Failed,29799
1675,1675,UPI,Failed,73635
1676,1676,Net Banking,Paid,285750
1677,1677,Cash,Paid,97072
1678,1678,UPI,Paid,219401
1679,1679,Credit Card,Paid,59226
1680,1680,Net Banking,Paid,161310
1681,1681,Credit Card,Paid,232778
1682,1682,Cash,Pending,400572
1683,1683,Cash,Failed,36032
1684,1684,UPI,Paid,7076
1685,1685,UPI,Paid,38445
1686,1686,Credit Card,Paid,134330
1687,1687,Credit Card,Paid,291400
1688,1688,Net Banking,Paid,101408
1689,1689,Credit Card,Paid,36519
1690,1690,Credit Card,Paid,457407
1691,1691,Debit Card,Paid,89705
1692,1692,UPI,Paid,46852
1693,1693,Credit Card,Paid,102588
1694,1694,Credit Card,Paid,50742
1695,1695,Credit Card,Paid,93704
1696,1696,UPI,Paid,29942
1697,1697,UPI,Pending,42531
1698,1698,Credit Card,Paid,311670
1699,1699,Credit Card,Paid,212992
1700,1700,UPI,Paid,272800
1701,1701,UPI,Paid,44790
1702,1702,Net Banking,Paid,406968
1703,1703,Credit Card,Failed,155922
1704,1704,Credit Card,Paid,277350
1705,1705,Cash,Paid,185214
1706,1706,Cash,Paid,235403
1707,1707,UPI,Failed,239058
1708,1708,UPI,Paid,50637
1709,1709,Credit Card,Pending,304044
1710,1710,Debit Card,Paid,37175
1711,1711,UPI,Pending,102578
1712,1712,UPI,Paid,15543
1713,1713,UPI,Paid,102952
1714,1714,UPI,Paid,246375
1715,1715,Credit Card,Paid,187464
1716,1716,Credit Card,Paid,55098
1717,1717,UPI,Paid,160224
1718,1718,UPI,Paid,405392
1719,1719,Cash,Paid,343640
1720,1720,Net Banking,Paid,255535
1721,1721,UPI,Paid,118845
1722,1722,Debit Card,Paid,14697
1723,1723,Net Banking,Paid,116220
1724,1724,Credit Card,Failed,78608
1725,1725,Credit Card,Paid,228580
1726,1726,Credit Card,Paid,268576
1727,1727,Debit Card,Paid,248970
1728,1728,UPI,Paid,99512
1729,1729,UPI,Paid,457407
1730,1730,UPI,Pending,78921
1731,1731,UPI,Pending,127832
1732,1732,UPI,Paid,292896
1733,1733,Net Banking,Paid,246933
1734,1734,UPI,Paid,54048
1735,1735,Debit Card,Paid,181909
1736,1736,UPI,Paid,88890
1737,1737,UPI,Paid,158450
1738,1738,Credit Card,Paid,22027
1739,1739,UPI,Paid,135235
1740,1740,UPI,Failed,59036
1741,1741,UPI,Paid,15525
1742,1742,Net Banking,Pending,39571
1743,1743,UPI,Paid,292344
1744,1744,Credit Card,Paid,315996
1745,1745,UPI,Failed,55660
1746,1746,Credit Card,Paid,288071
1747,1747,Debit Card,Paid,306340
1748,1748,UPI,Paid,83878
1749,1749,UPI,Paid,9849
1750,1750,Credit Card,Paid,130011
1751,1751,Net Banking,Paid,236192
1752,1752,Credit Card,Paid,146502
1753,1753,Cash,Paid,259368
1754,1754,UPI,Paid,136515
1755,1755,UPI,Failed,157086
1756,1756,Net Banking,Paid,247149
1757,1757,UPI,Paid,211555
1758,1758,Credit Card,Failed,88716
1759,1759,Net Banking,Paid,128430
1760,1760,Credit Card,Paid,151960
1761,1761,Cash,Paid,148680
1762,1762,UPI,Paid,49295
1763,1763,Credit Card,Failed,316799
1764,1764,Credit Card,Paid,143448
1765,1765,UPI,Paid,233120
1766,1766,Credit Card,Paid,98100
1767,1767,UPI,Paid,186704
1768,1768,UPI,Paid,63912
1769,1769,UPI,Paid,119028
1770,1770,UPI,Failed,419810
1771,1771,Debit Card,Pending,139494
1772,1772,Debit Card,Paid,178890
1773,1773,UPI,Paid,447912
1774,1774,Credit Card,Paid,446454
1775,1775,Net Banking,Paid,237744
1776,1776,UPI,Paid,61726
1777,1777,UPI,Paid,59598
1778,1778,Cash,Failed,235530
1779,1779,Credit Card,Paid,103084
1780,1780,Credit Card,Paid,298150
1781,1781,UPI,Paid,345774
1782,1782,Cash,Paid,39624
1783,1783,UPI,Paid,224630
1784,1784,Cash,Paid,160958
1785,1785,UPI,Paid,565020
1786,1786,UPI,Paid,69013
1787,1787,Debit Card,Paid,47776
1788,1788,Debit Card,Pending,52916
1789,1789,Credit Card,Paid,371750
1790,1790,UPI,Failed,59293
1791,1791,UPI,Pending,18567
1792,1792,UPI,Paid,13229
1793,1793,UPI,Paid,109578
1794,1794,UPI,Paid,117336
1795,1795,UPI,Failed,34083
1796,1796,UPI,Failed,391592
1797,1797,UPI,Paid,62667
1798,1798,Credit Card,Paid,69816
1799,1799,Net Banking,Paid,304044
1800,1800,Credit Card,Paid,107286
1801,1801,UPI,Paid,66288
1802,1802,Credit Card,Paid,243968
1803,1803,Debit Card,Paid,130465
1804,1804,UPI,Paid,155922
1805,1805,Net Banking,Paid,140905
1806,1806,Net Banking,Failed,215495
1807,1807,Cash,Paid,52836
1808,1808,Cash,Paid,139684
1809,1809,Cash,Paid,60332
1810,1810,UPI,Paid,146670
1811,1811,UPI,Paid,347310
1812,1812,UPI,Paid,232490
1813,1813,UPI,Paid,146520
1814,1814,UPI,Paid,279855
1815,1815,UPI,Paid,26404
1816,1816,Debit Card,Paid,87940
1817,1817,Net Banking,Paid,320736
1818,1818,Debit Card,Paid,127944
1819,1819,Debit Card,Paid,264610
1820,1820,UPI,Paid,89502
1821,1821,Credit Card,Paid,491193
1822,1822,Net Banking,Paid,154116
1823,1823,Credit Card,Paid,111853
1824,1824,Credit Card,Paid,77658
1825,1825,Debit Card,Paid,137148
1826,1826,Debit Card,Paid,185600
1827,1827,Debit Card,Paid,238520
1828,1828,UPI,Paid,208116
1829,1829,Credit Card,Paid,17454
1830,1830,Credit Card,Paid,100236
1831,1831,UPI,Pending,93258
1832,1832,Debit Card,Paid,195408
1833,1833,UPI,Paid,317532
1834,1834,UPI,Paid,262368
1835,1835,UPI,Paid,464481
1836,1836,Credit Card,Paid,29718
1837,1837,Debit Card,Paid,100594
1838,1838,Net Banking,Paid,334090
1839,1839,Net Banking,Paid,39624
1840,1840,UPI,Paid,159744
1841,1841,Cash,Paid,134619
1842,1842,UPI,Paid,171820
1843,1843,Net Banking,Paid,124485
1844,1844,Credit Card,Paid,553340
1845,1845,UPI,Paid,277767
1846,1846,Debit Card,Failed,39843
1847,1847,UPI,Paid,160368
1848,1848,UPI,Paid,341310
1849,1849,Credit Card,Paid,49355
1850,1850,Debit Card,Paid,186050
1851,1851,UPI,Failed,285750
1852,1852,Credit Card,Paid,232974
1853,1853,UPI,Paid,53310
1854,1854,UPI,Failed,84640
1855,1855,UPI,Paid,178390
1856,1856,UPI,Paid,246576
1857,1857,Cash,Pending,278467
1858,1858,UPI,Paid,446454
1859,1859,UPI,Failed,314024
1860,1860,Credit Card,Paid,120072
1861,1861,Credit Card,Paid,350539
1862,1862,UPI,Paid,67356
1863,1863,Cash,Paid,255252
1864,1864,Credit Card,Paid,136440
1865,1865,Credit Card,Paid,308080
1866,1866,UPI,Paid,228580
1867,1867,Credit Card,Paid,143175
1868,1868,UPI,Paid,328734
1869,1869,UPI,Paid,329628
1870,1870,Credit Card,Failed,127145
1871,1871,UPI,Paid,326232
1872,1872,Credit Card,Paid,358620
1873,1873,Credit Card,Paid,216376
1874,1874,UPI,Failed,201510
1875,1875,Debit Card,Paid,345360
1876,1876,UPI,Paid,202696
1877,1877,Credit Card,Failed,112050
1878,1878,Credit Card,Paid,179040
1879,1879,Debit Card,Paid,165294
1880,1880,UPI,Paid,206375
1881,1881,UPI,Paid,102564
1882,1882,UPI,Paid,256242
1883,1883,UPI,Pending,78610
1884,1884,Credit Card,Paid,233910
1885,1885,Credit Card,Paid,494442
1886,1886,Credit Card,Failed,226030
1887,1887,Cash,Pending,192692
1888,1888,Net Banking,Paid,264933
1889,1889,Cash,Paid,39571
1890,1890,Debit Card,Failed,30167
1891,1891,Credit Card,Paid,326232
1892,1892,UPI,Paid,37210
1893,1893,UPI,Paid,53536
1894,1894,UPI,Paid,95170
1895,1895,Cash,Paid,31782
1896,1896,Cash,Pending,30897
1897,1897,Debit Card,Paid,97384
1898,1898,UPI,Paid,117336
1899,1899,Net Banking,Pending,217470
1900,1900,Debit Card,Pending,341910
1901,1901,Credit Card,Paid,35708
1902,1902,Credit Card,Paid,173976
1903,1903,UPI,Paid,66960
1904,1904,Credit Card,Failed,341253
1905,1905,UPI,Paid,211344
1906,1906,UPI,Paid,245480
1907,1907,Debit Card,Paid,28075
1908,1908,Net Banking,Paid,13508
1909,1909,UPI,Paid,433098
1910,1910,UPI,Paid,167913
1911,1911,Net Banking,Failed,121032
1912,1912,UPI,Paid,51093
1913,1913,Credit Card,Paid,183860
1914,1914,Credit Card,Paid,132937
1915,1915,Net Banking,Paid,97214
1916,1916,UPI,Failed,64075
1917,1917,Credit Card,Paid,278400
1918,1918,UPI,Paid,237762
1919,1919,UPI,Paid,88418
1920,1920,Debit Card,Paid,34196
1921,1921,Credit Card,Failed,146736
1922,1922,Credit Card,Paid,158840
1923,1923,Debit Card,Paid,123452
1924,1924,UPI,Paid,358984
1925,1925,Debit Card,Paid,322752
1926,1926,UPI,Paid,34499
1927,1927,UPI,Paid,116245
1928,1928,Cash,Paid,157998
1929,1929,Credit Card,Failed,373455
1930,1930,Debit Card,Paid,28806
1931,1931,Credit Card,Failed,277350
1932,1932,Net Banking,Paid,74382
1933,1933,Credit Card,Paid,181202
1934,1934,UPI,Paid,60865
1935,1935,Credit Card,Failed,93025
1936,1936,UPI,Paid,127072
1937,1937,Debit Card,Paid,153882
1938,1938,UPI,Paid,151440
1939,1939,UPI,Paid,51542
1940,1940,Debit Card,Paid,242064
1941,1941,Credit Card,Paid,173348
1942,1942,UPI,Failed,129027
1943,1943,UPI,Paid,209360
1944,1944,Net Banking,Paid,69369
1945,1945,UPI,Paid,41560
1946,1946,UPI,Pending,166348
1947,1947,Debit Card,Failed,179616
1948,1948,Cash,Pending,300681
1949,1949,UPI,Paid,69369
1950,1950,UPI,Paid,50691
1951,1951,Cash,Paid,423459
1952,1952,Net Banking,Paid,149024
1953,1953,UPI,Pending,26620
1954,1954,UPI,Paid,48949
1955,1955,UPI,Paid,465860
1956,1956,UPI,Paid,44091
1957,1957,Net Banking,Pending,131944
1958,1958,Net Banking,Pending,216944
1959,1959,Debit Card,Paid,217470
1960,1960,UPI,Paid,51294
1961,1961,Credit Card,Paid,187128
1962,1962,Cash,Failed,223640
1963,1963,Debit Card,Paid,339012
1964,1964,Credit Card,Paid,38590
1965,1965,UPI,Paid,112539
1966,1966,Credit Card,Paid,140760
1967,1967,UPI,Paid,516090
1968,1968,Cash,Paid,161376
1969,1969,UPI,Paid,509730
1970,1970,UPI,Paid,434070
1971,1971,Debit Card,Paid,281820
1972,1972,UPI,Paid,47725
1973,1973,Cash,Pending,115224
1974,1974,Credit Card,Paid,22027
1975,1975,UPI,Paid,155500
1976,1976,Net Banking,Paid,223979
1977,1977,Net Banking,Failed,95528
1978,1978,UPI,Paid,68943
1979,1979,UPI,Paid,288145
1980,1980,Cash,Paid,52486
1981,1981,UPI,Paid,239885
1982,1982,Credit Card,Paid,110606
1983,1983,Credit Card,Paid,191168
1984,1984,Credit Card,Paid,48584
1985,1985,Debit Card,Paid,456804
1986,1986,Credit Card,Paid,10390
1987,1987,UPI,Paid,174400
1988,1988,Cash,Paid,204372
1989,1989,UPI,Paid,42912
1990,1990,UPI,Paid,109168
1991,1991,Debit Card,Paid,91581
1992,1992,UPI,Paid,26175
1993,1993,Debit Card,Paid,11941
1994,1994,Debit Card,Paid,32154
1995,1995,Credit Card,Paid,27486
1996,1996,UPI,Paid,89808
1997,1997,Credit Card,Failed,275490
1998,1998,UPI,Paid,157725
1999,1999,Credit Card,Paid,34671
2000,2000,UPI,Paid,209448
2001,2001,Net Banking,Paid,111188
2002,2002,Credit Card,Paid,29630
2003,2003,UPI,Paid,30496
2004,2004,Net Banking,Paid,167216
2005,2005,UPI,Paid,191495
2006,2006,Cash,Paid,104372
2007,2007,UPI,Paid,14078
2008,2008,UPI,Paid,183952
2009,2009,Credit Card,Paid,109500
2010,2010,UPI,Paid,163376
2011,2011,UPI,Failed,43412
2012,2012,Debit Card,Paid,219860
2013,2013,Debit Card,Paid,217120
2014,2014,UPI,Paid,414950
2015,2015,Debit Card,Paid,232904
2016,2016,UPI,Paid,66005
2017,2017,Debit Card,Paid,256752
2018,2018,Debit Card,Pending,356139
2019,2019,UPI,Paid,181002
2020,2020,Debit Card,Paid,99883
2021,2021,Cash,Paid,50704
2022,2022,UPI,Paid,399800
2023,2023,Debit Card,Pending,61524
2024,2024,Net Banking,Paid,78200
2025,2025,Net Banking,Paid,92603
2026,2026,UPI,Paid,288738
2027,2027,UPI,Paid,151304
2028,2028,UPI,Failed,206436
2029,2029,Net Banking,Paid,243968
2030,2030,UPI,Paid,117300
2031,2031,UPI,Failed,132831
2032,2032,UPI,Paid,279368
2033,2033,UPI,Paid,375489
2034,2034,UPI,Paid,58908
2035,2035,Credit Card,Failed,247296
2036,2036,UPI,Paid,67465
2037,2037,UPI,Paid,146532
2038,2038,Cash,Failed,94635
2039,2039,Cash,Failed,294680
2040,2040,UPI,Paid,319896
2041,2041,UPI,Paid,233216
2042,2042,UPI,Paid,189910
2043,2043,Debit Card,Paid,176420
2044,2044,UPI,Paid,393957
2045,2045,UPI,Paid,318800
2046,2046,UPI,Paid,132010
2047,2047,UPI,Paid,54155
2048,2048,Credit Card,Paid,41192
2049,2049,Debit Card,Paid,53669
2050,2050,Cash,Paid,162126
2051,2051,Net Banking,Paid,27461
2052,2052,UPI,Paid,63564
2053,2053,Cash,Paid,96320
2054,2054,Credit Card,Pending,73224
2055,2055,UPI,Paid,70312
2056,2056,Credit Card,Pending,140260
2057,2057,Net Banking,Pending,81201
2058,2058,UPI,Pending,88850
2059,2059,Debit Card,Paid,124360
2060,2060,Debit Card,Paid,77056
2061,2061,Cash,Pending,26040
2062,2062,Cash,Paid,47051
2063,2063,Debit Card,Paid,103724
2064,2064,UPI,Paid,36222
2065,2065,Net Banking,Paid,67984
2066,2066,Cash,Paid,217200
2067,2067,Cash,Paid,33480
2068,2068,UPI,Paid,131148
2069,2069,Debit Card,Paid,165909
2070,2070,UPI,Paid,66010
2071,2071,UPI,Pending,109818
2072,2072,UPI,Paid,141036
2073,2073,Net Banking,Paid,69747
2074,2074,UPI,Paid,221336
2075,2075,Credit Card,Paid,268740
2076,2076,UPI,Pending,45257
2077,2077,UPI,Paid,70556
2078,2078,UPI,Pending,47550
2079,2079,Cash,Paid,198112
2080,2080,Credit Card,Paid,75096
2081,2081,Cash,Paid,433557
2082,2082,Credit Card,Paid,105672
2083,2083,Credit Card,Paid,293340
2084,2084,Net Banking,Failed,119061
2085,2085,Cash,Paid,3450
2086,2086,UPI,Paid,207228
2087,2087,Debit Card,Paid,301470
2088,2088,Debit Card,Paid,246918
2089,2089,UPI,Paid,305838
2090,2090,Cash,Paid,185992
2091,2091,Credit Card,Paid,90070
2092,2092,UPI,Failed,13493
2093,2093,UPI,Paid,277368
2094,2094,Credit Card,Paid,29631
2095,2095,Credit Card,Failed,392610
2096,2096,UPI,Paid,176836
2097,2097,Net Banking,Paid,42807
2098,2098,UPI,Paid,307790
2099,2099,Debit Card,Paid,114201
2100,2100,Debit Card,Paid,111768
2101,2101,UPI,Paid,103424
2102,2102,Net Banking,Paid,177597
2103,2103,UPI,Paid,323510
2104,2104,Cash,Paid,279970
2105,2105,Credit Card,Paid,57351
2106,2106,UPI,Paid,84964
2107,2107,UPI,Paid,71930
2108,2108,UPI,Failed,163557
2109,2109,Credit Card,Paid,76944
2110,2110,Net Banking,Paid,375489
2111,2111,Credit Card,Paid,26458
2112,2112,UPI,Paid,150318
2113,2113,UPI,Paid,89016
2114,2114,Credit Card,Paid,279516
2115,2115,Cash,Paid,147355
2116,2116,Credit Card,Pending,48376
2117,2117,UPI,Paid,89802
2118,2118,Debit Card,Paid,52020
2119,2119,Credit Card,Paid,372240
2120,2120,UPI,Failed,257070
2121,2121,Net Banking,Paid,218000
2122,2122,UPI,Failed,111188
2123,2123,Credit Card,Failed,123820
2124,2124,Cash,Paid,116560
2125,2125,UPI,Paid,295074
2126,2126,Cash,Paid,114201
2127,2127,Credit Card,Paid,170500
2128,2128,UPI,Paid,29471
2129,2129,Credit Card,Paid,563460
2130,2130,Cash,Paid,87940
2131,2131,UPI,Pending,182166
2132,2132,UPI,Paid,261008
2133,2133,UPI,Paid,112360
2134,2134,Debit Card,Paid,113180
2135,2135,UPI,Paid,156522
2136,2136,UPI,Paid,84543
2137,2137,Credit Card,Paid,277767
2138,2138,Cash,Paid,213824
2139,2139,Debit Card,Paid,121152
2140,2140,UPI,Paid,232490
2141,2141,Debit Card,Paid,346482
2142,2142,Credit Card,Pending,20475
2143,2143,UPI,Paid,396130
2144,2144,Credit Card,Paid,274464
2145,2145,Debit Card,Paid,282324
2146,2146,UPI,Paid,58650
2147,2147,Net Banking,Failed,238686
2148,2148,UPI,Pending,36543
2149,2149,UPI,Paid,61760
2150,2150,Net Banking,Paid,52836
2151,2151,Net Banking,Paid,58942
2152,2152,UPI,Paid,271542
2153,2153,Credit Card,Paid,309654
2154,2154,Cash,Paid,163116
2155,2155,Debit Card,Paid,265254
2156,2156,Cash,Paid,182340
2157,2157,Cash,Paid,174464
2158,2158,UPI,Paid,121444
2159,2159,Credit Card,Pending,79700
2160,2160,Debit Card,Paid,43412
2161,2161,Credit Card,Paid,368472
2162,2162,UPI,Paid,31380
2163,2163,Credit Card,Failed,273447
2164,2164,UPI,Paid,9906
2165,2165,UPI,Paid,57150
2166,2166,UPI,Pending,159570
2167,2167,Debit Card,Paid,142690
2168,2168,UPI,Paid,421911
2169,2169,UPI,Paid,15175
2170,2170,UPI,Paid,250326
2171,2171,Cash,Paid,29572
2172,2172,Cash,Paid,44913
2173,2173,UPI,Paid,117315
2174,2174,Net Banking,Failed,78525
2175,2175,Debit Card,Paid,219636
2176,2176,UPI,Paid,166557
2177,2177,Debit Card,Paid,77924
2178,2178,Net Banking,Paid,160864
2179,2179,Cash,Pending,59226
2180,2180,Net Banking,Paid,371750
2181,2181,UPI,Paid,63912
2182,2182,UPI,Paid,385605
2183,2183,Debit Card,Pending,159720
2184,2184,UPI,Paid,114918
2185,2185,Credit Card,Paid,184984
2186,2186,UPI,Paid,204645
2187,2187,UPI,Paid,30623
2188,2188,Credit Card,Paid,122740
2189,2189,UPI,Paid,234810
2190,2190,Credit Card,Failed,173648
2191,2191,Credit Card,Paid,163731
2192,2192,Debit Card,Paid,225136
2193,2193,Net Banking,Paid,140346
2194,2194,Net Banking,Paid,51367
2195,2195,Debit Card,Paid,126830
2196,2196,Debit Card,Failed,98928
2197,2197,Debit Card,Paid,38740
2198,2198,UPI,Pending,123820
2199,2199,Credit Card,Paid,404850
2200,2200,UPI,Paid,200308
2201,2201,UPI,Paid,352079
2202,2202,Net Banking,Failed,73242
2203,2203,UPI,Paid,171380
2204,2204,UPI,Failed,284178
2205,2205,Cash,Paid,92445
2206,2206,UPI,Paid,12819
2207,2207,Credit Card,Failed,136875
2208,2208,UPI,Paid,113946
2209,2209,Credit Card,Paid,30189
2210,2210,UPI,Paid,292896
2211,2211,Net Banking,Paid,236815
2212,2212,UPI,Paid,218412
2213,2213,Credit Card,Failed,348928
2214,2214,Credit Card,Paid,77058
2215,2215,UPI,Paid,91976
2216,2216,Debit Card,Paid,59094
2217,2217,Credit Card,Failed,274827
2218,2218,UPI,Paid,211029
2219,2219,Net Banking,Paid,110606
2220,2220,Credit Card,Paid,202068
2221,2221,UPI,Pending,85584
2222,2222,Debit Card,Paid,116245
2223,2223,Credit Card,Pending,130800
2224,2224,UPI,Failed,487395
2225,2225,Credit Card,Paid,15334
2226,2226,UPI,Pending,325710
2227,2227,UPI,Paid,102564
2228,2228,Credit Card,Failed,171940
2229,2229,Cash,Paid,173192
2230,2230,Credit Card,Failed,37170
2231,2231,Credit Card,Paid,28090
2232,2232,UPI,Paid,154005
2233,2233,Net Banking,Paid,308220
2234,2234,Credit Card,Failed,36519
2235,2235,Net Banking,Failed,16251
2236,2236,UPI,Paid,50732
2237,2237,UPI,Paid,98928
2238,2238,Credit Card,Paid,203024
2239,2239,Credit Card,Paid,52362
2240,2240,UPI,Paid,178200
2241,2241,Net Banking,Paid,27648
2242,2242,Credit Card,Paid,302190
2243,2243,Cash,Pending,336150
2244,2244,Debit Card,Paid,44901
2245,2245,Cash,Paid,199524
2246,2246,Net Banking,Paid,81864
2247,2247,Credit Card,Paid,47330
2248,2248,Net Banking,Paid,30484
2249,2249,UPI,Pending,459650
2250,2250,Credit Card,Paid,46982
2251,2251,Cash,Paid,239640
2252,2252,Credit Card,Paid,23888
2253,2253,UPI,Paid,120668
2254,2254,Credit Card,Paid,99512
2255,2255,UPI,Paid,485776
2256,2256,Credit Card,Paid,282324
2257,2257,Net Banking,Paid,87232
2258,2258,UPI,Paid,156400
2259,2259,UPI,Paid,78792
2260,2260,Credit Card,Paid,257380
2261,2261,Credit Card,Paid,293573
2262,2262,Credit Card,Paid,240708
2263,2263,Cash,Paid,33770
2264,2264,Debit Card,Pending,25155
2265,2265,Credit Card,Paid,452574
2266,2266,Cash,Paid,141840
2267,2267,UPI,Paid,139160
2268,2268,Net Banking,Paid,116320
2269,2269,Net Banking,Paid,260145
2270,2270,UPI,Paid,16869
2271,2271,UPI,Paid,197444
2272,2272,Debit Card,Paid,271506
2273,2273,UPI,Paid,154960
2274,2274,Debit Card,Paid,385100
2275,2275,Net Banking,Paid,107524
2276,2276,UPI,Paid,103445
2277,2277,Credit Card,Paid,95319
2278,2278,Net Banking,Paid,173628
2279,2279,UPI,Paid,198780
2280,2280,Debit Card,Paid,251690
2281,2281,Credit Card,Paid,457407
2282,2282,Credit Card,Paid,312808
2283,2283,Debit Card,Paid,217120
2284,2284,Net Banking,Paid,266688
2285,2285,UPI,Failed,88311
2286,2286,Credit Card,Failed,64382
2287,2287,Net Banking,Paid,228580
2288,2288,UPI,Paid,93732
2289,2289,Net Banking,Failed,148435
2290,2290,UPI,Pending,368662
2291,2291,UPI,Failed,88731
2292,2292,UPI,Paid,108850
2293,2293,Net Banking,Paid,172179
2294,2294,Credit Card,Pending,121444
2295,2295,UPI,Paid,217120
2296,2296,Net Banking,Paid,164768
2297,2297,UPI,Paid,218580
2298,2298,Debit Card,Paid,311556
2299,2299,Cash,Paid,225480
2300,2300,Cash,Failed,82392
2301,2301,UPI,Paid,173250
2302,2302,Debit Card,Failed,167020
2303,2303,Debit Card,Paid,50732
2304,2304,Debit Card,Paid,113970
2305,2305,Credit Card,Paid,87432
2306,2306,Net Banking,Paid,360794
2307,2307,Credit Card,Failed,425420
2308,2308,UPI,Paid,148700
2309,2309,Credit Card,Paid,135618
2310,2310,Net Banking,Paid,361263
2311,2311,UPI,Pending,78900
2312,2312,UPI,Paid,145554
2313,2313,UPI,Pending,88413
2314,2314,UPI,Paid,277920
2315,2315,Debit Card,Paid,214356
2316,2316,Credit Card,Pending,81255
2317,2317,UPI,Paid,266200
2318,2318,Net Banking,Paid,48949
2319,2319,UPI,Paid,26402
2320,2320,Debit Card,Paid,277200
2321,2321,Debit Card,Paid,43407
2322,2322,Credit Card,Paid,173760
2323,2323,Net Banking,Paid,187408
2324,2324,Credit Card,Failed,160410
2325,2325,Credit Card,Paid,196784
2326,2326,UPI,Paid,412872
2327,2327,Debit Card,Failed,301716
2328,2328,Debit Card,Paid,286896
2329,2329,Debit Card,Paid,232778
2330,2330,Credit Card,Paid,310960
2331,2331,Debit Card,Paid,29911
2332,2332,UPI,Paid,224520
2333,2333,Debit Card,Paid,77301
2334,2334,UPI,Paid,382039
2335,2335,UPI,Paid,104797
2336,2336,Credit Card,Pending,48191
2337,2337,UPI,Paid,437256
2338,2338,Credit Card,Pending,80544
2339,2339,UPI,Paid,187128
2340,2340,Cash,Pending,17250
2341,2341,Credit Card,Paid,56180
2342,2342,Debit Card,Paid,258957
2343,2343,Cash,Paid,140028
2344,2344,UPI,Paid,200312
2345,2345,Net Banking,Paid,238030
2346,2346,Cash,Paid,43616
2347,2347,Credit Card,Paid,222474
2348,2348,Cash,Paid,169813
2349,2349,UPI,Paid,383816
2350,2350,UPI,Paid,39606
2351,2351,UPI,Paid,56839
2352,2352,Debit Card,Failed,302190
2353,2353,Net Banking,Paid,19264
2354,2354,UPI,Paid,49958
2355,2355,Credit Card,Paid,53562
2356,2356,UPI,Paid,174864
2357,2357,UPI,Paid,179536
2358,2358,Net Banking,Paid,51862
2359,2359,Debit Card,Failed,81813
2360,2360,Credit Card,Paid,536430
2361,2361,Net Banking,Paid,321540
2362,2362,Credit Card,Paid,231090
2363,2363,Net Banking,Paid,473300
2364,2364,UPI,Failed,301693
2365,2365,UPI,Paid,271542
2366,2366,Credit Card,Pending,39508
2367,2367,UPI,Paid,226457
2368,2368,UPI,Paid,176517
2369,2369,Credit Card,Failed,88195
2370,2370,Credit Card,Paid,14971
2371,2371,UPI,Paid,141210
2372,2372,UPI,Paid,58874
2373,2373,Cash,Paid,106225
2374,2374,UPI,Paid,457200
2375,2375,UPI,Paid,291400
2376,2376,UPI,Paid,46218
2377,2377,UPI,Paid,66020
2378,2378,UPI,Pending,378288
2379,2379,Cash,Paid,183952
2380,2380,UPI,Paid,263330
2381,2381,UPI,Paid,54789
2382,2382,Credit Card,Pending,52029
2383,2383,UPI,Paid,307984
2384,2384,Cash,Paid,150858
2385,2385,UPI,Paid,46982
2386,2386,UPI,Paid,144112
2387,2387,UPI,Paid,143376
2388,2388,UPI,Pending,30668
2389,2389,Cash,Paid,181517
2390,2390,Debit Card,Paid,129655
2391,2391,Cash,Failed,91315
2392,2392,UPI,Pending,226521
2393,2393,Credit Card,Failed,198120
2394,2394,Credit Card,Paid,330200
2395,2395,UPI,Paid,246805
2396,2396,Cash,Paid,143080
2397,2397,Cash,Paid,78452
2398,2398,Credit Card,Pending,18573
2399,2399,UPI,Paid,37990
2400,2400,Credit Card,Paid,104730
2401,2401,Credit Card,Failed,332880
2402,2402,Debit Card,Paid,10299
2403,2403,Credit Card,Paid,32986
2404,2404,Cash,Paid,160929
2405,2405,Credit Card,Paid,405632
2406,2406,UPI,Paid,162069
2407,2407,Debit Card,Paid,62667
2408,2408,Debit Card,Paid,181176
2409,2409,Cash,Paid,286965
2410,2410,UPI,Failed,81813
2411,2411,Credit Card,Paid,191121
2412,2412,Credit Card,Paid,293574
2413,2413,Net Banking,Failed,227940
2414,2414,Credit Card,Paid,136784
2415,2415,UPI,Paid,145179
2416,2416,Debit Card,Paid,543720
2417,2417,Debit Card,Paid,143660
2418,2418,Credit Card,Paid,34270
2419,2419,Credit Card,Paid,512940
2420,2420,UPI,Pending,154400
2421,2421,Credit Card,Paid,78968
2422,2422,Credit Card,Failed,56150
2423,2423,UPI,Paid,123687
2424,2424,UPI,Paid,457200
2425,2425,Debit Card,Paid,237056
2426,2426,Cash,Paid,110196
2427,2427,UPI,Pending,58565
2428,2428,Debit Card,Failed,126760
2429,2429,Credit Card,Paid,243035
2430,2430,UPI,Failed,195408
2431,2431,Cash,Paid,58272
2432,2432,Cash,Paid,96900
2433,2433,UPI,Paid,315963
2434,2434,Credit Card,Paid,230448
2435,2435,Credit Card,Pending,391923
2436,2436,Credit Card,Failed,71452
2437,2437,Credit Card,Paid,151543
2438,2438,Debit Card,Pending,158220
2439,2439,Cash,Paid,566630
2440,2440,UPI,Paid,38306
2441,2441,Credit Card,Paid,87420
2442,2442,UPI,Paid,309463
2443,2443,Debit Card,Paid,343880
2444,2444,Credit Card,Paid,38067
2445,2445,UPI,Paid,109212
2446,2446,Debit Card,Paid,38387
2447,2447,UPI,Failed,36032
2448,2448,Cash,Paid,270130
2449,2449,Credit Card,Paid,8885
2450,2450,UPI,Paid,374283
2451,2451,UPI,Paid,153520
2452,2452,UPI,Paid,144888
2453,2453,UPI,Paid,24422
2454,2454,UPI,Paid,82306
2455,2455,UPI,Paid,107124
2456,2456,Net Banking,Failed,358029
2457,2457,UPI,Paid,331768
2458,2458,Net Banking,Paid,234260
2459,2459,Debit Card,Paid,18263
2460,2460,Credit Card,Pending,31343
2461,2461,Credit Card,Paid,102990
2462,2462,Net Banking,Paid,56839
2463,2463,Cash,Paid,91976
2464,2464,Credit Card,Paid,31090
2465,2465,UPI,Failed,147944
2466,2466,UPI,Paid,62913
2467,2467,UPI,Pending,174864
2468,2468,Credit Card,Paid,165294
2469,2469,Credit Card,Paid,42629
2470,2470,Cash,Paid,87940
2471,2471,Cash,Pending,235530
2472,2472,Credit Card,Paid,217672
2473,2473,Net Banking,Paid,164766
2474,2474,UPI,Paid,36365
2475,2475,UPI,Paid,15543
2476,2476,UPI,Paid,74340
2477,2477,Credit Card,Paid,13201
2478,2478,Credit Card,Paid,238030
2479,2479,Credit Card,Paid,436000
2480,2480,UPI,Paid,63208
2481,2481,Credit Card,Failed,179536
2482,2482,UPI,Paid,30496
2483,2483,Cash,Paid,269486
2484,2484,UPI,Failed,17854
2485,2485,Credit Card,Paid,175536
2486,2486,Cash,Paid,351909
2487,2487,Credit Card,Paid,320820
2488,2488,Debit Card,Paid,426290
2489,2489,UPI,Paid,253780
2490,2490,UPI,Paid,15585
2491,2491,Net Banking,Paid,63684
2492,2492,Credit Card,Paid,111320
2493,2493,Credit Card,Failed,203427
2494,2494,Cash,Paid,356097
2495,2495,Debit Card,Paid,392400
2496,2496,UPI,Paid,119196
2497,2497,Debit Card,Failed,22027
2498,2498,Debit Card,Paid,94100
2499,2499,UPI,Paid,118748
2500,2500,Debit Card,Paid,98722
2501,2501,Credit Card,Paid,306411
2502,2502,UPI,Paid,105417
2503,2503,Credit Card,Paid,511070
2504,2504,Credit Card,Failed,11770
2505,2505,Debit Card,Paid,202816
2506,2506,Credit Card,Paid,366534
2507,2507,Credit Card,Paid,20508
2508,2508,Net Banking,Paid,299915
2509,2509,UPI,Paid,204428
2510,2510,Net Banking,Paid,511551
2511,2511,UPI,Paid,121532
2512,2512,UPI,Paid,288738
2513,2513,UPI,Paid,269486
2514,2514,UPI,Paid,133088
2515,2515,UPI,Pending,67797
2516,2516,Debit Card,Paid,443890
2517,2517,UPI,Paid,231910
2518,2518,Credit Card,Pending,93404
2519,2519,UPI,Paid,167982
2520,2520,Credit Card,Paid,78452
2521,2521,UPI,Paid,191170
2522,2522,Debit Card,Paid,409581
2523,2523,UPI,Failed,65750
2524,2524,Credit Card,Pending,389641
2525,2525,Debit Card,Paid,100702
2526,2526,Credit Card,Paid,82860
2527,2527,Credit Card,Paid,65952
2528,2528,UPI,Paid,12988
2529,2529,UPI,Paid,419274
2530,2530,Debit Card,Paid,234910
2531,2531,Credit Card,Paid,226652
2532,2532,Debit Card,Paid,121032
2533,2533,UPI,Paid,288512
2534,2534,Net Banking,Pending,44901
2535,2535,Debit Card,Failed,44105
2536,2536,Debit Card,Paid,41229
2537,2537,Credit Card,Failed,141150
2538,2538,Debit Card,Paid,115335
2539,2539,UPI,Paid,66005
2540,2540,Net Banking,Paid,167913
2541,2541,Credit Card,Paid,71688
2542,2542,Cash,Paid,183952
2543,2543,Net Banking,Paid,176826
2544,2544,Debit Card,Paid,305312
2545,2545,Credit Card,Paid,258957
2546,2546,UPI,Paid,216944
2547,2547,Credit Card,Failed,141153
2548,2548,Net Banking,Paid,38387
2549,2549,Credit Card,Paid,128430
2550,2550,Cash,Paid,224916
2551,2551,UPI,Paid,117336
2552,2552,Credit Card,Paid,81201
2553,2553,Cash,Paid,214569
2554,2554,UPI,Paid,55668
2555,2555,UPI,Paid,192490
2556,2556,UPI,Failed,192227
2557,2557,Debit Card,Paid,332628
2558,2558,Debit Card,Pending,254952
2559,2559,Cash,Paid,154116
2560,2560,Credit Card,Paid,53361
2561,2561,Net Banking,Pending,120456
2562,2562,Credit Card,Paid,31280
2563,2563,Credit Card,Paid,277732
2564,2564,Cash,Paid,152268
2565,2565,Cash,Paid,195858
2566,2566,Credit Card,Paid,35160
2567,2567,Credit Card,Paid,152613
2568,2568,Debit Card,Paid,39687
2569,2569,Cash,Paid,291642
2570,2570,Net Banking,Paid,175950
2571,2571,Net Banking,Paid,436160
2572,2572,UPI,Paid,305226
2573,2573,Credit Card,Paid,496060
2574,2574,UPI,Paid,39272
2575,2575,Credit Card,Paid,256347
2576,2576,UPI,Paid,41939
2577,2577,Credit Card,Paid,138520
2578,2578,Credit Card,Paid,315963
2579,2579,Credit Card,Paid,277595
2580,2580,Credit Card,Paid,63994
2581,2581,Debit Card,Paid,117315
2582,2582,Credit Card,Paid,282324
2583,2583,Credit Card,Paid,40479
2584,2584,Net Banking,Paid,58850
2585,2585,Net Banking,Failed,57960
2586,2586,UPI,Failed,383060
2587,2587,Net Banking,Paid,103164
2588,2588,Net Banking,Pending,413685
2589,2589,Cash,Paid,146736
2590,2590,Credit Card,Paid,231910
2591,2591,Debit Card,Paid,383104
2592,2592,Credit Card,Pending,206297
2593,2593,Cash,Paid,135594
2594,2594,UPI,Paid,391958
2595,2595,UPI,Failed,111853
2596,2596,Debit Card,Paid,21304
2597,2597,Cash,Paid,23491
2598,2598,UPI,Paid,158450
2599,2599,UPI,Paid,47652
2600,2600,UPI,Pending,95492
2601,2601,Cash,Paid,358029
2602,2602,Cash,Paid,164768
2603,2603,UPI,Failed,25059
2604,2604,UPI,Paid,108472
2605,2605,UPI,Paid,273030
2606,2606,Cash,Paid,93288
2607,2607,UPI,Paid,172368
2608,2608,Credit Card,Paid,423459
2609,2609,UPI,Paid,143175
2610,2610,Debit Card,Paid,191935
2611,2611,Net Banking,Pending,254290
2612,2612,UPI,Paid,281512
2613,2613,UPI,Pending,81858
2614,2614,UPI,Paid,123452
2615,2615,Debit Card,Paid,154360
2616,2616,UPI,Pending,43968
2617,2617,UPI,Failed,201420
2618,2618,Cash,Failed,57228
2619,2619,UPI,Pending,138654
2620,2620,Credit Card,Paid,128328
2621,2621,Net Banking,Pending,123520
2622,2622,UPI,Paid,111336
2623,2623,Credit Card,Paid,216083
2624,2624,Net Banking,Failed,41900
2625,2625,UPI,Paid,393568
2626,2626,Debit Card,Paid,212624
2627,2627,Credit Card,Paid,61644
2628,2628,Credit Card,Paid,111326
2629,2629,UPI,Paid,255535
2630,2630,Debit Card,Paid,397873
2631,2631,Credit Card,Paid,511070
2632,2632,UPI,Pending,66145
2633,2633,Cash,Paid,94451
2634,2634,UPI,Paid,291642
2635,2635,UPI,Paid,100227
2636,2636,UPI,Paid,303822
2637,2637,Debit Card,Paid,288024
2638,2638,Credit Card,Paid,436672
2639,2639,UPI,Paid,280750
2640,2640,UPI,Paid,28773
2641,2641,UPI,Pending,185850
2642,2642,UPI,Paid,113478
2643,2643,Cash,Paid,234395
2644,2644,Debit Card,Failed,28354
2645,2645,UPI,Paid,397881
2646,2646,Cash,Paid,245250
2647,2647,Debit Card,Paid,206375
2648,2648,Credit Card,Paid,184872
2649,2649,Debit Card,Pending,326260
2650,2650,UPI,Paid,470540
2651,2651,Credit Card,Paid,10591
2652,2652,Credit Card,Paid,137291
2653,2653,Debit Card,Paid,178200
2654,2654,UPI,Paid,28832
2655,2655,Debit Card,Paid,395514
2656,2656,Credit Card,Paid,104769
2657,2657,Debit Card,Paid,269556
2658,2658,Debit Card,Paid,169316
2659,2659,UPI,Paid,70214
2660,2660,UPI,Paid,129430
2661,2661,Debit Card,Paid,14759
2662,2662,Debit Card,Paid,257670
2663,2663,Net Banking,Paid,53456
2664,2664,Cash,Paid,161861
2665,2665,Credit Card,Paid,138600
2666,2666,Net Banking,Paid,94812
2667,2667,Debit Card,Paid,276354
2668,2668,UPI,Paid,44277
2669,2669,Net Banking,Failed,403774
2670,2670,Credit Card,Failed,314289
2671,2671,Credit Card,Paid,140710
2672,2672,Credit Card,Paid,39843
2673,2673,Debit Card,Paid,195756
2674,2674,UPI,Paid,88413
2675,2675,Credit Card,Paid,61075
2676,2676,Net Banking,Paid,23426
2677,2677,Credit Card,Failed,21858
2678,2678,Cash,Pending,425420
2679,2679,Net Banking,Paid,218168
2680,2680,Cash,Paid,286136
2681,2681,UPI,Paid,210897
2682,2682,UPI,Paid,362718
2683,2683,UPI,Failed,221945
2684,2684,Cash,Paid,292698
2685,2685,UPI,Paid,26318
2686,2686,UPI,Paid,255252
2687,2687,Cash,Pending,214569
2688,2688,UPI,Paid,108310
2689,2689,UPI,Paid,19424
2690,2690,UPI,Paid,16702
2691,2691,Cash,Paid,28592
2692,2692,UPI,Paid,89580
2693,2693,UPI,Paid,382878
2694,2694,Credit Card,Paid,380799
2695,2695,Debit Card,Paid,214572
2696,2696,UPI,Paid,230322
2697,2697,UPI,Pending,93258
2698,2698,Credit Card,Paid,81141
2699,2699,Debit Card,Paid,277368
2700,2700,Cash,Failed,142605
2701,2701,UPI,Paid,14697
2702,2702,UPI,Paid,192528
2703,2703,Cash,Paid,3247
2704,2704,Credit Card,Paid,95584
2705,2705,Debit Card,Paid,48393
2706,2706,UPI,Failed,319095
2707,2707,Debit Card,Pending,30869
2708,2708,Credit Card,Paid,264630
2709,2709,Credit Card,Paid,78921
2710,2710,UPI,Paid,102312
2711,2711,UPI,Paid,424656
2712,2712,UPI,Failed,228501
2713,2713,Credit Card,Paid,284178
2714,2714,Credit Card,Paid,205176
2715,2715,Debit Card,Pending,50973
2716,2716,Debit Card,Paid,152608
2717,2717,UPI,Paid,250326
2718,2718,Credit Card,Paid,55467
2719,2719,Credit Card,Paid,176390
2720,2720,Cash,Paid,384032
2721,2721,UPI,Paid,455733
2722,2722,Credit Card,Paid,35107
2723,2723,Cash,Pending,425574
2724,2724,Debit Card,Paid,246933
2725,2725,Debit Card,Paid,79420
2726,2726,Net Banking,Paid,41900
2727,2727,UPI,Failed,194075
2728,2728,Credit Card,Paid,47746
2729,2729,Cash,Paid,160995
2730,2730,Credit Card,Paid,136755
2731,2731,Cash,Paid,221045
2732,2732,Debit Card,Paid,274827
2733,2733,Credit Card,Paid,32786
2734,2734,Net Banking,Paid,222474
2735,2735,UPI,Paid,151750
2736,2736,UPI,Paid,40844
2737,2737,UPI,Paid,387828
2738,2738,UPI,Failed,308630
2739,2739,UPI,Paid,303884
2740,2740,Credit Card,Paid,23426
2741,2741,Credit Card,Pending,6963
2742,2742,UPI,Failed,38590
2743,2743,Credit Card,Paid,240144
2744,2744,Debit Card,Paid,262260
2745,2745,Debit Card,Paid,419000
2746,2746,Credit Card,Paid,42086
2747,2747,Credit Card,Paid,116700
2748,2748,Credit Card,Paid,87944
2749,2749,UPI,Paid,66081
2750,2750,Credit Card,Paid,70389
2751,2751,Net Banking,Failed,57664
2752,2752,Debit Card,Paid,361062
2753,2753,UPI,Paid,204372
2754,2754,UPI,Failed,27024
2755,2755,UPI,Paid,47406
2756,2756,Credit Card,Paid,56150
2757,2757,UPI,Paid,226521
2758,2758,Cash,Paid,199728
2759,2759,UPI,Paid,6754
2760,2760,Credit Card,Paid,487830
2761,2761,UPI,Failed,230877
2762,2762,UPI,Pending,305312
2763,2763,UPI,Paid,208080
2764,2764,UPI,Paid,125120
2765,2765,Credit Card,Paid,376400
2766,2766,UPI,Paid,378904
2767,2767,Credit Card,Paid,214225
2768,2768,UPI,Pending,14656
2769,2769,UPI,Failed,318800
2770,2770,UPI,Pending,122325
2771,2771,Net Banking,Paid,193800
2772,2772,Credit Card,Failed,11132
2773,2773,Credit Card,Paid,54972
2774,2774,UPI,Paid,121730
2775,2775,Credit Card,Paid,59668
2776,2776,Debit Card,Paid,275992
2777,2777,UPI,Paid,163360
2778,2778,Debit Card,Paid,309492
2779,2779,Credit Card,Paid,9859
2780,2780,UPI,Paid,336688
2781,2781,Debit Card,Pending,265254
2782,2782,Credit Card,Paid,25653
2783,2783,Credit Card,Paid,53260
2784,2784,UPI,Paid,345360
2785,2785,UPI,Failed,336028
2786,2786,Debit Card,Paid,22380
2787,2787,UPI,Paid,37146
2788,2788,UPI,Paid,77058
2789,2789,Net Banking,Paid,142650
2790,2790,Credit Card,Paid,321910
2791,2791,Debit Card,Paid,166047
2792,2792,Credit Card,Failed,84172
2793,2793,Credit Card,Failed,324210
2794,2794,Credit Card,Paid,49464
2795,2795,Credit Card,Paid,343840
2796,2796,Credit Card,Paid,112260
2797,2797,Credit Card,Paid,38740
2798,2798,Credit Card,Paid,196200
2799,2799,UPI,Paid,118416
2800,2800,UPI,Paid,7667
2801,2801,Net Banking,Pending,304044
2802,2802,Cash,Paid,342503
2803,2803,UPI,Paid,63424
2804,2804,Debit Card,Paid,85296
2805,2805,Debit Card,Paid,41495
2806,2806,Debit Card,Paid,41216
2807,2807,Cash,Paid,153115
2808,2808,UPI,Paid,370952
2809,2809,UPI,Paid,174840
2810,2810,Credit Card,Paid,255252
2811,2811,UPI,Pending,267280
2812,2812,UPI,Paid,74972
2813,2813,Net Banking,Failed,335216
2814,2814,Debit Card,Paid,79206
2815,2815,UPI,Failed,23338
2816,2816,Credit Card,Paid,154040
2817,2817,UPI,Paid,237925
2818,2818,Credit Card,Paid,46852
2819,2819,Debit Card,Paid,93840
2820,2820,Debit Card,Paid,436000
2821,2821,UPI,Paid,14216
2822,2822,Debit Card,Failed,203432
2823,2823,Credit Card,Paid,349706
2824,2824,Debit Card,Paid,76304
2825,2825,Credit Card,Paid,78608
2826,2826,Credit Card,Paid,333114
2827,2827,Debit Card,Paid,154400
2828,2828,UPI,Failed,146349
2829,2829,Debit Card,Pending,228861
2830,2830,UPI,Pending,45726
2831,2831,Credit Card,Failed,145700
2832,2832,Net Banking,Paid,41196
2833,2833,Credit Card,Paid,236832
2834,2834,Net Banking,Paid,164241
2835,2835,Credit Card,Paid,47928
2836,2836,Credit Card,Paid,87420
2837,2837,UPI,Paid,191712
2838,2838,Credit Card,Paid,377829
2839,2839,UPI,Paid,489348
2840,2840,Credit Card,Paid,218412
2841,2841,UPI,Paid,114786
2842,2842,Credit Card,Paid,12173
2843,2843,UPI,Failed,111768
2844,2844,Credit Card,Paid,88002
2845,2845,UPI,Paid,162708
2846,2846,Credit Card,Paid,162105
2847,2847,UPI,Paid,259368
2848,2848,UPI,Paid,7928
2849,2849,Credit Card,Pending,16897
2850,2850,UPI,Paid,105844
2851,2851,UPI,Paid,394888
2852,2852,UPI,Paid,52836
2853,2853,Cash,Paid,498942
2854,2854,UPI,Paid,129297
2855,2855,Cash,Paid,330588
2856,2856,UPI,Pending,27047
2857,2857,Cash,Paid,94140
2858,2858,UPI,Paid,54134
2859,2859,UPI,Paid,23873
2860,2860,UPI,Failed,51974
2861,2861,UPI,Paid,30204
2862,2862,Cash,Paid,134330
2863,2863,Cash,Paid,43271
2864,2864,Credit Card,Paid,112360
2865,2865,UPI,Paid,24188
2866,2866,Net Banking,Paid,24188
2867,2867,Debit Card,Paid,156900
2868,2868,Net Banking,Paid,331960
2869,2869,UPI,Paid,30897
2870,2870,Credit Card,Paid,76468
2871,2871,UPI,Paid,121532
2872,2872,Credit Card,Paid,206994
2873,2873,Credit Card,Paid,268093
2874,2874,Net Banking,Pending,52614
2875,2875,Cash,Pending,358320
2876,2876,UPI,Failed,32154
2877,2877,UPI,Pending,131916
2878,2878,UPI,Paid,290297
2879,2879,UPI,Paid,534560
2880,2880,UPI,Failed,169928
2881,2881,Cash,Paid,176517
2882,2882,Credit Card,Paid,74564
2883,2883,Cash,Paid,223640
2884,2884,Credit Card,Pending,181524
2885,2885,UPI,Paid,101742
2886,2886,Cash,Paid,61089
2887,2887,Credit Card,Pending,354928
2888,2888,UPI,Paid,97384
2889,2889,Credit Card,Paid,48844
2890,2890,Credit Card,Paid,138960
2891,2891,UPI,Pending,44296
2892,2892,UPI,Paid,32786
2893,2893,UPI,Failed,308220
2894,2894,Net Banking,Paid,459837
2895,2895,Cash,Paid,113416
2896,2896,Net Banking,Paid,103544
2897,2897,Debit Card,Failed,183105
2898,2898,Credit Card,Paid,30167
2899,2899,Debit Card,Pending,500967
2900,2900,Debit Card,Paid,51296
2901,2901,Credit Card,Paid,236832
2902,2902,UPI,Paid,68200
2903,2903,UPI,Pending,59376
2904,2904,UPI,Paid,53669
2905,2905,Net Banking,Paid,78900
2906,2906,UPI,Paid,202752
2907,2907,UPI,Paid,76113
2908,2908,UPI,Paid,96573
2909,2909,UPI,Paid,40252
2910,2910,UPI,Paid,70518
2911,2911,Net Banking,Paid,389641
2912,2912,Net Banking,Paid,287568
2913,2913,Debit Card,Paid,37870
2914,2914,Net Banking,Failed,32626
2915,2915,Debit Card,Failed,47977
2916,2916,Credit Card,Paid,107586
2917,2917,UPI,Paid,122700
2918,2918,UPI,Paid,41587
2919,2919,Credit Card,Paid,162708
2920,2920,Credit Card,Paid,200727
2921,2921,Cash,Paid,122700
2922,2922,UPI,Paid,10068
2923,2923,Credit Card,Paid,205156
2924,2924,Credit Card,Paid,134370
2925,2925,Debit Card,Paid,72080
2926,2926,Cash,Paid,30863
2927,2927,UPI,Failed,90864
2928,2928,UPI,Paid,308690
2929,2929,Debit Card,Failed,293867
2930,2930,UPI,Paid,121455
2931,2931,Credit Card,Paid,436616
2932,2932,Debit Card,Paid,190335
2933,2933,UPI,Paid,300402
2934,2934,Credit Card,Pending,117884
2935,2935,Net Banking,Paid,288732
2936,2936,Credit Card,Paid,55479
2937,2937,Net Banking,Paid,108264
2938,2938,Net Banking,Pending,249615
2939,2939,Debit Card,Paid,47538
2940,2940,Credit Card,Paid,168540
2941,2941,Credit Card,Paid,355112
2942,2942,Credit Card,Pending,119280
2943,2943,UPI,Paid,15334
2944,2944,UPI,Failed,274690
2945,2945,UPI,Pending,11770
2946,2946,Debit Card,Paid,41153
2947,2947,Credit Card,Paid,278315
2948,2948,Debit Card,Paid,224365
2949,2949,Net Banking,Paid,154810
2950,2950,Credit Card,Paid,223800
2951,2951,UPI,Paid,289146
2952,2952,Cash,Paid,95776
2953,2953,UPI,Paid,151668
2954,2954,Debit Card,Failed,69013
2955,2955,Net Banking,Paid,358984
2956,2956,UPI,Paid,108801
2957,2957,Debit Card,Paid,198905
2958,2958,UPI,Pending,463690
2959,2959,Cash,Paid,102592
2960,2960,Net Banking,Paid,445080
2961,2961,Cash,Paid,288738
2962,2962,Cash,Paid,152608
2963,2963,UPI,Failed,132020
2964,2964,Net Banking,Pending,274912
2965,2965,UPI,Paid,435650
2966,2966,Credit Card,Paid,143660
2967,2967,Credit Card,Paid,96850
2968,2968,Cash,Paid,89580
2969,2969,UPI,Paid,182651
2970,2970,UPI,Paid,21304
2971,2971,Net Banking,Paid,167768
2972,2972,Credit Card,Pending,507040
2973,2973,UPI,Paid,59768
2974,2974,UPI,Paid,47888
2975,2975,Debit Card,Paid,29471
2976,2976,UPI,Paid,169928
2977,2977,Net Banking,Paid,247040
2978,2978,Debit Card,Paid,308856
2979,2979,Net Banking,Paid,403440
2980,2980,Debit Card,Paid,198120
2981,2981,Credit Card,Paid,18014
2982,2982,UPI,Paid,83587
2983,2983,Credit Card,Paid,378904
2984,2984,Cash,Pending,71930
2985,2985,UPI,Paid,60576
2986,2986,Net Banking,Paid,90880
2987,2987,Cash,Paid,79667
2988,2988,Cash,Paid,96552
2989,2989,UPI,Paid,54894
2990,2990,Credit Card,Paid,208080
2991,2991,Credit Card,Paid,315450
2992,2992,Cash,Paid,158220
2993,2993,UPI,Paid,13150
2994,2994,UPI,Paid,233388
2995,2995,UPI,Paid,230208
2996,2996,UPI,Paid,56663
2997,2997,UPI,Failed,131148
2998,2998,UPI,Paid,252360
2999,2999,Debit Card,Paid,25429
3000,3000,Cash,Paid,335874
3001,3001,UPI,Paid,27271
3002,3002,Credit Card,Paid,60378
3003,3003,UPI,Paid,185875
3004,3004,Net Banking,Paid,388633
3005,3005,Debit Card,Paid,117024
3006,3006,UPI,Paid,47459
3007,3007,UPI,Paid,18991
3008,3008,Debit Card,Paid,47286
3009,3009,Credit Card,Paid,195858
3010,3010,UPI,Paid,146280
3011,3011,Debit Card,Paid,109212
3012,3012,Credit Card,Paid,118875
3013,3013,UPI,Paid,61760
3014,3014,UPI,Paid,239640
3015,3015,Debit Card,Paid,199250
3016,3016,Credit Card,Paid,550980
3017,3017,UPI,Paid,214572
3018,3018,UPI,Paid,15543
3019,3019,Credit Card,Paid,10299
3020,3020,Credit Card,Failed,58110
3021,3021,UPI,Failed,150318
3022,3022,UPI,Paid,59705
3023,3023,UPI,Failed,146532
3024,3024,Cash,Failed,60700
3025,3025,Credit Card,Paid,385605
3026,3026,Credit Card,Paid,145350
3027,3027,Credit Card,Paid,89705
3028,3028,Net Banking,Failed,129655
3029,3029,Cash,Paid,251634
3030,3030,Credit Card,Paid,139200
3031,3031,Debit Card,Paid,46498
3032,3032,UPI,Failed,60766
3033,3033,Credit Card,Paid,46586
3034,3034,Cash,Paid,128240
3035,3035,Credit Card,Paid,166401
3036,3036,Cash,Paid,259320
3037,3037,UPI,Paid,70312
3038,3038,Debit Card,Paid,366060
3039,3039,Debit Card,Paid,145179
3040,3040,Debit Card,Paid,27067
3041,3041,Debit Card,Paid,32986
3042,3042,UPI,Paid,442960
3043,3043,UPI,Paid,36640
3044,3044,Debit Card,Paid,180140
3045,3045,Credit Card,Paid,23784
3046,3046,UPI,Paid,179492
3047,3047,Credit Card,Paid,88434
3048,3048,Net Banking,Paid,17092
3049,3049,Net Banking,Paid,261700
3050,3050,Credit Card,Paid,109152
3051,3051,UPI,Paid,167216
3052,3052,UPI,Paid,196716
3053,3053,Net Banking,Paid,166989
3054,3054,UPI,Paid,29542
3055,3055,Cash,Paid,8370
3056,3056,UPI,Paid,141990
3057,3057,UPI,Failed,110505
3058,3058,Debit Card,Paid,190200
3059,3059,Credit Card,Paid,102520
3060,3060,Cash,Paid,97214
3061,3061,Credit Card,Paid,95954
3062,3062,UPI,Paid,123576
3063,3063,UPI,Failed,107586
3064,3064,UPI,Paid,212624
3065,3065,UPI,Paid,431352
3066,3066,UPI,Paid,174330
3067,3067,Credit Card,Paid,132391
3068,3068,Debit Card,Paid,186576
3069,3069,UPI,Failed,301644
3070,3070,Debit Card,Paid,259254
3071,3071,UPI,Paid,51372
3072,3072,Credit Card,Paid,88778
3073,3073,Debit Card,Failed,51093
3074,3074,Debit Card,Paid,311850
3075,3075,UPI,Paid,328153
3076,3076,UPI,Paid,398500
3077,3077,Credit Card,Paid,300640
3078,3078,Net Banking,Paid,255801
3079,3079,Cash,Paid,314104
3080,3080,UPI,Paid,69800
3081,3081,Debit Card,Paid,196722
3082,3082,UPI,Pending,14971
3083,3083,Debit Card,Paid,67258
3084,3084,Cash,Paid,272710
3085,3085,Debit Card,Paid,379085
3086,3086,Credit Card,Pending,514760
3087,3087,Debit Card,Paid,28304
3088,3088,Credit Card,Paid,74700
3089,3089,UPI,Failed,58942
3090,3090,Credit Card,Paid,452673
3091,3091,UPI,Pending,174400
3092,3092,Credit Card,Paid,241812
3093,3093,Debit Card,Paid,9871
3094,3094,Credit Card,Paid,122787
3095,3095,UPI,Paid,41378
3096,3096,Cash,Paid,140640
3097,3097,Net Banking,Paid,93140
3098,3098,Cash,Paid,164768
3099,3099,Net Banking,Paid,278400
3100,3100,Credit Card,Paid,74268
3101,3101,UPI,Paid,69003
3102,3102,UPI,Pending,358587
3103,3103,Debit Card,Paid,45965
3104,3104,UPI,Paid,309620
3105,3105,Cash,Paid,118586
3106,3106,Cash,Paid,84468
3107,3107,Cash,Paid,242888
3108,3108,UPI,Paid,290465
3109,3109,UPI,Paid,97898
3110,3110,UPI,Paid,322416
3111,3111,Credit Card,Failed,78450
3112,3112,UPI,Paid,30189
3113,3113,UPI,Pending,399501
3114,3114,UPI,Failed,138600
3115,3115,Credit Card,Paid,147860
3116,3116,Credit Card,Pending,206890
3117,3117,Net Banking,Paid,96008
3118,3118,UPI,Paid,247696
3119,3119,UPI,Paid,28665
3120,3120,Cash,Paid,350184
3121,3121,UPI,Paid,85690
3122,3122,Credit Card,Paid,146797
3123,3123,Credit Card,Paid,330588
3124,3124,Cash,Failed,468520
3125,3125,UPI,Paid,407750
3126,3126,UPI,Paid,18298
3127,3127,Debit Card,Paid,56663
3128,3128,Net Banking,Paid,134703
3129,3129,Cash,Paid,168970
3130,3130,Debit Card,Failed,485776
3131,3131,UPI,Paid,462303
3132,3132,Credit Card,Pending,226521
3133,3133,UPI,Paid,289800
3134,3134,UPI,Paid,425574
3135,3135,Net Banking,Paid,57960
3136,3136,UPI,Paid,88418
3137,3137,UPI,Paid,329378
3138,3138,Net Banking,Paid,243603
3139,3139,Credit Card,Failed,138240
3140,3140,Cash,Paid,185730
3141,3141,UPI,Paid,165884
3142,3142,Debit Card,Paid,91902
3143,3143,Credit Card,Paid,142218
3144,3144,UPI,Paid,376432
3145,3145,Cash,Paid,333768
3146,3146,Credit Card,Paid,47550
3147,3147,Debit Card,Pending,195408
3148,3148,UPI,Paid,239616
3149,3149,Debit Card,Paid,73930
3150,3150,Credit Card,Failed,379900
3151,3151,UPI,Pending,379900
3152,3152,UPI,Paid,75276
3153,3153,UPI,Pending,97688
3154,3154,UPI,Paid,150835
3155,3155,UPI,Paid,112260
3156,3156,Cash,Paid,142690
3157,3157,Debit Card,Paid,103445
3158,3158,Debit Card,Paid,93288
3159,3159,Debit Card,Paid,57792
3160,3160,UPI,Pending,109863
3161,3161,Net Banking,Paid,78279
3162,3162,UPI,Paid,146697
3163,3163,UPI,Paid,472860
3164,3164,UPI,Paid,98928
3165,3165,Cash,Paid,173376
3166,3166,Cash,Paid,14177
3167,3167,Credit Card,Paid,431838
3168,3168,Credit Card,Paid,224720
3169,3169,UPI,Paid,203391
3170,3170,Debit Card,Paid,307790
3171,3171,UPI,Paid,179310
3172,3172,Debit Card,Paid,76996
3173,3173,UPI,Paid,114456
3174,3174,Credit Card,Paid,306230
3175,3175,UPI,Failed,102592
3176,3176,Credit Card,Failed,330100
3177,3177,Cash,Paid,142614
3178,3178,Cash,Paid,92996
3179,3179,UPI,Paid,132937
3180,3180,Credit Card,Paid,136784
3181,3181,UPI,Paid,169575
3182,3182,UPI,Paid,139775
3183,3183,Net Banking,Paid,108245
3184,3184,Net Banking,Pending,64164
3185,3185,Cash,Paid,288732
3186,3186,UPI,Paid,276354
3187,3187,UPI,Paid,147710
3188,3188,Cash,Paid,304536
3189,3189,UPI,Paid,130011
3190,3190,Credit Card,Paid,51107
3191,3191,Debit Card,Paid,219753
3192,3192,Credit Card,Paid,240865
3193,3193,Debit Card,Paid,543720
3194,3194,UPI,Paid,67809
3195,3195,Credit Card,Paid,563640
3196,3196,Credit Card,Paid,80544
3197,3197,Cash,Paid,202816
3198,3198,Net Banking,Paid,67809
3199,3199,UPI,Paid,66792
3200,3200,Debit Card,Paid,7621
3201,3201,UPI,Paid,251485
3202,3202,UPI,Paid,181728
3203,3203,UPI,Pending,48122
3204,3204,Credit Card,Paid,217692
3205,3205,Debit Card,Failed,244645
3206,3206,Cash,Paid,167020
3207,3207,Debit Card,Paid,37256
3208,3208,UPI,Paid,244220
3209,3209,Credit Card,Paid,439047
3210,3210,Net Banking,Paid,430096
3211,3211,UPI,Paid,367720
3212,3212,UPI,Paid,346300
3213,3213,Debit Card,Failed,41850
3214,3214,UPI,Paid,131319
3215,3215,Net Banking,Paid,332880
3216,3216,Cash,Paid,178200
3217,3217,Credit Card,Failed,156558
3218,3218,UPI,Paid,450603
3219,3219,UPI,Paid,37175
3220,3220,UPI,Paid,50973
3221,3221,UPI,Paid,338184
3222,3222,UPI,Failed,240020
3223,3223,Net Banking,Paid,31782
3224,3224,UPI,Paid,481910
3225,3225,Cash,Paid,173760
3226,3226,Debit Card,Failed,128796
3227,3227,UPI,Pending,497727
3228,3228,Debit Card,Paid,253920
3229,3229,UPI,Paid,184236
3230,3230,UPI,Paid,217692
3231,3231,UPI,Paid,129276
3232,3232,Cash,Paid,211029
3233,3233,Debit Card,Paid,337211
3234,3234,UPI,Paid,167924
3235,3235,Net Banking,Failed,232704
3236,3236,Credit Card,Pending,136575
3237,3237,Cash,Paid,50456
3238,3238,Credit Card,Paid,163376
3239,3239,UPI,Paid,15543
3240,3240,Credit Card,Paid,31112
3241,3241,Debit Card,Paid,331818
3242,3242,UPI,Paid,297400
3243,3243,Credit Card,Paid,133100
3244,3244,Credit Card,Paid,319970
3245,3245,Credit Card,Paid,173628
3246,3246,UPI,Paid,63684
3247,3247,Credit Card,Paid,314172
3248,3248,Credit Card,Paid,101946
3249,3249,UPI,Paid,153888
3250,3250,Debit Card,Paid,430990
3251,3251,UPI,Paid,141036
3252,3252,UPI,Paid,277398
3253,3253,UPI,Paid,80544
3254,3254,Debit Card,Paid,115770
3255,3255,UPI,Paid,97419
3256,3256,UPI,Paid,91490
3257,3257,UPI,Paid,62560
3258,3258,Credit Card,Paid,92589
3259,3259,Debit Card,Paid,128240
3260,3260,UPI,Paid,425054
3261,3261,Credit Card,Paid,45726
3262,3262,UPI,Failed,183952
3263,3263,UPI,Paid,143175
3264,3264,Net Banking,Paid,442672
3265,3265,UPI,Paid,136236
3266,3266,Debit Card,Paid,55519
3267,3267,Debit Card,Paid,58272
3268,3268,UPI,Paid,242550
3269,3269,UPI,Paid,25886
3270,3270,Credit Card,Paid,293867
3271,3271,Cash,Paid,280168
3272,3272,Debit Card,Failed,74268
3273,3273,Credit Card,Paid,268191
3274,3274,Credit Card,Paid,49292
3275,3275,UPI,Paid,44751
3276,3276,UPI,Paid,233440
3277,3277,UPI,Paid,238520
3278,3278,UPI,Pending,35708
3279,3279,UPI,Pending,305312
3280,3280,Debit Card,Paid,127841
3281,3281,Debit Card,Paid,30484
3282,3282,Credit Card,Pending,18991
3283,3283,Net Banking,Paid,360332
3284,3284,Credit Card,Paid,177305
3285,3285,Credit Card,Failed,164612
3286,3286,UPI,Paid,206946
3287,3287,Net Banking,Paid,78526
3288,3288,Credit Card,Paid,53442
3289,3289,Debit Card,Failed,97824
3290,3290,Debit Card,Paid,97878
3291,3291,UPI,Failed,147620
3292,3292,Credit Card,Paid,78592
3293,3293,Credit Card,Paid,14652
3294,3294,Net Banking,Paid,55349
3295,3295,Net Banking,Paid,94565
3296,3296,Credit Card,Paid,170919
3297,3297,Credit Card,Paid,308202
3298,3298,UPI,Paid,274370
3299,3299,UPI,Paid,112740
3300,3300,Debit Card,Paid,342900
3301,3301,Credit Card,Paid,22603
3302,3302,Debit Card,Paid,140778
3303,3303,Credit Card,Paid,234606
3304,3304,Credit Card,Pending,121340
3305,3305,Debit Card,Paid,400572
3306,3306,Debit Card,Paid,331541
3307,3307,UPI,Paid,404677
3308,3308,Credit Card,Paid,232795
3309,3309,Credit Card,Failed,279354
3310,3310,Net Banking,Paid,138600
3311,3311,Net Banking,Paid,261008
3312,3312,Net Banking,Paid,123459
3313,3313,Credit Card,Paid,68715
3314,3314,Cash,Failed,412336
3315,3315,UPI,Paid,134739
3316,3316,UPI,Paid,109557
3317,3317,UPI,Paid,40844
3318,3318,Debit Card,Paid,387121
3319,3319,UPI,Pending,108850
3320,3320,Cash,Paid,68998
3321,3321,UPI,Failed,49528
3322,3322,UPI,Paid,307984
3323,3323,UPI,Paid,71080
3324,3324,UPI,Paid,130848
3325,3325,UPI,Pending,33404
3326,3326,Debit Card,Pending,117165
3327,3327,Credit Card,Paid,91902
3328,3328,UPI,Paid,75652
3329,3329,UPI,Paid,66145
3330,3330,UPI,Paid,219688
3331,3331,UPI,Paid,153472
3332,3332,Credit Card,Paid,137895
3333,3333,Credit Card,Paid,198352
3334,3334,Credit Card,Paid,59884
3335,3335,Debit Card,Paid,191168
3336,3336,Net Banking,Paid,87432
3337,3337,Net Banking,Paid,69003
3338,3338,Debit Card,Paid,46953
3339,3339,UPI,Paid,240610
3340,3340,Credit Card,Paid,389000
3341,3341,Credit Card,Paid,291159
3342,3342,UPI,Paid,360880
3343,3343,UPI,Paid,498942
3344,3344,UPI,Paid,154200
3345,3345,UPI,Paid,68998
3346,3346,UPI,Paid,260930
3347,3347,Debit Card,Paid,140859
3348,3348,UPI,Failed,89808
3349,3349,UPI,Paid,122472
3350,3350,Credit Card,Paid,442960
3351,3351,Credit Card,Paid,23841
3352,3352,Net Banking,Paid,19648
3353,3353,Debit Card,Pending,93376
3354,3354,UPI,Paid,320820
3355,3355,Debit Card,Paid,240865
3356,3356,UPI,Paid,178540
3357,3357,Debit Card,Paid,229572
3358,3358,Credit Card,Paid,208593
3359,3359,UPI,Paid,208593
3360,3360,Cash,Paid,154400
3361,3361,Credit Card,Paid,274690
3362,3362,Credit Card,Paid,129684
3363,3363,UPI,Paid,485776
3364,3364,Credit Card,Paid,385900
3365,3365,UPI,Paid,55704
3366,3366,Net Banking,Paid,123520
3367,3367,Net Banking,Pending,385900
3368,3368,UPI,Paid,333978
3369,3369,Cash,Paid,95076
3370,3370,Credit Card,Paid,262368
3371,3371,UPI,Paid,16897
3372,3372,UPI,Paid,242920
3373,3373,UPI,Pending,291789
3374,3374,Debit Card,Pending,462015
3375,3375,UPI,Paid,94108
3376,3376,Credit Card,Paid,124344
3377,3377,UPI,Paid,132040
3378,3378,Cash,Pending,279864
3379,3379,UPI,Pending,23249
3380,3380,UPI,Paid,37982
3381,3381,Credit Card,Paid,308856
3382,3382,UPI,Paid,30496
3383,3383,Credit Card,Paid,372240
3384,3384,Cash,Paid,180440
3385,3385,UPI,Pending,306642
3386,3386,UPI,Paid,104797
3387,3387,UPI,Paid,187516
3388,3388,UPI,Failed,110915
3389,3389,UPI,Paid,114300
3390,3390,Cash,Paid,183860
3391,3391,UPI,Paid,299286
3392,3392,UPI,Paid,67258
3393,3393,UPI,Pending,218304
3394,3394,Cash,Paid,356139
3395,3395,Debit Card,Paid,130396
3396,3396,UPI,Paid,342603
3397,3397,UPI,Paid,100368
3398,3398,Net Banking,Paid,344990
3399,3399,UPI,Paid,95584
3400,3400,Debit Card,Paid,85216
3401,3401,UPI,Paid,147944
3402,3402,Debit Card,Paid,95776
3403,3403,Credit Card,Paid,223800
3404,3404,UPI,Paid,282950
3405,3405,Net Banking,Paid,96850
3406,3406,UPI,Paid,263060
3407,3407,UPI,Paid,73212
3408,3408,Credit Card,Paid,146104
3409,3409,Net Banking,Paid,139677
3410,3410,Cash,Paid,95212
3411,3411,UPI,Paid,16380
3412,3412,Debit Card,Paid,141840
3413,3413,Net Banking,Failed,449622
3414,3414,Credit Card,Paid,160958
3415,3415,Credit Card,Paid,228402
3416,3416,Credit Card,Paid,256860
3417,3417,Net Banking,Paid,35862
3418,3418,UPI,Failed,58839
3419,3419,Credit Card,Pending,256656
3420,3420,Debit Card,Paid,555190
3421,3421,UPI,Paid,137996
3422,3422,Credit Card,Paid,152268
3423,3423,Credit Card,Paid,46962
3424,3424,Credit Card,Paid,231230
3425,3425,Cash,Paid,293340
3426,3426,Cash,Paid,43616
3427,3427,Debit Card,Paid,257380
3428,3428,UPI,Paid,296240
3429,3429,UPI,Paid,91149
3430,3430,UPI,Paid,34196
3431,3431,Debit Card,Paid,128835
3432,3432,UPI,Paid,333768
3433,3433,Credit Card,Paid,79280
3434,3434,Credit Card,Failed,29140
3435,3435,Credit Card,Pending,217692
3436,3436,UPI,Paid,31380
3437,3437,UPI,Paid,220270
3438,3438,UPI,Failed,330588
3439,3439,Credit Card,Paid,170655
3440,3440,UPI,Paid,145554
3441,3441,Credit Card,Failed,233016
3442,3442,UPI,Paid,59048
3443,3443,Debit Card,Paid,163731
3444,3444,UPI,Paid,125826
3445,3445,UPI,Paid,178424
3446,3446,UPI,Failed,260442
3447,3447,Cash,Paid,306944
3448,3448,UPI,Paid,23540
3449,3449,Net Banking,Failed,108560
3450,3450,Cash,Paid,221010
3451,3451,UPI,Paid,134330
3452,3452,UPI,Failed,229502
3453,3453,UPI,Paid,63090
3454,3454,Cash,Paid,228580
3455,3455,Credit Card,Paid,98590
3456,3456,Debit Card,Paid,421911
3457,3457,Credit Card,Pending,79960
3458,3458,Credit Card,Paid,119440
3459,3459,UPI,Paid,271705
3460,3460,Credit Card,Paid,9859
3461,3461,UPI,Paid,235578
3462,3462,Debit Card,Paid,191935
3463,3463,UPI,Paid,254865
3464,3464,Credit Card,Paid,129969
3465,3465,Credit Card,Pending,186340
3466,3466,UPI,Paid,89016
3467,3467,UPI,Failed,22360
3468,3468,Net Banking,Paid,66508
3469,3469,UPI,Paid,36835
3470,3470,UPI,Paid,142560
3471,3471,Credit Card,Paid,94812
3472,3472,Net Banking,Paid,32626
3473,3473,UPI,Paid,51772
3474,3474,Net Banking,Pending,116560
3475,3475,UPI,Failed,88731
3476,3476,UPI,Failed,159780
3477,3477,Credit Card,Paid,148536
3478,3478,UPI,Paid,25638
3479,3479,UPI,Pending,46676
3480,3480,Credit Card,Failed,93288
3481,3481,Net Banking,Paid,59208
3482,3482,Credit Card,Paid,49196
3483,3483,Credit Card,Pending,20971
3484,3484,UPI,Paid,222474
3485,3485,Net Banking,Failed,153375
3486,3486,UPI,Paid,34184
3487,3487,Credit Card,Paid,240688
3488,3488,UPI,Paid,58110
3489,3489,Debit Card,Paid,133016
3490,3490,UPI,Paid,141112
3491,3491,UPI,Failed,162126
3492,3492,Net Banking,Paid,489490
3493,3493,Cash,Paid,431352
3494,3494,Credit Card,Pending,29394
3495,3495,Debit Card,Failed,322416
3496,3496,UPI,Paid,39508
3497,3497,Credit Card,Paid,228382
3498,3498,UPI,Paid,21456
3499,3499,UPI,Pending,66020
3500,3500,Credit Card,Paid,23338
3501,3501,Net Banking,Failed,16885
3502,3502,Debit Card,Paid,402376
3503,3503,UPI,Paid,295240
3504,3504,Credit Card,Pending,358029
3505,3505,Credit Card,Paid,90441
3506,3506,Credit Card,Paid,333114
3507,3507,Debit Card,Paid,101484
3508,3508,UPI,Failed,178128
3509,3509,UPI,Paid,99883
3510,3510,Debit Card,Paid,93840
3511,3511,Credit Card,Paid,119015
3512,3512,UPI,Pending,520200
3513,3513,Credit Card,Paid,179160
3514,3514,UPI,Paid,138552
3515,3515,UPI,Paid,95776
3516,3516,Credit Card,Paid,85824
3517,3517,Credit Card,Paid,118528
3518,3518,Cash,Paid,32184
3519,3519,Credit Card,Paid,266176
3520,3520,Cash,Paid,144112
3521,3521,Net Banking,Paid,260870
3522,3522,Credit Card,Paid,17092
3523,3523,Credit Card,Paid,14296
3524,3524,UPI,Paid,41503
3525,3525,Cash,Paid,334075
3526,3526,Net Banking,Paid,76944
3527,3527,Debit Card,Paid,237496
3528,3528,UPI,Paid,432036
3529,3529,UPI,Paid,22460
3530,3530,Debit Card,Paid,366120
3531,3531,UPI,Paid,124360
3532,3532,UPI,Paid,311200
3533,3533,Cash,Failed,385384
3534,3534,UPI,Failed,52955
3535,3535,UPI,Pending,219860
3536,3536,Net Banking,Paid,254952
3537,3537,Debit Card,Paid,53476
3538,3538,UPI,Paid,114702
3539,3539,Credit Card,Pending,393957
3540,3540,UPI,Paid,32502
3541,3541,UPI,Failed,307734
3542,3542,UPI,Paid,191104
3543,3543,Cash,Paid,35823
3544,3544,Credit Card,Paid,61383
3545,3545,Net Banking,Pending,51772
3546,3546,Cash,Failed,227545
3547,3547,Credit Card,Pending,68574
3548,3548,UPI,Paid,23873
3549,3549,UPI,Paid,203892
3550,3550,UPI,Paid,202816
3551,3551,UPI,Failed,312120
3552,3552,Credit Card,Paid,275490
3553,3553,UPI,Paid,339978
3554,3554,Debit Card,Paid,80544
3555,3555,UPI,Paid,307764
3556,3556,Debit Card,Paid,114201
3557,3557,UPI,Paid,139590
3558,3558,Net Banking,Failed,221945
3559,3559,UPI,Pending,52020
3560,3560,Credit Card,Paid,39101
3561,3561,UPI,Failed,559940
3562,3562,UPI,Pending,58908
3563,3563,Credit Card,Pending,52362
3564,3564,UPI,Paid,143328
3565,3565,Net Banking,Paid,157044
3566,3566,UPI,Paid,43616
3567,3567,Credit Card,Paid,152112
3568,3568,Credit Card,Paid,102312
3569,3569,UPI,Paid,274370
3570,3570,Cash,Pending,113416
3571,3571,Cash,Paid,45040
3572,3572,Debit Card,Paid,301063
3573,3573,Credit Card,Paid,181760
3574,3574,UPI,Pending,542360
3575,3575,UPI,Paid,74855
3576,3576,Credit Card,Paid,161508
3577,3577,UPI,Pending,52029
3578,3578,Credit Card,Paid,253866
3579,3579,Net Banking,Paid,31956
3580,3580,Net Banking,Paid,480040
3581,3581,Credit Card,Failed,137185
3582,3582,UPI,Failed,73242
3583,3583,UPI,Failed,221480
3584,3584,UPI,Paid,55910
3585,3585,Debit Card,Paid,80754
3586,3586,Cash,Paid,41471
3587,3587,Cash,Paid,96752
3588,3588,Cash,Paid,141162
3589,3589,Credit Card,Paid,192059
3590,3590,Debit Card,Paid,98065
3591,3591,UPI,Paid,198380
3592,3592,Credit Card,Pending,29394
3593,3593,Net Banking,Paid,71664
3594,3594,Debit Card,Paid,111326
3595,3595,UPI,Paid,47606
3596,3596,Net Banking,Paid,195132
3597,3597,UPI,Paid,128764
3598,3598,Net Banking,Paid,343640
3599,3599,Cash,Paid,337211
3600,3600,Credit Card,Paid,224365
3601,3601,Debit Card,Paid,332213
3602,3602,Credit Card,Paid,303884
3603,3603,Cash,Paid,172368
3604,3604,UPI,Paid,269238
3605,3605,Cash,Paid,165909
3606,3606,Credit Card,Paid,70152
3607,3607,Debit Card,Paid,35640
3608,3608,UPI,Paid,12683
3609,3609,Credit Card,Paid,51495
3610,3610,UPI,Paid,138544
3611,3611,Credit Card,Paid,73038
3612,3612,UPI,Pending,137895
3613,3613,UPI,Paid,164814
3614,3614,Debit Card,Paid,352840
3615,3615,Debit Card,Pending,128240
3616,3616,UPI,Paid,58944
3617,3617,Credit Card,Paid,110135
3618,3618,Debit Card,Pending,324210
3619,3619,Net Banking,Paid,129276
3620,3620,Cash,Paid,109920
3621,3621,Credit Card,Pending,309654
3622,3622,Credit Card,Pending,462303
3623,3623,Net Banking,Paid,399664
3624,3624,Credit Card,Paid,185772
3625,3625,Net Banking,Paid,191214
3626,3626,Debit Card,Paid,105616
3627,3627,Credit Card,Paid,170919
3628,3628,Net Banking,Paid,62132
3629,3629,Cash,Paid,271705
3630,3630,UPI,Paid,23123
3631,3631,UPI,Paid,16251
3632,3632,Credit Card,Paid,285280
3633,3633,UPI,Paid,44528
3634,3634,Cash,Failed,266436
3635,3635,Cash,Paid,343840
3636,3636,UPI,Paid,285808
3637,3637,Credit Card,Failed,212710
3638,3638,UPI,Paid,36596
3639,3639,UPI,Paid,21182
3640,3640,Credit Card,Paid,21392
3641,3641,Credit Card,Paid,220815
3642,3642,Cash,Failed,251595
3643,3643,Credit Card,Pending,163457
3644,3644,Debit Card,Paid,153425
3645,3645,Debit Card,Paid,42542
3646,3646,Debit Card,Paid,141844
3647,3647,Credit Card,Paid,93704
3648,3648,Credit Card,Paid,127128
3649,3649,Credit Card,Paid,371200
3650,3650,Debit Card,Paid,33396
3651,3651,Net Banking,Paid,394548
3652,3652,Cash,Paid,243968
3653,3653,Cash,Paid,30496
3654,3654,Credit Card,Paid,354270
3655,3655,Credit Card,Failed,81550
3656,3656,UPI,Paid,365430
3657,3657,Net Banking,Paid,52020
3658,3658,Cash,Pending,17098
3659,3659,UPI,Paid,277398
3660,3660,Cash,Paid,253629
3661,3661,Cash,Paid,433240
3662,3662,Credit Card,Paid,19718
3663,3663,UPI,Failed,403110
3664,3664,UPI,Paid,48753
3665,3665,Credit Card,Paid,352079
3666,3666,Net Banking,Pending,47568
3667,3667,UPI,Paid,41016
3668,3668,Cash,Paid,344358
3669,3669,Credit Card,Pending,120668
3670,3670,Credit Card,Paid,343880
3671,3671,UPI,Paid,118520
3672,3672,Credit Card,Paid,535900
3673,3673,Cash,Pending,7928
3674,3674,UPI,Pending,67140
3675,3675,Debit Card,Paid,24794
3676,3676,UPI,Paid,28773
3677,3677,Credit Card,Paid,238056
3678,3678,Debit Card,Paid,103092
3679,3679,UPI,Paid,16077
3680,3680,Cash,Paid,132627
3681,3681,Credit Card,Paid,224100
3682,3682,UPI,Paid,257380
3683,3683,Net Banking,Failed,164814
3684,3684,Credit Card,Pending,373500
3685,3685,UPI,Paid,401751
3686,3686,Credit Card,Pending,118713
3687,3687,UPI,Failed,9712
3688,3688,Credit Card,Paid,445080
3689,3689,Debit Card,Paid,80688
3690,3690,UPI,Paid,29334
3691,3691,Net Banking,Paid,72176
3692,3692,Credit Card,Paid,237925
3693,3693,Cash,Failed,169876
3694,3694,Debit Card,Paid,119529
3695,3695,UPI,Pending,238960
3696,3696,Debit Card,Paid,204645
3697,3697,Cash,Pending,58608
3698,3698,Debit Card,Paid,146502
3699,3699,UPI,Paid,91048
3700,3700,Credit Card,Paid,102952
3701,3701,Cash,Paid,257845
3702,3702,Debit Card,Paid,51107
3703,3703,UPI,Paid,103445
3704,3704,UPI,Paid,84172
3705,3705,Debit Card,Paid,29472
3706,3706,UPI,Paid,250335
3707,3707,Credit Card,Paid,186340
3708,3708,Debit Card,Failed,27437
3709,3709,Credit Card,Paid,206059
3710,3710,UPI,Paid,211419
3711,3711,Credit Card,Paid,148020
3712,3712,Cash,Paid,50456
3713,3713,UPI,Paid,53669
3714,3714,Credit Card,Pending,164766
3715,3715,UPI,Paid,206328
3716,3716,UPI,Paid,34650
3717,3717,Cash,Failed,187464
3718,3718,UPI,Paid,95070
3719,3719,UPI,Paid,53240
3720,3720,Net Banking,Failed,85084
3721,3721,UPI,Paid,230295
3722,3722,Cash,Paid,191495
3723,3723,UPI,Paid,304960
3724,3724,Net Banking,Paid,270130
3725,3725,Debit Card,Paid,88572
3726,3726,UPI,Paid,56663
3727,3727,UPI,Pending,185730
3728,3728,Credit Card,Paid,52350
3729,3729,Net Banking,Failed,39450
3730,3730,UPI,Paid,55719
3731,3731,Debit Card,Failed,477738
3732,3732,Cash,Paid,164031
3733,3733,UPI,Failed,249790
3734,3734,Net Banking,Failed,373455
3735,3735,UPI,Paid,28732
3736,3736,Debit Card,Failed,78610
3737,3737,UPI,Paid,341034
3738,3738,Credit Card,Paid,234910
3739,3739,Net Banking,Paid,33272
3740,3740,UPI,Pending,106884
3741,3741,UPI,Paid,102393
3742,3742,Credit Card,Paid,95100
3743,3743,Debit Card,Paid,242888
3744,3744,Cash,Paid,105480
3745,3745,Credit Card,Failed,78522
3746,3746,UPI,Paid,354610
3747,3747,UPI,Paid,388150
3748,3748,Debit Card,Paid,90514
3749,3749,Cash,Failed,174464
3750,3750,UPI,Paid,229008
3751,3751,UPI,Paid,119686
3752,3752,UPI,Paid,36612
3753,3753,UPI,Paid,34083
3754,3754,Net Banking,Pending,79965
3755,3755,Credit Card,Paid,156121
3756,3756,Debit Card,Paid,250335
3757,3757,Cash,Pending,25371
3758,3758,UPI,Paid,17639
3759,3759,UPI,Paid,100154
3760,3760,UPI,Paid,70473
3761,3761,Debit Card,Paid,341253
3762,3762,UPI,Paid,59293
3763,3763,UPI,Paid,96244
3764,3764,UPI,Paid,489348
3765,3765,UPI,Paid,301470
3766,3766,UPI,Pending,118872
3767,3767,Debit Card,Paid,428450
3768,3768,UPI,Paid,31958
3769,3769,Credit Card,Pending,85258
3770,3770,UPI,Paid,282408
3771,3771,UPI,Paid,114464
3772,3772,UPI,Paid,143664
3773,3773,Cash,Paid,55303
3774,3774,UPI,Paid,42086
3775,3775,UPI,Paid,376400
3776,3776,Credit Card,Failed,103890
3777,3777,Credit Card,Failed,162282
3778,3778,Cash,Paid,298840
3779,3779,UPI,Failed,242920
3780,3780,UPI,Paid,278214
3781,3781,Net Banking,Paid,157998
3782,3782,UPI,Paid,381680
3783,3783,Cash,Paid,94102
3784,3784,UPI,Paid,154428
3785,3785,UPI,Paid,7208
3786,3786,Cash,Paid,171696
3787,3787,Credit Card,Paid,361062
3788,3788,UPI,Paid,354270
3789,3789,Credit Card,Paid,117530
3790,3790,UPI,Paid,437256
3791,3791,Debit Card,Paid,208744
3792,3792,Credit Card,Pending,125817
3793,3793,UPI,Paid,14177
3794,3794,UPI,Paid,99176
3795,3795,UPI,Paid,380670
3796,3796,Credit Card,Paid,243035
3797,3797,UPI,Paid,383104
3798,3798,UPI,Paid,197267
3799,3799,UPI,Failed,192016
3800,3800,Debit Card,Paid,493610
3801,3801,UPI,Paid,455490
3802,3802,Credit Card,Paid,124360
3803,3803,Net Banking,Failed,102540
3804,3804,Credit Card,Paid,312120
3805,3805,Credit Card,Paid,56864
3806,3806,Net Banking,Paid,434120
3807,3807,Debit Card,Paid,3450
3808,3808,Credit Card,Paid,129423
3809,3809,UPI,Paid,117455
3810,3810,Cash,Failed,423450
3811,3811,Credit Card,Paid,87130
3812,3812,Credit Card,Paid,255976
3813,3813,Credit Card,Paid,480040
3814,3814,Cash,Paid,76287
3815,3815,Cash,Failed,407313
3816,3816,UPI,Failed,378774
3817,3817,UPI,Paid,68589
3818,3818,Credit Card,Pending,502970
3819,3819,UPI,Paid,309463
3820,3820,Net Banking,Paid,53643
3821,3821,Credit Card,Paid,238917
3822,3822,Credit Card,Paid,253370
3823,3823,UPI,Paid,130504
3824,3824,Credit Card,Failed,27486
3825,3825,Credit Card,Paid,114786
3826,3826,Net Banking,Paid,131944
3827,3827,UPI,Pending,442764
3828,3828,UPI,Failed,308220
3829,3829,Cash,Paid,23001
3830,3830,UPI,Paid,253866
3831,3831,Net Banking,Paid,50688
3832,3832,UPI,Paid,7076
3833,3833,UPI,Paid,64524
3834,3834,Debit Card,Paid,260225
3835,3835,UPI,Paid,167103
3836,3836,Debit Card,Paid,29454
3837,3837,Cash,Paid,26404
3838,3838,Credit Card,Paid,359408
3839,3839,Credit Card,Paid,54118
3840,3840,Net Banking,Paid,132576
3841,3841,Credit Card,Pending,352002
3842,3842,Credit Card,Paid,233400
3843,3843,UPI,Paid,67465
3844,3844,Cash,Paid,163557
3845,3845,Cash,Paid,31869
3846,3846,UPI,Paid,164612
3847,3847,UPI,Paid,9859
3848,3848,Credit Card,Paid,112995
3849,3849,UPI,Failed,152073
3850,3850,Credit Card,Paid,194428
3851,3851,Debit Card,Failed,43600
3852,3852,Cash,Paid,199215
3853,3853,UPI,Paid,187704
3854,3854,Net Banking,Pending,159780
3855,3855,Debit Card,Paid,19718
3856,3856,UPI,Paid,113180
3857,3857,Credit Card,Paid,308430
3858,3858,UPI,Paid,268709
3859,3859,Credit Card,Paid,396848
3860,3860,Net Banking,Failed,247040
3861,3861,Cash,Failed,183162
3862,3862,Credit Card,Paid,230832
3863,3863,Credit Card,Failed,173348
3864,3864,UPI,Paid,179571
3865,3865,Cash,Paid,440361
3866,3866,Debit Card,Failed,376408
3867,3867,Credit Card,Failed,270470
3868,3868,UPI,Paid,144112
3869,3869,UPI,Paid,53536
3870,3870,UPI,Pending,198905
3871,3871,UPI,Paid,90864
3872,3872,UPI,Paid,292344
3873,3873,Credit Card,Paid,56502
3874,3874,Credit Card,Paid,362008
3875,3875,UPI,Paid,46920
3876,3876,UPI,Pending,55098
3877,3877,Net Banking,Paid,129684
3878,3878,Debit Card,Paid,24570
3879,3879,UPI,Pending,428265
3880,3880,Credit Card,Pending,102540
3881,3881,Debit Card,Failed,41275
3882,3882,UPI,Paid,18298
3883,3883,Debit Card,Paid,42456
3884,3884,UPI,Paid,308856
3885,3885,Cash,Paid,217692
3886,3886,Credit Card,Pending,139542
3887,3887,UPI,Paid,120664
3888,3888,Credit Card,Paid,55470
3889,3889,Credit Card,Paid,155316
3890,3890,Credit Card,Paid,241812
3891,3891,Debit Card,Failed,200268
3892,3892,Net Banking,Pending,235530
3893,3893,UPI,Paid,38380
3894,3894,Net Banking,Paid,71345
3895,3895,Cash,Paid,236187
3896,3896,Credit Card,Paid,15978
3897,3897,Credit Card,Paid,44904
3898,3898,Credit Card,Paid,118350
3899,3899,Credit Card,Paid,165050
3900,3900,Debit Card,Paid,282020
3901,3901,UPI,Paid,14697
3902,3902,UPI,Paid,237295
3903,3903,Debit Card,Failed,251430
3904,3904,UPI,Paid,253278
3905,3905,UPI,Paid,8727
3906,3906,Cash,Paid,120648
3907,3907,Net Banking,Paid,216472
3908,3908,UPI,Paid,87940
3909,3909,Credit Card,Failed,101484
3910,3910,Net Banking,Paid,392400
3911,3911,UPI,Paid,304955
3912,3912,UPI,Paid,100212
3913,3913,Debit Card,Paid,192339
3914,3914,UPI,Paid,90501
3915,3915,Debit Card,Paid,90514
3916,3916,Credit Card,Paid,57464
3917,3917,UPI,Paid,345527
3918,3918,UPI,Paid,520299
3919,3919,UPI,Paid,105581
3920,3920,UPI,Paid,456336
3921,3921,Cash,Failed,91050
3922,3922,Credit Card,Paid,125163
3923,3923,UPI,Paid,311556
3924,3924,Credit Card,Paid,241176
3925,3925,Cash,Paid,296985
3926,3926,UPI,Paid,141210
3927,3927,Debit Card,Paid,46688
3928,3928,Credit Card,Paid,56905
3929,3929,Credit Card,Paid,364072
3930,3930,Debit Card,Paid,261450
3931,3931,Net Banking,Failed,139170
3932,3932,Debit Card,Paid,244650
3933,3933,Credit Card,Paid,23841
3934,3934,UPI,Pending,240688
3935,3935,Cash,Paid,232704
3936,3936,Credit Card,Paid,262402
3937,3937,Net Banking,Paid,91869
3938,3938,Credit Card,Paid,36621
3939,3939,Credit Card,Paid,47652
3940,3940,Credit Card,Pending,135747
3941,3941,Debit Card,Paid,225384
3942,3942,UPI,Paid,55479
3943,3943,Net Banking,Paid,47982
3944,3944,UPI,Paid,376334
3945,3945,Credit Card,Pending,194428
3946,3946,UPI,Paid,489348
3947,3947,Debit Card,Paid,326200
3948,3948,Net Banking,Paid,71704
3949,3949,Cash,Paid,173976
3950,3950,UPI,Paid,152936
3951,3951,Debit Card,Pending,110196
3952,3952,UPI,Failed,242888
3953,3953,Credit Card,Paid,97419
3954,3954,UPI,Paid,349191
3955,3955,Credit Card,Paid,17752
3956,3956,UPI,Paid,503739
3957,3957,Net Banking,Paid,503946
3958,3958,UPI,Paid,287892
3959,3959,Net Banking,Paid,137148
3960,3960,Credit Card,Paid,68982
3961,3961,Net Banking,Paid,32154
3962,3962,UPI,Paid,160686
3963,3963,Credit Card,Paid,196364
3964,3964,UPI,Paid,53256
3965,3965,Cash,Paid,78200
3966,3966,UPI,Paid,500967
3967,3967,Cash,Paid,192950
3968,3968,UPI,Paid,160410
3969,3969,Debit Card,Pending,143784
3970,3970,Net Banking,Paid,56230
3971,3971,Credit Card,Failed,444152
3972,3972,Credit Card,Paid,416160
3973,3973,Net Banking,Pending,46369
3974,3974,Debit Card,Paid,60332
3975,3975,Credit Card,Paid,87890
3976,3976,Debit Card,Paid,261600
3977,3977,Credit Card,Paid,84426
3978,3978,UPI,Paid,542360
3979,3979,UPI,Paid,298800
3980,3980,Cash,Paid,306180
3981,3981,Debit Card,Paid,152608
3982,3982,Debit Card,Paid,71523
3983,3983,Debit Card,Paid,49120
3984,3984,Cash,Paid,322413
3985,3985,Credit Card,Pending,51335
3986,3986,UPI,Paid,210096
3987,3987,Net Banking,Paid,378640
3988,3988,Credit Card,Pending,221336
3989,3989,Credit Card,Paid,553030
3990,3990,Debit Card,Paid,35708
3991,3991,Debit Card,Paid,167216
3992,3992,UPI,Paid,62913
3993,3993,Net Banking,Paid,141010
3994,3994,Debit Card,Paid,242888
3995,3995,UPI,Paid,82860
3996,3996,Credit Card,Paid,59705
3997,3997,UPI,Paid,113326
3998,3998,UPI,Failed,228382
3999,3999,UPI,Paid,485776
4000,4000,Debit Card,Pending,14967
4001,4001,UPI,Paid,310960
4002,4002,UPI,Failed,143946
4003,4003,Credit Card,Paid,149597
4004,4004,UPI,Failed,122492
4005,4005,Cash,Failed,440784
4006,4006,UPI,Paid,353277
4007,4007,UPI,Paid,157725
4008,4008,Cash,Paid,224520
4009,4009,Credit Card,Paid,32786
4010,4010,UPI,Paid,292968
4011,4011,Credit Card,Failed,358029
4012,4012,Debit Card,Paid,54542
4013,4013,UPI,Paid,84622
4014,4014,UPI,Paid,392085
4015,4015,UPI,Paid,131868
4016,4016,UPI,Paid,128352
4017,4017,Credit Card,Paid,52362
4018,4018,Cash,Paid,162402
4019,4019,UPI,Failed,364680
4020,4020,Credit Card,Paid,135618
4021,4021,Debit Card,Paid,344358
4022,4022,Credit Card,Paid,21700
4023,4023,Cash,Paid,49120
4024,4024,UPI,Paid,119343
4025,4025,Credit Card,Paid,200308
4026,4026,UPI,Paid,382338
4027,4027,UPI,Paid,49355
4028,4028,UPI,Paid,103218
4029,4029,Cash,Paid,80754
4030,4030,UPI,Paid,46320
4031,4031,Credit Card,Pending,51367
4032,4032,Net Banking,Failed,277368
4033,4033,Credit Card,Paid,150835
4034,4034,Net Banking,Paid,41900
4035,4035,Net Banking,Paid,45257
4036,4036,UPI,Paid,82383
4037,4037,Credit Card,Paid,135882
4038,4038,Debit Card,Paid,342503
4039,4039,UPI,Paid,166989
4040,4040,Credit Card,Paid,44751
4041,4041,Credit Card,Pending,219798
4042,4042,UPI,Paid,14967
4043,4043,Credit Card,Paid,244944
4044,4044,Credit Card,Paid,190152
4045,4045,Net Banking,Paid,82458
4046,4046,UPI,Paid,405504
4047,4047,Debit Card,Paid,87200
4048,4048,UPI,Paid,327462
4049,4049,Net Banking,Paid,266240
4050,4050,UPI,Paid,174260
4051,4051,Net Banking,Paid,88311
4052,4052,UPI,Pending,240708
4053,4053,Credit Card,Paid,44790
4054,4054,Cash,Paid,146104
4055,4055,Debit Card,Paid,239885
4056,4056,UPI,Paid,411530
4057,4057,UPI,Paid,272880
4058,4058,Debit Card,Paid,182976
4059,4059,Net Banking,Paid,259320
4060,4060,Debit Card,Paid,124978
4061,4061,UPI,Paid,77598
4062,4062,UPI,Paid,213840
4063,4063,Credit Card,Paid,88182
4064,4064,Net Banking,Pending,169813
4065,4065,Debit Card,Paid,141844
4066,4066,UPI,Paid,69369
4067,4067,Credit Card,Paid,80112
4068,4068,UPI,Paid,72444
4069,4069,Debit Card,Paid,96768
4070,4070,Cash,Paid,189469
4071,4071,Net Banking,Paid,33288
4072,4072,Credit Card,Pending,406968
4073,4073,UPI,Paid,421328
4074,4074,Net Banking,Paid,221945
4075,4075,UPI,Paid,30166
4076,4076,Net Banking,Paid,84640
4077,4077,Cash,Paid,310723
4078,4078,Credit Card,Paid,50756
4079,4079,UPI,Paid,394422
4080,4080,Credit Card,Paid,314172
4081,4081,UPI,Paid,116245
4082,4082,Credit Card,Paid,149710
4083,4083,Credit Card,Failed,138552
4084,4084,Cash,Paid,198800
4085,4085,Net Banking,Failed,6754
4086,4086,Debit Card,Pending,329728
4087,4087,UPI,Paid,29834
4088,4088,Debit Card,Paid,27067
4089,4089,UPI,Failed,240020
4090,4090,Cash,Paid,240865
4091,4091,Credit Card,Paid,295176
4092,4092,UPI,Pending,100072
4093,4093,Credit Card,Failed,92025
4094,4094,Credit Card,Pending,470510
4095,4095,UPI,Paid,31096
4096,4096,Debit Card,Paid,23716
4097,4097,Credit Card,Pending,509967
4098,4098,UPI,Failed,416232
4099,4099,Cash,Failed,50740
4100,4100,UPI,Paid,219496
4101,4101,Credit Card,Paid,163818
4102,4102,Cash,Paid,362056
4103,4103,Credit Card,Paid,244645
4104,4104,Credit Card,Paid,240144
4105,4105,Net Banking,Failed,124134
4106,4106,Cash,Paid,335826
4107,4107,Debit Card,Paid,347242
4108,4108,Debit Card,Paid,177597
4109,4109,UPI,Paid,59397
4110,4110,Net Banking,Paid,240708
4111,4111,UPI,Paid,113946
4112,4112,Credit Card,Paid,136850
4113,4113,Credit Card,Paid,228861
4114,4114,Credit Card,Pending,62913
4115,4115,UPI,Paid,28773
4116,4116,Credit Card,Pending,251886
4117,4117,Cash,Paid,74382
4118,4118,UPI,Paid,428720
4119,4119,Cash,Paid,105272
4120,4120,UPI,Paid,143946
4121,4121,Debit Card,Pending,14967
4122,4122,Net Banking,Paid,84156
4123,4123,UPI,Paid,10299
4124,4124,Debit Card,Paid,301782
4125,4125,Cash,Paid,473300
4126,4126,UPI,Paid,425574
4127,4127,UPI,Pending,18014
4128,4128,UPI,Pending,76210
4129,4129,UPI,Paid,307179
4130,4130,UPI,Paid,100236
4131,4131,UPI,Pending,280692
4132,4132,Debit Card,Paid,375032
4133,4133,UPI,Paid,240865
4134,4134,Credit Card,Pending,23873
4135,4135,UPI,Paid,205224
4136,4136,UPI,Paid,39760
4137,4137,Debit Card,Failed,271503
4138,4138,Net Banking,Paid,34630
4139,4139,UPI,Failed,58280
4140,4140,Debit Card,Failed,103089
4141,4141,Debit Card,Paid,32976
4142,4142,UPI,Pending,288145
4143,4143,UPI,Paid,25059
4144,4144,Credit Card,Failed,358029
4145,4145,Debit Card,Paid,101646
4146,4146,Debit Card,Paid,111515
4147,4147,UPI,Paid,55971
4148,4148,Debit Card,Paid,114152
4149,4149,Cash,Pending,39060
4150,4150,Credit Card,Paid,263888
4151,4151,UPI,Paid,461456
4152,4152,Debit Card,Paid,409581
4153,4153,UPI,Paid,34630
4154,4154,UPI,Paid,327474
4155,4155,UPI,Failed,62180
4156,4156,UPI,Paid,63424
4157,4157,Cash,Paid,199524
4158,4158,Credit Card,Paid,70214
4159,4159,UPI,Paid,70389
4160,4160,Debit Card,Paid,72704
4161,4161,Debit Card,Paid,183030
4162,4162,UPI,Paid,513350
4163,4163,Credit Card,Paid,214725
4164,4164,Debit Card,Failed,55470
4165,4165,Credit Card,Paid,91149
4166,4166,UPI,Paid,74292
4167,4167,UPI,Paid,52186
4168,4168,UPI,Paid,306411
4169,4169,UPI,Failed,303660
4170,4170,UPI,Paid,288738
4171,4171,UPI,Paid,63415
4172,4172,Cash,Paid,173648
4173,4173,Cash,Paid,192692
4174,4174,UPI,Paid,71724
4175,4175,Credit Card,Paid,309620
4176,4176,UPI,Paid,224574
4177,4177,Cash,Failed,146172
4178,4178,Cash,Paid,280168
4179,4179,UPI,Paid,48393
4180,4180,Net Banking,Paid,53240
4181,4181,Credit Card,Paid,503901
4182,4182,Credit Card,Paid,26404
4183,4183,Credit Card,Paid,291789
4184,4184,Credit Card,Paid,395710
4185,4185,Credit Card,Paid,202068
4186,4186,UPI,Paid,140450
4187,4187,Debit Card,Failed,124413
4188,4188,Credit Card,Paid,507040
4189,4189,UPI,Paid,14967
4190,4190,Debit Card,Paid,155600
4191,4191,UPI,Paid,55467
4192,4192,Net Banking,Paid,177556
4193,4193,UPI,Paid,46676
4194,4194,UPI,Failed,79101
4195,4195,UPI,Pending,304224
4196,4196,Net Banking,Paid,15651
4197,4197,UPI,Paid,241336
4198,4198,UPI,Pending,124485
4199,4199,UPI,Paid,173124
4200,4200,UPI,Paid,389439
4201,4201,Credit Card,Paid,35156
4202,4202,UPI,Paid,144693
4203,4203,UPI,Paid,429525
4204,4204,Credit Card,Paid,74585
4205,4205,Debit Card,Paid,318690
4206,4206,UPI,Pending,14652
4207,4207,Credit Card,Paid,154400
4208,4208,UPI,Paid,210897
4209,4209,Cash,Pending,45726
4210,4210,Debit Card,Paid,98928
4211,4211,Net Banking,Paid,176183
4212,4212,UPI,Paid,46498
4213,4213,Debit Card,Pending,50691
4214,4214,UPI,Paid,139494
4215,4215,UPI,Paid,86988
4216,4216,Net Banking,Paid,397810
4217,4217,Credit Card,Failed,26628
4218,4218,Credit Card,Paid,248227
4219,4219,Credit Card,Paid,303610
4220,4220,Debit Card,Paid,352079
4221,4221,UPI,Paid,251595
4222,4222,Debit Card,Paid,150552
4223,4223,Credit Card,Paid,266176
4224,4224,Cash,Paid,338220
4225,4225,UPI,Paid,452570
4226,4226,UPI,Paid,506100
4227,4227,Net Banking,Paid,225136
4228,4228,UPI,Paid,29718
4229,4229,UPI,Paid,94100
4230,4230,Debit Card,Paid,38799
4231,4231,UPI,Paid,54042
4232,4232,Credit Card,Paid,278658
4233,4233,Net Banking,Paid,53536
4234,4234,Credit Card,Paid,200268
4235,4235,UPI,Paid,138552
4236,4236,Credit Card,Paid,106855
4237,4237,UPI,Paid,326752
4238,4238,Debit Card,Paid,53248
4239,4239,UPI,Paid,485776
4240,4240,UPI,Paid,13975
4241,4241,UPI,Paid,171684
4242,4242,Net Banking,Paid,244170
4243,4243,Credit Card,Paid,223956
4244,4244,Credit Card,Pending,74340
4245,4245,Credit Card,Paid,167445
4246,4246,Credit Card,Paid,172887
4247,4247,Cash,Paid,319970
4248,4248,Credit Card,Pending,55668
4249,4249,Debit Card,Paid,114368
4250,4250,UPI,Paid,152936
4251,4251,UPI,Paid,59884
4252,4252,Cash,Paid,91315
4253,4253,UPI,Paid,152672
4254,4254,Cash,Paid,86596
4255,4255,UPI,Paid,568390
4256,4256,Credit Card,Paid,61370
4257,4257,Net Banking,Failed,94565
4258,4258,Credit Card,Paid,203432
4259,4259,UPI,Paid,470540
4260,4260,Credit Card,Paid,257670
4261,4261,UPI,Paid,238917
4262,4262,Debit Card,Paid,515420
4263,4263,UPI,Paid,76996
4264,4264,UPI,Paid,273030
4265,4265,Credit Card,Paid,265780
4266,4266,UPI,Paid,42456
4267,4267,UPI,Failed,80048
4268,4268,UPI,Paid,112539
4269,4269,UPI,Paid,536430
4270,4270,Debit Card,Paid,145608
4271,4271,UPI,Paid,350469
4272,4272,Debit Card,Pending,482310
4273,4273,Credit Card,Paid,154602
4274,4274,Credit Card,Paid,223950
4275,4275,UPI,Paid,38848
4276,4276,UPI,Paid,146520
4277,4277,UPI,Paid,379170
4278,4278,UPI,Paid,318690
4279,4279,Debit Card,Paid,341032
4280,4280,UPI,Paid,55971
4281,4281,Debit Card,Paid,120072
4282,4282,UPI,Paid,71523
4283,4283,UPI,Failed,88416
4284,4284,Credit Card,Paid,174605
4285,4285,UPI,Paid,157908
4286,4286,Debit Card,Paid,124416
4287,4287,Cash,Paid,269486
4288,4288,UPI,Paid,306180
4289,4289,Net Banking,Pending,42456
4290,4290,Cash,Paid,94451
4291,4291,UPI,Paid,276165
4292,4292,Credit Card,Pending,166047
4293,4293,UPI,Paid,295074
4294,4294,UPI,Paid,223146
4295,4295,Debit Card,Paid,29630
4296,4296,UPI,Paid,103218
4297,4297,UPI,Paid,71480
4298,4298,Debit Card,Paid,329378
4299,4299,UPI,Paid,262402
4300,4300,Cash,Paid,96008
4301,4301,Credit Card,Paid,167445
4302,4302,UPI,Paid,347296
4303,4303,Credit Card,Paid,185178
4304,4304,Debit Card,Failed,72704
4305,4305,UPI,Paid,98928
4306,4306,Net Banking,Paid,395730
4307,4307,UPI,Paid,342503
4308,4308,UPI,Failed,190335
4309,4309,UPI,Paid,122325
4310,4310,UPI,Paid,10068
4311,4311,Credit Card,Paid,297794
4312,4312,Credit Card,Paid,423486
4313,4313,UPI,Paid,432036
4314,4314,UPI,Pending,210897
4315,4315,UPI,Paid,279970
4316,4316,Debit Card,Paid,263180
4317,4317,Credit Card,Paid,121444
4318,4318,Debit Card,Paid,25155
4319,4319,Credit Card,Paid,144693
4320,4320,UPI,Paid,115622
4321,4321,Credit Card,Paid,179492
4322,4322,Cash,Paid,299888
4323,4323,Net Banking,Paid,265930
4324,4324,UPI,Paid,163360
4325,4325,Debit Card,Paid,119365
4326,4326,UPI,Pending,58280
4327,4327,Credit Card,Paid,4340
4328,4328,UPI,Pending,34131
4329,4329,UPI,Paid,77058
4330,4330,UPI,Pending,281512
4331,4331,UPI,Paid,198060
4332,4332,UPI,Paid,83800
4333,4333,Credit Card,Paid,322413
4334,4334,UPI,Paid,10063
4335,4335,UPI,Failed,3377
4336,4336,Debit Card,Paid,72777
4337,4337,Debit Card,Paid,134778
4338,4338,UPI,Paid,306900
4339,4339,UPI,Paid,214326
4340,4340,Net Banking,Failed,92835
4341,4341,Net Banking,Paid,110135
4342,4342,Net Banking,Paid,54155
4343,4343,Credit Card,Paid,300462
4344,4344,Net Banking,Pending,185600
4345,4345,Net Banking,Paid,75964
4346,4346,Debit Card,Paid,449622
4347,4347,Debit Card,Paid,100887
4348,4348,Credit Card,Paid,292848
4349,4349,Debit Card,Paid,122532
4350,4350,Credit Card,Paid,29687
4351,4351,Credit Card,Failed,44913
4352,4352,Debit Card,Paid,90310
4353,4353,UPI,Paid,37134
4354,4354,UPI,Paid,117816
4355,4355,Net Banking,Paid,188216
4356,4356,UPI,Failed,61760
4357,4357,UPI,Pending,103724
4358,4358,Net Banking,Paid,13201
4359,4359,UPI,Pending,115140
4360,4360,Debit Card,Paid,358620
4361,4361,Credit Card,Paid,270115
4362,4362,Debit Card,Paid,309492
4363,4363,Credit Card,Paid,335934
4364,4364,Net Banking,Paid,559890
4365,4365,Cash,Paid,51107
4366,4366,Cash,Paid,225616
4367,4367,Net Banking,Failed,25155
4368,4368,UPI,Paid,437256
4369,4369,Net Banking,Paid,158942
4370,4370,Net Banking,Paid,312808
4371,4371,UPI,Paid,361944
4372,4372,UPI,Paid,230184
4373,4373,Credit Card,Paid,261700
4374,4374,Debit Card,Paid,257380
4375,4375,Cash,Pending,87130
4376,4376,Debit Card,Paid,397873
4377,4377,UPI,Paid,442424
4378,4378,Cash,Paid,229856
4379,4379,UPI,Paid,143080
4380,4380,Credit Card,Pending,38457
4381,4381,Cash,Paid,303610
4382,4382,UPI,Paid,360332
4383,4383,UPI,Paid,239580
4384,4384,Debit Card,Paid,148435
4385,4385,Net Banking,Paid,227502
4386,4386,UPI,Paid,74855
4387,4387,UPI,Paid,40302
4388,4388,Debit Card,Paid,121032
4389,4389,Debit Card,Paid,102520
4390,4390,UPI,Paid,145760
4391,4391,UPI,Paid,117303
4392,4392,UPI,Failed,77658
4393,4393,Debit Card,Paid,81864
4394,4394,Credit Card,Paid,145128
4395,4395,Credit Card,Paid,34671
4396,4396,Credit Card,Paid,29454
4397,4397,Debit Card,Paid,86018
4398,4398,Debit Card,Paid,65160
4399,4399,Credit Card,Paid,415779
4400,4400,Credit Card,Paid,19482
4401,4401,Net Banking,Paid,245072
4402,4402,Credit Card,Paid,319896
4403,4403,UPI,Paid,309463
4404,4404,Net Banking,Paid,241812
4405,4405,Debit Card,Paid,86542
4406,4406,Debit Card,Pending,475850
4407,4407,Credit Card,Paid,11180
4408,4408,Debit Card,Paid,63564
4409,4409,Debit Card,Paid,328887
4410,4410,Net Banking,Pending,371700
4411,4411,Credit Card,Paid,81072
4412,4412,UPI,Paid,448730
4413,4413,Credit Card,Paid,74268
4414,4414,UPI,Paid,268740
4415,4415,Net Banking,Paid,218865
4416,4416,Debit Card,Failed,72704
4417,4417,UPI,Paid,223640
4418,4418,Net Banking,Paid,170655
4419,4419,UPI,Paid,305200
4420,4420,Credit Card,Paid,42648
4421,4421,Credit Card,Paid,95964
4422,4422,Debit Card,Paid,349335
4423,4423,Credit Card,Pending,46400
4424,4424,Credit Card,Paid,109500
4425,4425,Debit Card,Paid,347760
4426,4426,UPI,Paid,498006
4427,4427,UPI,Paid,432710
4428,4428,Debit Card,Paid,49120
4429,4429,UPI,Pending,29630
4430,4430,Cash,Paid,292848
4431,4431,UPI,Paid,369744
4432,4432,Credit Card,Paid,387443
4433,4433,Credit Card,Paid,15550
4434,4434,UPI,Paid,105200
4435,4435,Credit Card,Paid,74585
4436,4436,Debit Card,Paid,199250
4437,4437,UPI,Paid,80544
4438,4438,Credit Card,Pending,108084
4439,4439,Debit Card,Pending,140260
4440,4440,Net Banking,Paid,134516
4441,4441,Net Banking,Paid,23896
4442,4442,Debit Card,Paid,15148
4443,4443,UPI,Paid,431838
4444,4444,Cash,Paid,85296
4445,4445,UPI,Failed,51712
4446,4446,Debit Card,Paid,163731
4447,4447,Credit Card,Paid,44901
4448,4448,Credit Card,Paid,269570
4449,4449,UPI,Paid,52734
4450,4450,Cash,Paid,138520
4451,4451,Credit Card,Paid,424820
4452,4452,Credit Card,Paid,80432
4453,4453,Net Banking,Paid,55349
4454,4454,Credit Card,Paid,77301
4455,4455,Credit Card,Paid,161286
4456,4456,Net Banking,Paid,137895
4457,4457,UPI,Paid,542360
4458,4458,UPI,Paid,58272
4459,4459,Net Banking,Paid,74292
4460,4460,Cash,Paid,86418
4461,4461,UPI,Paid,126434
4462,4462,Cash,Paid,430920
4463,4463,Credit Card,Failed,180140
4464,4464,Net Banking,Paid,354270
4465,4465,Cash,Failed,44873
4466,4466,UPI,Paid,48393
4467,4467,UPI,Paid,55303
4468,4468,Credit Card,Paid,73956
4469,4469,UPI,Paid,335964
4470,4470,Debit Card,Paid,349191
4471,4471,Credit Card,Paid,444152
4472,4472,Debit Card,Paid,286160
4473,4473,UPI,Failed,190760
4474,4474,Debit Card,Paid,16131
4475,4475,Cash,Paid,27437
4476,4476,UPI,Pending,48753
4477,4477,UPI,Paid,217825
4478,4478,UPI,Paid,77780
4479,4479,Credit Card,Paid,111336
4480,4480,UPI,Paid,9871
4481,4481,UPI,Paid,173084
4482,4482,Cash,Paid,257528
4483,4483,Debit Card,Failed,280856
4484,4484,UPI,Failed,208593
4485,4485,Debit Card,Paid,57629
4486,4486,Cash,Paid,57351
4487,4487,Credit Card,Paid,403110
4488,4488,Credit Card,Pending,55334
4489,4489,Credit Card,Paid,276075
4490,4490,Debit Card,Failed,235518
4491,4491,UPI,Paid,122520
4492,4492,UPI,Paid,195336
4493,4493,Credit Card,Paid,280392
4494,4494,UPI,Paid,56973
4495,4495,Net Banking,Paid,150201
4496,4496,Cash,Pending,287568
4497,4497,UPI,Paid,362008
4498,4498,Cash,Paid,58304
4499,4499,UPI,Pending,36543
4500,4500,UPI,Paid,28075
4501,4501,Credit Card,Paid,399501
4502,4502,UPI,Pending,322413
4503,4503,UPI,Pending,28354
4504,4504,UPI,Paid,491193
4505,4505,Credit Card,Paid,122520
4506,4506,Debit Card,Paid,359058
4507,4507,Credit Card,Paid,314111
4508,4508,UPI,Failed,183162
4509,4509,UPI,Paid,22729
4510,4510,UPI,Paid,22360
4511,4511,Debit Card,Paid,40592
4512,4512,Credit Card,Paid,374860
4513,4513,Credit Card,Paid,94140
4514,4514,Cash,Failed,178200
4515,4515,UPI,Paid,113478
4516,4516,UPI,Paid,169876
4517,4517,Debit Card,Paid,444152
4518,4518,Net Banking,Paid,99883
4519,4519,Net Banking,Paid,79168
4520,4520,UPI,Paid,303920
4521,4521,UPI,Paid,124360
4522,4522,UPI,Failed,135590
4523,4523,UPI,Paid,125520
4524,4524,Cash,Pending,15978
4525,4525,UPI,Paid,156900
4526,4526,Credit Card,Paid,22452
4527,4527,UPI,Paid,39606
4528,4528,Net Banking,Paid,162126
4529,4529,Cash,Paid,268215
4530,4530,Credit Card,Paid,242410
4531,4531,Cash,Paid,216083
4532,4532,Debit Card,Paid,455850
4533,4533,Cash,Paid,68715
4534,4534,UPI,Pending,162510
4535,4535,Debit Card,Paid,132020
4536,4536,Credit Card,Paid,347760
4537,4537,UPI,Pending,288512
4538,4538,Credit Card,Paid,379170
4539,4539,Credit Card,Paid,85690
4540,4540,UPI,Failed,132937
4541,4541,Credit Card,Paid,224416
4542,4542,Credit Card,Paid,145760
4543,4543,Cash,Paid,80112
4544,4544,UPI,Paid,576290
4545,4545,Cash,Paid,534573
4546,4546,Credit Card,Paid,308430
4547,4547,Credit Card,Paid,137964
4548,4548,Credit Card,Paid,247650
4549,4549,UPI,Paid,240144
4550,4550,UPI,Paid,27950
4551,4551,Cash,Paid,88182
4552,4552,Credit Card,Paid,245064
4553,4553,UPI,Paid,28304
4554,4554,UPI,Paid,56404
4555,4555,UPI,Paid,127841
4556,4556,Cash,Paid,61680
4557,4557,Credit Card,Paid,232704
4558,4558,Cash,Paid,47080
4559,4559,UPI,Paid,138520
4560,4560,Credit Card,Paid,10652
4561,4561,Credit Card,Paid,89056
4562,4562,Credit Card,Pending,121340
4563,4563,Credit Card,Paid,75276
4564,4564,Credit Card,Paid,273750
4565,4565,UPI,Paid,182340
4566,4566,UPI,Paid,48912
4567,4567,Cash,Paid,134280
4568,4568,Debit Card,Paid,125700
4569,4569,Credit Card,Pending,308735
4570,4570,UPI,Paid,36855
4571,4571,Net Banking,Paid,134778
4572,4572,UPI,Paid,343350
4573,4573,Cash,Paid,140780
4574,4574,UPI,Pending,74855
4575,4575,Net Banking,Paid,51156
4576,4576,Credit Card,Paid,283716
4577,4577,Debit Card,Paid,423459
4578,4578,Net Banking,Paid,378161
4579,4579,UPI,Failed,154112
4580,4580,Credit Card,Paid,90865
4581,4581,UPI,Paid,78510
4582,4582,Credit Card,Paid,69260
4583,4583,UPI,Paid,218865
4584,4584,UPI,Paid,112208
4585,4585,Net Banking,Paid,112728
4586,4586,Net Banking,Paid,399664
4587,4587,Credit Card,Paid,314111
4588,4588,UPI,Paid,108268
4589,4589,Credit Card,Paid,156715
4590,4590,Net Banking,Failed,91018
4591,4591,Debit Card,Paid,125253
4592,4592,UPI,Paid,15556
4593,4593,UPI,Paid,139758
4594,4594,Debit Card,Paid,98960
4595,4595,UPI,Paid,35540
4596,4596,UPI,Pending,187408
4597,4597,UPI,Paid,46635
4598,4598,Debit Card,Paid,25987
4599,4599,Debit Card,Paid,93704
4600,4600,Credit Card,Paid,190760
4601,4601,Credit Card,Paid,66288
4602,4602,Debit Card,Paid,179040
4603,4603,UPI,Paid,346300
4604,4604,UPI,Paid,100188
4605,4605,Debit Card,Pending,306750
4606,4606,UPI,Paid,10299
4607,4607,Debit Card,Paid,67797
4608,4608,Debit Card,Paid,230516
4609,4609,Cash,Paid,235403
4610,4610,UPI,Paid,140760
4611,4611,Credit Card,Paid,138240
4612,4612,Net Banking,Paid,70312
4613,4613,Credit Card,Paid,145700
4614,4614,Credit Card,Failed,76287
4615,4615,Debit Card,Failed,185992
4616,4616,Debit Card,Paid,65004
4617,4617,UPI,Failed,237295
4618,4618,UPI,Paid,119736
4619,4619,UPI,Pending,199250
4620,4620,Credit Card,Paid,232490
4621,4621,UPI,Failed,69120
4622,4622,UPI,Paid,101742
4623,4623,UPI,Paid,50691
4624,4624,Credit Card,Paid,565020
4625,4625,Debit Card,Paid,329589
4626,4626,UPI,Paid,139950
4627,4627,Credit Card,Paid,76336
4628,4628,Net Banking,Paid,126702
4629,4629,Credit Card,Paid,125826
4630,4630,UPI,Paid,131944
4631,4631,Credit Card,Failed,107286
4632,4632,UPI,Paid,22729
4633,4633,Debit Card,Pending,212710
4634,4634,UPI,Paid,46635
4635,4635,Net Banking,Paid,235250
4636,4636,Credit Card,Paid,273707
4637,4637,Cash,Paid,65136
4638,4638,UPI,Paid,78592
4639,4639,Credit Card,Paid,86880
4640,4640,Credit Card,Pending,92640
4641,4641,UPI,Paid,239440
4642,4642,Cash,Paid,509310
4643,4643,UPI,Paid,68998
4644,4644,UPI,Paid,136755
4645,4645,Net Banking,Failed,183780
4646,4646,UPI,Pending,97898
4647,4647,Credit Card,Paid,244745
4648,4648,UPI,Paid,13202
4649,4649,Debit Card,Paid,318800
4650,4650,Net Banking,Paid,110958
4651,4651,UPI,Paid,163100
4652,4652,UPI,Paid,57546
4653,4653,Cash,Failed,79016
4654,4654,Net Banking,Paid,95991
4655,4655,UPI,Paid,147588
4656,4656,Net Banking,Paid,39603
4657,4657,Net Banking,Pending,371700
4658,4658,Debit Card,Paid,68262
4659,4659,Credit Card,Paid,233388
4660,4660,Credit Card,Paid,63380
4661,4661,Credit Card,Paid,198352
4662,4662,Debit Card,Failed,119529
4663,4663,Debit Card,Paid,23784
4664,4664,Net Banking,Paid,122185
4665,4665,Net Banking,Paid,58850
4666,4666,Credit Card,Paid,232794
4667,4667,Net Banking,Failed,94102
4668,4668,Credit Card,Paid,441450
4669,4669,Credit Card,Paid,129969
4670,4670,Credit Card,Paid,40152
4671,4671,UPI,Paid,139640
4672,4672,Credit Card,Paid,376408
4673,4673,Net Banking,Paid,23888
4674,4674,Credit Card,Paid,530820
4675,4675,Cash,Paid,26620
4676,4676,Credit Card,Paid,86319
4677,4677,Credit Card,Paid,130860
4678,4678,UPI,Paid,277732
4679,4679,Cash,Paid,331002
4680,4680,UPI,Paid,18489
4681,4681,UPI,Failed,270775
4682,4682,Credit Card,Paid,47792
4683,4683,Cash,Paid,231840
4684,4684,UPI,Paid,115092
4685,4685,Cash,Paid,60378
4686,4686,Credit Card,Paid,423486
4687,4687,UPI,Failed,500770
4688,4688,Credit Card,Paid,88760
4689,4689,UPI,Paid,224600
4690,4690,Debit Card,Paid,77058
4691,4691,Net Banking,Paid,270775
4692,4692,UPI,Paid,29425
4693,4693,UPI,Paid,183804
4694,4694,UPI,Paid,128835
4695,4695,Cash,Failed,157020
4696,4696,UPI,Failed,292560
4697,4697,Debit Card,Paid,180140
4698,4698,UPI,Paid,356616
4699,4699,Credit Card,Paid,34650
4700,4700,Credit Card,Paid,102520
4701,4701,Net Banking,Pending,297360
4702,4702,UPI,Paid,15585
4703,4703,UPI,Paid,145128
4704,4704,UPI,Paid,214225
4705,4705,UPI,Paid,154428
4706,4706,Credit Card,Paid,37170
4707,4707,Net Banking,Paid,181002
4708,4708,Debit Card,Paid,141112
4709,4709,UPI,Paid,70389
4710,4710,Credit Card,Paid,199832
4711,4711,UPI,Failed,80236
4712,4712,Debit Card,Paid,143175
4713,4713,Net Banking,Paid,340249
4714,4714,Credit Card,Paid,294300
4715,4715,Cash,Paid,79895
4716,4716,Credit Card,Paid,279945
4717,4717,Debit Card,Paid,208593
4718,4718,Net Banking,Paid,84640
4719,4719,Credit Card,Paid,335839
4720,4720,Net Banking,Failed,195596
4721,4721,Cash,Paid,526660
4722,4722,UPI,Paid,219753
4723,4723,Debit Card,Paid,218168
4724,4724,Cash,Paid,357670
4725,4725,UPI,Pending,133120
4726,4726,Debit Card,Paid,453304
4727,4727,Net Banking,Failed,21858
4728,4728,Cash,Pending,135335
4729,4729,Cash,Paid,40840
4730,4730,Debit Card,Paid,56104
4731,4731,Cash,Paid,237744
4732,4732,UPI,Paid,143376
4733,4733,Debit Card,Pending,114464
4734,4734,UPI,Pending,207088
4735,4735,Credit Card,Failed,269238
4736,4736,UPI,Paid,93688
4737,4737,Credit Card,Paid,140064
4738,4738,UPI,Failed,111630
4739,4739,Net Banking,Failed,310520
4740,4740,Credit Card,Paid,43773
4741,4741,UPI,Failed,47606
4742,4742,Credit Card,Paid,310520
4743,4743,Credit Card,Paid,3247
4744,4744,Cash,Failed,155450
4745,4745,UPI,Paid,28806
4746,4746,Net Banking,Paid,201352
4747,4747,Debit Card,Paid,507276
4748,4748,UPI,Failed,25630
4749,4749,UPI,Failed,146847
4750,4750,Debit Card,Paid,167913
4751,4751,Cash,Paid,258054
4752,4752,UPI,Pending,17538
4753,4753,UPI,Pending,175800
4754,4754,Cash,Pending,191982
4755,4755,Debit Card,Paid,92050
4756,4756,Debit Card,Paid,18111
4757,4757,UPI,Paid,186340
4758,4758,UPI,Paid,278400
4759,4759,Credit Card,Paid,48004
4760,4760,Credit Card,Paid,109056
4761,4761,Debit Card,Paid,266176
4762,4762,UPI,Paid,145350
4763,4763,Cash,Pending,31712
4764,4764,Credit Card,Paid,250082
4765,4765,Net Banking,Failed,66260
4766,4766,Debit Card,Paid,69816
4767,4767,Credit Card,Paid,164864
4768,4768,Net Banking,Paid,218412
4769,4769,Cash,Paid,30288
4770,4770,UPI,Paid,298840
4771,4771,UPI,Paid,85062
4772,4772,Credit Card,Paid,328153
4773,4773,Debit Card,Paid,340088
4774,4774,Net Banking,Paid,57682
4775,4775,Credit Card,Paid,111978
4776,4776,Credit Card,Paid,100702
4777,4777,UPI,Pending,129404
4778,4778,Debit Card,Failed,321102
4779,4779,UPI,Failed,274743
4780,4780,Credit Card,Paid,164241
4781,4781,Cash,Paid,240336
4782,4782,Credit Card,Pending,292344
4783,4783,UPI,Paid,27950
4784,4784,Cash,Paid,172710
4785,4785,Debit Card,Paid,592930
4786,4786,UPI,Paid,107180
4787,4787,Debit Card,Paid,410352
4788,4788,Net Banking,Failed,87690
4789,4789,UPI,Paid,114290
4790,4790,Credit Card,Paid,9859
4791,4791,UPI,Paid,431352
4792,4792,UPI,Pending,135176
4793,4793,Net Banking,Paid,151830
4794,4794,Debit Card,Paid,469566
4795,4795,Net Banking,Paid,218580
4796,4796,Cash,Paid,225480
4797,4797,UPI,Paid,35380
4798,4798,UPI,Paid,41587
4799,4799,UPI,Pending,9712
4800,4800,Credit Card,Paid,109154
4801,4801,UPI,Paid,143946
4802,4802,UPI,Paid,10068
4803,4803,UPI,Paid,335200
4804,4804,Credit Card,Paid,286821
4805,4805,Debit Card,Paid,86316
4806,4806,Credit Card,Paid,60700
4807,4807,UPI,Paid,304536
4808,4808,Credit Card,Paid,300640
4809,4809,UPI,Paid,96246
4810,4810,Credit Card,Paid,107124
4811,4811,Debit Card,Paid,10068
4812,4812,UPI,Pending,56708
4813,4813,UPI,Paid,108735
4814,4814,Credit Card,Pending,26181
4815,4815,Debit Card,Paid,140640
4816,4816,Credit Card,Paid,198905
4817,4817,Debit Card,Paid,183105
4818,4818,Debit Card,Paid,63380
4819,4819,Net Banking,Pending,53347
4820,4820,Cash,Paid,65952
4821,4821,Credit Card,Paid,75652
4822,4822,UPI,Pending,43424
4823,4823,UPI,Failed,59226
4824,4824,UPI,Paid,202425
4825,4825,Credit Card,Pending,368472
4826,4826,UPI,Paid,112724
4827,4827,Credit Card,Paid,146520
4828,4828,UPI,Paid,82942
4829,4829,UPI,Paid,103084
4830,4830,UPI,Paid,190760
4831,4831,Debit Card,Pending,125163
4832,4832,Cash,Pending,125120
4833,4833,UPI,Paid,346300
4834,4834,Net Banking,Paid,112260
4835,4835,Cash,Pending,578110
4836,4836,Credit Card,Failed,99883
4837,4837,Net Banking,Paid,40344
4838,4838,Credit Card,Paid,186236
4839,4839,UPI,Failed,88416
4840,4840,UPI,Paid,23344
4841,4841,Credit Card,Paid,356382
4842,4842,Debit Card,Paid,334090
4843,4843,Cash,Paid,28806
4844,4844,Credit Card,Paid,56502
4845,4845,Credit Card,Paid,58908
4846,4846,Debit Card,Paid,84426
4847,4847,UPI,Paid,207935
4848,4848,Debit Card,Paid,25630
4849,4849,UPI,Paid,166557
4850,4850,Cash,Paid,77924
4851,4851,Cash,Paid,138675
4852,4852,UPI,Paid,21720
4853,4853,Cash,Paid,255976
4854,4854,Credit Card,Paid,23803
4855,4855,Credit Card,Paid,259870
4856,4856,Credit Card,Paid,84468
4857,4857,Credit Card,Paid,20596
4858,4858,UPI,Paid,137996
4859,4859,Cash,Paid,98928
4860,4860,UPI,Paid,233883
4861,4861,Net Banking,Paid,282020
4862,4862,Credit Card,Failed,277767
4863,4863,Credit Card,Paid,109212
4864,4864,UPI,Paid,436160
4865,4865,UPI,Paid,356400
4866,4866,Credit Card,Failed,140064
4867,4867,UPI,Paid,92835
4868,4868,Debit Card,Paid,44873
4869,4869,UPI,Paid,73485
4870,4870,UPI,Paid,129510
4871,4871,Credit Card,Paid,204372
4872,4872,Credit Card,Failed,56905
4873,4873,UPI,Paid,47550
4874,4874,Credit Card,Failed,184932
4875,4875,UPI,Paid,275790
4876,4876,Net Banking,Paid,242920
4877,4877,UPI,Paid,388672
4878,4878,UPI,Paid,238700
4879,4879,Credit Card,Paid,30484
4880,4880,UPI,Paid,219752
4881,4881,UPI,Paid,261450
4882,4882,UPI,Paid,162402
4883,4883,Credit Card,Paid,88362
4884,4884,Credit Card,Paid,117130
4885,4885,UPI,Paid,117336
4886,4886,Credit Card,Failed,140778
4887,4887,Debit Card,Paid,46688
4888,4888,Credit Card,Paid,78452
4889,4889,Credit Card,Paid,274464
4890,4890,Debit Card,Paid,225990
4891,4891,UPI,Paid,180792
4892,4892,Cash,Paid,101382
4893,4893,Cash,Paid,553030
4894,4894,UPI,Paid,34364
4895,4895,Cash,Failed,283315
4896,4896,Debit Card,Paid,141150
4897,4897,Credit Card,Paid,28202
4898,4898,Credit Card,Paid,189585
4899,4899,Credit Card,Pending,88416
4900,4900,Credit Card,Paid,191121
4901,4901,UPI,Paid,73930
4902,4902,Net Banking,Paid,403403
4903,4903,Cash,Paid,152040
4904,4904,Net Banking,Paid,27271
4905,4905,Cash,Paid,39226
4906,4906,Credit Card,Pending,56839
4907,4907,Credit Card,Paid,263180
4908,4908,UPI,Failed,23769
4909,4909,UPI,Paid,44577
4910,4910,UPI,Paid,47764
4911,4911,Debit Card,Paid,126933
4912,4912,Credit Card,Paid,155560
4913,4913,UPI,Pending,573930
4914,4914,Credit Card,Paid,295176
4915,4915,UPI,Paid,190760
4916,4916,Cash,Paid,252360
4917,4917,UPI,Paid,40272
4918,4918,UPI,Paid,225828
4919,4919,UPI,Pending,81184
4920,4920,UPI,Paid,477250
4921,4921,UPI,Paid,384032
4922,4922,Credit Card,Paid,84270
4923,4923,UPI,Paid,130272
4924,4924,Credit Card,Paid,47982
4925,4925,Cash,Paid,396848
4926,4926,Credit Card,Failed,195858
4927,4927,Credit Card,Paid,84426
4928,4928,Debit Card,Paid,163215
4929,4929,Cash,Paid,184872
4930,4930,Credit Card,Paid,514350
4931,4931,Debit Card,Paid,68728
4932,4932,Debit Card,Paid,74382
4933,4933,UPI,Paid,92800
4934,4934,Debit Card,Paid,176004
4935,4935,Credit Card,Paid,60888
4936,4936,Cash,Paid,167600
4937,4937,UPI,Paid,81991
4938,4938,Debit Card,Paid,117884
4939,4939,UPI,Failed,440361
4940,4940,UPI,Paid,39676
4941,4941,Cash,Paid,122700
4942,4942,UPI,Pending,105834
4943,4943,Credit Card,Paid,35823
4944,4944,Net Banking,Paid,130482
4945,4945,Credit Card,Paid,27834
4946,4946,Net Banking,Paid,400536
4947,4947,UPI,Failed,329454
4948,4948,UPI,Paid,79420
4949,4949,UPI,Paid,50823
4950,4950,UPI,Paid,214569
4951,4951,UPI,Paid,401180
4952,4952,UPI,Paid,160410
4953,4953,UPI,Paid,29136
4954,4954,Net Banking,Paid,191982
4955,4955,UPI,Paid,195132
4956,4956,Credit Card,Paid,352079
4957,4957,UPI,Pending,446454
4958,4958,UPI,Pending,65572
4959,4959,UPI,Paid,109629
4960,4960,UPI,Failed,339856
4961,4961,Cash,Pending,332540
4962,4962,Credit Card,Paid,218304
4963,4963,Cash,Paid,177720
4964,4964,Debit Card,Paid,38067
4965,4965,Credit Card,Paid,226652
4966,4966,Cash,Paid,447952
4967,4967,Debit Card,Failed,238392
4968,4968,Cash,Pending,55334
4969,4969,Net Banking,Paid,15440
4970,4970,UPI,Paid,30623
4971,4971,UPI,Paid,120906
4972,4972,UPI,Failed,71724
4973,4973,UPI,Paid,93376
4974,4974,Credit Card,Paid,81072
4975,4975,UPI,Paid,198060
4976,4976,UPI,Paid,105417
4977,4977,UPI,Paid,144573
4978,4978,Debit Card,Paid,129451
4979,4979,UPI,Pending,39100
4980,4980,Debit Card,Paid,97898
4981,4981,Credit Card,Pending,573930
4982,4982,UPI,Failed,521640
4983,4983,Credit Card,Paid,353277
4984,4984,UPI,Paid,71409
4985,4985,UPI,Failed,250385
4986,4986,Credit Card,Paid,295176
4987,4987,Credit Card,Paid,190692
4988,4988,UPI,Paid,14416
4989,4989,Credit Card,Paid,169813
4990,4990,Cash,Paid,56346
4991,4991,Debit Card,Paid,77696
4992,4992,Debit Card,Paid,155450
4993,4993,Credit Card,Paid,80504
4994,4994,UPI,Paid,196364
4995,4995,UPI,Pending,20596
4996,4996,Credit Card,Paid,74196
4997,4997,UPI,Pending,81255
4998,4998,UPI,Paid,85062
4999,4999,Cash,Paid,178128
5000,5000,Credit Card,Paid,139640
5001,5001,Cash,Paid,473994
5002,5002,UPI,Failed,71036
5003,5003,Net Banking,Paid,186340
5004,5004,Credit Card,Paid,93300
5005,5005,Credit Card,Pending,87936
5006,5006,Credit Card,Paid,98240
5007,5007,Debit Card,Paid,147590
5008,5008,UPI,Paid,436616
5009,5009,Credit Card,Paid,132391
5010,5010,UPI,Paid,369472
5011,5011,Cash,Paid,7621
5012,5012,UPI,Paid,108666
5013,5013,Credit Card,Failed,273030
5014,5014,UPI,Paid,85848
5015,5015,Net Banking,Paid,153888
5016,5016,UPI,Paid,40272
5017,5017,Cash,Paid,391010
5018,5018,UPI,Paid,117300
5019,5019,Credit Card,Paid,172710
5020,5020,UPI,Paid,50456
5021,5021,UPI,Paid,296177
5022,5022,UPI,Pending,96246
5023,5023,UPI,Paid,43400
5024,5024,Credit Card,Paid,57150
5025,5025,Credit Card,Paid,166425
5026,5026,UPI,Paid,29223
5027,5027,Cash,Paid,94572
5028,5028,Credit Card,Pending,188216
5029,5029,Debit Card,Paid,167982
5030,5030,Debit Card,Paid,78450
5031,5031,UPI,Paid,391010
5032,5032,Debit Card,Paid,203391
5033,5033,Net Banking,Paid,91930
5034,5034,Credit Card,Paid,140598
5035,5035,Credit Card,Pending,296870
5036,5036,Debit Card,Paid,69139
5037,5037,Net Banking,Paid,106380
5038,5038,Debit Card,Paid,63380
5039,5039,Cash,Pending,324792
5040,5040,Cash,Paid,165884
5041,5041,UPI,Paid,46002
5042,5042,Debit Card,Paid,249480
5043,5043,UPI,Paid,31096
5044,5044,Net Banking,Pending,387121
5045,5045,Debit Card,Paid,93704
5046,5046,UPI,Paid,178390
5047,5047,UPI,Pending,25648
5048,5048,Net Banking,Paid,487395
5049,5049,UPI,Paid,507040
5050,5050,UPI,Paid,360880
5051,5051,UPI,Pending,91488
5052,5052,Debit Card,Paid,159790
5053,5053,UPI,Paid,349335
5054,5054,Credit Card,Paid,19190
5055,5055,UPI,Failed,30147
5056,5056,Credit Card,Paid,240020
5057,5057,Debit Card,Paid,533637
5058,5058,Credit Card,Paid,226521
5059,5059,Debit Card,Paid,248826
5060,5060,UPI,Pending,129280
5061,5061,UPI,Paid,329357
5062,5062,Credit Card,Paid,41192
5063,5063,Credit Card,Paid,166314
5064,5064,Cash,Paid,266240
5065,5065,Debit Card,Paid,78510
5066,5066,UPI,Paid,173433
5067,5067,Credit Card,Paid,433719
5068,5068,Net Banking,Paid,26628
5069,5069,Credit Card,Paid,179260
5070,5070,Net Banking,Paid,31869
5071,5071,Cash,Paid,28732
5072,5072,Credit Card,Paid,439047
5073,5073,Credit Card,Paid,29471
5074,5074,Credit Card,Paid,69300
5075,5075,Debit Card,Paid,130272
5076,5076,UPI,Pending,140946
5077,5077,Debit Card,Pending,58304
5078,5078,Net Banking,Paid,250082
5079,5079,UPI,Paid,288732
5080,5080,UPI,Paid,49532
5081,5081,UPI,Paid,105581
5082,5082,Debit Card,Paid,291400
5083,5083,Cash,Paid,72692
5084,5084,Net Banking,Paid,190200
5085,5085,Credit Card,Paid,393568
5086,5086,UPI,Paid,8727
5087,5087,Credit Card,Paid,126702
5088,5088,Credit Card,Failed,308735
5089,5089,Credit Card,Paid,104372
5090,5090,Credit Card,Paid,31112
5091,5091,Net Banking,Paid,81858
5092,5092,UPI,Paid,207410
5093,5093,UPI,Paid,20475
5094,5094,Credit Card,Paid,147860
5095,5095,UPI,Paid,44790
5096,5096,Credit Card,Paid,384032
5097,5097,Debit Card,Paid,162999
5098,5098,Credit Card,Paid,222652
5099,5099,Credit Card,Paid,406968
5100,5100,UPI,Failed,194072
5101,5101,UPI,Paid,57612
5102,5102,Cash,Paid,87944
5103,5103,UPI,Paid,355112
5104,5104,Cash,Paid,45716
5105,5105,UPI,Paid,15651
5106,5106,Net Banking,Failed,114147
5107,5107,UPI,Paid,477250
5108,5108,Credit Card,Pending,96900
5109,5109,Credit Card,Paid,203391
5110,5110,UPI,Paid,67356
5111,5111,UPI,Paid,192488
5112,5112,Net Banking,Paid,45294
5113,5113,UPI,Paid,46400
5114,5114,Cash,Paid,176622
5115,5115,Credit Card,Paid,103950
5116,5116,Net Banking,Paid,17580
5117,5117,Credit Card,Pending,95528
5118,5118,Debit Card,Paid,119028
5119,5119,Credit Card,Paid,167924
5120,5120,Debit Card,Failed,175413
5121,5121,Cash,Paid,27303
5122,5122,UPI,Paid,13150
5123,5123,Credit Card,Paid,31302
5124,5124,Credit Card,Paid,15440
5125,5125,Net Banking,Paid,108744
5126,5126,Credit Card,Paid,183162
5127,5127,UPI,Paid,129655
5128,5128,Credit Card,Failed,69816
5129,5129,UPI,Paid,108600
5130,5130,UPI,Paid,477738
5131,5131,Cash,Paid,11361
5132,5132,Credit Card,Paid,43494
5133,5133,Debit Card,Paid,41939
5134,5134,Debit Card,Paid,83502
5135,5135,Debit Card,Paid,172036
5136,5136,Cash,Paid,87250
5137,5137,Credit Card,Paid,119260
5138,5138,Net Banking,Paid,46184
5139,5139,Debit Card,Failed,254256
5140,5140,Credit Card,Paid,93564
5141,5141,Credit Card,Failed,112995
5142,5142,UPI,Failed,218168
5143,5143,Credit Card,Pending,266032
5144,5144,Cash,Paid,76598
5145,5145,UPI,Paid,7208
5146,5146,Debit Card,Paid,110614
5147,5147,Debit Card,Paid,116914
5148,5148,UPI,Paid,316568
5149,5149,Credit Card,Paid,370377
5150,5150,Credit Card,Paid,73212
5151,5151,UPI,Paid,217825
5152,5152,UPI,Paid,184050
5153,5153,Debit Card,Paid,308856
5154,5154,Net Banking,Paid,196716
5155,5155,Credit Card,Paid,307179
5156,5156,Credit Card,Paid,456804
5157,5157,Credit Card,Paid,464481
5158,5158,Cash,Paid,27950
5159,5159,UPI,Paid,29524
5160,5160,Credit Card,Paid,313530
5161,5161,UPI,Pending,32786
5162,5162,UPI,Failed,140260
5163,5163,Net Banking,Paid,300640
5164,5164,UPI,Paid,244216
5165,5165,Cash,Paid,237690
5166,5166,UPI,Paid,73670
5167,5167,Credit Card,Failed,52916
5168,5168,UPI,Paid,155480
5169,5169,UPI,Paid,432036
5170,5170,Cash,Paid,172836
5171,5171,UPI,Paid,233400
5172,5172,UPI,Paid,343640
5173,5173,UPI,Failed,299748
5174,5174,Net Banking,Paid,195500
5175,5175,Net Banking,Paid,311850
5176,5176,Credit Card,Paid,282306
5177,5177,Cash,Pending,262368
5178,5178,Debit Card,Failed,154315
5179,5179,Debit Card,Paid,300462
5180,5180,UPI,Failed,91976
5181,5181,Debit Card,Paid,117300
5182,5182,Debit Card,Failed,57546
5183,5183,Credit Card,Paid,137996
5184,5184,UPI,Paid,309654
5185,5185,Debit Card,Pending,17052
5186,5186,UPI,Failed,102186
5187,5187,Credit Card,Paid,166989
5188,5188,UPI,Failed,123660
5189,5189,UPI,Failed,33794
5190,5190,UPI,Paid,49361
5191,5191,UPI,Paid,265930
5192,5192,Net Banking,Paid,54922
5193,5193,Credit Card,Paid,183701
5194,5194,Credit Card,Paid,114928
5195,5195,UPI,Paid,190760
5196,5196,Credit Card,Paid,97168
5197,5197,UPI,Paid,213145
5198,5198,Net Banking,Pending,62560
5199,5199,UPI,Paid,121984
5200,5200,Credit Card,Paid,93140
5201,5201,UPI,Paid,11713
5202,5202,Credit Card,Paid,442672
5203,5203,UPI,Paid,308430
5204,5204,UPI,Paid,145128
5205,5205,Cash,Paid,159372
5206,5206,UPI,Paid,379248
5207,5207,UPI,Paid,281820
5208,5208,Credit Card,Paid,48783
5209,5209,Debit Card,Paid,341032
5210,5210,Debit Card,Paid,97168
5211,5211,Net Banking,Paid,288145
5212,5212,UPI,Paid,81813
5213,5213,Net Banking,Paid,177144
5214,5214,Cash,Paid,344072
5215,5215,UPI,Paid,99883
5216,5216,Credit Card,Paid,187128
5217,5217,UPI,Paid,79142
5218,5218,Credit Card,Paid,445080
5219,5219,UPI,Paid,336290
5220,5220,UPI,Paid,43009
5221,5221,UPI,Paid,23896
5222,5222,Credit Card,Paid,166425
5223,5223,Credit Card,Paid,206848
5224,5224,Credit Card,Paid,385605
5225,5225,Net Banking,Paid,101716
5226,5226,UPI,Paid,220270
5227,5227,Credit Card,Paid,216734
5228,5228,UPI,Paid,49716
5229,5229,Credit Card,Failed,26367
5230,5230,UPI,Paid,226255
5231,5231,UPI,Failed,284352
5232,5232,Credit Card,Paid,17752
5233,5233,Net Banking,Paid,140004
5234,5234,UPI,Paid,245400
5235,5235,UPI,Paid,204792
5236,5236,Cash,Paid,31302
5237,5237,Credit Card,Paid,98770
5238,5238,Debit Card,Paid,119196
5239,5239,Cash,Paid,251634
5240,5240,UPI,Paid,207780
5241,5241,UPI,Paid,44913
5242,5242,Credit Card,Paid,34908
5243,5243,Credit Card,Paid,285510
5244,5244,UPI,Paid,58624
5245,5245,Debit Card,Paid,300462
5246,5246,Credit Card,Paid,375489
5247,5247,Credit Card,Paid,197916
5248,5248,Debit Card,Paid,356400
5249,5249,Debit Card,Paid,84485
5250,5250,Net Banking,Paid,506100
5251,5251,UPI,Paid,149400
5252,5252,Cash,Paid,89056
5253,5253,Credit Card,Paid,341000
5254,5254,Credit Card,Paid,204600
5255,5255,UPI,Paid,41942
5256,5256,UPI,Paid,195132
5257,5257,UPI,Paid,40377
5258,5258,Credit Card,Paid,72804
5259,5259,Credit Card,Paid,94565
5260,5260,Net Banking,Paid,217470
5261,5261,UPI,Paid,147590
5262,5262,Net Banking,Paid,198120
5263,5263,UPI,Paid,536670
5264,5264,UPI,Paid,49532
5265,5265,UPI,Failed,379085
5266,5266,Credit Card,Paid,200308
5267,5267,Cash,Paid,229836
5268,5268,UPI,Paid,273750
5269,5269,Net Banking,Paid,97688
5270,5270,Credit Card,Pending,14177
5271,5271,Credit Card,Pending,9877
5272,5272,UPI,Paid,100630
5273,5273,Debit Card,Paid,92996
5274,5274,Cash,Paid,72176
5275,5275,Cash,Paid,153888
5276,5276,Debit Card,Paid,250369
5277,5277,UPI,Paid,44296
5278,5278,Credit Card,Paid,119736
5279,5279,Cash,Paid,113810
5280,5280,Net Banking,Paid,108801
5281,5281,UPI,Paid,79965
5282,5282,Credit Card,Paid,383661
5283,5283,Credit Card,Paid,20889
5284,5284,Debit Card,Paid,244216
5285,5285,UPI,Paid,99762
5286,5286,Net Banking,Pending,43625
5287,5287,UPI,Paid,96008
5288,5288,UPI,Paid,77658
5289,5289,Debit Card,Paid,47746
5290,5290,UPI,Paid,26628
5291,5291,Credit Card,Paid,155136
5292,5292,Cash,Paid,297400
5293,5293,UPI,Paid,50607
5294,5294,Credit Card,Paid,375501
5295,5295,Credit Card,Paid,204064
5296,5296,Credit Card,Paid,21392
5297,5297,Debit Card,Paid,154005
5298,5298,UPI,Paid,28528
5299,5299,Debit Card,Paid,27735
5300,5300,Credit Card,Paid,64947
5301,5301,Credit Card,Failed,71480
5302,5302,Debit Card,Paid,334530
5303,5303,UPI,Paid,470510
5304,5304,Cash,Paid,266688
5305,5305,UPI,Paid,238410
5306,5306,Credit Card,Paid,91048
5307,5307,UPI,Paid,256860
5308,5308,Debit Card,Paid,26181
5309,5309,UPI,Paid,323288
5310,5310,UPI,Paid,141840
5311,5311,UPI,Paid,107556
5312,5312,Credit Card,Failed,117789
5313,5313,Credit Card,Paid,54938
5314,5314,Credit Card,Paid,307804
5315,5315,Credit Card,Paid,240020
5316,5316,Net Banking,Paid,232890
5317,5317,Credit Card,Paid,181728
5318,5318,Credit Card,Paid,83510
5319,5319,UPI,Paid,179310
5320,5320,Debit Card,Paid,99883
5321,5321,UPI,Paid,186752
5322,5322,Net Banking,Failed,301716
5323,5323,Credit Card,Paid,18935
5324,5324,UPI,Paid,53590
5325,5325,Net Banking,Pending,86184
5326,5326,Debit Card,Paid,55296
5327,5327,Cash,Paid,440208
5328,5328,UPI,Paid,149670
5329,5329,UPI,Failed,11180
5330,5330,Cash,Paid,122532
5331,5331,UPI,Paid,140780
5332,5332,Net Banking,Paid,266688
5333,5333,Cash,Paid,56104
5334,5334,UPI,Paid,238030
5335,5335,Credit Card,Paid,407784
5336,5336,Cash,Paid,79142
5337,5337,Cash,Paid,238960
5338,5338,Debit Card,Failed,121340
5339,5339,Credit Card,Paid,20598
5340,5340,Credit Card,Failed,93025
5341,5341,Credit Card,Paid,114897
5342,5342,Net Banking,Paid,31170
5343,5343,Net Banking,Paid,177720
5344,5344,UPI,Paid,61794
5345,5345,UPI,Paid,290297
5346,5346,UPI,Paid,104972
5347,5347,UPI,Paid,61383
5348,5348,Debit Card,Paid,52486
5349,5349,Credit Card,Paid,205620
5350,5350,UPI,Paid,197920
5351,5351,UPI,Paid,515420
5352,5352,Cash,Paid,399501
5353,5353,UPI,Paid,43616
5354,5354,Credit Card,Failed,443890
5355,5355,UPI,Paid,163408
5356,5356,Cash,Paid,53640
5357,5357,UPI,Failed,56180
5358,5358,Credit Card,Paid,161755
5359,5359,Debit Card,Paid,92835
5360,5360,UPI,Paid,295176
5361,5361,UPI,Failed,140450
5362,5362,UPI,Paid,388530
5363,5363,UPI,Paid,26318
5364,5364,UPI,Paid,228382
5365,5365,UPI,Paid,82032
5366,5366,Credit Card,Paid,30380
5367,5367,Credit Card,Paid,148995
5368,5368,Cash,Paid,111326
5369,5369,Credit Card,Paid,237426
5370,5370,UPI,Paid,39263
5371,5371,Credit Card,Paid,281730
5372,5372,UPI,Failed,597680
5373,5373,Cash,Paid,28538
5374,5374,Debit Card,Pending,58590
5375,5375,Credit Card,Paid,119536
5376,5376,Credit Card,Paid,51495
5377,5377,Cash,Failed,303660
5378,5378,Credit Card,Paid,42311
5379,5379,UPI,Paid,53669
5380,5380,UPI,Paid,372688
5381,5381,UPI,Pending,158496
5382,5382,Credit Card,Paid,335512
5383,5383,UPI,Paid,134516
5384,5384,Debit Card,Paid,132020
5385,5385,Net Banking,Paid,73930
5386,5386,Cash,Paid,190897
5387,5387,Cash,Paid,206059
5388,5388,UPI,Paid,50184
5389,5389,Credit Card,Paid,108245
5390,5390,Credit Card,Paid,44901
5391,5391,UPI,Paid,470510
5392,5392,Credit Card,Paid,272592
5393,5393,Credit Card,Paid,126960
5394,5394,UPI,Failed,261810
5395,5395,UPI,Paid,314104
5396,5396,UPI,Paid,36222
5397,5397,UPI,Paid,93028
5398,5398,Credit Card,Pending,430920
5399,5399,Cash,Pending,159985
5400,5400,UPI,Paid,257710
5401,5401,UPI,Paid,423376
5402,5402,Credit Card,Paid,500770
5403,5403,UPI,Paid,56150
5404,5404,Credit Card,Paid,33629
5405,5405,UPI,Paid,97750
5406,5406,UPI,Paid,71724
5407,5407,Credit Card,Pending,159720
5408,5408,Cash,Paid,54938
5409,5409,UPI,Paid,87944
5410,5410,Credit Card,Paid,104372
5411,5411,UPI,Paid,49588
5412,5412,UPI,Paid,291504
5413,5413,UPI,Paid,563460
5414,5414,UPI,Paid,166270
5415,5415,Net Banking,Failed,51296
5416,5416,UPI,Paid,378826
5417,5417,UPI,Paid,388633
5418,5418,Credit Card,Paid,69816
5419,5419,Credit Card,Paid,226470
5420,5420,UPI,Paid,163408
5421,5421,Credit Card,Paid,342603
5422,5422,UPI,Paid,190760
5423,5423,Debit Card,Failed,141210
5424,5424,UPI,Failed,153090
5425,5425,Credit Card,Paid,108264
5426,5426,Credit Card,Failed,376408
5427,5427,Credit Card,Paid,196364
5428,5428,Net Banking,Paid,273510
5429,5429,Debit Card,Paid,132520
5430,5430,Net Banking,Paid,194145
5431,5431,UPI,Paid,152480
5432,5432,Credit Card,Pending,62180
5433,5433,UPI,Paid,148700
5434,5434,Cash,Paid,217120
5435,5435,UPI,Failed,31690
5436,5436,Credit Card,Pending,49295
5437,5437,Credit Card,Paid,88572
5438,5438,UPI,Paid,56905
5439,5439,Credit Card,Paid,102312
5440,5440,Debit Card,Paid,68715
5441,5441,UPI,Paid,355758
5442,5442,UPI,Failed,178390
5443,5443,UPI,Paid,101376
5444,5444,UPI,Paid,364365
5445,5445,Credit Card,Paid,63380
5446,5446,UPI,Paid,40844
5447,5447,Credit Card,Paid,279855
5448,5448,UPI,Paid,60992
5449,5449,Credit Card,Paid,22706
5450,5450,Credit Card,Pending,46586
5451,5451,Cash,Paid,134739
5452,5452,Credit Card,Paid,121984
5453,5453,Credit Card,Paid,16885
5454,5454,UPI,Pending,124416
5455,5455,Debit Card,Paid,473630
5456,5456,Credit Card,Paid,194075
5457,5457,UPI,Paid,237030
5458,5458,Cash,Paid,233120
5459,5459,UPI,Paid,130465
5460,5460,UPI,Paid,186808
5461,5461,Credit Card,Paid,67258
5462,5462,Credit Card,Paid,79700
5463,5463,Credit Card,Paid,268093
5464,5464,UPI,Paid,42648
5465,5465,Credit Card,Paid,86316
5466,5466,Debit Card,Paid,306900
5467,5467,UPI,Paid,55704
5468,5468,Net Banking,Paid,272710
5469,5469,UPI,Failed,167967
5470,5470,Credit Card,Paid,52365
5471,5471,Credit Card,Paid,111978
5472,5472,Credit Card,Paid,98065
5473,5473,UPI,Paid,440541
5474,5474,Credit Card,Paid,277821
5475,5475,UPI,Failed,553340
5476,5476,UPI,Paid,224630
5477,5477,Credit Card,Pending,279970
5478,5478,UPI,Paid,405720
5479,5479,UPI,Paid,242304
5480,5480,Credit Card,Paid,145700
5481,5481,Cash,Paid,331002
5482,5482,Cash,Pending,298150
5483,5483,Cash,Paid,152919
5484,5484,Credit Card,Paid,85614
5485,5485,UPI,Paid,286350
5486,5486,UPI,Paid,115494
5487,5487,Cash,Paid,200308
5488,5488,Debit Card,Paid,151440
5489,5489,Credit Card,Paid,40152
5490,5490,Cash,Paid,108735
5491,5491,UPI,Paid,181524
5492,5492,Debit Card,Paid,80970
5493,5493,Net Banking,Paid,46755
5494,5494,Credit Card,Paid,136355
5495,5495,UPI,Paid,483858
5496,5496,Debit Card,Paid,405096
5497,5497,UPI,Paid,9741
5498,5498,Debit Card,Paid,128664
5499,5499,Credit Card,Paid,191016
5500,5500,UPI,Paid,237295
5501,5501,Credit Card,Paid,100630
5502,5502,UPI,Paid,58944
5503,5503,Cash,Paid,442672
5504,5504,Credit Card,Paid,277040
5505,5505,Credit Card,Paid,54750
5506,5506,UPI,Paid,44984
5507,5507,UPI,Paid,507114
5508,5508,UPI,Paid,286136
5509,5509,UPI,Paid,531560
5510,5510,UPI,Paid,312808
5511,5511,UPI,Paid,187848
5512,5512,Net Banking,Paid,263180
5513,5513,UPI,Paid,204786
5514,5514,Net Banking,Pending,469620
5515,5515,Credit Card,Paid,391192
5516,5516,UPI,Pending,374256
5517,5517,UPI,Paid,7574
5518,5518,UPI,Paid,93376
5519,5519,Debit Card,Paid,578110
5520,5520,Debit Card,Paid,27047
5521,5521,UPI,Paid,120354
5522,5522,Net Banking,Paid,107178
5523,5523,UPI,Paid,142650
5524,5524,Net Banking,Paid,388672
5525,5525,Debit Card,Paid,88002
5526,5526,Debit Card,Paid,159040
5527,5527,Credit Card,Paid,285424
5528,5528,UPI,Paid,73052
5529,5529,Credit Card,Paid,50732
5530,5530,Credit Card,Paid,58944
5531,5531,Debit Card,Paid,9906
5532,5532,Credit Card,Paid,251430
5533,5533,UPI,Paid,286136
5534,5534,UPI,Paid,51772
5535,5535,UPI,Paid,92996
5536,5536,UPI,Paid,414950
5537,5537,UPI,Pending,97668
5538,5538,UPI,Paid,186750
5539,5539,UPI,Paid,201420
5540,5540,Credit Card,Paid,94918
5541,5541,Net Banking,Paid,50340
5542,5542,UPI,Paid,147590
5543,5543,Net Banking,Paid,181909
5544,5544,Cash,Failed,45040
5545,5545,UPI,Paid,19652
5546,5546,Debit Card,Paid,132391
5547,5547,Debit Card,Failed,125700
5548,5548,Cash,Paid,71664
5549,5549,UPI,Paid,175950
5550,5550,Debit Card,Paid,164367
5551,5551,Net Banking,Paid,249790
5552,5552,UPI,Paid,247696
5553,5553,Debit Card,Paid,401751
5554,5554,UPI,Paid,481220
5555,5555,Cash,Paid,94108
5556,5556,UPI,Paid,284195
5557,5557,UPI,Paid,203292
5558,5558,Debit Card,Paid,331515
5559,5559,UPI,Paid,29613
5560,5560,UPI,Paid,219000
5561,5561,UPI,Paid,36835
5562,5562,UPI,Paid,161755
5563,5563,Credit Card,Paid,289055
5564,5564,UPI,Paid,293472
5565,5565,Debit Card,Paid,9712
5566,5566,Credit Card,Paid,34815
5567,5567,Credit Card,Pending,103424
5568,5568,Debit Card,Failed,297090
5569,5569,Debit Card,Paid,125372
5570,5570,Credit Card,Paid,311200
5571,5571,Debit Card,Paid,52020
5572,5572,UPI,Paid,51534
5573,5573,UPI,Paid,103497
5574,5574,UPI,Paid,32154
5575,5575,Cash,Pending,285750
5576,5576,UPI,Paid,141112
5577,5577,Credit Card,Paid,477738
5578,5578,Credit Card,Pending,38498
5579,5579,Debit Card,Pending,283716
5580,5580,Debit Card,Paid,165720
5581,5581,UPI,Paid,73670
5582,5582,Credit Card,Paid,142690
5583,5583,UPI,Paid,38740
5584,5584,Credit Card,Paid,146448
5585,5585,Credit Card,Paid,334075
5586,5586,Net Banking,Paid,33770
5587,5587,UPI,Paid,204428
5588,5588,Cash,Paid,119280
5589,5589,UPI,Pending,129660
5590,5590,Cash,Paid,19698
5591,5591,UPI,Paid,452940
5592,5592,Credit Card,Paid,85490
5593,5593,UPI,Paid,55910
5594,5594,Credit Card,Paid,118520
5595,5595,Credit Card,Paid,196315
5596,5596,UPI,Paid,69747
5597,5597,UPI,Paid,121340
5598,5598,UPI,Pending,30380
5599,5599,UPI,Paid,123520
5600,5600,UPI,Paid,362056
5601,5601,Credit Card,Paid,113530
5602,5602,UPI,Paid,154827
5603,5603,UPI,Pending,112260
5604,5604,Credit Card,Failed,35678
5605,5605,Debit Card,Paid,152574
5606,5606,UPI,Paid,15083
5607,5607,Net Banking,Paid,114112
5608,5608,Cash,Paid,196784
5609,5609,UPI,Paid,288410
5610,5610,UPI,Paid,105832
5611,5611,Credit Card,Paid,76944
5612,5612,Debit Card,Failed,117130
5613,5613,UPI,Paid,173150
5614,5614,UPI,Paid,373239
5615,5615,UPI,Paid,99239
5616,5616,Credit Card,Paid,191016
5617,5617,Credit Card,Paid,118845
5618,5618,UPI,Paid,80754
5619,5619,Credit Card,Paid,56404
5620,5620,Credit Card,Pending,132273
5621,5621,Debit Card,Pending,126098
5622,5622,Net Banking,Paid,388530
5623,5623,Credit Card,Paid,132315
5624,5624,Cash,Paid,179310
5625,5625,Credit Card,Paid,231070
5626,5626,Net Banking,Paid,408744
5627,5627,Debit Card,Paid,407646
5628,5628,Credit Card,Paid,118279
5629,5629,UPI,Paid,423376
5630,5630,Credit Card,Paid,36612
5631,5631,Credit Card,Paid,53643
5632,5632,Net Banking,Paid,373239
5633,5633,Credit Card,Paid,289719
5634,5634,UPI,Paid,204645
5635,5635,UPI,Paid,161208
5636,5636,Debit Card,Paid,398664
5637,5637,Debit Card,Paid,76598
5638,5638,Net Banking,Paid,97053
5639,5639,Credit Card,Paid,34388
5640,5640,Credit Card,Failed,130504
5641,5641,UPI,Paid,422658
5642,5642,Cash,Paid,50340
5643,5643,UPI,Paid,537620
5644,5644,Credit Card,Failed,396848
5645,5645,UPI,Paid,17580
5646,5646,UPI,Pending,257544
5647,5647,Net Banking,Paid,85260
5648,5648,UPI,Paid,376334
5649,5649,Cash,Failed,156904
5650,5650,UPI,Paid,207780
5651,5651,UPI,Failed,190840
5652,5652,Net Banking,Paid,108245
5653,5653,UPI,Paid,309456
5654,5654,UPI,Paid,48783
5655,5655,UPI,Paid,90498
5656,5656,Credit Card,Paid,305200
5657,5657,Credit Card,Paid,211688
5658,5658,UPI,Paid,429144
5659,5659,Net Banking,Failed,250920
5660,5660,Cash,Paid,502970
5661,5661,UPI,Paid,286136
5662,5662,Cash,Paid,97898
5663,5663,Credit Card,Pending,178128
5664,5664,UPI,Paid,38299
5665,5665,Credit Card,Paid,367596
5666,5666,Debit Card,Paid,242304
5667,5667,Credit Card,Paid,50286
5668,5668,Debit Card,Paid,129027
5669,5669,Debit Card,Pending,23001
5670,5670,UPI,Paid,36088
5671,5671,UPI,Paid,219000
5672,5672,Credit Card,Paid,62195
5673,5673,UPI,Failed,97053
5674,5674,Credit Card,Paid,66544
5675,5675,Credit Card,Paid,456804
5676,5676,UPI,Failed,287320
5677,5677,Credit Card,Paid,96008
5678,5678,Net Banking,Pending,275562
5679,5679,UPI,Paid,151911
5680,5680,Net Banking,Failed,57960
5681,5681,Cash,Paid,243423
5682,5682,Net Banking,Pending,124384
5683,5683,UPI,Paid,50297
5684,5684,Credit Card,Paid,142960
5685,5685,Credit Card,Paid,291159
5686,5686,Credit Card,Pending,185992
5687,5687,UPI,Pending,221212
5688,5688,Cash,Paid,357780
5689,5689,Cash,Failed,327474
5690,5690,Debit Card,Paid,327860
5691,5691,UPI,Paid,277350
5692,5692,Credit Card,Paid,119768
5693,5693,Debit Card,Paid,40840
5694,5694,UPI,Paid,162743
5695,5695,UPI,Pending,379170
5696,5696,Debit Card,Paid,108236
5697,5697,Credit Card,Paid,119260
5698,5698,Cash,Paid,192016
5699,5699,Credit Card,Paid,15440
5700,5700,Credit Card,Paid,204428
5701,5701,Credit Card,Paid,116245
5702,5702,UPI,Paid,152469
5703,5703,Cash,Paid,123520
5704,5704,UPI,Paid,188200
5705,5705,Net Banking,Paid,208107
5706,5706,Credit Card,Failed,193995
5707,5707,UPI,Failed,26458
5708,5708,UPI,Pending,17052
5709,5709,UPI,Paid,323288
5710,5710,UPI,Paid,428265
5711,5711,UPI,Paid,237744
5712,5712,Cash,Paid,31869
5713,5713,UPI,Paid,14859
5714,5714,UPI,Paid,115140
5715,5715,UPI,Paid,133616
5716,5716,Debit Card,Paid,80655
5717,5717,Debit Card,Paid,47652
5718,5718,UPI,Failed,215850
5719,5719,Credit Card,Paid,58624
5720,5720,UPI,Pending,8546
5721,5721,UPI,Failed,506880
5722,5722,Cash,Paid,78792
5723,5723,UPI,Failed,220270
5724,5724,Cash,Pending,84606
5725,5725,Debit Card,Paid,109944
5726,5726,UPI,Paid,149024
5727,5727,Credit Card,Paid,234630
5728,5728,UPI,Paid,213768
5729,5729,UPI,Paid,158840
5730,5730,Credit Card,Paid,12285
5731,5731,Net Banking,Paid,93704
5732,5732,UPI,Paid,166270
5733,5733,Debit Card,Paid,45726
5734,5734,Credit Card,Paid,102588
5735,5735,Debit Card,Paid,58956
5736,5736,UPI,Paid,219636
5737,5737,Credit Card,Paid,146424
5738,5738,UPI,Paid,337337
5739,5739,Credit Card,Paid,289800
5740,5740,Credit Card,Paid,104855
5741,5741,Debit Card,Paid,50610
5742,5742,Debit Card,Paid,76468
5743,5743,Debit Card,Paid,92492
5744,5744,UPI,Paid,326102
5745,5745,Credit Card,Paid,133840
5746,5746,Cash,Paid,92865
5747,5747,UPI,Paid,379170
5748,5748,Cash,Paid,176420
5749,5749,UPI,Paid,186576
5750,5750,Credit Card,Paid,160326
5751,5751,Credit Card,Pending,88626
5752,5752,Debit Card,Pending,70476
5753,5753,Net Banking,Paid,387990
5754,5754,Credit Card,Failed,184872
5755,5755,Net Banking,Paid,115920
5756,5756,UPI,Paid,251430
5757,5757,UPI,Pending,47538
5758,5758,UPI,Paid,103724
5759,5759,UPI,Paid,15440
5760,5760,Net Banking,Paid,39640
5761,5761,Cash,Failed,356616
5762,5762,Credit Card,Paid,500770
5763,5763,Net Banking,Paid,61738
5764,5764,Credit Card,Paid,11230
5765,5765,UPI,Paid,239580
5766,5766,UPI,Pending,146520
5767,5767,Debit Card,Paid,53643
5768,5768,Credit Card,Paid,281274
5769,5769,UPI,Paid,388150
5770,5770,Credit Card,Paid,43972
5771,5771,UPI,Paid,76287
5772,5772,UPI,Paid,46668
5773,5773,Cash,Paid,388150
5774,5774,Debit Card,Paid,109920
5775,5775,Net Banking,Paid,87944
5776,5776,Credit Card,Paid,325710
5777,5777,UPI,Paid,154360
5778,5778,UPI,Paid,214795
5779,5779,Cash,Paid,70014
5780,5780,Debit Card,Paid,512940
5781,5781,UPI,Paid,159720
5782,5782,UPI,Paid,141210
5783,5783,Net Banking,Paid,123459
5784,5784,UPI,Paid,284195
5785,5785,Credit Card,Failed,18176
5786,5786,UPI,Paid,171450
5787,5787,Cash,Paid,152040
5788,5788,Credit Card,Paid,209905
5789,5789,Cash,Paid,35544
5790,5790,Credit Card,Paid,219726
5791,5791,UPI,Pending,160929
5792,5792,Debit Card,Paid,167768
5793,5793,Net Banking,Paid,249522
5794,5794,UPI,Paid,382338
5795,5795,UPI,Paid,256835
5796,5796,Credit Card,Paid,120456
5797,5797,UPI,Paid,225384
5798,5798,Debit Card,Failed,465140
5799,5799,Credit Card,Paid,369472
5800,5800,Credit Card,Paid,399664
5801,5801,Credit Card,Paid,98100
5802,5802,UPI,Paid,58160
5803,5803,UPI,Paid,228580
5804,5804,Debit Card,Pending,341034
5805,5805,UPI,Pending,467820
5806,5806,Debit Card,Failed,158751
5807,5807,UPI,Paid,166621
5808,5808,Net Banking,Paid,199215
5809,5809,Credit Card,Failed,241493
5810,5810,UPI,Pending,217120
5811,5811,Credit Card,Paid,437730
5812,5812,Credit Card,Paid,216490
5813,5813,UPI,Paid,456336
5814,5814,Net Banking,Paid,118350
5815,5815,UPI,Paid,277920
5816,5816,UPI,Paid,166360
5817,5817,UPI,Paid,85216
5818,5818,UPI,Paid,166348
5819,5819,UPI,Failed,128328
5820,5820,UPI,Paid,346092
5821,5821,Credit Card,Paid,179616
5822,5822,Credit Card,Paid,256242
5823,5823,UPI,Paid,141840
5824,5824,UPI,Pending,242064
5825,5825,UPI,Paid,108600
5826,5826,Credit Card,Failed,223050
5827,5827,Cash,Paid,160958
5828,5828,UPI,Paid,158766
5829,5829,Net Banking,Paid,235403
5830,5830,UPI,Paid,15690
5831,5831,Credit Card,Paid,270670
5832,5832,UPI,Paid,136527
5833,5833,UPI,Paid,417600
5834,5834,Cash,Paid,301063
5835,5835,Debit Card,Paid,191552
5836,5836,Debit Card,Paid,87690
5837,5837,UPI,Paid,193504
5838,5838,Credit Card,Paid,260100
5839,5839,Net Banking,Paid,541180
5840,5840,Debit Card,Paid,127832
5841,5841,Credit Card,Paid,46866
5842,5842,Debit Card,Pending,54094
5843,5843,Cash,Paid,59397
5844,5844,Cash,Paid,196630
5845,5845,UPI,Paid,88650
5846,5846,UPI,Paid,51772
5847,5847,UPI,Paid,127887
5848,5848,Cash,Pending,224520
5849,5849,Debit Card,Paid,231540
5850,5850,Debit Card,Paid,58110
5851,5851,Cash,Paid,36032
5852,5852,Credit Card,Paid,250744
5853,5853,UPI,Pending,79890
5854,5854,Credit Card,Paid,19652
5855,5855,Credit Card,Paid,13926
5856,5856,UPI,Paid,210544
5857,5857,Cash,Paid,25886
5858,5858,UPI,Paid,289719
5859,5859,Credit Card,Paid,169086
5860,5860,Net Banking,Paid,211419
5861,5861,UPI,Paid,319840
5862,5862,UPI,Paid,231174
5863,5863,Net Banking,Paid,189329
5864,5864,UPI,Paid,358587
5865,5865,Credit Card,Paid,20126
5866,5866,UPI,Paid,65952
5867,5867,Debit Card,Pending,131916
5868,5868,Credit Card,Paid,306944
5869,5869,Net Banking,Paid,296166
5870,5870,Credit Card,Paid,70760
5871,5871,Net Banking,Paid,158221
5872,5872,UPI,Paid,102744
5873,5873,UPI,Paid,77750
5874,5874,Cash,Paid,221814
5875,5875,Debit Card,Paid,174840
5876,5876,UPI,Paid,534573
5877,5877,Credit Card,Paid,29718
5878,5878,UPI,Paid,10652
5879,5879,UPI,Paid,173150
5880,5880,Debit Card,Failed,56839
5881,5881,UPI,Paid,48560
5882,5882,Debit Card,Paid,30880
5883,5883,Credit Card,Paid,30897
5884,5884,Credit Card,Failed,19482
5885,5885,Debit Card,Paid,138544
5886,5886,UPI,Paid,457407
5887,5887,Credit Card,Failed,222876
5888,5888,UPI,Paid,70922
5889,5889,UPI,Pending,153224
5890,5890,Net Banking,Paid,23463
5891,5891,UPI,Paid,215460
5892,5892,Credit Card,Failed,136416
5893,5893,UPI,Failed,61924
5894,5894,UPI,Paid,91869
5895,5895,UPI,Paid,164766
5896,5896,Net Banking,Paid,238960
5897,5897,Debit Card,Pending,124416
5898,5898,Credit Card,Paid,79280
5899,5899,UPI,Paid,19565
5900,5900,Cash,Paid,24765
5901,5901,UPI,Failed,162282
5902,5902,Credit Card,Paid,229836
5903,5903,Debit Card,Paid,274610
5904,5904,UPI,Paid,112300
5905,5905,Credit Card,Paid,81700
5906,5906,Credit Card,Paid,47286
5907,5907,UPI,Paid,241296
5908,5908,Credit Card,Paid,163360
5909,5909,UPI,Paid,196630
5910,5910,Credit Card,Paid,499580
5911,5911,Debit Card,Paid,457839
5912,5912,Debit Card,Paid,179536
5913,5913,UPI,Failed,52174
5914,5914,UPI,Paid,86018
5915,5915,Net Banking,Paid,160096
5916,5916,UPI,Failed,140428
5917,5917,UPI,Paid,189910
5918,5918,Debit Card,Paid,243915
5919,5919,UPI,Paid,82990
5920,5920,UPI,Paid,219850
5921,5921,UPI,Paid,242262
5922,5922,UPI,Paid,67797
5923,5923,Debit Card,Paid,494442
5924,5924,Credit Card,Paid,136575
5925,5925,Credit Card,Failed,254290
5926,5926,UPI,Paid,279084
5927,5927,UPI,Paid,180992
5928,5928,UPI,Paid,6754
5929,5929,Credit Card,Paid,17730
5930,5930,Cash,Paid,188739
5931,5931,Credit Card,Failed,192488
5932,5932,UPI,Paid,136236
5933,5933,Debit Card,Failed,218336
5934,5934,UPI,Paid,331541
5935,5935,UPI,Paid,162282
5936,5936,UPI,Paid,70556
5937,5937,UPI,Failed,82432
5938,5938,Cash,Paid,70518
5939,5939,Net Banking,Paid,130720
5940,5940,Debit Card,Paid,86340
5941,5941,UPI,Pending,432710
5942,5942,UPI,Paid,233016
5943,5943,Credit Card,Paid,127211
5944,5944,Credit Card,Pending,90396
5945,5945,Credit Card,Paid,133616
5946,5946,UPI,Paid,89520
5947,5947,UPI,Paid,30380
5948,5948,Debit Card,Paid,257670
5949,5949,UPI,Paid,256480
5950,5950,Debit Card,Pending,359820
5951,5951,Debit Card,Paid,19613
5952,5952,Credit Card,Paid,341000
5953,5953,Credit Card,Paid,129404
5954,5954,Credit Card,Paid,11180
5955,5955,Debit Card,Paid,17455
5956,5956,Credit Card,Failed,512890
5957,5957,UPI,Pending,132939
5958,5958,Credit Card,Paid,53156
5959,5959,UPI,Failed,135235
5960,5960,Credit Card,Paid,111942
5961,5961,UPI,Paid,179571
5962,5962,Debit Card,Failed,299748
5963,5963,Cash,Failed,200280
5964,5964,UPI,Paid,101716
5965,5965,UPI,Paid,217692
5966,5966,Credit Card,Failed,59094
5967,5967,UPI,Paid,101070
5968,5968,UPI,Paid,254115
5969,5969,Debit Card,Paid,156121
5970,5970,Cash,Paid,30147
5971,5971,Credit Card,Paid,160955
5972,5972,Debit Card,Paid,104763
5973,5973,Credit Card,Paid,39436
5974,5974,Cash,Failed,44508
5975,5975,Cash,Paid,39272
5976,5976,Credit Card,Paid,274610
5977,5977,Net Banking,Failed,95212
5978,5978,UPI,Paid,17752
5979,5979,Cash,Paid,382878
5980,5980,Credit Card,Failed,498942
5981,5981,Credit Card,Paid,111630
5982,5982,UPI,Paid,135882
5983,5983,Debit Card,Paid,157458
5984,5984,UPI,Paid,124134
5985,5985,UPI,Paid,118748
5986,5986,UPI,Paid,102564
5987,5987,Credit Card,Paid,115088
5988,5988,Credit Card,Paid,47792
5989,5989,UPI,Paid,123825
5990,5990,Credit Card,Paid,344736
5991,5991,UPI,Paid,287320
5992,5992,UPI,Paid,27955
5993,5993,Credit Card,Paid,478404
5994,5994,UPI,Paid,112917
5995,5995,UPI,Paid,56346
5996,5996,Cash,Paid,21365
5997,5997,Debit Card,Paid,52350
5998,5998,UPI,Paid,247940
5999,5999,Debit Card,Failed,85258
6000,6000,Net Banking,Paid,105608
6001,6001,UPI,Paid,105910
6002,6002,UPI,Paid,256470
6003,6003,UPI,Paid,23249
6004,6004,Credit Card,Paid,304128
6005,6005,Net Banking,Pending,388150
6006,6006,Credit Card,Paid,495882
6007,6007,Net Banking,Paid,43400
6008,6008,Credit Card,Paid,48536
6009,6009,UPI,Pending,358650
6010,6010,Net Banking,Paid,50871
6011,6011,Debit Card,Paid,241812
6012,6012,Credit Card,Paid,344691
6013,6013,UPI,Paid,173124
6014,6014,UPI,Paid,82860
6015,6015,Credit Card,Paid,187516
6016,6016,Cash,Paid,306850
6017,6017,UPI,Paid,103152
6018,6018,UPI,Paid,57664
6019,6019,Credit Card,Paid,51534
6020,6020,UPI,Paid,252675
6021,6021,Cash,Paid,13508
6022,6022,Net Banking,Paid,223020
6023,6023,Credit Card,Paid,206304
6024,6024,Credit Card,Failed,29478
6025,6025,Debit Card,Paid,214227
6026,6026,Net Banking,Paid,266469
6027,6027,UPI,Pending,122536
6028,6028,UPI,Paid,292848
6029,6029,Credit Card,Paid,223800
6030,6030,UPI,Paid,238880
6031,6031,UPI,Pending,27024
6032,6032,Net Banking,Paid,133819
6033,6033,Debit Card,Pending,263820
6034,6034,Cash,Pending,559940
6035,6035,Debit Card,Paid,51712
6036,6036,Debit Card,Paid,102879
6037,6037,Credit Card,Paid,427131
6038,6038,UPI,Paid,213768
6039,6039,Cash,Paid,128535
6040,6040,Net Banking,Paid,108080
6041,6041,UPI,Failed,57351
6042,6042,Cash,Paid,134280
6043,6043,UPI,Paid,117884
6044,6044,UPI,Failed,452510
6045,6045,Credit Card,Paid,281810
6046,6046,Credit Card,Paid,138654
6047,6047,UPI,Paid,196315
6048,6048,UPI,Paid,173150
6049,6049,UPI,Paid,354718
6050,6050,UPI,Paid,17098
6051,6051,UPI,Paid,520200
6052,6052,UPI,Failed,30380
6053,6053,Credit Card,Paid,45716
6054,6054,Cash,Failed,366210
6055,6055,Debit Card,Paid,477738
6056,6056,Debit Card,Paid,46755
6057,6057,Net Banking,Paid,18935
6058,6058,UPI,Paid,159246
6059,6059,Net Banking,Paid,465140
6060,6060,Debit Card,Paid,129813
6061,6061,UPI,Paid,46688
6062,6062,UPI,Paid,362718
6063,6063,Cash,Paid,57811
6064,6064,Debit Card,Paid,23882
6065,6065,UPI,Paid,10063
6066,6066,Debit Card,Paid,11230
6067,6067,UPI,Paid,17580
6068,6068,UPI,Paid,124344
6069,6069,UPI,Paid,81858
6070,6070,Cash,Paid,69369
6071,6071,Debit Card,Paid,402376
6072,6072,Credit Card,Paid,265239
6073,6073,Debit Card,Paid,73930
6074,6074,Credit Card,Paid,150354
6075,6075,Credit Card,Paid,384980
6076,6076,UPI,Paid,432036
6077,6077,Credit Card,Paid,146970
6078,6078,Credit Card,Paid,70473
6079,6079,Debit Card,Paid,101220
6080,6080,UPI,Paid,384566
6081,6081,Credit Card,Paid,92436
6082,6082,Credit Card,Paid,49245
6083,6083,UPI,Pending,149744
6084,6084,UPI,Paid,129655
6085,6085,Debit Card,Paid,141990
6086,6086,Net Banking,Paid,342643
6087,6087,UPI,Paid,222588
6088,6088,Credit Card,Paid,73972
6089,6089,UPI,Paid,506100
6090,6090,UPI,Paid,322668
6091,6091,Credit Card,Paid,385900
6092,6092,UPI,Paid,82384
6093,6093,Debit Card,Paid,121400
6094,6094,Net Banking,Paid,230295
6095,6095,UPI,Pending,79248
6096,6096,Debit Card,Paid,47764
6097,6097,UPI,Paid,32470
6098,6098,UPI,Paid,20780
6099,6099,Debit Card,Paid,89212
6100,6100,UPI,Paid,68540
6101,6101,Credit Card,Paid,105272
6102,6102,Credit Card,Paid,45988
6103,6103,UPI,Paid,199632
6104,6104,Cash,Paid,66288
6105,6105,Credit Card,Paid,109056
6106,6106,Credit Card,Paid,264630
6107,6107,UPI,Pending,75834
6108,6108,UPI,Paid,86596
6109,6109,Net Banking,Paid,194106
6110,6110,UPI,Paid,47937
6111,6111,Net Banking,Paid,198800
6112,6112,UPI,Paid,128796
6113,6113,Net Banking,Paid,92589
6114,6114,UPI,Paid,136527
6115,6115,UPI,Paid,229836
6116,6116,Net Banking,Paid,253710
6117,6117,UPI,Paid,240865
6118,6118,UPI,Paid,230920
6119,6119,Credit Card,Paid,213824
6120,6120,Net Banking,Paid,270115
6121,6121,UPI,Failed,17578
6122,6122,Debit Card,Paid,518661
6123,6123,Debit Card,Pending,31170
6124,6124,Net Banking,Paid,122700
6125,6125,UPI,Paid,56150
6126,6126,Credit Card,Paid,50740
6127,6127,Net Banking,Paid,23351
6128,6128,Net Banking,Paid,125253
6129,6129,Net Banking,Paid,13508
6130,6130,UPI,Failed,37134
6131,6131,UPI,Paid,164768
6132,6132,Credit Card,Paid,267950
6133,6133,UPI,Failed,418626
6134,6134,UPI,Paid,82990
6135,6135,Credit Card,Pending,23784
6136,6136,Debit Card,Paid,71930
6137,6137,UPI,Paid,306411
6138,6138,UPI,Paid,28665
6139,6139,Credit Card,Failed,94565
6140,6140,Credit Card,Pending,24422
6141,6141,Debit Card,Paid,133016
6142,6142,Debit Card,Paid,211029
6143,6143,Cash,Paid,449622
6144,6144,Credit Card,Paid,324210
6145,6145,Debit Card,Paid,32976
6146,6146,Credit Card,Paid,275562
6147,6147,UPI,Paid,76959
6148,6148,Credit Card,Failed,509730
6149,6149,UPI,Paid,51260
6150,6150,UPI,Paid,447912
6151,6151,UPI,Paid,171940
6152,6152,Debit Card,Paid,238520
6153,6153,Cash,Paid,117300
6154,6154,Debit Card,Paid,10148
6155,6155,Net Banking,Paid,159790
6156,6156,UPI,Paid,99512
6157,6157,Credit Card,Paid,29304
6158,6158,Debit Card,Paid,60992
6159,6159,Debit Card,Paid,40118
6160,6160,Debit Card,Paid,432184
6161,6161,UPI,Paid,165512
6162,6162,Debit Card,Failed,68200
6163,6163,Credit Card,Failed,62560
6164,6164,Debit Card,Paid,401180
6165,6165,UPI,Paid,72692
6166,6166,Debit Card,Pending,269486
6167,6167,Cash,Paid,108236
6168,6168,UPI,Failed,87944
6169,6169,Credit Card,Paid,116608
6170,6170,UPI,Paid,28075
6171,6171,UPI,Paid,209360
6172,6172,Credit Card,Pending,177556
6173,6173,UPI,Paid,395710
6174,6174,Credit Card,Paid,133524
6175,6175,Credit Card,Paid,61336
6176,6176,Debit Card,Paid,33738
6177,6177,Credit Card,Paid,243603
6178,6178,Cash,Paid,440361
6179,6179,UPI,Pending,350100
6180,6180,Debit Card,Paid,374094
6181,6181,Credit Card,Paid,482787
6182,6182,UPI,Paid,16340
6183,6183,Credit Card,Paid,38740
6184,6184,Debit Card,Paid,95319
6185,6185,UPI,Paid,257592
6186,6186,UPI,Paid,342643
6187,6187,Debit Card,Paid,142712
6188,6188,UPI,Paid,136515
6189,6189,UPI,Paid,35461
6190,6190,Credit Card,Pending,418770
6191,6191,Cash,Paid,159744
6192,6192,Debit Card,Paid,359023
6193,6193,Debit Card,Paid,71416
6194,6194,UPI,Paid,239580
6195,6195,Credit Card,Paid,79168
6196,6196,UPI,Paid,70053
6197,6197,Cash,Paid,78255
6198,6198,Net Banking,Paid,38105
6199,6199,Credit Card,Paid,223950
6200,6200,UPI,Paid,44606
6201,6201,Cash,Paid,129430
6202,6202,UPI,Paid,66544
6203,6203,Credit Card,Paid,403774
6204,6204,UPI,Paid,335848
6205,6205,UPI,Paid,217200
6206,6206,Credit Card,Paid,144012
6207,6207,Credit Card,Failed,91048
6208,6208,UPI,Paid,59293
6209,6209,Credit Card,Paid,186344
6210,6210,Debit Card,Paid,264933
6211,6211,Credit Card,Paid,162558
6212,6212,Credit Card,Paid,149024
6213,6213,Cash,Pending,17360
6214,6214,UPI,Paid,83205
6215,6215,Net Banking,Paid,40152
6216,6216,Net Banking,Paid,224916
6217,6217,Credit Card,Paid,34104
6218,6218,Cash,Paid,253440
6219,6219,Net Banking,Paid,129894
6220,6220,Debit Card,Failed,41778
6221,6221,Debit Card,Paid,49245
6222,6222,Credit Card,Paid,186236
6223,6223,Cash,Paid,394888
6224,6224,UPI,Paid,302880
6225,6225,UPI,Paid,43716
6226,6226,UPI,Paid,95584
6227,6227,Cash,Paid,60334
6228,6228,Debit Card,Paid,201352
6229,6229,UPI,Paid,29645
6230,6230,Credit Card,Paid,73038
6231,6231,UPI,Pending,108560
6232,6232,Credit Card,Paid,218412
6233,6233,UPI,Paid,78255
6234,6234,UPI,Paid,399800
6235,6235,UPI,Paid,71452
6236,6236,Debit Card,Paid,403110
6237,6237,UPI,Paid,117315
6238,6238,Debit Card,Failed,104972
6239,6239,Debit Card,Paid,113751
6240,6240,UPI,Paid,42912
6241,6241,Cash,Paid,143556
6242,6242,UPI,Failed,88182
6243,6243,Credit Card,Paid,140064
6244,6244,Net Banking,Paid,118279
6245,6245,Credit Card,Failed,506740
6246,6246,Debit Card,Paid,102592
6247,6247,UPI,Paid,128328
6248,6248,Debit Card,Paid,133818
6249,6249,UPI,Paid,147355
6250,6250,UPI,Failed,59154
6251,6251,Debit Card,Paid,224520
6252,6252,Cash,Paid,209526
6253,6253,Credit Card,Paid,265716
6254,6254,UPI,Paid,29256
6255,6255,Credit Card,Paid,320820
6256,6256,UPI,Paid,103092
6257,6257,UPI,Failed,189320
6258,6258,UPI,Paid,115364
6259,6259,Credit Card,Paid,108600
6260,6260,Debit Card,Paid,119768
6261,6261,Cash,Paid,274827
6262,6262,Credit Card,Paid,295074
6263,6263,UPI,Paid,216041
6264,6264,Credit Card,Paid,43424
6265,6265,Debit Card,Paid,286816
6266,6266,Debit Card,Paid,63564
6267,6267,UPI,Pending,57682
6268,6268,UPI,Paid,308690
6269,6269,UPI,Paid,44277
6270,6270,Credit Card,Paid,207410
6271,6271,UPI,Failed,18913
6272,6272,Credit Card,Paid,109290
6273,6273,Cash,Failed,231090
6274,6274,Debit Card,Pending,218424
6275,6275,UPI,Paid,44984
6276,6276,UPI,Failed,58590
6277,6277,Credit Card,Paid,187464
6278,6278,Credit Card,Paid,30189
6279,6279,Net Banking,Paid,25092
6280,6280,Credit Card,Paid,111900
6281,6281,UPI,Paid,37990
6282,6282,UPI,Paid,41587
6283,6283,Cash,Paid,183952
6284,6284,UPI,Paid,83800
6285,6285,UPI,Paid,56180
6286,6286,Debit Card,Failed,59630
6287,6287,UPI,Paid,20420
6288,6288,Credit Card,Paid,377100
6289,6289,UPI,Paid,129660
6290,6290,UPI,Pending,155316
6291,6291,Credit Card,Failed,99883
6292,6292,Cash,Paid,47535
6293,6293,Cash,Paid,303849
6294,6294,Credit Card,Paid,272800
6295,6295,Cash,Paid,96552
6296,6296,UPI,Paid,105834
6297,6297,Credit Card,Paid,234630
6298,6298,Credit Card,Paid,429144
6299,6299,UPI,Paid,41216
6300,6300,Cash,Paid,101376
6301,6301,Debit Card,Failed,140106
6302,6302,Cash,Paid,81680
6303,6303,UPI,Paid,123825
6304,6304,Credit Card,Paid,38168
6305,6305,Credit Card,Paid,333114
6306,6306,Net Banking,Paid,179616
6307,6307,Credit Card,Failed,414710
6308,6308,UPI,Paid,189329
6309,6309,UPI,Paid,305344
6310,6310,Cash,Paid,123648
6311,6311,Credit Card,Paid,54577
6312,6312,Net Banking,Paid,342384
6313,6313,Credit Card,Paid,66081
6314,6314,UPI,Paid,53476
6315,6315,Credit Card,Paid,164612
6316,6316,Credit Card,Pending,74137
6317,6317,Credit Card,Paid,379170
6318,6318,UPI,Paid,231060
6319,6319,Credit Card,Paid,165980
6320,6320,Debit Card,Paid,143860
6321,6321,UPI,Paid,232795
6322,6322,Net Banking,Paid,74350
6323,6323,UPI,Failed,250964
6324,6324,Debit Card,Pending,305200
6325,6325,Net Banking,Pending,260100
6326,6326,Net Banking,Paid,468180
6327,6327,Debit Card,Paid,55719
6328,6328,UPI,Paid,278950
6329,6329,Credit Card,Failed,139640
6330,6330,UPI,Paid,326200
6331,6331,Credit Card,Paid,59226
6332,6332,UPI,Paid,236862
6333,6333,UPI,Paid,180882
6334,6334,UPI,Pending,142176
6335,6335,UPI,Pending,199728
6336,6336,Credit Card,Paid,112050
6337,6337,Credit Card,Paid,34184
6338,6338,UPI,Paid,228580
6339,6339,Cash,Paid,337211
6340,6340,Debit Card,Paid,82384
6341,6341,Debit Card,Paid,281820
6342,6342,UPI,Paid,232794
6343,6343,Net Banking,Paid,470500
6344,6344,UPI,Paid,371574
6345,6345,Debit Card,Paid,242262
6346,6346,Credit Card,Failed,287973
6347,6347,UPI,Paid,185730
6348,6348,UPI,Paid,178128
6349,6349,Cash,Paid,238730
6350,6350,Credit Card,Paid,14859
6351,6351,UPI,Paid,82311
6352,6352,UPI,Pending,264180
6353,6353,Net Banking,Paid,268215
6354,6354,UPI,Pending,486207
6355,6355,Debit Card,Failed,233910
6356,6356,Credit Card,Paid,46920
6357,6357,Debit Card,Paid,22994
6358,6358,UPI,Paid,198060
6359,6359,UPI,Paid,112624
6360,6360,UPI,Paid,351070
6361,6361,UPI,Paid,241812
6362,6362,Debit Card,Paid,71688
6363,6363,Net Banking,Paid,198905
6364,6364,UPI,Paid,139950
6365,6365,UPI,Paid,80236
6366,6366,Net Banking,Paid,146259
6367,6367,Net Banking,Paid,176517
6368,6368,UPI,Paid,167157
6369,6369,UPI,Paid,375501
6370,6370,UPI,Pending,403857
6371,6371,Net Banking,Pending,311850
6372,6372,UPI,Paid,97053
6373,6373,UPI,Paid,59397
6374,6374,UPI,Paid,87240
6375,6375,Cash,Paid,234810
6376,6376,Debit Card,Paid,338220
6377,6377,Cash,Paid,407784
6378,6378,Debit Card,Failed,130396
6379,6379,UPI,Paid,383870
6380,6380,UPI,Paid,299748
6381,6381,UPI,Paid,24225
6382,6382,Debit Card,Paid,392530
6383,6383,UPI,Paid,59290
6384,6384,Cash,Pending,168540
6385,6385,Cash,Paid,321755
6386,6386,Credit Card,Paid,131500
6387,6387,Debit Card,Paid,341910
6388,6388,Debit Card,Paid,89397
6389,6389,UPI,Paid,405392
6390,6390,UPI,Paid,70278
6391,6391,Net Banking,Pending,138544
6392,6392,UPI,Paid,268215
6393,6393,Credit Card,Paid,378774
6394,6394,UPI,Paid,194841
6395,6395,Credit Card,Paid,21984
6396,6396,Credit Card,Paid,143068
6397,6397,Cash,Pending,238960
6398,6398,Debit Card,Paid,64398
6399,6399,Credit Card,Paid,50220
6400,6400,Debit Card,Failed,69820
6401,6401,Debit Card,Paid,151911
6402,6402,Credit Card,Pending,144172
6403,6403,UPI,Pending,171380
6404,6404,Debit Card,Paid,54186
6405,6405,Cash,Paid,109500
6406,6406,UPI,Paid,170954
6407,6407,Debit Card,Paid,35278
6408,6408,UPI,Failed,265716
6409,6409,UPI,Paid,259368
6410,6410,Debit Card,Paid,115224
6411,6411,Credit Card,Paid,436616
6412,6412,UPI,Failed,214992
6413,6413,Net Banking,Paid,289800
6414,6414,UPI,Paid,130860
6415,6415,UPI,Paid,42234
6416,6416,UPI,Paid,88434
6417,6417,Credit Card,Paid,91930
6418,6418,Cash,Pending,102952
6419,6419,UPI,Paid,195685
6420,6420,Credit Card,Pending,228402
6421,6421,Debit Card,Paid,57393
6422,6422,Credit Card,Failed,75875
6423,6423,UPI,Paid,31302
6424,6424,Credit Card,Paid,76612
6425,6425,Credit Card,Paid,91976
6426,6426,UPI,Failed,423450
6427,6427,Credit Card,Paid,203427
6428,6428,Cash,Paid,197267
6429,6429,Cash,Paid,63912
6430,6430,Credit Card,Paid,278658
6431,6431,UPI,Failed,119028
6432,6432,Credit Card,Failed,8680
6433,6433,Debit Card,Failed,219726
6434,6434,Debit Card,Paid,102100
6435,6435,UPI,Paid,207424
6436,6436,Credit Card,Pending,190152
6437,6437,Cash,Paid,331515
6438,6438,Credit Card,Failed,481730
6439,6439,UPI,Pending,137552
6440,6440,UPI,Pending,410352
6441,6441,Net Banking,Paid,19636
6442,6442,UPI,Paid,159468
6443,6443,UPI,Paid,164766
6444,6444,Credit Card,Pending,158840
6445,6445,Credit Card,Paid,52174
6446,6446,Credit Card,Paid,47776
6447,6447,UPI,Paid,483858
6448,6448,Cash,Paid,489490
6449,6449,Net Banking,Paid,372092
6450,6450,Debit Card,Paid,132090
6451,6451,Cash,Paid,26628
6452,6452,Credit Card,Paid,222540
6453,6453,Debit Card,Paid,25886
6454,6454,Credit Card,Paid,531560
6455,6455,Credit Card,Paid,202425
6456,6456,UPI,Paid,154189
6457,6457,Cash,Paid,27447
6458,6458,Debit Card,Paid,17854
6459,6459,UPI,Paid,317408
6460,6460,Credit Card,Pending,297360
6461,6461,Net Banking,Paid,14652
6462,6462,Cash,Paid,233400
6463,6463,Debit Card,Paid,10652
6464,6464,UPI,Paid,357084
6465,6465,UPI,Paid,92050
6466,6466,Debit Card,Paid,173192
6467,6467,Debit Card,Pending,91976
6468,6468,UPI,Paid,520290
6469,6469,Credit Card,Paid,486207
6470,6470,Credit Card,Pending,191928
6471,6471,Credit Card,Paid,296177
6472,6472,UPI,Paid,20780
6473,6473,UPI,Paid,127626
6474,6474,Credit Card,Paid,89212
6475,6475,UPI,Paid,221945
6476,6476,Credit Card,Paid,74585
6477,6477,Net Banking,Paid,8789
6478,6478,Credit Card,Paid,275072
6479,6479,Cash,Paid,87408
6480,6480,Debit Card,Paid,28156
6481,6481,UPI,Paid,218304
6482,6482,UPI,Paid,357084
6483,6483,Credit Card,Failed,64176
6484,6484,Net Banking,Pending,25155
6485,6485,UPI,Pending,172836
6486,6486,UPI,Paid,298800
6487,6487,Debit Card,Paid,229825
6488,6488,Net Banking,Failed,212766
6489,6489,Credit Card,Paid,43565
6490,6490,Cash,Paid,455090
6491,6491,Debit Card,Paid,59668
6492,6492,Debit Card,Pending,334575
6493,6493,Credit Card,Failed,68768
6494,6494,Credit Card,Paid,105910
6495,6495,UPI,Paid,312808
6496,6496,UPI,Paid,215064
6497,6497,Cash,Paid,44920
6498,6498,UPI,Paid,101716
6499,6499,Cash,Paid,142755
6500,6500,Credit Card,Pending,76890
6501,6501,Net Banking,Paid,422658
6502,6502,Credit Card,Paid,92640
6503,6503,UPI,Paid,205765
6504,6504,Cash,Paid,14786
6505,6505,Cash,Paid,158910
6506,6506,UPI,Paid,310392
6507,6507,Net Banking,Pending,252616
6508,6508,UPI,Pending,224365
6509,6509,Debit Card,Paid,97688
6510,6510,Credit Card,Paid,271593
6511,6511,UPI,Pending,55663
6512,6512,UPI,Paid,379170
6513,6513,Debit Card,Paid,140004
6514,6514,Cash,Paid,286038
6515,6515,UPI,Paid,90514
6516,6516,Credit Card,Paid,208696
6517,6517,Net Banking,Paid,357670
6518,6518,UPI,Paid,38900
6519,6519,Credit Card,Failed,61383
6520,6520,UPI,Paid,89397
6521,6521,UPI,Paid,131868
6522,6522,Debit Card,Paid,465860
6523,6523,UPI,Paid,442672
6524,6524,Net Banking,Paid,379672
6525,6525,Credit Card,Failed,41192
6526,6526,UPI,Paid,6494
6527,6527,Credit Card,Paid,108046
6528,6528,Net Banking,Failed,177720
6529,6529,UPI,Paid,128328
6530,6530,Net Banking,Paid,207935
6531,6531,UPI,Paid,503901
6532,6532,UPI,Paid,196265
6533,6533,Cash,Paid,111988
6534,6534,Debit Card,Paid,41153
6535,6535,Credit Card,Paid,45249
6536,6536,UPI,Paid,303336
6537,6537,Cash,Paid,50637
6538,6538,Credit Card,Paid,161508
6539,6539,Cash,Paid,192692
6540,6540,UPI,Failed,302880
6541,6541,Debit Card,Paid,191168
6542,6542,Debit Card,Paid,74137
6543,6543,UPI,Paid,212992
6544,6544,Net Banking,Paid,194145
6545,6545,UPI,Paid,289055
6546,6546,UPI,Paid,265254
6547,6547,UPI,Paid,20296
6548,6548,UPI,Failed,184236
6549,6549,Credit Card,Failed,264630
6550,6550,Credit Card,Paid,8727
6551,6551,Cash,Paid,345527
6552,6552,UPI,Paid,142755
6553,6553,UPI,Paid,302190
6554,6554,UPI,Paid,35107
6555,6555,UPI,Paid,283395
6556,6556,UPI,Paid,289146
6557,6557,Credit Card,Paid,456804
6558,6558,Cash,Failed,61260
6559,6559,Net Banking,Paid,308735
6560,6560,Net Banking,Paid,20475
6561,6561,UPI,Failed,189144
6562,6562,UPI,Paid,187408
6563,6563,Net Banking,Paid,63056
6564,6564,Credit Card,Paid,29645
6565,6565,Credit Card,Paid,303336
6566,6566,Cash,Paid,128150
6567,6567,Cash,Paid,82432
6568,6568,Credit Card,Paid,129430
6569,6569,UPI,Paid,119768
6570,6570,Credit Card,Paid,456066
6571,6571,Debit Card,Paid,147040
6572,6572,UPI,Paid,167652
6573,6573,UPI,Paid,424656
6574,6574,UPI,Pending,115920
6575,6575,Credit Card,Paid,71080
6576,6576,UPI,Paid,109038
6577,6577,UPI,Paid,36640
6578,6578,Credit Card,Pending,229502
6579,6579,UPI,Paid,354368
6580,6580,Debit Card,Paid,44296
6581,6581,Net Banking,Paid,37826
6582,6582,Net Banking,Paid,238880
6583,6583,Cash,Paid,123288
6584,6584,Debit Card,Paid,61680
6585,6585,Net Banking,Pending,390264
6586,6586,Credit Card,Paid,350184
6587,6587,Credit Card,Paid,92996
6588,6588,Credit Card,Paid,324138
6589,6589,UPI,Paid,51107
6590,6590,UPI,Paid,262368
6591,6591,Debit Card,Paid,109818
6592,6592,Debit Card,Failed,279084
6593,6593,Net Banking,Paid,107180
6594,6594,Credit Card,Failed,58650
6595,6595,UPI,Paid,228501
6596,6596,Net Banking,Paid,267176
6597,6597,Credit Card,Failed,481220
6598,6598,Cash,Paid,571500
6599,6599,Net Banking,Paid,106960
6600,6600,Credit Card,Paid,20689
6601,6601,Debit Card,Paid,242064
6602,6602,UPI,Paid,38168
6603,6603,UPI,Paid,55704
6604,6604,Net Banking,Paid,432184
6605,6605,Credit Card,Paid,29572
6606,6606,UPI,Paid,94102
6607,6607,Credit Card,Paid,60888
6608,6608,UPI,Pending,362718
6609,6609,Debit Card,Paid,405632
6610,6610,Debit Card,Paid,102810
6611,6611,UPI,Paid,133636
6612,6612,UPI,Paid,183190
6613,6613,Credit Card,Paid,44425
6614,6614,UPI,Paid,187464
6615,6615,UPI,Paid,244745
6616,6616,UPI,Paid,116320
6617,6617,UPI,Paid,480978
6618,6618,Credit Card,Paid,142818
6619,6619,UPI,Paid,175536
6620,6620,Credit Card,Paid,90412
6621,6621,UPI,Paid,199832
6622,6622,UPI,Paid,236187
6623,6623,Credit Card,Pending,512890
6624,6624,Debit Card,Pending,34384
6625,6625,Debit Card,Failed,152919
6626,6626,Credit Card,Paid,281730
6627,6627,Credit Card,Paid,118096
6628,6628,UPI,Paid,439720
6629,6629,Credit Card,Paid,54333
6630,6630,UPI,Paid,211688
6631,6631,UPI,Paid,75276
6632,6632,UPI,Paid,119343
6633,6633,UPI,Paid,235768
6634,6634,Debit Card,Paid,242550
6635,6635,Credit Card,Paid,490500
6636,6636,Credit Card,Pending,49020
6637,6637,UPI,Paid,116004
6638,6638,Credit Card,Paid,170919
6639,6639,UPI,Paid,253710
6640,6640,Credit Card,Paid,32184
6641,6641,Net Banking,Paid,276075
6642,6642,UPI,Paid,405632
6643,6643,UPI,Paid,347256
6644,6644,Debit Card,Paid,54236
6645,6645,UPI,Paid,339856
6646,6646,UPI,Paid,51335
6647,6647,Debit Card,Paid,56346
6648,6648,Credit Card,Pending,352079
6649,6649,Debit Card,Pending,319970
6650,6650,UPI,Paid,66544
6651,6651,UPI,Paid,54922
6652,6652,Credit Card,Paid,329508
6653,6653,Credit Card,Paid,115140
6654,6654,Cash,Paid,123288
6655,6655,Debit Card,Paid,105616
6656,6656,Net Banking,Paid,30204
6657,6657,Debit Card,Paid,123820
6658,6658,UPI,Paid,42234
6659,6659,Net Banking,Paid,462488
6660,6660,Debit Card,Pending,234837
6661,6661,UPI,Paid,253710
6662,6662,Debit Card,Paid,189469
6663,6663,Credit Card,Paid,90412
6664,6664,Credit Card,Pending,136355
6665,6665,Net Banking,Paid,164622
6666,6666,Credit Card,Pending,281274
6667,6667,UPI,Paid,52020
6668,6668,Cash,Paid,129297
6669,6669,Net Banking,Paid,245250
6670,6670,Net Banking,Pending,53248
6671,6671,Credit Card,Pending,204220
6672,6672,Cash,Paid,449622
6673,6673,Debit Card,Paid,509967
6674,6674,Cash,Paid,85296
6675,6675,Credit Card,Paid,31100
6676,6676,Cash,Paid,95585
6677,6677,Net Banking,Paid,396848
6678,6678,UPI,Paid,29394
6679,6679,UPI,Paid,114504
6680,6680,Credit Card,Paid,156121
6681,6681,Cash,Paid,70760
6682,6682,Credit Card,Paid,149944
6683,6683,Credit Card,Paid,176517
6684,6684,UPI,Paid,208696
6685,6685,Net Banking,Paid,153375
6686,6686,Cash,Paid,86184
6687,6687,UPI,Paid,125372
6688,6688,Debit Card,Paid,183804
6689,6689,UPI,Paid,84728
6690,6690,Credit Card,Paid,186576
6691,6691,UPI,Paid,125826
6692,6692,Debit Card,Paid,166440
6693,6693,Debit Card,Paid,190152
6694,6694,UPI,Paid,54023
6695,6695,UPI,Paid,271860
6696,6696,Cash,Paid,425574
6697,6697,Debit Card,Pending,266200
6698,6698,UPI,Paid,444152
6699,6699,Net Banking,Failed,93258
6700,6700,UPI,Paid,334530
6701,6701,UPI,Paid,428450
6702,6702,Credit Card,Failed,274610
6703,6703,Debit Card,Paid,117530
6704,6704,UPI,Paid,88413
6705,6705,Credit Card,Paid,218304
6706,6706,UPI,Paid,149944
6707,6707,Credit Card,Paid,238625
6708,6708,UPI,Paid,486070
6709,6709,Debit Card,Paid,42531
6710,6710,Credit Card,Paid,43407
6711,6711,Credit Card,Paid,88362
6712,6712,Credit Card,Paid,310392
6713,6713,Cash,Paid,130504
6714,6714,Debit Card,Pending,75415
6715,6715,UPI,Paid,213768
6716,6716,Debit Card,Paid,30840
6717,6717,Cash,Paid,82311
6718,6718,UPI,Paid,112050
6719,6719,Credit Card,Paid,223020
6720,6720,UPI,Paid,209695
6721,6721,Debit Card,Paid,127824
6722,6722,Cash,Paid,32760
6723,6723,Cash,Paid,114918
6724,6724,Credit Card,Paid,304224
6725,6725,Credit Card,Paid,111988
6726,6726,UPI,Paid,219798
6727,6727,Cash,Paid,427536
6728,6728,Debit Card,Paid,373500
6729,6729,Credit Card,Paid,452510
6730,6730,UPI,Paid,128328
6731,6731,UPI,Paid,246576
6732,6732,Debit Card,Paid,371750
6733,6733,UPI,Paid,16702
6734,6734,UPI,Paid,301670
6735,6735,Net Banking,Paid,215048
6736,6736,Net Banking,Paid,155560
6737,6737,UPI,Paid,59144
6738,6738,Debit Card,Paid,15545
6739,6739,Credit Card,Paid,21228
6740,6740,UPI,Failed,219850
6741,6741,Cash,Paid,344691
6742,6742,Net Banking,Paid,28806
6743,6743,Debit Card,Paid,152112
6744,6744,UPI,Paid,71325
6745,6745,Credit Card,Paid,172522
6746,6746,Credit Card,Paid,349335
6747,6747,Credit Card,Paid,44313
6748,6748,Cash,Paid,158193
6749,6749,Credit Card,Paid,179260
6750,6750,Credit Card,Paid,132391
6751,6751,Cash,Pending,356780
6752,6752,Debit Card,Failed,221396
6753,6753,Cash,Failed,281112
6754,6754,Debit Card,Failed,97214
6755,6755,Cash,Paid,259626
6756,6756,UPI,Paid,67984
6757,6757,UPI,Paid,321728
6758,6758,UPI,Pending,230208
6759,6759,Credit Card,Failed,16770
6760,6760,Net Banking,Paid,237056
6761,6761,UPI,Paid,431352
6762,6762,UPI,Paid,219850
6763,6763,UPI,Paid,77598
6764,6764,Debit Card,Paid,155260
6765,6765,Credit Card,Paid,99176
6766,6766,Credit Card,Failed,151543
6767,6767,Debit Card,Paid,148995
6768,6768,Debit Card,Paid,250744
6769,6769,Credit Card,Paid,400616
6770,6770,UPI,Paid,291642
6771,6771,UPI,Paid,41472
6772,6772,UPI,Paid,185772
6773,6773,Debit Card,Paid,129027
6774,6774,UPI,Paid,349191
6775,6775,Credit Card,Paid,64113
6776,6776,Credit Card,Paid,120168
6777,6777,UPI,Paid,109876
6778,6778,Cash,Paid,262368
6779,6779,Net Banking,Paid,214569
6780,6780,Cash,Paid,125817
6781,6781,Net Banking,Paid,82860
6782,6782,Cash,Pending,259020
6783,6783,UPI,Paid,39624
6784,6784,Credit Card,Paid,146424
6785,6785,Cash,Paid,114152
6786,6786,Cash,Paid,251634
6787,6787,UPI,Paid,261144
6788,6788,UPI,Pending,209944
6789,6789,Cash,Paid,333978
6790,6790,Debit Card,Paid,160770
6791,6791,UPI,Paid,158840
6792,6792,UPI,Paid,114504
6793,6793,UPI,Paid,161861
6794,6794,Net Banking,Paid,144693
6795,6795,Credit Card,Paid,207780
6796,6796,UPI,Paid,261600
6797,6797,Net Banking,Paid,130235
6798,6798,Debit Card,Paid,162999
6799,6799,Cash,Failed,85490
6800,6800,Debit Card,Paid,28432
6801,6801,Credit Card,Paid,244984
6802,6802,UPI,Paid,271593
6803,6803,UPI,Paid,210897
6804,6804,UPI,Paid,380604
6805,6805,Credit Card,Paid,62913
6806,6806,UPI,Paid,283905
6807,6807,Credit Card,Paid,106480
6808,6808,Credit Card,Failed,262638
6809,6809,UPI,Paid,154005
6810,6810,Cash,Paid,107944
6811,6811,UPI,Paid,115335
6812,6812,Debit Card,Paid,29304
6813,6813,UPI,Paid,142089
6814,6814,Credit Card,Paid,165980
6815,6815,Credit Card,Paid,265040
6816,6816,UPI,Paid,84964
6817,6817,Net Banking,Paid,304224
6818,6818,Credit Card,Paid,576820
6819,6819,UPI,Paid,370454
6820,6820,UPI,Paid,116914
6821,6821,Net Banking,Paid,113728
6822,6822,UPI,Paid,163360
6823,6823,Credit Card,Paid,101348
6824,6824,Credit Card,Paid,45040
6825,6825,UPI,Paid,433557
6826,6826,Credit Card,Paid,297374
6827,6827,UPI,Paid,51772
6828,6828,Credit Card,Paid,59668
6829,6829,Credit Card,Paid,118416
6830,6830,UPI,Paid,455733
6831,6831,Debit Card,Paid,286896
6832,6832,Cash,Paid,14652
6833,6833,Net Banking,Paid,142377
6834,6834,UPI,Failed,411808
6835,6835,Debit Card,Paid,14656
6836,6836,Net Banking,Paid,290465
6837,6837,UPI,Paid,118713
6838,6838,Credit Card,Paid,46982
6839,6839,Debit Card,Pending,188204
6840,6840,UPI,Paid,136400
6841,6841,UPI,Paid,331541
6842,6842,Net Banking,Paid,191908
6843,6843,UPI,Paid,52666
6844,6844,UPI,Pending,332540
6845,6845,Debit Card,Paid,88850
6846,6846,Credit Card,Paid,335826
6847,6847,UPI,Paid,91976
6848,6848,Credit Card,Paid,349335
6849,6849,Credit Card,Pending,13493
6850,6850,Cash,Paid,22360
6851,6851,Cash,Pending,345483
6852,6852,UPI,Paid,212710
6853,6853,Debit Card,Pending,345312
6854,6854,Net Banking,Paid,219258
6855,6855,UPI,Paid,219672
6856,6856,UPI,Paid,70473
6857,6857,Credit Card,Paid,43635
6858,6858,Credit Card,Pending,58160
6859,6859,Net Banking,Failed,49528
6860,6860,Debit Card,Paid,38306
6861,6861,UPI,Pending,188058
6862,6862,Credit Card,Paid,392630
6863,6863,UPI,Paid,231840
6864,6864,Net Banking,Pending,207475
6865,6865,Cash,Failed,100887
6866,6866,Credit Card,Paid,148818
6867,6867,UPI,Paid,95070
6868,6868,Debit Card,Paid,241812
6869,6869,UPI,Paid,51260
6870,6870,UPI,Paid,130320
6871,6871,Debit Card,Paid,15440
6872,6872,Credit Card,Paid,19742
6873,6873,UPI,Paid,167103
6874,6874,UPI,Paid,596300
6875,6875,UPI,Paid,26181
6876,6876,Debit Card,Paid,23841
6877,6877,UPI,Paid,279945
6878,6878,UPI,Pending,225456
6879,6879,UPI,Paid,52362
6880,6880,Debit Card,Paid,95212
6881,6881,UPI,Paid,130850
6882,6882,Credit Card,Failed,46629
6883,6883,Credit Card,Paid,106164
6884,6884,Net Banking,Paid,7667
6885,6885,UPI,Paid,271503
6886,6886,Credit Card,Paid,349706
6887,6887,UPI,Paid,243423
6888,6888,Net Banking,Paid,440091
6889,6889,Credit Card,Paid,409290
6890,6890,UPI,Paid,19482
6891,6891,Cash,Paid,314289
6892,6892,Credit Card,Paid,356811
6893,6893,UPI,Pending,336290
6894,6894,Credit Card,Paid,21624
6895,6895,UPI,Failed,306340
6896,6896,UPI,Failed,117576
6897,6897,UPI,Failed,445304
6898,6898,UPI,Paid,329728
6899,6899,Net Banking,Pending,71352
6900,6900,UPI,Paid,509730
6901,6901,Debit Card,Paid,347296
6902,6902,UPI,Paid,129423
6903,6903,Net Banking,Paid,76468
6904,6904,Debit Card,Paid,105834
6905,6905,UPI,Failed,127988
6906,6906,Credit Card,Paid,79700
6907,6907,UPI,Paid,293574
6908,6908,Credit Card,Paid,400572
6909,6909,Cash,Paid,167020
6910,6910,Debit Card,Paid,18176
6911,6911,UPI,Paid,48899
6912,6912,UPI,Paid,395748
6913,6913,Debit Card,Paid,380604
6914,6914,UPI,Paid,133100
6915,6915,UPI,Paid,90864
6916,6916,Credit Card,Paid,28772
6917,6917,UPI,Paid,60408
6918,6918,Cash,Paid,559890
6919,6919,Credit Card,Failed,41195
6920,6920,UPI,Paid,233883
6921,6921,UPI,Paid,55303
6922,6922,Credit Card,Paid,166314
6923,6923,UPI,Failed,50220
6924,6924,Credit Card,Paid,277732
6925,6925,UPI,Pending,399800
6926,6926,UPI,Paid,17454
6927,6927,Credit Card,Failed,71345
6928,6928,Credit Card,Paid,320944
6929,6929,Credit Card,Pending,247040
6930,6930,Cash,Paid,129280
6931,6931,Net Banking,Paid,116700
6932,6932,Debit Card,Failed,39272
6933,6933,Net Banking,Paid,258054
6934,6934,Cash,Paid,188048
6935,6935,Debit Card,Paid,117816
6936,6936,Net Banking,Paid,206946
6937,6937,UPI,Failed,75875
6938,6938,Credit Card,Paid,79352
6939,6939,Credit Card,Paid,157086
6940,6940,UPI,Paid,54155
6941,6941,Debit Card,Paid,135618
6942,6942,Credit Card,Paid,21747
6943,6943,UPI,Paid,489290
6944,6944,Net Banking,Paid,239885
6945,6945,UPI,Paid,271542
6946,6946,Cash,Paid,332540
6947,6947,UPI,Paid,35278
6948,6948,UPI,Paid,141153
6949,6949,UPI,Paid,66005
6950,6950,UPI,Paid,48949
6951,6951,UPI,Paid,77058
6952,6952,Credit Card,Paid,93118
6953,6953,Cash,Paid,210664
6954,6954,UPI,Paid,288704
6955,6955,Net Banking,Paid,81688
6956,6956,Credit Card,Paid,113946
6957,6957,Credit Card,Paid,104040
6958,6958,UPI,Pending,79010
6959,6959,Credit Card,Failed,72176
6960,6960,UPI,Paid,128150
6961,6961,Cash,Paid,157020
6962,6962,UPI,Failed,144112
6963,6963,Cash,Paid,151984
6964,6964,UPI,Paid,32986
6965,6965,UPI,Paid,28832
6966,6966,UPI,Failed,281112
6967,6967,Credit Card,Paid,117336
6968,6968,Credit Card,Paid,374332
6969,6969,Debit Card,Failed,60332
6970,6970,Credit Card,Paid,34720
6971,6971,Net Banking,Paid,215495
6972,6972,UPI,Paid,78543
6973,6973,Cash,Paid,16869
6974,6974,Debit Card,Paid,108815
6975,6975,Debit Card,Paid,73670
6976,6976,UPI,Paid,119410
6977,6977,Credit Card,Paid,503739
6978,6978,Debit Card,Paid,215460
6979,6979,Debit Card,Paid,514760
6980,6980,UPI,Failed,176826
6981,6981,Net Banking,Paid,301670
6982,6982,UPI,Paid,61738
6983,6983,UPI,Pending,293300
6984,6984,UPI,Paid,196994
6985,6985,Credit Card,Paid,130848
6986,6986,Credit Card,Paid,61350
6987,6987,Credit Card,Paid,41229
6988,6988,UPI,Paid,252810
6989,6989,Net Banking,Paid,69585
6990,6990,Credit Card,Paid,43972
6991,6991,Credit Card,Pending,127824
6992,6992,UPI,Paid,21649
6993,6993,Debit Card,Paid,248768
6994,6994,Credit Card,Paid,165512
6995,6995,Net Banking,Paid,28181
6996,6996,Net Banking,Paid,202425
6997,6997,Net Banking,Paid,166887
6998,6998,UPI,Paid,130720
6999,6999,Cash,Paid,119550
7000,7000,Credit Card,Paid,124978
7001,7001,UPI,Paid,27834
7002,7002,Credit Card,Paid,324583
7003,7003,UPI,Paid,129935
7004,7004,Credit Card,Paid,326102
7005,7005,Credit Card,Paid,160955
7006,7006,Credit Card,Paid,160955
7007,7007,Debit Card,Paid,87232
7008,7008,UPI,Paid,145350
7009,7009,UPI,Paid,243064
7010,7010,Cash,Failed,320856
7011,7011,Credit Card,Paid,39850
7012,7012,UPI,Paid,137305
7013,7013,UPI,Failed,235496
7014,7014,UPI,Paid,63090
7015,7015,Credit Card,Paid,437463
7016,7016,Net Banking,Paid,392400
7017,7017,UPI,Failed,372092
7018,7018,Credit Card,Failed,163116
7019,7019,UPI,Failed,211167
7020,7020,Credit Card,Paid,50732
7021,7021,Cash,Paid,359820
7022,7022,UPI,Pending,214360
7023,7023,Credit Card,Paid,15856
7024,7024,Debit Card,Paid,235578
7025,7025,Credit Card,Paid,90865
7026,7026,UPI,Paid,279084
7027,7027,UPI,Paid,103948
7028,7028,Debit Card,Paid,281420
7029,7029,Debit Card,Paid,141036
7030,7030,Credit Card,Paid,239885
7031,7031,Cash,Paid,101376
7032,7032,Credit Card,Paid,118528
7033,7033,Credit Card,Paid,357749
7034,7034,Cash,Paid,138544
7035,7035,UPI,Paid,431700
7036,7036,Credit Card,Paid,342643
7037,7037,Credit Card,Paid,481220
7038,7038,Credit Card,Paid,183952
7039,7039,UPI,Paid,44389
7040,7040,UPI,Failed,95856
7041,7041,UPI,Failed,379672
7042,7042,UPI,Paid,300681
7043,7043,Net Banking,Pending,166360
7044,7044,UPI,Pending,56502
7045,7045,Credit Card,Paid,31096
7046,7046,Debit Card,Pending,377829
7047,7047,Credit Card,Paid,89852
7048,7048,Net Banking,Paid,41195
7049,7049,Debit Card,Paid,199632
7050,7050,Credit Card,Paid,166383
7051,7051,UPI,Paid,309463
7052,7052,Debit Card,Failed,19754
7053,7053,UPI,Pending,308720
7054,7054,Credit Card,Paid,64164
7055,7055,Credit Card,Paid,215172
7056,7056,UPI,Paid,540230
7057,7057,Debit Card,Pending,206184
7058,7058,Debit Card,Paid,111188
7059,7059,Debit Card,Paid,115140
7060,7060,Credit Card,Pending,239072
7061,7061,Debit Card,Failed,89802
7062,7062,Debit Card,Paid,99400
7063,7063,UPI,Paid,52808
7064,7064,UPI,Paid,36040
7065,7065,UPI,Pending,426290
7066,7066,Debit Card,Failed,349706
7067,7067,UPI,Paid,111853
7068,7068,UPI,Paid,125826
7069,7069,UPI,Paid,332213
7070,7070,Debit Card,Paid,111768
7071,7071,Credit Card,Paid,503946
7072,7072,UPI,Paid,45509
7073,7073,UPI,Paid,359408
7074,7074,Credit Card,Failed,211555
7075,7075,Credit Card,Pending,159372
7076,7076,UPI,Paid,340249
7077,7077,Debit Card,Paid,39980
7078,7078,Debit Card,Paid,114702
7079,7079,Credit Card,Failed,109500
7080,7080,Net Banking,Failed,195500
7081,7081,Net Banking,Paid,88812
7082,7082,UPI,Paid,52804
7083,7083,Cash,Paid,253818
7084,7084,UPI,Failed,288704
7085,7085,Credit Card,Paid,71356
7086,7086,Net Banking,Paid,20475
7087,7087,UPI,Paid,387443
7088,7088,UPI,Paid,89270
7089,7089,Cash,Paid,70390
7090,7090,UPI,Paid,39624
7091,7091,Credit Card,Paid,342503
7092,7092,Cash,Paid,442792
7093,7093,UPI,Pending,144172
7094,7094,Cash,Paid,115615
7095,7095,UPI,Paid,118809
7096,7096,Debit Card,Paid,288738
7097,7097,UPI,Paid,36835
7098,7098,UPI,Failed,68589
7099,7099,UPI,Paid,126960
7100,7100,UPI,Paid,86542
7101,7101,Net Banking,Paid,237750
7102,7102,Cash,Paid,314104
7103,7103,UPI,Paid,215172
7104,7104,Debit Card,Paid,27735
7105,7105,UPI,Failed,378826
7106,7106,Credit Card,Paid,103445
7107,7107,Credit Card,Paid,307764
7108,7108,Cash,Paid,122787
7109,7109,Credit Card,Paid,246460
7110,7110,Net Banking,Paid,64524
7111,7111,Debit Card,Failed,175644
7112,7112,Net Banking,Paid,62913
7113,7113,Credit Card,Paid,420860
7114,7114,Net Banking,Paid,227356
7115,7115,UPI,Paid,278315
7116,7116,UPI,Paid,397873
7117,7117,Debit Card,Paid,306944
7118,7118,Credit Card,Paid,207456
7119,7119,UPI,Paid,136236
7120,7120,Net Banking,Failed,64043
7121,7121,Credit Card,Paid,403774
7122,7122,Cash,Pending,23338
7123,7123,Credit Card,Paid,25686
7124,7124,Credit Card,Paid,391958
7125,7125,UPI,Paid,55884
7126,7126,UPI,Paid,472860
7127,7127,UPI,Paid,12173
7128,7128,Net Banking,Paid,150891
7129,7129,UPI,Paid,86198
7130,7130,Debit Card,Paid,208593
7131,7131,Debit Card,Paid,42531
7132,7132,Credit Card,Paid,76210
7133,7133,UPI,Paid,385100
7134,7134,UPI,Paid,47934
7135,7135,Cash,Paid,33409
7136,7136,Net Banking,Paid,100680
7137,7137,UPI,Paid,139107
7138,7138,Credit Card,Paid,131500
7139,7139,UPI,Paid,123848
7140,7140,Debit Card,Paid,14859
7141,7141,UPI,Failed,50610
7142,7142,UPI,Paid,230448
7143,7143,UPI,Failed,138600
7144,7144,Cash,Paid,265239
7145,7145,UPI,Failed,553340
7146,7146,UPI,Pending,251034
7147,7147,UPI,Paid,33794
7148,7148,UPI,Paid,26418
7149,7149,UPI,Paid,360216
7150,7150,Credit Card,Failed,11858
7151,7151,Credit Card,Pending,170217
7152,7152,Debit Card,Paid,190760
7153,7153,Cash,Failed,179304
7154,7154,Credit Card,Failed,162558
7155,7155,Credit Card,Paid,184930
7156,7156,Credit Card,Paid,150552
7157,7157,Credit Card,Paid,191214
7158,7158,Net Banking,Paid,270130
7159,7159,UPI,Failed,461646
7160,7160,UPI,Paid,94660
7161,7161,Debit Card,Paid,144112
7162,7162,UPI,Paid,400560
7163,7163,UPI,Paid,50610
7164,7164,UPI,Paid,25169
7165,7165,Credit Card,Paid,202440
7166,7166,UPI,Paid,70152
7167,7167,Debit Card,Paid,33010
7168,7168,Net Banking,Paid,25092
7169,7169,UPI,Paid,288512
7170,7170,Cash,Paid,121532
7171,7171,UPI,Paid,156904
7172,7172,UPI,Paid,31869
7173,7173,UPI,Paid,26768
7174,7174,UPI,Paid,341481
7175,7175,UPI,Paid,23491
7176,7176,UPI,Paid,106383
7177,7177,Debit Card,Paid,66005
7178,7178,Credit Card,Paid,228928
7179,7179,UPI,Pending,102393
7180,7180,Credit Card,Pending,221336
7181,7181,Credit Card,Paid,487062
7182,7182,Net Banking,Paid,78452
7183,7183,UPI,Paid,52965
7184,7184,UPI,Paid,253780
7185,7185,Net Banking,Paid,168145
7186,7186,Debit Card,Paid,161286
7187,7187,Credit Card,Paid,341032
7188,7188,Debit Card,Paid,89061
7189,7189,Net Banking,Paid,86596
7190,7190,UPI,Pending,336290
7191,7191,UPI,Paid,531560
7192,7192,Debit Card,Paid,195685
7193,7193,UPI,Paid,13743
7194,7194,UPI,Failed,196525
7195,7195,UPI,Paid,131910
7196,7196,Credit Card,Paid,110698
7197,7197,Cash,Pending,13020
7198,7198,UPI,Paid,178200
7199,7199,UPI,Paid,239885
7200,7200,Credit Card,Paid,133100
7201,7201,Debit Card,Paid,88641
7202,7202,Cash,Paid,198120
7203,7203,Cash,Paid,40252
7204,7204,UPI,Paid,114147
7205,7205,Credit Card,Paid,230184
7206,7206,UPI,Paid,129510
7207,7207,UPI,Paid,171380
7208,7208,UPI,Paid,261600
7209,7209,UPI,Paid,137148
7210,7210,UPI,Pending,266688
7211,7211,Credit Card,Paid,42648
7212,7212,Debit Card,Paid,94451
7213,7213,UPI,Paid,41721
7214,7214,Debit Card,Paid,251595
7215,7215,Credit Card,Paid,352079
7216,7216,Credit Card,Paid,338076
7217,7217,Credit Card,Paid,450693
7218,7218,UPI,Paid,45745
7219,7219,Debit Card,Paid,92607
7220,7220,Net Banking,Paid,198380
7221,7221,Credit Card,Pending,44105
7222,7222,Debit Card,Failed,240020
7223,7223,Credit Card,Paid,130396
7224,7224,Cash,Paid,279180
7225,7225,UPI,Failed,89270
7226,7226,Credit Card,Paid,355758
7227,7227,UPI,Paid,92118
7228,7228,Credit Card,Paid,435650
7229,7229,UPI,Paid,50637
7230,7230,UPI,Paid,159040
7231,7231,Debit Card,Pending,360880
7232,7232,Debit Card,Paid,293573
7233,7233,UPI,Paid,59262
7234,7234,Net Banking,Paid,38105
7235,7235,Credit Card,Paid,34384
7236,7236,Debit Card,Paid,21365
7237,7237,Credit Card,Paid,217200
7238,7238,UPI,Paid,257710
7239,7239,UPI,Paid,282020
7240,7240,UPI,Paid,71646
7241,7241,UPI,Paid,457839
7242,7242,Credit Card,Paid,113326
7243,7243,Credit Card,Paid,325416
7244,7244,UPI,Pending,275790
7245,7245,Credit Card,Paid,151928
7246,7246,Credit Card,Failed,288738
7247,7247,Credit Card,Paid,41471
7248,7248,UPI,Paid,15525
7249,7249,Credit Card,Paid,223956
7250,7250,Net Banking,Paid,97120
7251,7251,Credit Card,Pending,77180
7252,7252,Debit Card,Paid,253370
7253,7253,Cash,Paid,36222
7254,7254,UPI,Paid,122472
7255,7255,UPI,Paid,141010
7256,7256,Debit Card,Paid,141010
7257,7257,Net Banking,Paid,114897
7258,7258,Credit Card,Paid,161310
7259,7259,Debit Card,Paid,47406
7260,7260,Cash,Paid,62667
7261,7261,Debit Card,Paid,217692
7262,7262,Net Banking,Paid,29524
7263,7263,UPI,Failed,9741
7264,7264,UPI,Paid,73280
7265,7265,Net Banking,Paid,156400
7266,7266,Credit Card,Paid,194106
7267,7267,Debit Card,Paid,226285
7268,7268,Debit Card,Paid,88650
7269,7269,UPI,Paid,291520
7270,7270,Debit Card,Paid,182036
7271,7271,Credit Card,Pending,15556
7272,7272,Debit Card,Failed,76959
7273,7273,Credit Card,Paid,96008
7274,7274,Credit Card,Failed,60408
7275,7275,Credit Card,Paid,121730
7276,7276,UPI,Paid,364365
7277,7277,UPI,Paid,182715
7278,7278,Net Banking,Paid,11941
7279,7279,Debit Card,Paid,195336
7280,7280,UPI,Paid,32786
7281,7281,UPI,Pending,348928
7282,7282,UPI,Paid,141112
7283,7283,UPI,Paid,124978
7284,7284,Cash,Paid,155500
7285,7285,UPI,Paid,20420
7286,7286,Debit Card,Paid,62667
7287,7287,UPI,Paid,53240
7288,7288,UPI,Pending,164612
7289,7289,UPI,Paid,239890
7290,7290,UPI,Paid,68540
7291,7291,UPI,Paid,299592
7292,7292,UPI,Paid,50973
7293,7293,Credit Card,Paid,88362
7294,7294,Credit Card,Paid,207228
7295,7295,Credit Card,Paid,163360
7296,7296,UPI,Pending,149024
7297,7297,UPI,Paid,15979
7298,7298,UPI,Paid,396760
7299,7299,UPI,Paid,12075
7300,7300,Debit Card,Paid,146970
7301,7301,UPI,Paid,510930
7302,7302,Credit Card,Paid,39781
7303,7303,Debit Card,Pending,83502
7304,7304,Credit Card,Pending,234672
7305,7305,Credit Card,Paid,387338
7306,7306,Debit Card,Failed,236187
7307,7307,Credit Card,Paid,149170
7308,7308,Credit Card,Paid,62760
7309,7309,UPI,Pending,271503
7310,7310,Credit Card,Paid,425248
7311,7311,UPI,Failed,185875
7312,7312,Net Banking,Paid,265776
7313,7313,Credit Card,Paid,41378
7314,7314,UPI,Paid,489290
7315,7315,UPI,Paid,111336
7316,7316,Credit Card,Paid,397810
7317,7317,Cash,Paid,218424
7318,7318,UPI,Paid,380799
7319,7319,Credit Card,Failed,534420
7320,7320,Credit Card,Paid,188048
7321,7321,UPI,Paid,431838
7322,7322,UPI,Paid,135176
7323,7323,Net Banking,Paid,227940
7324,7324,Net Banking,Paid,461456
7325,7325,UPI,Paid,123648
7326,7326,Credit Card,Paid,259626
7327,7327,Credit Card,Paid,28181
7328,7328,Credit Card,Pending,123970
7329,7329,Net Banking,Paid,18111
7330,7330,Cash,Paid,40377
7331,7331,UPI,Paid,109629
7332,7332,UPI,Pending,351776
7333,7333,UPI,Paid,217692
7334,7334,Credit Card,Failed,335496
7335,7335,Net Banking,Paid,396945
7336,7336,UPI,Paid,288738
7337,7337,Cash,Paid,101382
7338,7338,Credit Card,Paid,101780
7339,7339,Net Banking,Paid,139758
7340,7340,UPI,Paid,113810
7341,7341,UPI,Paid,39640
7342,7342,Debit Card,Paid,57612
7343,7343,Credit Card,Paid,221752
7344,7344,Cash,Paid,379170
7345,7345,UPI,Pending,75980
7346,7346,UPI,Paid,16702
7347,7347,Debit Card,Pending,136400
7348,7348,UPI,Paid,382990
7349,7349,Cash,Paid,252360
7350,7350,Cash,Paid,144573
7351,7351,UPI,Failed,341000
7352,7352,Credit Card,Paid,56590
7353,7353,Cash,Failed,51609
7354,7354,Credit Card,Paid,15543
7355,7355,UPI,Pending,331300
7356,7356,Net Banking,Paid,158704
7357,7357,Cash,Failed,257710
7358,7358,Credit Card,Paid,199900
7359,7359,Credit Card,Paid,80432
7360,7360,UPI,Paid,73956
7361,7361,UPI,Paid,546498
7362,7362,UPI,Paid,7076
7363,7363,UPI,Paid,165909
7364,7364,Credit Card,Paid,244216
7365,7365,Debit Card,Paid,180369
7366,7366,UPI,Paid,99864
7367,7367,Net Banking,Paid,92607
7368,7368,UPI,Paid,444249
7369,7369,Net Banking,Paid,142818
7370,7370,Credit Card,Paid,77058
7371,7371,Net Banking,Paid,48393
7372,7372,Net Banking,Paid,196130
7373,7373,UPI,Paid,111853
7374,7374,UPI,Paid,50823
7375,7375,Credit Card,Paid,34364
7376,7376,Credit Card,Paid,181909
7377,7377,Debit Card,Paid,53590
7378,7378,Debit Card,Paid,290465
7379,7379,Cash,Paid,271593
7380,7380,UPI,Paid,23775
7381,7381,Net Banking,Paid,218168
7382,7382,UPI,Paid,133088
7383,7383,UPI,Paid,18567
7384,7384,UPI,Paid,88890
7385,7385,Credit Card,Paid,313530
7386,7386,UPI,Paid,30527
7387,7387,Debit Card,Paid,84426
7388,7388,Cash,Pending,61370
7389,7389,UPI,Paid,427131
7390,7390,Debit Card,Paid,461601
7391,7391,Debit Card,Paid,38498
7392,7392,Debit Card,Paid,378288
7393,7393,Credit Card,Failed,534560
7394,7394,Credit Card,Failed,356139
7395,7395,UPI,Paid,54048
7396,7396,UPI,Paid,140598
7397,7397,Credit Card,Paid,457407
7398,7398,UPI,Failed,43625
7399,7399,Net Banking,Paid,61788
7400,7400,UPI,Failed,154040
7401,7401,UPI,Paid,354718
7402,7402,UPI,Paid,77780
7403,7403,UPI,Paid,114786
7404,7404,UPI,Paid,64382
7405,7405,Credit Card,Paid,531560
7406,7406,Credit Card,Paid,209905
7407,7407,Net Banking,Paid,308430
7408,7408,Credit Card,Pending,232570
7409,7409,Credit Card,Pending,387081
7410,7410,Credit Card,Paid,108046
7411,7411,Credit Card,Pending,83800
7412,7412,Credit Card,Paid,43716
7413,7413,Credit Card,Paid,228382
7414,7414,UPI,Failed,445304
7415,7415,UPI,Paid,137964
7416,7416,Credit Card,Paid,28806
7417,7417,UPI,Paid,65004
7418,7418,Credit Card,Pending,57464
7419,7419,Debit Card,Failed,138738
7420,7420,UPI,Pending,156404
7421,7421,Net Banking,Paid,286350
7422,7422,Net Banking,Failed,142818
7423,7423,Credit Card,Paid,246904
7424,7424,Debit Card,Paid,395748
7425,7425,Debit Card,Pending,163366
7426,7426,UPI,Paid,123060
7427,7427,Credit Card,Paid,329860
7428,7428,Debit Card,Failed,411530
7429,7429,UPI,Paid,15884
7430,7430,Net Banking,Pending,78610
7431,7431,Credit Card,Paid,410265
7432,7432,Credit Card,Paid,39263
7433,7433,UPI,Paid,120168
7434,7434,Debit Card,Paid,143080
7435,7435,UPI,Paid,222076
7436,7436,UPI,Paid,370952
7437,7437,UPI,Paid,88650
7438,7438,UPI,Paid,344736
7439,7439,Net Banking,Paid,50220
7440,7440,UPI,Failed,140886
7441,7441,Net Banking,Paid,211554
7442,7442,Net Banking,Paid,257710
7443,7443,Debit Card,Paid,139950
7444,7444,UPI,Paid,349706
7445,7445,Cash,Paid,103502
7446,7446,Credit Card,Paid,167982
7447,7447,Credit Card,Paid,74855
7448,7448,UPI,Paid,349335
7449,7449,Debit Card,Paid,67258
7450,7450,UPI,Paid,44913
7451,7451,UPI,Paid,230728
7452,7452,UPI,Paid,120456
7453,7453,Cash,Paid,26624
7454,7454,Credit Card,Paid,64872
7455,7455,UPI,Paid,199900
7456,7456,Net Banking,Paid,250369
7457,7457,Net Banking,Paid,182715
7458,7458,Net Banking,Paid,83700
7459,7459,Net Banking,Paid,60992
7460,7460,Credit Card,Paid,52365
7461,7461,Net Banking,Failed,19652
7462,7462,Debit Card,Paid,66145
7463,7463,UPI,Paid,277920
7464,7464,UPI,Paid,36596
7465,7465,Cash,Paid,80236
7466,7466,UPI,Paid,478144
7467,7467,UPI,Paid,112458
7468,7468,Cash,Failed,157908
7469,7469,Debit Card,Paid,304128
7470,7470,UPI,Paid,104372
7471,7471,Credit Card,Pending,243035
7472,7472,UPI,Paid,266176
7473,7473,Debit Card,Paid,489290
7474,7474,UPI,Failed,34100
7475,7475,Cash,Paid,553340
7476,7476,Credit Card,Paid,85258
7477,7477,Credit Card,Paid,236430
7478,7478,Credit Card,Paid,348520
7479,7479,Credit Card,Paid,17578
7480,7480,Credit Card,Paid,334075
7481,7481,UPI,Pending,105834
7482,7482,Cash,Paid,88362
7483,7483,Debit Card,Failed,126098
7484,7484,Debit Card,Paid,130011
7485,7485,Credit Card,Paid,159790
7486,7486,Cash,Paid,282114
7487,7487,Credit Card,Failed,366534
7488,7488,Debit Card,Paid,360880
7489,7489,Debit Card,Paid,47050
7490,7490,Debit Card,Paid,42608
7491,7491,UPI,Paid,88311
7492,7492,UPI,Paid,115494
7493,7493,UPI,Paid,68943
7494,7494,UPI,Paid,21456
7495,7495,Cash,Paid,153090
7496,7496,Credit Card,Paid,214572
7497,7497,UPI,Paid,314482
7498,7498,UPI,Paid,46982
7499,7499,UPI,Paid,257710
7500,7500,Net Banking,Paid,423459
7501,7501,Net Banking,Paid,247650
7502,7502,UPI,Paid,33254
7503,7503,UPI,Paid,262368
7504,7504,Credit Card,Failed,29136
7505,7505,Debit Card,Paid,71036
7506,7506,UPI,Paid,66909
7507,7507,Credit Card,Paid,126098
7508,7508,Credit Card,Pending,231540
7509,7509,Cash,Paid,53310
7510,7510,UPI,Paid,97036
7511,7511,Net Banking,Paid,12285
7512,7512,Credit Card,Paid,8876
7513,7513,UPI,Paid,283980
7514,7514,UPI,Paid,170500
7515,7515,UPI,Paid,41378
7516,7516,Net Banking,Paid,576290
7517,7517,Credit Card,Pending,447912
7518,7518,Credit Card,Paid,353349
7519,7519,Debit Card,Paid,232794
7520,7520,UPI,Paid,373500
7521,7521,Debit Card,Paid,201510
7522,7522,UPI,Paid,29518
7523,7523,Credit Card,Paid,14967
7524,7524,UPI,Paid,167216
7525,7525,Credit Card,Pending,151440
7526,7526,Net Banking,Paid,208107
7527,7527,Debit Card,Paid,151915
7528,7528,Debit Card,Paid,271180
7529,7529,Credit Card,Paid,188048
7530,7530,Debit Card,Paid,183804
7531,7531,UPI,Paid,206436
7532,7532,Cash,Pending,313430
7533,7533,Credit Card,Paid,449622
7534,7534,Credit Card,Paid,425970
7535,7535,Credit Card,Failed,19648
7536,7536,Debit Card,Paid,10591
7537,7537,UPI,Paid,378904
7538,7538,UPI,Paid,41229
7539,7539,UPI,Paid,69300
7540,7540,Debit Card,Paid,21700
7541,7541,Net Banking,Paid,354718
7542,7542,Credit Card,Paid,481220
7543,7543,Credit Card,Paid,113015
7544,7544,Cash,Paid,32680
7545,7545,Credit Card,Pending,61788
7546,7546,Debit Card,Paid,332880
7547,7547,Debit Card,Paid,50610
7548,7548,Credit Card,Paid,240865
7549,7549,Debit Card,Paid,78610
7550,7550,Net Banking,Paid,362718
7551,7551,UPI,Paid,57546
7552,7552,Cash,Paid,341034
7553,7553,Debit Card,Paid,130850
7554,7554,UPI,Pending,170968
7555,7555,Cash,Paid,307804
7556,7556,Cash,Paid,43565
7557,7557,Credit Card,Paid,19550
7558,7558,UPI,Paid,167103
7559,7559,Credit Card,Paid,219636
7560,7560,Debit Card,Paid,25976
7561,7561,UPI,Paid,59264
7562,7562,UPI,Paid,106312
7563,7563,UPI,Paid,71352
7564,7564,Debit Card,Paid,287568
7565,7565,Debit Card,Failed,167045
7566,7566,Cash,Pending,169989
7567,7567,UPI,Paid,52922
7568,7568,UPI,Failed,27447
7569,7569,Cash,Paid,28773
7570,7570,UPI,Failed,99239
7571,7571,Credit Card,Paid,18489
7572,7572,Credit Card,Paid,282639
7573,7573,UPI,Paid,130221
7574,7574,UPI,Paid,111900
7575,7575,Credit Card,Pending,31773
7576,7576,Debit Card,Paid,18913
7577,7577,Credit Card,Paid,76468
7578,7578,Cash,Paid,335216
7579,7579,Credit Card,Paid,119440
7580,7580,UPI,Failed,44528
7581,7581,Credit Card,Paid,113751
7582,7582,Credit Card,Paid,139590
7583,7583,UPI,Paid,403020
7584,7584,UPI,Paid,360332
7585,7585,Credit Card,Paid,85062
7586,7586,Credit Card,Failed,55519
7587,7587,UPI,Failed,73192
7588,7588,UPI,Failed,170954
7589,7589,UPI,Paid,117816
7590,7590,UPI,Paid,100680
7591,7591,Credit Card,Pending,22706
7592,7592,Credit Card,Paid,146847
7593,7593,Cash,Paid,264180
7594,7594,Debit Card,Paid,53476
7595,7595,UPI,Paid,98358
7596,7596,Credit Card,Paid,296874
7597,7597,Net Banking,Paid,79700
7598,7598,Credit Card,Paid,282020
7599,7599,Cash,Paid,157012
7600,7600,Net Banking,Paid,31869
7601,7601,UPI,Paid,183780
7602,7602,UPI,Paid,55910
7603,7603,Net Banking,Paid,235518
7604,7604,Net Banking,Failed,452673
7605,7605,Net Banking,Paid,97750
7606,7606,UPI,Paid,156900
7607,7607,UPI,Paid,169770
7608,7608,UPI,Paid,190335
7609,7609,UPI,Paid,369744
7610,7610,UPI,Paid,301670
7611,7611,Debit Card,Paid,180620
7612,7612,Credit Card,Paid,576290
7613,7613,Credit Card,Paid,61524
7614,7614,UPI,Paid,25976
7615,7615,UPI,Failed,109748
7616,7616,UPI,Paid,329860
7617,7617,UPI,Paid,400240
7618,7618,UPI,Paid,17455
7619,7619,Credit Card,Paid,187430
7620,7620,UPI,Failed,436000
7621,7621,UPI,Paid,169506
7622,7622,UPI,Paid,59397
7623,7623,Credit Card,Paid,144352
7624,7624,Net Banking,Paid,266670
7625,7625,Credit Card,Paid,58908
7626,7626,Cash,Paid,15242
7627,7627,Cash,Paid,80304
7628,7628,Net Banking,Failed,99864
7629,7629,Net Banking,Paid,462303
7630,7630,Credit Card,Paid,259870
7631,7631,UPI,Paid,442792
7632,7632,UPI,Failed,196364
7633,7633,Cash,Paid,321540
7634,7634,Net Banking,Paid,46688
7635,7635,Credit Card,Paid,14859
7636,7636,UPI,Paid,53762
7637,7637,UPI,Paid,106884
7638,7638,Credit Card,Paid,30296
7639,7639,Credit Card,Paid,118818
7640,7640,Debit Card,Paid,126702
7641,7641,Credit Card,Paid,177780
7642,7642,Debit Card,Paid,177597
7643,7643,Credit Card,Paid,71325
7644,7644,UPI,Paid,80754
7645,7645,Debit Card,Paid,226030
7646,7646,Debit Card,Paid,178390
7647,7647,UPI,Paid,45745
7648,7648,UPI,Paid,218336
7649,7649,Credit Card,Paid,423376
7650,7650,UPI,Paid,173124
7651,7651,Net Banking,Paid,296870
7652,7652,Credit Card,Paid,149944
7653,7653,Credit Card,Paid,310392
7654,7654,UPI,Paid,476298
7655,7655,UPI,Paid,15690
7656,7656,Cash,Paid,50338
7657,7657,Net Banking,Paid,157052
7658,7658,UPI,Paid,30634
7659,7659,Debit Card,Paid,60968
7660,7660,Net Banking,Paid,109290
7661,7661,Credit Card,Failed,90498
7662,7662,UPI,Failed,44358
7663,7663,UPI,Paid,124978
7664,7664,UPI,Paid,40592
7665,7665,Net Banking,Paid,239072
7666,7666,UPI,Failed,47286
7667,7667,Credit Card,Paid,70389
7668,7668,Net Banking,Failed,47406
7669,7669,UPI,Pending,126855
7670,7670,Credit Card,Paid,151014
7671,7671,UPI,Failed,174330
7672,7672,Net Banking,Paid,307790
7673,7673,UPI,Paid,3247
7674,7674,Credit Card,Failed,283688
7675,7675,Credit Card,Paid,96786
7676,7676,Debit Card,Paid,216160
7677,7677,UPI,Paid,141162
7678,7678,UPI,Pending,133167
7679,7679,UPI,Paid,124344
7680,7680,UPI,Failed,222076
7681,7681,UPI,Paid,301693
7682,7682,UPI,Paid,511551
7683,7683,UPI,Failed,52350
7684,7684,UPI,Paid,157052
7685,7685,UPI,Paid,43600
7686,7686,Net Banking,Failed,36596
7687,7687,UPI,Paid,242590
7688,7688,UPI,Pending,341310
7689,7689,Net Banking,Failed,117576
7690,7690,Net Banking,Paid,68200
7691,7691,Cash,Pending,248826
7692,7692,UPI,Paid,99816
7693,7693,Debit Card,Paid,96246
7694,7694,Debit Card,Paid,7667
7695,7695,Credit Card,Paid,315996
7696,7696,UPI,Paid,237172
7697,7697,Net Banking,Paid,25638
7698,7698,UPI,Pending,34908
7699,7699,Credit Card,Paid,59598
7700,7700,Credit Card,Pending,184890
7701,7701,UPI,Failed,195336
7702,7702,UPI,Paid,28115
7703,7703,UPI,Paid,97688
7704,7704,UPI,Pending,119336
7705,7705,Debit Card,Pending,156558
7706,7706,UPI,Paid,98358
7707,7707,Credit Card,Paid,244220
7708,7708,Net Banking,Paid,360504
7709,7709,Debit Card,Paid,131215
7710,7710,Credit Card,Paid,48536
7711,7711,UPI,Paid,198112
7712,7712,Cash,Pending,46852
7713,7713,Debit Card,Failed,145821
7714,7714,Net Banking,Paid,61383
7715,7715,Debit Card,Paid,30863
7716,7716,Cash,Paid,47746
7717,7717,Net Banking,Paid,173084
7718,7718,UPI,Paid,330588
7719,7719,Debit Card,Paid,355112
7720,7720,UPI,Paid,115920
7721,7721,UPI,Paid,120456
7722,7722,Credit Card,Paid,128226
7723,7723,UPI,Paid,44606
7724,7724,Cash,Pending,231903
7725,7725,Credit Card,Paid,256675
7726,7726,Net Banking,Paid,72093
7727,7727,Credit Card,Paid,175880
7728,7728,UPI,Failed,56973
7729,7729,Debit Card,Paid,192059
7730,7730,UPI,Paid,309276
7731,7731,Cash,Paid,242590
7732,7732,Credit Card,Paid,134848
7733,7733,Credit Card,Paid,129474
7734,7734,Credit Card,Paid,68943
7735,7735,UPI,Paid,156522
7736,7736,Debit Card,Paid,119196
7737,7737,Cash,Pending,179260
7738,7738,Net Banking,Paid,266670
7739,7739,Debit Card,Paid,140640
7740,7740,UPI,Paid,152040
7741,7741,UPI,Paid,20296
7742,7742,Debit Card,Paid,61260
7743,7743,Cash,Failed,217692
7744,7744,Cash,Paid,435650
7745,7745,Credit Card,Pending,72804
7746,7746,UPI,Pending,452574
7747,7747,Net Banking,Pending,151984
7748,7748,UPI,Pending,24259
7749,7749,Credit Card,Paid,89840
7750,7750,Net Banking,Pending,80432
7751,7751,UPI,Pending,18935
7752,7752,UPI,Paid,461601
7753,7753,Credit Card,Paid,216083
7754,7754,Credit Card,Paid,392400
7755,7755,Debit Card,Paid,33254
7756,7756,Cash,Paid,28202
7757,7757,Credit Card,Paid,288145
7758,7758,Debit Card,Paid,239580
7759,7759,UPI,Paid,174330
7760,7760,Credit Card,Paid,59376
7761,7761,UPI,Pending,190340
7762,7762,Credit Card,Paid,15856
7763,7763,Debit Card,Paid,63208
7764,7764,UPI,Paid,514760
7765,7765,Debit Card,Paid,151915
7766,7766,Cash,Paid,168970
7767,7767,Debit Card,Paid,275607
7768,7768,Debit Card,Paid,35767
7769,7769,Debit Card,Paid,51289
7770,7770,UPI,Paid,41850
7771,7771,Credit Card,Paid,133100
7772,7772,Debit Card,Pending,217825
7773,7773,UPI,Failed,258054
7774,7774,Cash,Paid,195480
7775,7775,UPI,Paid,303920
7776,7776,UPI,Pending,142818
7777,7777,Credit Card,Failed,391797
7778,7778,Debit Card,Paid,76944
7779,7779,UPI,Paid,234837
7780,7780,UPI,Paid,10131
7781,7781,Net Banking,Failed,212410
7782,7782,Credit Card,Paid,253818
7783,7783,UPI,Pending,134848
7784,7784,UPI,Paid,66005
7785,7785,Net Banking,Pending,125208
7786,7786,Debit Card,Paid,223950
7787,7787,Credit Card,Paid,27950
7788,7788,Credit Card,Paid,180824
7789,7789,UPI,Failed,25987
7790,7790,UPI,Paid,330588
7791,7791,UPI,Paid,70389
7792,7792,UPI,Paid,158284
7793,7793,UPI,Paid,54042
7794,7794,UPI,Paid,214438
7795,7795,UPI,Paid,140556
7796,7796,UPI,Failed,74196
7797,7797,Debit Card,Pending,251690
7798,7798,Credit Card,Paid,61924
7799,7799,UPI,Paid,97878
7800,7800,UPI,Pending,541550
7801,7801,Net Banking,Paid,279180
7802,7802,Net Banking,Paid,55884
7803,7803,Credit Card,Paid,40272
7804,7804,Credit Card,Paid,205488
7805,7805,Cash,Paid,91581
7806,7806,Credit Card,Paid,195796
7807,7807,UPI,Pending,87270
7808,7808,Cash,Paid,197920
7809,7809,Credit Card,Paid,263832
7810,7810,Credit Card,Paid,95868
7811,7811,UPI,Paid,110698
7812,7812,Debit Card,Failed,78968
7813,7813,UPI,Paid,143328
7814,7814,UPI,Failed,359345
7815,7815,Net Banking,Paid,297990
7816,7816,UPI,Paid,88716
7817,7817,Cash,Paid,196130
7818,7818,UPI,Paid,38498
7819,7819,Credit Card,Failed,55303
7820,7820,UPI,Paid,133636
7821,7821,Credit Card,Paid,166410
7822,7822,Cash,Paid,261600
7823,7823,Debit Card,Paid,174400
7824,7824,UPI,Failed,507560
7825,7825,UPI,Pending,164622
7826,7826,Net Banking,Paid,194145
7827,7827,Credit Card,Paid,366060
7828,7828,Credit Card,Paid,252468
7829,7829,Credit Card,Pending,260225
7830,7830,Debit Card,Failed,99030
7831,7831,Net Banking,Paid,41195
7832,7832,UPI,Paid,70312
7833,7833,Debit Card,Paid,126760
7834,7834,Debit Card,Failed,97798
7835,7835,Debit Card,Paid,388672
7836,7836,UPI,Paid,279550
7837,7837,Debit Card,Failed,410312
7838,7838,UPI,Paid,233379
7839,7839,Debit Card,Paid,147710
7840,7840,Net Banking,Paid,114928
7841,7841,Credit Card,Paid,106383
7842,7842,Credit Card,Paid,81864
7843,7843,Debit Card,Failed,67809
7844,7844,Net Banking,Paid,100680
7845,7845,UPI,Paid,95380
7846,7846,Net Banking,Paid,225990
7847,7847,Credit Card,Paid,29304
7848,7848,UPI,Paid,279945
7849,7849,UPI,Paid,199215
7850,7850,UPI,Failed,306411
7851,7851,UPI,Paid,364072
7852,7852,Debit Card,Paid,10299
7853,7853,UPI,Paid,56590
7854,7854,UPI,Paid,147620
7855,7855,Debit Card,Pending,314289
7856,7856,Net Banking,Paid,30166
7857,7857,UPI,Pending,483858
7858,7858,Cash,Paid,175800
7859,7859,Cash,Paid,95450
7860,7860,Cash,Failed,163130
7861,7861,Credit Card,Paid,72093
7862,7862,Credit Card,Paid,287862
7863,7863,Cash,Paid,214356
7864,7864,Credit Card,Paid,57228
7865,7865,Credit Card,Paid,172710
7866,7866,Credit Card,Paid,144496
7867,7867,Net Banking,Paid,261008
7868,7868,UPI,Paid,88839
7869,7869,UPI,Paid,387891
7870,7870,Net Banking,Pending,74855
7871,7871,Debit Card,Paid,67984
7872,7872,Debit Card,Paid,342900
7873,7873,UPI,Paid,211688
7874,7874,Credit Card,Paid,150735
7875,7875,UPI,Paid,126777
7876,7876,Credit Card,Paid,236815
7877,7877,UPI,Paid,156522
7878,7878,Debit Card,Paid,214356
7879,7879,UPI,Paid,102300
7880,7880,Credit Card,Paid,351909
7881,7881,Debit Card,Failed,423200
7882,7882,UPI,Paid,420860
7883,7883,UPI,Failed,59094
7884,7884,Credit Card,Paid,266469
7885,7885,UPI,Paid,129813
7886,7886,UPI,Paid,175535
7887,7887,UPI,Paid,18991
7888,7888,Cash,Failed,282639
7889,7889,UPI,Paid,65241
7890,7890,Cash,Pending,93300
7891,7891,UPI,Paid,307804
7892,7892,UPI,Failed,36543
7893,7893,UPI,Failed,254256
7894,7894,Credit Card,Paid,40775
7895,7895,Credit Card,Paid,289719
7896,7896,UPI,Paid,101480
7897,7897,Debit Card,Paid,22762
7898,7898,UPI,Paid,68726
7899,7899,Credit Card,Failed,42784
7900,7900,Credit Card,Paid,332213
7901,7901,Net Banking,Failed,142832
7902,7902,Net Banking,Paid,160864
7903,7903,UPI,Failed,48393
7904,7904,UPI,Paid,402376
7905,7905,UPI,Failed,55303
7906,7906,Cash,Paid,234672
7907,7907,Cash,Paid,90441
7908,7908,UPI,Pending,127072
7909,7909,Debit Card,Paid,278950
7910,7910,Credit Card,Paid,130221
7911,7911,UPI,Paid,236192
7912,7912,Net Banking,Paid,249480
7913,7913,Credit Card,Paid,161755
7914,7914,Debit Card,Paid,249790
7915,7915,Debit Card,Failed,105844
7916,7916,UPI,Paid,279354
7917,7917,Net Banking,Pending,283688
7918,7918,UPI,Paid,123687
7919,7919,Net Banking,Paid,382338
7920,7920,Debit Card,Paid,232904
7921,7921,UPI,Paid,15242
7922,7922,Debit Card,Pending,46782
7923,7923,Credit Card,Paid,52186
7924,7924,UPI,Paid,415051
7925,7925,Credit Card,Paid,495882
7926,7926,Cash,Paid,70390
7927,7927,Cash,Failed,217470
7928,7928,UPI,Failed,132939
7929,7929,Cash,Paid,50118
7930,7930,Credit Card,Pending,125253
7931,7931,Net Banking,Failed,222540
7932,7932,UPI,Paid,405720
7933,7933,UPI,Paid,31170
7934,7934,Net Banking,Failed,23338
7935,7935,UPI,Paid,265776
7936,7936,UPI,Paid,324210
7937,7937,Net Banking,Paid,24225
7938,7938,Credit Card,Failed,115335
7939,7939,UPI,Paid,198243
7940,7940,UPI,Failed,102540
7941,7941,UPI,Paid,47792
7942,7942,UPI,Paid,341034
7943,7943,Cash,Paid,118072
7944,7944,Cash,Paid,104724
7945,7945,Debit Card,Paid,39304
7946,7946,Debit Card,Paid,54750
7947,7947,UPI,Paid,82550
7948,7948,Cash,Paid,73280
7949,7949,Cash,Pending,536670
7950,7950,Credit Card,Paid,121730
7951,7951,UPI,Paid,85260
7952,7952,Credit Card,Pending,145608
7953,7953,Credit Card,Paid,184110
7954,7954,UPI,Paid,100188
7955,7955,UPI,Failed,50297
7956,7956,Credit Card,Paid,401180
7957,7957,Credit Card,Paid,169212
7958,7958,UPI,Failed,152064
7959,7959,UPI,Pending,78255
7960,7960,Cash,Failed,245072
7961,7961,Debit Card,Paid,51476
7962,7962,Credit Card,Paid,341034
7963,7963,Debit Card,Pending,318248
7964,7964,Credit Card,Paid,452570
7965,7965,UPI,Paid,58590
7966,7966,Cash,Paid,25429
7967,7967,UPI,Paid,494442
7968,7968,UPI,Paid,33794
7969,7969,UPI,Failed,228224
7970,7970,Cash,Paid,41196
7971,7971,UPI,Paid,108046
7972,7972,Cash,Pending,45040
7973,7973,UPI,Pending,70053
7974,7974,Credit Card,Paid,125700
7975,7975,UPI,Failed,47363
7976,7976,UPI,Paid,128430
7977,7977,Debit Card,Paid,177144
7978,7978,UPI,Paid,76336
7979,7979,Net Banking,Paid,25638
7980,7980,UPI,Pending,166621
7981,7981,UPI,Paid,304536
7982,7982,Credit Card,Pending,239885
7983,7983,UPI,Paid,150320
7984,7984,Net Banking,Paid,91902
7985,7985,UPI,Failed,472860
7986,7986,Credit Card,Paid,144112
7987,7987,Net Banking,Paid,155600
7988,7988,Credit Card,Failed,37210
7989,7989,UPI,Paid,235518
7990,7990,UPI,Paid,79225
7991,7991,Credit Card,Paid,28115
7992,7992,UPI,Failed,217470
7993,7993,Debit Card,Paid,15556
7994,7994,UPI,Pending,192488
7995,7995,Debit Card,Paid,102578
7996,7996,Credit Card,Pending,31280
7997,7997,Debit Card,Failed,63546
7998,7998,Credit Card,Paid,88362
7999,7999,UPI,Pending,60334
8000,8000,Debit Card,Paid,198780
8001,8001,Credit Card,Failed,224600
8002,8002,UPI,Paid,310960
8003,8003,UPI,Paid,123288
8004,8004,UPI,Paid,71008
8005,8005,Credit Card,Paid,347310
8006,8006,Credit Card,Paid,113530
8007,8007,UPI,Paid,18935
8008,8008,Credit Card,Paid,126760
8009,8009,UPI,Paid,56284
8010,8010,UPI,Failed,129935
8011,8011,UPI,Paid,168312
8012,8012,Credit Card,Paid,30897
8013,8013,Credit Card,Paid,102588
8014,8014,Credit Card,Paid,42542
8015,8015,Net Banking,Paid,154960
8016,8016,Cash,Paid,201080
8017,8017,Credit Card,Paid,329454
8018,8018,Cash,Paid,63536
8019,8019,UPI,Pending,15175
8020,8020,Debit Card,Failed,84225
8021,8021,UPI,Paid,253440
8022,8022,UPI,Paid,64702
8023,8023,Net Banking,Paid,56663
8024,8024,Cash,Paid,19880
8025,8025,Net Banking,Paid,69300
8026,8026,UPI,Failed,87690
8027,8027,UPI,Paid,176622
8028,8028,UPI,Paid,36621
8029,8029,Debit Card,Paid,41275
8030,8030,UPI,Paid,461646
8031,8031,UPI,Paid,190340
8032,8032,Credit Card,Paid,274160
8033,8033,Net Banking,Paid,226360
8034,8034,Net Banking,Paid,382878
8035,8035,Debit Card,Paid,107944
8036,8036,UPI,Paid,151668
8037,8037,UPI,Paid,41472
8038,8038,Credit Card,Pending,41495
8039,8039,Credit Card,Paid,301670
8040,8040,Debit Card,Paid,40929
8041,8041,UPI,Paid,134516
8042,8042,UPI,Paid,132888
8043,8043,Credit Card,Paid,204792
8044,8044,Net Banking,Paid,452940
8045,8045,Debit Card,Paid,173628
8046,8046,Net Banking,Paid,476298
8047,8047,Debit Card,Paid,48607
8048,8048,UPI,Paid,64043
8049,8049,Cash,Paid,82550
8050,8050,UPI,Pending,85216
8051,8051,UPI,Paid,169575
8052,8052,Credit Card,Paid,27067
8053,8053,Debit Card,Paid,33010
8054,8054,Net Banking,Paid,84543
8055,8055,UPI,Paid,39450
8056,8056,Credit Card,Paid,98180
8057,8057,Net Banking,Paid,53190
8058,8058,Net Banking,Paid,78506
8059,8059,Cash,Paid,263330
8060,8060,Cash,Paid,109480
8061,8061,UPI,Pending,91869
8062,8062,Credit Card,Paid,229940
8063,8063,UPI,Paid,445080
8064,8064,Cash,Paid,29630
8065,8065,UPI,Paid,36621
8066,8066,UPI,Paid,77658
8067,8067,UPI,Paid,146280
8068,8068,UPI,Paid,89056
8069,8069,Net Banking,Paid,289146
8070,8070,Credit Card,Paid,163215
8071,8071,Credit Card,Paid,36346
8072,8072,Credit Card,Paid,56150
8073,8073,UPI,Paid,229825
8074,8074,Debit Card,Paid,309276
8075,8075,Cash,Paid,102588
8076,8076,UPI,Paid,534573
8077,8077,Debit Card,Paid,157086
8078,8078,UPI,Paid,265930
8079,8079,UPI,Paid,173250
8080,8080,UPI,Paid,68768
8081,8081,UPI,Paid,128430
8082,8082,UPI,Failed,23888
8083,8083,UPI,Paid,58512
8084,8084,Credit Card,Paid,128421
8085,8085,Cash,Paid,86319
8086,8086,UPI,Pending,64113
8087,8087,Credit Card,Paid,50756
8088,8088,Debit Card,Paid,59226
8089,8089,Cash,Paid,221945
8090,8090,Credit Card,Pending,19698
8091,8091,UPI,Pending,545770
8092,8092,UPI,Paid,70278
8093,8093,Credit Card,Paid,139640
8094,8094,Credit Card,Paid,261700
8095,8095,Credit Card,Paid,49120
8096,8096,Debit Card,Paid,114380
8097,8097,UPI,Paid,452720
8098,8098,Credit Card,Paid,285424
8099,8099,Credit Card,Failed,432944
8100,8100,Credit Card,Pending,37580
8101,8101,UPI,Pending,331515
8102,8102,Credit Card,Pending,194526
8103,8103,UPI,Paid,151668
8104,8104,Credit Card,Paid,17770
8105,8105,UPI,Failed,371700
8106,8106,UPI,Paid,72804
8107,8107,Net Banking,Paid,91869
8108,8108,UPI,Pending,281512
8109,8109,UPI,Paid,41216
8110,8110,Cash,Paid,49196
8111,8111,Net Banking,Paid,70320
8112,8112,Cash,Paid,142176
8113,8113,Credit Card,Paid,344372
8114,8114,Net Banking,Paid,97898
8115,8115,Net Banking,Pending,117024
8116,8116,Debit Card,Paid,124413
8117,8117,Net Banking,Paid,196722
8118,8118,UPI,Paid,273054
8119,8119,Net Banking,Paid,371475
8120,8120,Cash,Paid,56230
8121,8121,Debit Card,Paid,81700
8122,8122,UPI,Paid,143946
8123,8123,UPI,Paid,24765
8124,8124,Net Banking,Paid,110614
8125,8125,UPI,Paid,132090
8126,8126,UPI,Paid,166440
8127,8127,Debit Card,Paid,60722
8128,8128,Debit Card,Paid,58839
8129,8129,UPI,Paid,50118
8130,8130,UPI,Paid,48536
8131,8131,UPI,Pending,175536
8132,8132,UPI,Failed,62180
8133,8133,Net Banking,Paid,205340
8134,8134,UPI,Paid,268215
8135,8135,UPI,Paid,130221
8136,8136,UPI,Paid,35160
8137,8137,Cash,Paid,111988
8138,8138,Net Banking,Paid,227060
8139,8139,Net Banking,Paid,223050
8140,8140,UPI,Paid,287973
8141,8141,Debit Card,Pending,430990
8142,8142,Credit Card,Paid,437463
8143,8143,Debit Card,Paid,47406
8144,8144,Debit Card,Paid,58839
8145,8145,Credit Card,Pending,15175
8146,8146,UPI,Failed,52340
8147,8147,UPI,Paid,140260
8148,8148,UPI,Failed,92603
8149,8149,UPI,Paid,274827
8150,8150,UPI,Paid,83205
8151,8151,UPI,Paid,80604
8152,8152,Credit Card,Paid,162105
8153,8153,Net Banking,Paid,401751
8154,8154,Credit Card,Paid,172179
8155,8155,Debit Card,Paid,48518
8156,8156,Credit Card,Paid,72692
8157,8157,Net Banking,Paid,379248
8158,8158,UPI,Paid,183804
8159,8159,Debit Card,Paid,18111
8160,8160,UPI,Paid,24346
8161,8161,Debit Card,Paid,380799
8162,8162,UPI,Paid,195336
8163,8163,UPI,Paid,204064
8164,8164,UPI,Paid,251034
8165,8165,UPI,Paid,107469
8166,8166,Credit Card,Paid,74268
8167,8167,Debit Card,Paid,189270
8168,8168,UPI,Paid,514350
8169,8169,Credit Card,Paid,285908
8170,8170,Credit Card,Paid,257670
8171,8171,Credit Card,Paid,474344
8172,8172,Cash,Paid,129660
8173,8173,Credit Card,Paid,56362
8174,8174,Credit Card,Failed,286816
8175,8175,UPI,Paid,13202
8176,8176,Net Banking,Paid,92835
8177,8177,Net Banking,Paid,51534
8178,8178,Debit Card,Failed,140778
8179,8179,Credit Card,Paid,311556
8180,8180,Credit Card,Paid,95585
8181,8181,Credit Card,Paid,142218
8182,8182,UPI,Paid,21392
8183,8183,UPI,Paid,254290
8184,8184,UPI,Pending,162126
8185,8185,Cash,Paid,117455
8186,8186,UPI,Paid,46688
8187,8187,Credit Card,Failed,59226
8188,8188,Credit Card,Pending,33409
8189,8189,Credit Card,Paid,42482
8190,8190,Credit Card,Paid,92520
8191,8191,UPI,Paid,367720
8192,8192,Credit Card,Paid,152608
8193,8193,UPI,Failed,356382
8194,8194,UPI,Paid,13020
8195,8195,UPI,Paid,163366
8196,8196,Net Banking,Paid,43972
8197,8197,UPI,Paid,126258
8198,8198,UPI,Paid,546498
8199,8199,Credit Card,Pending,278950
8200,8200,Debit Card,Paid,114112
8201,8201,Debit Card,Paid,104372
8202,8202,Net Banking,Failed,156121
8203,8203,UPI,Pending,158450
8204,8204,UPI,Pending,147060
8205,8205,Cash,Paid,224600
8206,8206,UPI,Paid,150320
8207,8207,Debit Card,Paid,173376
8208,8208,UPI,Failed,102592
8209,8209,UPI,Paid,141990
8210,8210,Cash,Paid,55479
8211,8211,Credit Card,Paid,152073
8212,8212,UPI,Paid,101464
8213,8213,Net Banking,Failed,250082
8214,8214,Credit Card,Pending,29223
8215,8215,Credit Card,Paid,24570
8216,8216,UPI,Paid,38335
8217,8217,Credit Card,Paid,127446
8218,8218,UPI,Paid,468520
8219,8219,UPI,Paid,114970
8220,8220,UPI,Paid,172638
8221,8221,Net Banking,Pending,55815
8222,8222,Credit Card,Paid,192490
8223,8223,Credit Card,Paid,47982
8224,8224,UPI,Pending,242250
8225,8225,UPI,Paid,109944
8226,8226,UPI,Paid,213689
8227,8227,UPI,Paid,48191
8228,8228,Cash,Paid,57570
8229,8229,UPI,Paid,209710
8230,8230,Credit Card,Paid,169575
8231,8231,Credit Card,Paid,11941
8232,8232,Credit Card,Paid,21984
8233,8233,UPI,Paid,54118
8234,8234,UPI,Failed,153170
8235,8235,UPI,Paid,477738
8236,8236,UPI,Pending,191712
8237,8237,UPI,Paid,106380
8238,8238,Cash,Paid,214225
8239,8239,Credit Card,Paid,49120
8240,8240,UPI,Paid,18173
8241,8241,Credit Card,Paid,396240
8242,8242,UPI,Paid,280692
8243,8243,Debit Card,Paid,45988
8244,8244,Credit Card,Failed,320192
8245,8245,Credit Card,Paid,39272
8246,8246,Credit Card,Paid,162354
8247,8247,UPI,Failed,21649
8248,8248,Net Banking,Paid,17578
8249,8249,Credit Card,Paid,46755
8250,8250,Net Banking,Paid,28538
8251,8251,Debit Card,Paid,218331
8252,8252,UPI,Paid,90880
8253,8253,UPI,Pending,49361
8254,8254,UPI,Paid,24259
8255,8255,UPI,Paid,56362
8256,8256,UPI,Paid,189130
8257,8257,Credit Card,Paid,79016
8258,8258,UPI,Paid,257670
8259,8259,Net Banking,Pending,183030
8260,8260,Credit Card,Paid,364332
8261,8261,UPI,Paid,377829
8262,8262,Debit Card,Failed,168852
8263,8263,Credit Card,Pending,115140
8264,8264,Debit Card,Paid,286038
8265,8265,UPI,Paid,124360
8266,8266,Credit Card,Pending,185992
8267,8267,Debit Card,Paid,144823
8268,8268,Credit Card,Pending,49130
8269,8269,Debit Card,Paid,356064
8270,8270,Net Banking,Paid,448730
8271,8271,Debit Card,Paid,157908
8272,8272,Credit Card,Pending,463680
8273,8273,Credit Card,Paid,258860
8274,8274,Credit Card,Paid,22994
8275,8275,UPI,Paid,296320
8276,8276,Debit Card,Paid,142218
8277,8277,Cash,Paid,157012
8278,8278,Cash,Paid,306850
8279,8279,Net Banking,Paid,98180
8280,8280,Debit Card,Pending,430992
8281,8281,Credit Card,Failed,35076
8282,8282,UPI,Paid,142218
8283,8283,UPI,Paid,52029
8284,8284,Cash,Pending,35139
8285,8285,UPI,Paid,242920
8286,8286,Debit Card,Failed,195858
8287,8287,UPI,Paid,186120
8288,8288,UPI,Paid,107178
8289,8289,Debit Card,Paid,343840
8290,8290,Credit Card,Pending,520290
8291,8291,UPI,Paid,33480
8292,8292,UPI,Paid,213975
8293,8293,Credit Card,Paid,17770
8294,8294,UPI,Paid,39272
8295,8295,Credit Card,Paid,229825
8296,8296,Net Banking,Failed,149874
8297,8297,Debit Card,Paid,335848
8298,8298,Cash,Failed,42888
8299,8299,Net Banking,Paid,115494
8300,8300,Debit Card,Paid,132937
8301,8301,Credit Card,Paid,409581
8302,8302,Debit Card,Paid,174260
8303,8303,UPI,Pending,334090
8304,8304,Credit Card,Paid,459963
8305,8305,Cash,Paid,180620
8306,8306,Credit Card,Pending,27950
8307,8307,Credit Card,Pending,48741
8308,8308,Cash,Paid,50297
8309,8309,UPI,Failed,221396
8310,8310,Net Banking,Failed,14152
8311,8311,UPI,Paid,157908
8312,8312,Credit Card,Failed,10652
8313,8313,Debit Card,Pending,511551
8314,8314,UPI,Paid,237040
8315,8315,Credit Card,Paid,481910
8316,8316,Cash,Paid,109836
8317,8317,Credit Card,Paid,72564
8318,8318,UPI,Paid,70278
8319,8319,UPI,Paid,56150
8320,8320,UPI,Paid,50106
8321,8321,Net Banking,Paid,132010
8322,8322,UPI,Paid,169092
8323,8323,Debit Card,Paid,118748
8324,8324,Debit Card,Paid,88418
8325,8325,Credit Card,Failed,40485
8326,8326,Credit Card,Failed,55663
8327,8327,Debit Card,Paid,392630
8328,8328,Credit Card,Failed,308010
8329,8329,Credit Card,Paid,60992
8330,8330,Credit Card,Paid,196994
8331,8331,UPI,Paid,124384
8332,8332,UPI,Paid,253185
8333,8333,Credit Card,Failed,234606
8334,8334,Credit Card,Paid,155260
8335,8335,UPI,Paid,17052
8336,8336,Debit Card,Paid,109212
8337,8337,Debit Card,Pending,355112
8338,8338,Credit Card,Failed,77800
8339,8339,Credit Card,Paid,296166
8340,8340,Net Banking,Paid,215045
8341,8341,Credit Card,Paid,81184
8342,8342,UPI,Paid,221045
8343,8343,UPI,Paid,303336
8344,8344,Credit Card,Paid,240688
8345,8345,Credit Card,Paid,89397
8346,8346,UPI,Paid,39436
8347,8347,UPI,Paid,28528
8348,8348,UPI,Paid,140428
8349,8349,Debit Card,Paid,46629
8350,8350,Credit Card,Paid,125295
8351,8351,Debit Card,Paid,52808
8352,8352,UPI,Paid,34671
8353,8353,Credit Card,Paid,114300
8354,8354,Credit Card,Pending,110606
8355,8355,Net Banking,Paid,367596
8356,8356,UPI,Paid,13202
8357,8357,Debit Card,Paid,308630
8358,8358,Cash,Paid,82860
8359,8359,UPI,Paid,477738
8360,8360,Credit Card,Paid,96246
8361,8361,Credit Card,Paid,118168
8362,8362,Debit Card,Failed,158284
8363,8363,Debit Card,Paid,280168
8364,8364,Net Banking,Paid,143080
8365,8365,UPI,Pending,325710
8366,8366,UPI,Pending,473630
8367,8367,Credit Card,Paid,276075
8368,8368,Net Banking,Paid,7574
8369,8369,UPI,Paid,131215
8370,8370,Debit Card,Paid,157012
8371,8371,Credit Card,Paid,392544
8372,8372,UPI,Paid,131500
8373,8373,UPI,Paid,225531
8374,8374,Net Banking,Paid,10068
8375,8375,Cash,Paid,406048
8376,8376,Cash,Paid,277368
8377,8377,Credit Card,Paid,129684
8378,8378,Debit Card,Paid,51296
8379,8379,UPI,Paid,115140
8380,8380,UPI,Failed,95364
8381,8381,Credit Card,Paid,134330
8382,8382,UPI,Paid,178920
8383,8383,Net Banking,Paid,474060
8384,8384,Credit Card,Paid,129280
8385,8385,Net Banking,Paid,144112
8386,8386,Credit Card,Paid,103218
8387,8387,Cash,Paid,66288
8388,8388,UPI,Paid,122520
8389,8389,Credit Card,Paid,93376
8390,8390,Debit Card,Paid,163584
8391,8391,Credit Card,Paid,104763
8392,8392,UPI,Paid,195132
8393,8393,Cash,Paid,320448
8394,8394,UPI,Paid,534420
8395,8395,UPI,Paid,142650
8396,8396,Credit Card,Pending,23338
8397,8397,UPI,Paid,204428
8398,8398,Debit Card,Paid,42234
8399,8399,UPI,Paid,336028
8400,8400,UPI,Failed,371475
8401,8401,UPI,Paid,50756
8402,8402,UPI,Paid,51950
8403,8403,Net Banking,Paid,124416
8404,8404,Debit Card,Paid,20508
8405,8405,Credit Card,Failed,132391
8406,8406,UPI,Pending,63684
8407,8407,UPI,Paid,89580
8408,8408,Debit Card,Paid,143448
8409,8409,Debit Card,Failed,314024
8410,8410,Debit Card,Paid,17454
8411,8411,Credit Card,Paid,185875
8412,8412,Credit Card,Paid,216734
8413,8413,Credit Card,Pending,217692
8414,8414,UPI,Paid,273447
8415,8415,UPI,Paid,358984
8416,8416,UPI,Paid,37170
8417,8417,Credit Card,Paid,73930
8418,8418,UPI,Failed,21984
8419,8419,Credit Card,Paid,220815
8420,8420,UPI,Paid,21700
8421,8421,UPI,Pending,21228
8422,8422,Net Banking,Paid,106632
8423,8423,Net Banking,Paid,318248
8424,8424,UPI,Paid,78872
8425,8425,UPI,Paid,84728
8426,8426,Credit Card,Failed,229856
8427,8427,Credit Card,Paid,129474
8428,8428,Net Banking,Paid,249790
8429,8429,Debit Card,Paid,131944
8430,8430,UPI,Paid,33288
8431,8431,Cash,Paid,183190
8432,8432,Net Banking,Paid,161940
8433,8433,Debit Card,Paid,319840
8434,8434,Credit Card,Paid,173628
8435,8435,Net Banking,Pending,80112
8436,8436,UPI,Failed,289055
8437,8437,UPI,Paid,8385
8438,8438,Credit Card,Paid,43968
8439,8439,UPI,Paid,256242
8440,8440,Debit Card,Paid,240610
8441,8441,Credit Card,Paid,129027
8442,8442,UPI,Paid,251634
8443,8443,Cash,Paid,98240
8444,8444,Cash,Paid,321910
8445,8445,Debit Card,Paid,66818
8446,8446,Debit Card,Paid,54922
8447,8447,UPI,Pending,191016
8448,8448,Debit Card,Paid,63912
8449,8449,Credit Card,Paid,263820
8450,8450,Credit Card,Paid,233388
8451,8451,Debit Card,Paid,42742
8452,8452,Debit Card,Paid,37826
8453,8453,UPI,Paid,230902
8454,8454,Credit Card,Paid,319970
8455,8455,Debit Card,Paid,502860
8456,8456,Cash,Paid,279864
8457,8457,Cash,Paid,442090
8458,8458,Credit Card,Pending,165050
8459,8459,Debit Card,Paid,125163
8460,8460,UPI,Paid,367720
8461,8461,Credit Card,Paid,27067
8462,8462,Cash,Failed,147060
8463,8463,Credit Card,Paid,139640
8464,8464,Cash,Paid,111510
8465,8465,Credit Card,Paid,229836
8466,8466,Cash,Paid,294370
8467,8467,UPI,Paid,244495
8468,8468,Credit Card,Paid,259626
8469,8469,UPI,Paid,369472
8470,8470,Net Banking,Paid,126180
8471,8471,Net Banking,Paid,147944
8472,8472,Credit Card,Paid,117576
8473,8473,Net Banking,Paid,477738
8474,8474,Credit Card,Paid,291159
8475,8475,Cash,Paid,143664
8476,8476,UPI,Failed,180882
8477,8477,UPI,Pending,224630
8478,8478,UPI,Paid,26175
8479,8479,Debit Card,Paid,83587
8480,8480,Credit Card,Paid,546498
8481,8481,Debit Card,Paid,216472
8482,8482,UPI,Paid,365218
8483,8483,Credit Card,Paid,216734
8484,8484,Credit Card,Paid,31958
8485,8485,Credit Card,Paid,307096
8486,8486,Debit Card,Paid,46400
8487,8487,UPI,Pending,229940
8488,8488,Cash,Paid,58874
8489,8489,UPI,Paid,335839
8490,8490,UPI,Paid,425420
8491,8491,UPI,Paid,56973
8492,8492,Cash,Paid,73795
8493,8493,Debit Card,Paid,16131
8494,8494,UPI,Pending,53972
8495,8495,Credit Card,Paid,66576
8496,8496,Cash,Paid,87936
8497,8497,Credit Card,Paid,7928
8498,8498,Credit Card,Paid,225456
8499,8499,Cash,Paid,70476
8500,8500,Credit Card,Paid,216536
8501,8501,Debit Card,Paid,111515
8502,8502,Net Banking,Paid,46369
8503,8503,Cash,Paid,266688
8504,8504,UPI,Pending,152064
8505,8505,UPI,Paid,308400
8506,8506,UPI,Paid,10350
8507,8507,UPI,Pending,185875
8508,8508,UPI,Pending,130695
8509,8509,UPI,Paid,64113
8510,8510,UPI,Paid,509730
8511,8511,Net Banking,Paid,86018
8512,8512,Credit Card,Paid,379672
8513,8513,Debit Card,Paid,194500
8514,8514,Net Banking,Paid,217470
8515,8515,UPI,Paid,24417
8516,8516,UPI,Paid,132576
8517,8517,Credit Card,Paid,30675
8518,8518,UPI,Paid,266240
8519,8519,UPI,Pending,69260
8520,8520,Cash,Paid,269556
8521,8521,UPI,Paid,7621
8522,8522,Net Banking,Paid,217200
8523,8523,UPI,Paid,262368
8524,8524,Debit Card,Paid,216376
8525,8525,Credit Card,Paid,109836
8526,8526,Debit Card,Pending,70922
8527,8527,UPI,Paid,79225
8528,8528,UPI,Paid,331515
8529,8529,Credit Card,Paid,101646
8530,8530,Credit Card,Paid,156400
8531,8531,Credit Card,Paid,157095
8532,8532,UPI,Paid,205338
8533,8533,Net Banking,Paid,78525
8534,8534,Net Banking,Paid,375489
8535,8535,Credit Card,Paid,146502
8536,8536,Cash,Paid,130465
8537,8537,Debit Card,Paid,34143
8538,8538,Credit Card,Failed,44181
8539,8539,UPI,Failed,124110
8540,8540,UPI,Failed,107469
8541,8541,UPI,Paid,369744
8542,8542,Credit Card,Paid,184930
8543,8543,UPI,Paid,75875
8544,8544,Debit Card,Paid,296874
8545,8545,UPI,Paid,218331
8546,8546,Credit Card,Paid,43945
8547,8547,Debit Card,Paid,143664
8548,8548,Cash,Paid,432036
8549,8549,Cash,Failed,97750
8550,8550,Cash,Failed,238520
8551,8551,Credit Card,Paid,36028
8552,8552,Credit Card,Paid,104040
8553,8553,Debit Card,Paid,48122
8554,8554,UPI,Paid,231070
8555,8555,UPI,Paid,98928
8556,8556,Cash,Paid,137996
8557,8557,Credit Card,Paid,175880
8558,8558,Net Banking,Paid,129280
8559,8559,UPI,Paid,424656
8560,8560,Credit Card,Paid,153882
8561,8561,Cash,Paid,166884
8562,8562,Credit Card,Paid,86848
8563,8563,Cash,Paid,281112
8564,8564,Cash,Failed,66145
8565,8565,Credit Card,Paid,344072
8566,8566,UPI,Failed,88362
8567,8567,Credit Card,Paid,105616
8568,8568,UPI,Paid,455490
8569,8569,Credit Card,Paid,153468
8570,8570,Cash,Paid,195336
8571,8571,UPI,Paid,387081
8572,8572,Credit Card,Paid,432710
8573,8573,Credit Card,Pending,208116
8574,8574,UPI,Paid,221010
8575,8575,Net Banking,Paid,355758
8576,8576,Debit Card,Paid,266334
8577,8577,Debit Card,Paid,241880
8578,8578,UPI,Paid,315450
8579,8579,Credit Card,Failed,170954
8580,8580,Credit Card,Paid,179802
8581,8581,UPI,Paid,150830
8582,8582,UPI,Paid,155260
8583,8583,Credit Card,Paid,10652
8584,8584,Credit Card,Paid,26367
8585,8585,Debit Card,Paid,35852
8586,8586,Cash,Paid,232890
8587,8587,UPI,Paid,514350
8588,8588,UPI,Paid,123520
8589,8589,Debit Card,Paid,433240
8590,8590,UPI,Failed,50637
8591,8591,UPI,Paid,106520
8592,8592,UPI,Paid,23506
8593,8593,UPI,Paid,153992
8594,8594,Net Banking,Paid,342503
8595,8595,Net Banking,Paid,175888
8596,8596,Credit Card,Paid,93732
8597,8597,Net Banking,Paid,22603
8598,8598,Credit Card,Paid,196722
8599,8599,Net Banking,Paid,135882
8600,8600,UPI,Failed,231903
8601,8601,UPI,Paid,275562
8602,8602,UPI,Paid,37990
8603,8603,Net Banking,Paid,81141
8604,8604,UPI,Paid,14971
8605,8605,UPI,Paid,8625
8606,8606,Net Banking,Paid,113530
8607,8607,Debit Card,Paid,25653
8608,8608,Net Banking,Paid,140106
8609,8609,Credit Card,Paid,157044
8610,8610,UPI,Failed,30296
8611,8611,UPI,Paid,65160
8612,8612,Credit Card,Paid,442424
8613,8613,Cash,Paid,22027
8614,8614,Credit Card,Paid,279864
8615,8615,Credit Card,Paid,44296
8616,8616,Credit Card,Paid,55496
8617,8617,Debit Card,Paid,34083
8618,8618,Credit Card,Paid,508710
8619,8619,Credit Card,Paid,329454
8620,8620,UPI,Pending,52362
8621,8621,UPI,Paid,119260
8622,8622,Credit Card,Paid,57664
8623,8623,UPI,Paid,155196
8624,8624,Credit Card,Pending,63912
8625,8625,Debit Card,Failed,93924
8626,8626,UPI,Pending,391797
8627,8627,Net Banking,Pending,185850
8628,8628,UPI,Paid,40377
8629,8629,Credit Card,Paid,21392
8630,8630,Credit Card,Paid,499671
8631,8631,Debit Card,Paid,14078
8632,8632,Debit Card,Paid,294710
8633,8633,Debit Card,Paid,127887
8634,8634,UPI,Paid,55884
8635,8635,Credit Card,Paid,140260
8636,8636,UPI,Paid,372472
8637,8637,Net Banking,Paid,90070
8638,8638,UPI,Paid,36365
8639,8639,Debit Card,Paid,296240
8640,8640,UPI,Paid,252516
8641,8641,Cash,Paid,18014
8642,8642,Credit Card,Paid,16702
8643,8643,UPI,Paid,382088
8644,8644,UPI,Paid,14759
8645,8645,UPI,Paid,32626
8646,8646,Cash,Paid,214068
8647,8647,Net Banking,Paid,281274
8648,8648,Cash,Paid,127988
8649,8649,UPI,Paid,187928
8650,8650,UPI,Paid,176826
8651,8651,UPI,Paid,133840
8652,8652,Net Banking,Paid,87275
8653,8653,Credit Card,Paid,447912
8654,8654,UPI,Paid,10131
8655,8655,UPI,Paid,313044
8656,8656,UPI,Paid,407259
8657,8657,UPI,Failed,59144
8658,8658,Credit Card,Pending,58668
8659,8659,Net Banking,Paid,332720
8660,8660,UPI,Paid,290465
8661,8661,Debit Card,Paid,205184
8662,8662,Debit Card,Pending,392400
8663,8663,UPI,Pending,29518
8664,8664,UPI,Paid,237925
8665,8665,Cash,Paid,93270
8666,8666,UPI,Paid,27852
8667,8667,UPI,Paid,409581
8668,8668,UPI,Paid,213840
8669,8669,Debit Card,Paid,169086
8670,8670,UPI,Paid,249522
8671,8671,Cash,Paid,44926
8672,8672,UPI,Paid,115092
8673,8673,Net Banking,Paid,40152
8674,8674,UPI,Paid,39436
8675,8675,UPI,Paid,52350
8676,8676,Credit Card,Paid,212624
8677,8677,Debit Card,Paid,358620
8678,8678,Credit Card,Failed,194841
8679,8679,Debit Card,Paid,280692
8680,8680,Cash,Paid,54874
8681,8681,UPI,Paid,445080
8682,8682,Credit Card,Pending,13824
8683,8683,Credit Card,Paid,131944
8684,8684,Credit Card,Paid,134703
8685,8685,Credit Card,Paid,95950
8686,8686,Credit Card,Paid,468520
8687,8687,UPI,Paid,239616
8688,8688,UPI,Paid,68728
8689,8689,Credit Card,Paid,57184
8690,8690,UPI,Pending,468520
8691,8691,UPI,Paid,148435
8692,8692,Cash,Paid,545840
8693,8693,UPI,Paid,17655
8694,8694,Credit Card,Paid,281512
8695,8695,UPI,Paid,85776
8696,8696,UPI,Paid,185178
8697,8697,UPI,Paid,166383
8698,8698,UPI,Paid,167730
8699,8699,UPI,Paid,404850
8700,8700,UPI,Paid,53562
8701,8701,Net Banking,Paid,44380
8702,8702,Cash,Paid,250335
8703,8703,Net Banking,Paid,239640
8704,8704,Cash,Pending,54118
8705,8705,UPI,Paid,426267
8706,8706,Credit Card,Paid,130720
8707,8707,Credit Card,Paid,14917
8708,8708,Cash,Pending,597680
8709,8709,UPI,Paid,356616
8710,8710,UPI,Paid,60378
8711,8711,Cash,Paid,72444
8712,8712,Debit Card,Pending,177597
8713,8713,Net Banking,Paid,48607
8714,8714,UPI,Paid,90865
8715,8715,Debit Card,Paid,296320
8716,8716,Debit Card,Paid,377100
8717,8717,Credit Card,Paid,304955
8718,8718,UPI,Pending,122110
8719,8719,Net Banking,Paid,177300
8720,8720,Net Banking,Paid,102952
8721,8721,Credit Card,Paid,29542
8722,8722,UPI,Paid,25110
8723,8723,Credit Card,Paid,240610
8724,8724,Net Banking,Paid,71036
8725,8725,Credit Card,Paid,91332
8726,8726,Debit Card,Paid,29256
8727,8727,Net Banking,Paid,63536
8728,8728,Credit Card,Paid,252616
8729,8729,UPI,Paid,138675
8730,8730,Debit Card,Paid,130465
8731,8731,Credit Card,Paid,219850
8732,8732,Credit Card,Paid,50858
8733,8733,UPI,Paid,225448
8734,8734,Credit Card,Paid,442960
8735,8735,UPI,Paid,154110
8736,8736,Credit Card,Paid,313430
8737,8737,UPI,Pending,39361
8738,8738,UPI,Paid,215064
8739,8739,Net Banking,Paid,85216
8740,8740,UPI,Paid,403020
8741,8741,Cash,Paid,39603
8742,8742,Net Banking,Paid,49464
8743,8743,Cash,Paid,384032
8744,8744,Net Banking,Pending,71036
8745,8745,UPI,Failed,88210
8746,8746,UPI,Paid,123459
8747,8747,Cash,Paid,415870
8748,8748,UPI,Paid,156400
8749,8749,Cash,Paid,324930
8750,8750,Credit Card,Paid,52734
8751,8751,UPI,Paid,45965
8752,8752,UPI,Paid,288060
8753,8753,Credit Card,Paid,29472
8754,8754,Credit Card,Pending,202968
8755,8755,UPI,Paid,226255
8756,8756,UPI,Pending,43099
8757,8757,Credit Card,Paid,92436
8758,8758,UPI,Paid,101484
8759,8759,UPI,Paid,293694
8760,8760,UPI,Paid,274743
8761,8761,Debit Card,Paid,157012
8762,8762,UPI,Failed,214569
8763,8763,UPI,Paid,93352
8764,8764,UPI,Paid,180992
8765,8765,UPI,Paid,383424
8766,8766,UPI,Paid,212016
8767,8767,Credit Card,Pending,66920
8768,8768,UPI,Paid,32191
8769,8769,Debit Card,Paid,90824
8770,8770,UPI,Paid,144573
8771,8771,Credit Card,Paid,123687
8772,8772,UPI,Paid,433098
8773,8773,UPI,Paid,50315
8774,8774,Debit Card,Paid,165720
8775,8775,Debit Card,Paid,450693
8776,8776,Credit Card,Paid,370454
8777,8777,Credit Card,Pending,151014
8778,8778,Debit Card,Paid,9741
8779,8779,Net Banking,Paid,365218
8780,8780,UPI,Paid,108850
8781,8781,UPI,Paid,429525
8782,8782,Cash,Paid,76670
8783,8783,UPI,Paid,25110
8784,8784,UPI,Paid,249746
8785,8785,UPI,Paid,90824
8786,8786,Credit Card,Paid,3787
8787,8787,UPI,Pending,153425
8788,8788,Cash,Failed,93404
8789,8789,UPI,Failed,216092
8790,8790,UPI,Paid,49588
8791,8791,UPI,Paid,40118
8792,8792,UPI,Paid,138177
8793,8793,Credit Card,Paid,37175
8794,8794,Debit Card,Paid,162708
8795,8795,Cash,Paid,184236
8796,8796,UPI,Pending,349335
8797,8797,Debit Card,Paid,463690
8798,8798,Credit Card,Paid,87250
8799,8799,Debit Card,Paid,543720
8800,8800,UPI,Paid,277040
8801,8801,Credit Card,Paid,179704
8802,8802,UPI,Paid,156510
8803,8803,UPI,Failed,423486
8804,8804,Credit Card,Failed,213904
8805,8805,UPI,Paid,291159
8806,8806,Cash,Pending,71452
8807,8807,Net Banking,Paid,1725
8808,8808,Debit Card,Paid,391010
8809,8809,UPI,Failed,166989
8810,8810,Credit Card,Paid,167103
8811,8811,Cash,Paid,607220
8812,8812,Credit Card,Paid,279368
8813,8813,Net Banking,Paid,71664
8814,8814,UPI,Paid,119196
8815,8815,Cash,Paid,100236
8816,8816,UPI,Paid,84172
8817,8817,UPI,Paid,278315
8818,8818,Credit Card,Paid,163130
8819,8819,Debit Card,Paid,324930
8820,8820,Cash,Paid,106164
8821,8821,UPI,Paid,70152
8822,8822,UPI,Paid,233379
8823,8823,UPI,Paid,71664
8824,8824,UPI,Paid,202968
8825,8825,Credit Card,Paid,186340
8826,8826,UPI,Pending,56973
8827,8827,UPI,Pending,68726
8828,8828,Debit Card,Paid,321534
8829,8829,Cash,Paid,167272
8830,8830,Credit Card,Paid,292047
8831,8831,UPI,Failed,109818
8832,8832,Net Banking,Failed,267272
8833,8833,UPI,Pending,65972
8834,8834,Credit Card,Paid,436672
8835,8835,Debit Card,Pending,181176
8836,8836,UPI,Paid,180140
8837,8837,Net Banking,Paid,417410
8838,8838,UPI,Paid,129474
8839,8839,Debit Card,Paid,14416
8840,8840,Debit Card,Pending,399800
8841,8841,Credit Card,Paid,334530
8842,8842,Credit Card,Paid,485840
8843,8843,Credit Card,Paid,106884
8844,8844,UPI,Paid,205620
8845,8845,Debit Card,Failed,30685
8846,8846,UPI,Pending,209526
8847,8847,UPI,Paid,94660
8848,8848,Credit Card,Paid,119536
8849,8849,UPI,Paid,376408
8850,8850,UPI,Pending,161376
8851,8851,UPI,Paid,371200
8852,8852,Credit Card,Failed,103092
8853,8853,UPI,Paid,453304
8854,8854,Net Banking,Paid,78592
8855,8855,Debit Card,Paid,149874
8856,8856,Cash,Paid,195596
8857,8857,Net Banking,Paid,224916
8858,8858,UPI,Paid,174550
8859,8859,Debit Card,Paid,331310
8860,8860,UPI,Paid,154200
8861,8861,Credit Card,Paid,103397
8862,8862,Credit Card,Paid,88413
8863,8863,UPI,Pending,253050
8864,8864,Credit Card,Paid,48004
8865,8865,Net Banking,Paid,73670
8866,8866,UPI,Paid,192227
8867,8867,Credit Card,Paid,56346
8868,8868,UPI,Paid,27955
8869,8869,UPI,Paid,301470
8870,8870,Credit Card,Failed,228580
8871,8871,Debit Card,Paid,392400
8872,8872,UPI,Paid,149744
8873,8873,Cash,Paid,149710
8874,8874,Credit Card,Pending,54094
8875,8875,UPI,Paid,138654
8876,8876,Debit Card,Paid,499580
8877,8877,Credit Card,Paid,431793
8878,8878,UPI,Paid,11132
8879,8879,Debit Card,Pending,240865
8880,8880,Net Banking,Paid,130695
8881,8881,Debit Card,Paid,261696
8882,8882,UPI,Paid,189469
8883,8883,UPI,Paid,409290
8884,8884,UPI,Paid,132040
8885,8885,Credit Card,Paid,159744
8886,8886,Credit Card,Paid,154200
8887,8887,Credit Card,Paid,256480
8888,8888,Credit Card,Paid,71930
8889,8889,UPI,Paid,34720
8890,8890,Debit Card,Paid,164367
8891,8891,Credit Card,Paid,239890
8892,8892,Debit Card,Paid,136524
8893,8893,Credit Card,Paid,106952
8894,8894,UPI,Paid,160929
8895,8895,UPI,Paid,111038
8896,8896,UPI,Paid,219753
8897,8897,UPI,Failed,5929
8898,8898,UPI,Pending,119365
8899,8899,Credit Card,Paid,86596
8900,8900,Cash,Paid,141840
8901,8901,UPI,Paid,46650
8902,8902,UPI,Paid,74292
8903,8903,UPI,Failed,415870
8904,8904,Debit Card,Paid,78202
8905,8905,UPI,Paid,23896
8906,8906,UPI,Paid,259870
8907,8907,UPI,Paid,417410
8908,8908,Credit Card,Paid,48783
8909,8909,Credit Card,Paid,301782
8910,8910,Credit Card,Paid,123576
8911,8911,Debit Card,Pending,265780
8912,8912,UPI,Paid,34083
8913,8913,Debit Card,Failed,27852
8914,8914,Credit Card,Paid,101464
8915,8915,Credit Card,Paid,172887
8916,8916,Debit Card,Paid,218080
8917,8917,Debit Card,Paid,162510
8918,8918,Net Banking,Paid,43092
8919,8919,Net Banking,Paid,200308
8920,8920,Credit Card,Paid,48518
8921,8921,UPI,Paid,142690
8922,8922,Debit Card,Paid,60766
8923,8923,Credit Card,Paid,95868
8924,8924,Net Banking,Paid,199632
8925,8925,Credit Card,Paid,68768
8926,8926,Credit Card,Paid,28832
8927,8927,Net Banking,Pending,191712
8928,8928,Credit Card,Paid,278315
8929,8929,Net Banking,Failed,14771
8930,8930,Credit Card,Paid,42807
8931,8931,Credit Card,Paid,109920
8932,8932,UPI,Paid,323288
8933,8933,Credit Card,Paid,204600
8934,8934,UPI,Paid,198243
8935,8935,Debit Card,Paid,154345
8936,8936,UPI,Pending,307804
8937,8937,UPI,Paid,387081
8938,8938,Credit Card,Failed,323288
8939,8939,UPI,Paid,51542
8940,8940,Net Banking,Paid,297990
8941,8941,Net Banking,Paid,54186
8942,8942,Credit Card,Paid,199832
8943,8943,UPI,Failed,74835
8944,8944,Debit Card,Paid,305226
8945,8945,Debit Card,Paid,106912
8946,8946,Credit Card,Pending,88418
8947,8947,Credit Card,Paid,65952
8948,8948,Debit Card,Paid,195723
8949,8949,UPI,Paid,88626
8950,8950,Credit Card,Paid,14177
8951,8951,Credit Card,Paid,117130
8952,8952,UPI,Pending,161310
8953,8953,Debit Card,Paid,432036
8954,8954,UPI,Failed,303849
8955,8955,Credit Card,Paid,398430
8956,8956,UPI,Paid,571500
8957,8957,Credit Card,Paid,240865
8958,8958,UPI,Paid,126777
8959,8959,UPI,Paid,49606
8960,8960,Credit Card,Paid,153321
8961,8961,UPI,Paid,138240
8962,8962,Credit Card,Paid,26300
8963,8963,UPI,Paid,57612
8964,8964,Debit Card,Paid,66020
8965,8965,Credit Card,Paid,282510
8966,8966,UPI,Paid,60992
8967,8967,UPI,Paid,332094
8968,8968,Net Banking,Paid,116245
8969,8969,Credit Card,Pending,90555
8970,8970,Credit Card,Paid,341032
8971,8971,UPI,Paid,436672
8972,8972,UPI,Paid,279354
8973,8973,UPI,Paid,147620
8974,8974,UPI,Paid,93704
8975,8975,Cash,Paid,148536
8976,8976,UPI,Paid,41495
8977,8977,UPI,Pending,34083
8978,8978,UPI,Paid,100227
8979,8979,Credit Card,Pending,98358
8980,8980,UPI,Failed,277821
8981,8981,UPI,Pending,455090
8982,8982,Net Banking,Pending,13917
8983,8983,Net Banking,Paid,90502
8984,8984,Credit Card,Failed,321534
8985,8985,Cash,Paid,54922
8986,8986,Credit Card,Paid,55296
8987,8987,UPI,Paid,43620
8988,8988,UPI,Paid,100368
8989,8989,Credit Card,Paid,58624
8990,8990,Credit Card,Paid,52029
8991,8991,Debit Card,Pending,50740
8992,8992,Cash,Paid,89061
8993,8993,UPI,Pending,292560
8994,8994,UPI,Failed,103092
8995,8995,Cash,Paid,112300
8996,8996,Credit Card,Paid,546498
8997,8997,Debit Card,Paid,240548
8998,8998,Cash,Paid,375501
8999,8999,Net Banking,Paid,31545
9000,9000,UPI,Paid,84622
9001,9001,Cash,Paid,173348
9002,9002,Cash,Pending,160006
9003,9003,UPI,Paid,46688
9004,9004,UPI,Paid,271180
9005,9005,Net Banking,Paid,128328
9006,9006,Debit Card,Paid,209905
9007,9007,UPI,Paid,338488
9008,9008,Debit Card,Paid,97168
9009,9009,UPI,Paid,347296
9010,9010,UPI,Failed,320192
9011,9011,UPI,Paid,71036
9012,9012,UPI,Paid,113530
9013,9013,UPI,Paid,273510
9014,9014,Credit Card,Paid,50338
9015,9015,UPI,Paid,112260
9016,9016,UPI,Failed,124110
9017,9017,Credit Card,Paid,52666
9018,9018,Net Banking,Paid,230920
9019,9019,UPI,Paid,211167
9020,9020,Credit Card,Paid,331541
9021,9021,UPI,Paid,234048
9022,9022,Credit Card,Pending,205338
9023,9023,Net Banking,Pending,54186
9024,9024,UPI,Pending,30380
9025,9025,UPI,Paid,518661
9026,9026,Debit Card,Paid,121437
9027,9027,UPI,Paid,254355
9028,9028,Credit Card,Paid,116320
9029,9029,Cash,Paid,20689
9030,9030,Debit Card,Paid,202968
9031,9031,Debit Card,Paid,397873
9032,9032,UPI,Paid,35540
9033,9033,UPI,Paid,173084
9034,9034,UPI,Paid,182651
9035,9035,Net Banking,Paid,240020
9036,9036,Cash,Paid,30484
9037,9037,UPI,Pending,66081
9038,9038,UPI,Paid,201885
9039,9039,UPI,Paid,34196
9040,9040,Credit Card,Paid,533637
9041,9041,UPI,Failed,156510
9042,9042,Credit Card,Failed,79101
9043,9043,UPI,Paid,279970
9044,9044,Debit Card,Paid,147912
9045,9045,UPI,Paid,12988
9046,9046,Net Banking,Paid,173084
9047,9047,Credit Card,Paid,29577
9048,9048,Debit Card,Paid,109578
9049,9049,Credit Card,Failed,326260
9050,9050,Credit Card,Paid,432184
9051,9051,Debit Card,Paid,25371
9052,9052,Credit Card,Paid,396945
9053,9053,Cash,Paid,169316
9054,9054,UPI,Paid,128664
9055,9055,Net Banking,Paid,66544
9056,9056,UPI,Paid,63564
9057,9057,Credit Card,Paid,450768
9058,9058,Cash,Paid,88893
9059,9059,Debit Card,Paid,88890
9060,9060,UPI,Failed,159345
9061,9061,Credit Card,Paid,28616
9062,9062,Credit Card,Paid,35862
9063,9063,Debit Card,Paid,571500
9064,9064,Credit Card,Paid,357670
9065,9065,UPI,Paid,87432
9066,9066,Credit Card,Paid,28202
9067,9067,Cash,Paid,123576
9068,9068,Net Banking,Paid,90396
9069,9069,Debit Card,Paid,86988
9070,9070,UPI,Paid,23001
9071,9071,Debit Card,Failed,142956
9072,9072,UPI,Paid,73855
9073,9073,Debit Card,Paid,41472
9074,9074,Debit Card,Paid,341034
9075,9075,UPI,Paid,105272
9076,9076,UPI,Pending,56608
9077,9077,UPI,Paid,76670
9078,9078,UPI,Paid,29080
9079,9079,Debit Card,Pending,244944
9080,9080,UPI,Paid,163557
9081,9081,Net Banking,Paid,29911
9082,9082,Debit Card,Paid,342503
9083,9083,UPI,Paid,337211
9084,9084,Credit Card,Failed,181760
9085,9085,Credit Card,Paid,559940
9086,9086,UPI,Paid,27648
9087,9087,Cash,Paid,271542
9088,9088,Net Banking,Paid,68982
9089,9089,UPI,Paid,192339
9090,9090,UPI,Paid,23873
9091,9091,Net Banking,Pending,480040
9092,9092,Credit Card,Paid,359058
9093,9093,Credit Card,Paid,84426
9094,9094,Debit Card,Paid,86596
9095,9095,Cash,Paid,364332
9096,9096,Credit Card,Paid,526660
9097,9097,Debit Card,Paid,359820
9098,9098,Cash,Paid,50691
9099,9099,UPI,Paid,117315
9100,9100,Credit Card,Paid,278950
9101,9101,UPI,Failed,260190
9102,9102,UPI,Paid,13975
9103,9103,Net Banking,Pending,133840
9104,9104,UPI,Paid,48450
9105,9105,Credit Card,Paid,103724
9106,9106,UPI,Pending,41192
9107,9107,Debit Card,Paid,62180
9108,9108,UPI,Paid,214326
9109,9109,UPI,Paid,274370
9110,9110,Debit Card,Paid,461456
9111,9111,Cash,Paid,46755
9112,9112,UPI,Pending,17538
9113,9113,UPI,Paid,430096
9114,9114,UPI,Paid,185992
9115,9115,UPI,Failed,253710
9116,9116,UPI,Paid,77180
9117,9117,Cash,Paid,174260
9118,9118,Debit Card,Paid,134330
9119,9119,Credit Card,Pending,110958
9120,9120,UPI,Paid,329508
9121,9121,Debit Card,Paid,110915
9122,9122,Credit Card,Paid,207088
9123,9123,UPI,Paid,213975
9124,9124,UPI,Failed,9149
9125,9125,Net Banking,Paid,66818
9126,9126,Credit Card,Paid,85490
9127,9127,Credit Card,Paid,93704
9128,9128,Net Banking,Paid,29524
9129,9129,Debit Card,Failed,8885
9130,9130,Credit Card,Paid,14697
9131,9131,UPI,Paid,62192
9132,9132,UPI,Paid,394422
9133,9133,UPI,Paid,468790
9134,9134,Cash,Paid,105672
9135,9135,Credit Card,Paid,243064
9136,9136,Credit Card,Paid,109836
9137,9137,Credit Card,Pending,37990
9138,9138,Net Banking,Paid,179536
9139,9139,Net Banking,Failed,404677
9140,9140,UPI,Pending,116690
9141,9141,Credit Card,Paid,406048
9142,9142,Credit Card,Paid,593970
9143,9143,Credit Card,Paid,20598
9144,9144,Cash,Paid,132040
9145,9145,UPI,Paid,143946
9146,9146,Credit Card,Paid,91170
9147,9147,Credit Card,Paid,226652
9148,9148,Debit Card,Paid,159040
9149,9149,Credit Card,Paid,38445
9150,9150,Cash,Paid,180620
9151,9151,UPI,Paid,59374
9152,9152,UPI,Paid,128352
9153,9153,UPI,Paid,41195
9154,9154,Cash,Paid,246576
9155,9155,Credit Card,Pending,283716
9156,9156,Credit Card,Paid,94024
9157,9157,Cash,Paid,160770
9158,9158,Credit Card,Paid,155480
9159,9159,Debit Card,Paid,138544
9160,9160,Credit Card,Paid,205468
9161,9161,Cash,Paid,166401
9162,9162,Credit Card,Paid,71664
9163,9163,Debit Card,Paid,203427
9164,9164,Credit Card,Paid,139887
9165,9165,Net Banking,Paid,172710
9166,9166,Debit Card,Paid,185040
9167,9167,UPI,Paid,247650
9168,9168,Cash,Failed,462180
9169,9169,Credit Card,Paid,446454
9170,9170,Debit Card,Paid,376334
9171,9171,Credit Card,Paid,97506
9172,9172,UPI,Paid,358984
9173,9173,UPI,Paid,29136
9174,9174,Net Banking,Pending,277732
9175,9175,Credit Card,Paid,2795
9176,9176,Credit Card,Paid,53643
9177,9177,Cash,Paid,221045
9178,9178,UPI,Paid,352840
9179,9179,Cash,Paid,48741
9180,9180,Debit Card,Failed,113004
9181,9181,Debit Card,Paid,18605
9182,9182,UPI,Paid,288410
9183,9183,Credit Card,Paid,259254
9184,9184,UPI,Paid,46866
9185,9185,UPI,Paid,559890
9186,9186,UPI,Paid,123520
9187,9187,UPI,Paid,391010
9188,9188,UPI,Paid,464000
9189,9189,UPI,Paid,231090
9190,9190,UPI,Paid,323016
9191,9191,Debit Card,Failed,92407
9192,9192,Credit Card,Paid,250590
9193,9193,Credit Card,Failed,447900
9194,9194,Cash,Paid,128240
9195,9195,Credit Card,Paid,55479
9196,9196,Debit Card,Paid,184175
9197,9197,UPI,Paid,429144
9198,9198,Credit Card,Paid,110876
9199,9199,Credit Card,Pending,205184
9200,9200,UPI,Paid,245250
9201,9201,Debit Card,Paid,83962
9202,9202,Cash,Paid,43494
9203,9203,Credit Card,Paid,306558
9204,9204,Cash,Paid,139677
9205,9205,Debit Card,Paid,199728
9206,9206,UPI,Paid,308630
9207,9207,UPI,Paid,92445
9208,9208,Credit Card,Paid,73266
9209,9209,UPI,Failed,63090
9210,9210,Debit Card,Paid,54042
9211,9211,Cash,Paid,37580
9212,9212,Credit Card,Paid,42648
9213,9213,UPI,Paid,235060
9214,9214,Credit Card,Pending,152936
9215,9215,UPI,Paid,190900
9216,9216,UPI,Paid,245064
9217,9217,Debit Card,Pending,166440
9218,9218,Debit Card,Paid,70299
9219,9219,Net Banking,Paid,473630
9220,9220,UPI,Paid,214857
9221,9221,UPI,Paid,140450
9222,9222,Credit Card,Failed,324583
9223,9223,Credit Card,Paid,47050
9224,9224,Credit Card,Paid,163716
9225,9225,UPI,Paid,134778
9226,9226,UPI,Failed,25169
9227,9227,Net Banking,Paid,283688
9228,9228,Cash,Paid,33794
9229,9229,Credit Card,Pending,211554
9230,9230,Credit Card,Paid,35504
9231,9231,UPI,Pending,83587
9232,9232,Debit Card,Paid,433888
9233,9233,Net Banking,Pending,333768
9234,9234,Credit Card,Paid,269486
9235,9235,Credit Card,Paid,258957
9236,9236,UPI,Paid,93060
9237,9237,Credit Card,Pending,33144
9238,9238,Debit Card,Paid,169989
9239,9239,UPI,Pending,300640
9240,9240,UPI,Paid,281820
9241,9241,Cash,Pending,63738
9242,9242,Net Banking,Paid,25987
9243,9243,UPI,Paid,87270
9244,9244,Net Banking,Paid,62200
9245,9245,UPI,Paid,160410
9246,9246,UPI,Paid,62604
9247,9247,Debit Card,Paid,273048
9248,9248,UPI,Paid,506100
9249,9249,UPI,Paid,95346
9250,9250,UPI,Paid,72248
9251,9251,Credit Card,Paid,36621
9252,9252,Debit Card,Paid,273750
9253,9253,Debit Card,Failed,118752
9254,9254,UPI,Paid,22599
9255,9255,Net Banking,Paid,308220
9256,9256,Debit Card,Pending,121532
9257,9257,UPI,Failed,135176
9258,9258,UPI,Paid,173084
9259,9259,Debit Card,Paid,44105
9260,9260,Credit Card,Pending,103068
9261,9261,Credit Card,Paid,94660
9262,9262,Net Banking,Failed,421668
9263,9263,UPI,Pending,197856
9264,9264,UPI,Paid,280392
9265,9265,Cash,Paid,164241
9266,9266,Debit Card,Paid,93758
9267,9267,UPI,Paid,213710
9268,9268,UPI,Paid,148536
9269,9269,Debit Card,Paid,159124
9270,9270,UPI,Failed,88839
9271,9271,Credit Card,Paid,80504
9272,9272,UPI,Pending,255535
9273,9273,UPI,Paid,297400
9274,9274,UPI,Paid,55989
9275,9275,UPI,Paid,56590
9276,9276,UPI,Paid,281730
9277,9277,UPI,Paid,146448
9278,9278,Net Banking,Paid,332628
9279,9279,Debit Card,Paid,301644
9280,9280,UPI,Paid,226008
9281,9281,UPI,Paid,196200
9282,9282,Cash,Pending,191530
9283,9283,UPI,Failed,95856
9284,9284,Credit Card,Paid,533637
9285,9285,Debit Card,Paid,353277
9286,9286,UPI,Paid,254355
9287,9287,UPI,Paid,244944
9288,9288,Credit Card,Pending,47982
9289,9289,UPI,Paid,356064
9290,9290,Credit Card,Paid,95964
9291,9291,UPI,Pending,211600
9292,9292,Debit Card,Failed,36978
9293,9293,Net Banking,Paid,146520
9294,9294,Cash,Paid,155600
9295,9295,UPI,Paid,158942
9296,9296,Credit Card,Paid,54606
9297,9297,Credit Card,Paid,216092
9298,9298,Net Banking,Paid,197920
9299,9299,UPI,Paid,178191
9300,9300,UPI,Paid,48834
9301,9301,Cash,Paid,28354
9302,9302,Credit Card,Paid,563460
9303,9303,UPI,Paid,194526
9304,9304,Cash,Failed,126933
9305,9305,UPI,Paid,44913
9306,9306,Net Banking,Paid,29437
9307,9307,Credit Card,Paid,51372
9308,9308,Net Banking,Paid,379900
9309,9309,Debit Card,Paid,131319
9310,9310,Debit Card,Pending,109836
9311,9311,UPI,Paid,109212
9312,9312,Debit Card,Failed,223800
9313,9313,Debit Card,Paid,178128
9314,9314,Credit Card,Paid,19742
9315,9315,Debit Card,Paid,165980
9316,9316,UPI,Paid,332720
9317,9317,Credit Card,Paid,559940
9318,9318,UPI,Paid,94100
9319,9319,Credit Card,Paid,43773
9320,9320,Credit Card,Failed,108735
9321,9321,Credit Card,Paid,485840
9322,9322,UPI,Pending,104972
9323,9323,UPI,Paid,176622
9324,9324,UPI,Paid,212681
9325,9325,UPI,Paid,15550
9326,9326,Net Banking,Paid,52174
9327,9327,Net Banking,Paid,268093
9328,9328,Debit Card,Pending,355292
9329,9329,Credit Card,Paid,95954
9330,9330,UPI,Paid,67380
9331,9331,Credit Card,Paid,96850
9332,9332,Credit Card,Paid,98260
9333,9333,UPI,Paid,281820
9334,9334,Debit Card,Paid,349335
9335,9335,Credit Card,Paid,117789
9336,9336,Debit Card,Paid,331768
9337,9337,UPI,Paid,390264
9338,9338,UPI,Paid,6963
9339,9339,Credit Card,Paid,44296
9340,9340,Debit Card,Paid,34815
9341,9341,Cash,Pending,59208
9342,9342,Debit Card,Paid,215048
9343,9343,Debit Card,Paid,468790
9344,9344,Net Banking,Paid,46953
9345,9345,Credit Card,Failed,71646
9346,9346,UPI,Paid,57546
9347,9347,Debit Card,Failed,186056
9348,9348,Credit Card,Pending,341310
9349,9349,UPI,Paid,204792
9350,9350,UPI,Pending,373455
9351,9351,Net Banking,Paid,147860
9352,9352,UPI,Paid,189329
9353,9353,Credit Card,Failed,192339
9354,9354,Debit Card,Paid,157458
9355,9355,Credit Card,Failed,211029
9356,9356,UPI,Paid,26181
9357,9357,Cash,Paid,332094
9358,9358,UPI,Paid,329378
9359,9359,Debit Card,Paid,141150
9360,9360,Net Banking,Paid,98960
9361,9361,Debit Card,Pending,346500
9362,9362,UPI,Paid,50106
9363,9363,UPI,Paid,46218
9364,9364,Debit Card,Pending,273054
9365,9365,UPI,Failed,308080
9366,9366,Cash,Paid,91170
9367,9367,Net Banking,Failed,508230
9368,9368,UPI,Paid,76670
9369,9369,UPI,Paid,29152
9370,9370,Credit Card,Paid,275562
9371,9371,Debit Card,Paid,45198
9372,9372,UPI,Paid,362056
9373,9373,Credit Card,Paid,214569
9374,9374,UPI,Paid,117530
9375,9375,UPI,Pending,126855
9376,9376,UPI,Paid,205468
9377,9377,UPI,Paid,32262
9378,9378,Credit Card,Paid,39296
9379,9379,Credit Card,Paid,51335
9380,9380,UPI,Paid,134739
9381,9381,UPI,Paid,107301
9382,9382,UPI,Paid,196364
9383,9383,UPI,Paid,47050
9384,9384,UPI,Paid,187408
9385,9385,Credit Card,Paid,107124
9386,9386,UPI,Pending,353672
9387,9387,UPI,Paid,90588
9388,9388,Net Banking,Pending,10131
9389,9389,Debit Card,Paid,379248
9390,9390,UPI,Paid,385900
9391,9391,UPI,Failed,236862
9392,9392,UPI,Paid,308720
9393,9393,UPI,Paid,326752
9394,9394,Credit Card,Paid,230902
9395,9395,Credit Card,Paid,267272
9396,9396,Credit Card,Failed,54938
9397,9397,Credit Card,Paid,37175
9398,9398,Credit Card,Paid,265930
9399,9399,Net Banking,Paid,46218
9400,9400,Credit Card,Paid,210042
9401,9401,Credit Card,Paid,152040
9402,9402,UPI,Failed,418770
9403,9403,Credit Card,Paid,231070
9404,9404,UPI,Paid,33738
9405,9405,Debit Card,Pending,404677
9406,9406,Credit Card,Paid,83884
9407,9407,Net Banking,Paid,43972
9408,9408,UPI,Paid,283716
9409,9409,Credit Card,Paid,267183
9410,9410,UPI,Paid,481730
9411,9411,Credit Card,Paid,284754
9412,9412,UPI,Paid,452016
9413,9413,Credit Card,Paid,334575
9414,9414,Net Banking,Paid,164367
9415,9415,Debit Card,Paid,177184
9416,9416,Credit Card,Paid,205176
9417,9417,UPI,Paid,141844
9418,9418,Credit Card,Paid,153520
9419,9419,Credit Card,Paid,272800
9420,9420,Cash,Paid,203875
9421,9421,Credit Card,Pending,205765
9422,9422,UPI,Pending,135235
9423,9423,Cash,Paid,40272
9424,9424,UPI,Paid,76760
9425,9425,UPI,Paid,44425
9426,9426,UPI,Paid,70441
9427,9427,Debit Card,Paid,58608
9428,9428,UPI,Paid,437256
9429,9429,Debit Card,Pending,36032
9430,9430,Credit Card,Paid,78525
9431,9431,Credit Card,Paid,436000
9432,9432,UPI,Paid,506100
9433,9433,Debit Card,Paid,40344
9434,9434,UPI,Paid,17360
9435,9435,Cash,Pending,96246
9436,9436,UPI,Paid,199524
9437,9437,UPI,Paid,37170
9438,9438,UPI,Paid,42629
9439,9439,UPI,Paid,329508
9440,9440,Net Banking,Paid,38168
9441,9441,UPI,Paid,119768
9442,9442,UPI,Paid,278950
9443,9443,UPI,Paid,64842
9444,9444,Cash,Failed,1725
9445,9445,Credit Card,Paid,213921
9446,9446,Credit Card,Paid,50607
9447,9447,Credit Card,Pending,71307
9448,9448,Credit Card,Pending,79872
9449,9449,Credit Card,Failed,28090
9450,9450,Net Banking,Paid,145408
9451,9451,Debit Card,Failed,140640
9452,9452,UPI,Paid,322413
9453,9453,UPI,Paid,39060
9454,9454,UPI,Paid,238392
9455,9455,Credit Card,Paid,191016
9456,9456,Debit Card,Paid,395710
9457,9457,Credit Card,Paid,370952
9458,9458,UPI,Pending,83587
9459,9459,Credit Card,Failed,35504
9460,9460,UPI,Paid,281772
9461,9461,Net Banking,Paid,341032
9462,9462,Credit Card,Paid,440361
9463,9463,Credit Card,Paid,108245
9464,9464,Debit Card,Paid,152229
9465,9465,UPI,Paid,79374
9466,9466,Cash,Paid,222474
9467,9467,Debit Card,Paid,187464
9468,9468,UPI,Paid,113004
9469,9469,UPI,Paid,19652
9470,9470,UPI,Paid,39584
9471,9471,Debit Card,Paid,42629
9472,9472,Credit Card,Paid,9824
9473,9473,Debit Card,Failed,57544
9474,9474,Credit Card,Pending,30288
9475,9475,Net Banking,Paid,335964
9476,9476,UPI,Paid,320856
9477,9477,UPI,Paid,277200
9478,9478,UPI,Paid,19648
9479,9479,Cash,Paid,7208
9480,9480,UPI,Paid,116560
9481,9481,Cash,Paid,209695
9482,9482,Cash,Paid,50740
9483,9483,Credit Card,Paid,183701
9484,9484,Debit Card,Paid,44913
9485,9485,Credit Card,Paid,266469
9486,9486,Credit Card,Paid,350184
9487,9487,UPI,Pending,299915
9488,9488,UPI,Pending,171940
9489,9489,Cash,Pending,127626
9490,9490,UPI,Paid,197920
9491,9491,Debit Card,Paid,72248
9492,9492,UPI,Pending,30880
9493,9493,Debit Card,Paid,148435
9494,9494,Net Banking,Paid,216490
9495,9495,UPI,Paid,102952
9496,9496,Credit Card,Paid,15175
9497,9497,Credit Card,Paid,71534
9498,9498,UPI,Pending,556630
9499,9499,UPI,Paid,172392
9500,9500,Net Banking,Paid,215754
9501,9501,Net Banking,Paid,403020
9502,9502,Credit Card,Paid,201411
9503,9503,Debit Card,Paid,106960
9504,9504,Net Banking,Paid,374816
9505,9505,UPI,Failed,64947
9506,9506,Net Banking,Paid,316799
9507,9507,UPI,Paid,143376
9508,9508,UPI,Paid,201510
9509,9509,Credit Card,Paid,258957
9510,9510,Net Banking,Paid,553490
9511,9511,Cash,Paid,111978
9512,9512,Credit Card,Failed,430990
9513,9513,UPI,Failed,252468
9514,9514,UPI,Paid,148020
9515,9515,Net Banking,Paid,30623
9516,9516,UPI,Paid,58850
9517,9517,Credit Card,Paid,73212
9518,9518,Credit Card,Paid,156510
9519,9519,UPI,Paid,82990
9520,9520,Credit Card,Paid,54186
9521,9521,Net Banking,Paid,360794
9522,9522,Cash,Paid,102540
9523,9523,UPI,Failed,158942
9524,9524,Credit Card,Paid,325598
9525,9525,UPI,Paid,59260
9526,9526,Cash,Paid,133152
9527,9527,Credit Card,Paid,105332
9528,9528,Cash,Paid,119364
9529,9529,Debit Card,Paid,70390
9530,9530,Credit Card,Paid,88890
9531,9531,Credit Card,Paid,101480
9532,9532,Debit Card,Paid,54874
9533,9533,UPI,Paid,132937
9534,9534,UPI,Paid,68728
9535,9535,Cash,Paid,205765
9536,9536,UPI,Paid,343840
9537,9537,UPI,Pending,288071
9538,9538,Credit Card,Failed,245439
9539,9539,UPI,Paid,84225
9540,9540,Credit Card,Paid,175880
9541,9541,Credit Card,Paid,125700
9542,9542,UPI,Paid,321534
9543,9543,Cash,Paid,205722
9544,9544,UPI,Paid,479770
9545,9545,UPI,Paid,163731
9546,9546,Credit Card,Paid,450693
9547,9547,Credit Card,Paid,45040
9548,9548,Debit Card,Paid,15440
9549,9549,Cash,Paid,216620
9550,9550,Credit Card,Paid,510930
9551,9551,Credit Card,Paid,363096
9552,9552,UPI,Paid,190840
9553,9553,Debit Card,Paid,457839
9554,9554,Cash,Paid,17770
9555,9555,Cash,Paid,235566
9556,9556,UPI,Paid,106632
9557,9557,UPI,Paid,19550
9558,9558,Debit Card,Paid,204064
9559,9559,UPI,Failed,498006
9560,9560,UPI,Failed,50674
9561,9561,Debit Card,Paid,94451
9562,9562,UPI,Pending,334575
9563,9563,UPI,Failed,21182
9564,9564,Credit Card,Pending,251430
9565,9565,Credit Card,Paid,228339
9566,9566,UPI,Paid,61788
9567,9567,Debit Card,Paid,18062
9568,9568,Credit Card,Paid,280856
9569,9569,Credit Card,Paid,366975
9570,9570,Credit Card,Paid,175535
9571,9571,Debit Card,Paid,320944
9572,9572,Debit Card,Paid,320820
9573,9573,UPI,Paid,87408
9574,9574,UPI,Paid,246952
9575,9575,UPI,Failed,335826
9576,9576,Debit Card,Paid,76304
9577,9577,UPI,Paid,89520
9578,9578,Net Banking,Paid,89826
9579,9579,Cash,Paid,160006
9580,9580,Credit Card,Paid,318563
9581,9581,Debit Card,Paid,106855
9582,9582,UPI,Failed,35504
9583,9583,UPI,Paid,384566
9584,9584,Credit Card,Paid,57232
9585,9585,UPI,Paid,63208
9586,9586,Net Banking,Failed,71345
9587,9587,Cash,Paid,216536
9588,9588,UPI,Paid,69585
9589,9589,UPI,Pending,166348
9590,9590,Debit Card,Paid,146424
9591,9591,Debit Card,Paid,277350
9592,9592,Debit Card,Paid,106520
9593,9593,Cash,Paid,53669
9594,9594,UPI,Paid,79420
9595,9595,Debit Card,Paid,78543
9596,9596,UPI,Paid,42311
9597,9597,Debit Card,Paid,33770
9598,9598,Net Banking,Paid,253440
9599,9599,UPI,Paid,91854
9600,9600,UPI,Paid,187900
9601,9601,Debit Card,Paid,415656
9602,9602,Credit Card,Paid,124485
9603,9603,Credit Card,Paid,499580
9604,9604,UPI,Paid,34900
9605,9605,UPI,Paid,102734
9606,9606,UPI,Pending,8789
9607,9607,UPI,Paid,127832
9608,9608,UPI,Paid,88418
9609,9609,Net Banking,Paid,320856
9610,9610,Credit Card,Paid,258560
9611,9611,UPI,Paid,383680
9612,9612,Credit Card,Paid,433557
9613,9613,UPI,Paid,81700
9614,9614,Credit Card,Paid,508518
9615,9615,Net Banking,Paid,47051
9616,9616,Net Banking,Paid,520299
9617,9617,Credit Card,Failed,35862
9618,9618,Credit Card,Paid,139887
9619,9619,UPI,Paid,78525
9620,9620,UPI,Failed,163376
9621,9621,UPI,Paid,97384
9622,9622,Credit Card,Paid,154428
9623,9623,Cash,Paid,82311
9624,9624,Credit Card,Paid,53361
9625,9625,Net Banking,Paid,10068
9626,9626,Debit Card,Paid,11361
9627,9627,UPI,Paid,338488
9628,9628,Credit Card,Failed,19698
9629,9629,Net Banking,Paid,45412
9630,9630,Credit Card,Paid,182715
9631,9631,Credit Card,Paid,224574
9632,9632,Credit Card,Paid,235768
9633,9633,UPI,Failed,483858
9634,9634,UPI,Pending,48584
9635,9635,UPI,Paid,11361
9636,9636,Debit Card,Paid,174912
9637,9637,Debit Card,Paid,16380
9638,9638,Credit Card,Pending,54134
9639,9639,Debit Card,Paid,23639
9640,9640,Cash,Paid,8680
9641,9641,UPI,Paid,472860
9642,9642,Credit Card,Paid,74350
9643,9643,UPI,Paid,288732
9644,9644,Debit Card,Paid,111188
9645,9645,UPI,Paid,216041
9646,9646,Net Banking,Paid,509310
9647,9647,UPI,Paid,225393
9648,9648,Credit Card,Paid,88890
9649,9649,Net Banking,Paid,176390
9650,9650,Cash,Failed,95584
9651,9651,UPI,Paid,54186
9652,9652,Debit Card,Paid,88641
9653,9653,Net Banking,Paid,350539
9654,9654,UPI,Paid,395710
9655,9655,Debit Card,Paid,146670
9656,9656,Debit Card,Paid,56502
9657,9657,UPI,Paid,430096
9658,9658,UPI,Paid,58850
9659,9659,UPI,Paid,183030
9660,9660,UPI,Failed,110135
9661,9661,Net Banking,Paid,39508
9662,9662,Net Banking,Paid,305344
9663,9663,Debit Card,Paid,284754
9664,9664,Debit Card,Failed,87420
9665,9665,Net Banking,Failed,44790
9666,9666,Cash,Paid,112260
9667,9667,UPI,Paid,206890
9668,9668,Cash,Paid,72056
9669,9669,Cash,Paid,51296
9670,9670,Credit Card,Paid,35310
9671,9671,UPI,Paid,351776
9672,9672,UPI,Paid,153882
9673,9673,UPI,Paid,359058
9674,9674,Debit Card,Paid,78544
9675,9675,UPI,Paid,500967
9676,9676,Credit Card,Paid,47363
9677,9677,Debit Card,Failed,191935
9678,9678,Credit Card,Paid,402288
9679,9679,Credit Card,Failed,121152
9680,9680,UPI,Paid,48004
9681,9681,UPI,Paid,387121
9682,9682,UPI,Paid,61760
9683,9683,Credit Card,Pending,205340
9684,9684,UPI,Paid,107301
9685,9685,UPI,Paid,41275
9686,9686,Cash,Paid,235403
9687,9687,UPI,Pending,144823
9688,9688,Debit Card,Failed,157020
9689,9689,UPI,Paid,279860
9690,9690,UPI,Paid,133088
9691,9691,UPI,Paid,221045
9692,9692,Net Banking,Paid,405632
9693,9693,Cash,Paid,258552
9694,9694,UPI,Paid,80432
9695,9695,Credit Card,Pending,306230
9696,9696,UPI,Pending,389000
9697,9697,Credit Card,Pending,128240
9698,9698,UPI,Failed,202752
9699,9699,Credit Card,Paid,374332
9700,9700,UPI,Paid,258045
9701,9701,Net Banking,Pending,191928
9702,9702,Debit Card,Paid,84964
9703,9703,Cash,Pending,244447
9704,9704,Cash,Paid,465860
9705,9705,Credit Card,Paid,179536
9706,9706,Cash,Paid,29437
9707,9707,UPI,Paid,282114
9708,9708,Net Banking,Paid,158751
9709,9709,Credit Card,Paid,53156
9710,9710,Debit Card,Failed,129894
9711,9711,Credit Card,Paid,87940
9712,9712,UPI,Paid,192488
9713,9713,Cash,Paid,140637
9714,9714,UPI,Paid,165294
9715,9715,Debit Card,Paid,165884
9716,9716,Credit Card,Paid,160958
9717,9717,Cash,Paid,383104
9718,9718,Debit Card,Failed,187848
9719,9719,Debit Card,Paid,217692
9720,9720,Debit Card,Paid,19424
9721,9721,Credit Card,Failed,111900
9722,9722,Debit Card,Paid,250082
9723,9723,Net Banking,Paid,19792
9724,9724,Credit Card,Paid,267048
9725,9725,Credit Card,Failed,15525
9726,9726,Debit Card,Paid,392610
9727,9727,Credit Card,Paid,149874
9728,9728,Cash,Paid,334075
9729,9729,Debit Card,Pending,38168
9730,9730,Credit Card,Paid,161286
9731,9731,Net Banking,Paid,24417
9732,9732,UPI,Paid,350469
9733,9733,UPI,Paid,19742
9734,9734,Cash,Paid,456066
9735,9735,UPI,Paid,138240
9736,9736,UPI,Failed,200312
9737,9737,UPI,Paid,56404
9738,9738,Credit Card,Failed,427536
9739,9739,UPI,Paid,292698
9740,9740,UPI,Paid,280856
9741,9741,Credit Card,Paid,391296
9742,9742,Net Banking,Pending,148680
9743,9743,Cash,Paid,423450
9744,9744,Debit Card,Pending,136784
9745,9745,Debit Card,Paid,165650
9746,9746,UPI,Paid,471258
9747,9747,Debit Card,Failed,287320
9748,9748,Debit Card,Paid,11941
9749,9749,Credit Card,Failed,125817
9750,9750,UPI,Paid,91488
9751,9751,UPI,Pending,74292
9752,9752,Credit Card,Failed,173348
9753,9753,Credit Card,Paid,113530
9754,9754,Cash,Paid,148700
9755,9755,Cash,Paid,493610
9756,9756,UPI,Paid,70299
9757,9757,Credit Card,Pending,93060
9758,9758,Credit Card,Paid,327860
9759,9759,UPI,Paid,113416
9760,9760,Cash,Paid,167020
9761,9761,Credit Card,Paid,62913
9762,9762,Net Banking,Pending,108744
9763,9763,Cash,Paid,117816
9764,9764,UPI,Paid,29547
9765,9765,UPI,Pending,26418
9766,9766,Credit Card,Pending,84172
9767,9767,UPI,Paid,133818
9768,9768,Debit Card,Paid,34499
9769,9769,Credit Card,Paid,77020
9770,9770,UPI,Paid,201080
9771,9771,UPI,Paid,503946
9772,9772,UPI,Pending,607220
9773,9773,UPI,Paid,164814
9774,9774,UPI,Paid,34100
9775,9775,UPI,Failed,157086
9776,9776,Credit Card,Paid,402288
9777,9777,UPI,Pending,186050
9778,9778,Cash,Paid,65572
9779,9779,UPI,Pending,156404
9780,9780,Credit Card,Paid,160096
9781,9781,Credit Card,Paid,298800
9782,9782,UPI,Paid,263330
9783,9783,UPI,Paid,34921
9784,9784,Cash,Paid,182715
9785,9785,Credit Card,Paid,43407
9786,9786,Credit Card,Failed,10992
9787,9787,UPI,Paid,285908
9788,9788,Cash,Paid,86184
9789,9789,UPI,Paid,440091
9790,9790,Credit Card,Failed,463690
9791,9791,Credit Card,Paid,38457
9792,9792,UPI,Paid,33480
9793,9793,UPI,Paid,331541
9794,9794,Cash,Paid,120588
9795,9795,UPI,Failed,257592
9796,9796,Debit Card,Paid,159780
9797,9797,Credit Card,Paid,86596
9798,9798,Credit Card,Paid,109084
9799,9799,Debit Card,Paid,306944
9800,9800,Net Banking,Paid,181524
9801,9801,UPI,Paid,249522
9802,9802,UPI,Failed,232974
9803,9803,Debit Card,Pending,108600
9804,9804,Net Banking,Paid,388530
9805,9805,UPI,Paid,96786
9806,9806,Credit Card,Paid,164814
9807,9807,UPI,Paid,78872
9808,9808,UPI,Paid,18173
9809,9809,Credit Card,Paid,23001
9810,9810,UPI,Failed,267380
9811,9811,Cash,Paid,64164
9812,9812,UPI,Failed,40775
9813,9813,Net Banking,Paid,223640
9814,9814,Debit Card,Paid,97750
9815,9815,Credit Card,Pending,77058
9816,9816,UPI,Paid,465860
9817,9817,Cash,Paid,573930
9818,9818,UPI,Paid,144352
9819,9819,Debit Card,Paid,187928
9820,9820,UPI,Paid,296985
9821,9821,Net Banking,Pending,83884
9822,9822,UPI,Paid,55704
9823,9823,Credit Card,Paid,76774
9824,9824,UPI,Paid,50184
9825,9825,Credit Card,Paid,28304
9826,9826,Credit Card,Paid,230184
9827,9827,UPI,Paid,132315
9828,9828,UPI,Paid,448730
9829,9829,UPI,Paid,196784
9830,9830,UPI,Pending,403403
9831,9831,Debit Card,Paid,79280
9832,9832,Credit Card,Paid,542360
9833,9833,UPI,Paid,130008
9834,9834,UPI,Pending,51289
9835,9835,UPI,Pending,215172
9836,9836,UPI,Paid,230832
9837,9837,Credit Card,Failed,229825
9838,9838,Credit Card,Paid,190760
9839,9839,UPI,Paid,312808
9840,9840,UPI,Pending,415779
9841,9841,UPI,Paid,140004
9842,9842,Credit Card,Paid,277190
9843,9843,Credit Card,Failed,128328
9844,9844,Cash,Paid,304044
9845,9845,UPI,Paid,369472
9846,9846,UPI,Paid,61726
9847,9847,Debit Card,Paid,364332
9848,9848,UPI,Pending,97878
9849,9849,UPI,Paid,94451
9850,9850,UPI,Paid,178835
9851,9851,Net Banking,Paid,53590
9852,9852,UPI,Paid,322572
9853,9853,UPI,Pending,59084
9854,9854,Credit Card,Paid,93172
9855,9855,Debit Card,Failed,384032
9856,9856,Debit Card,Paid,165100
9857,9857,Credit Card,Failed,48844
9858,9858,Debit Card,Pending,88650
9859,9859,UPI,Paid,123060
9860,9860,UPI,Paid,463680
9861,9861,Credit Card,Paid,24259
9862,9862,Net Banking,Paid,474060
9863,9863,UPI,Paid,519138
9864,9864,Cash,Pending,55349
9865,9865,Debit Card,Paid,203391
9866,9866,Debit Card,Failed,364140
9867,9867,Credit Card,Paid,196722
9868,9868,UPI,Paid,299286
9869,9869,UPI,Paid,132576
9870,9870,Debit Card,Paid,148995
9871,9871,UPI,Paid,289055
9872,9872,UPI,Pending,9824
9873,9873,Credit Card,Paid,190424
9874,9874,Debit Card,Failed,278315
9875,9875,UPI,Paid,509730
9876,9876,UPI,Failed,207410
9877,9877,UPI,Paid,244645
9878,9878,Debit Card,Paid,239640
9879,9879,Cash,Paid,123820
9880,9880,Cash,Paid,40024
9881,9881,UPI,Paid,85614
9882,9882,UPI,Paid,63738
9883,9883,UPI,Paid,185772
9884,9884,UPI,Paid,180440
9885,9885,UPI,Paid,392085
9886,9886,UPI,Paid,118872
9887,9887,UPI,Paid,176622
9888,9888,Net Banking,Paid,190897
9889,9889,UPI,Paid,376408
9890,9890,UPI,Pending,476298
9891,9891,Credit Card,Paid,81680
9892,9892,Cash,Paid,362718
9893,9893,UPI,Paid,346300
9894,9894,UPI,Paid,146448
9895,9895,Net Banking,Paid,27024
9896,9896,Debit Card,Paid,469566
9897,9897,Credit Card,Paid,38510
9898,9898,UPI,Paid,71930
9899,9899,Cash,Paid,362056
9900,9900,Credit Card,Paid,47764
9901,9901,Net Banking,Paid,361263
9902,9902,UPI,Paid,143946
9903,9903,UPI,Paid,242590
9904,9904,UPI,Paid,148160
9905,9905,Credit Card,Paid,52362
9906,9906,UPI,Paid,242920
9907,9907,Cash,Paid,288060
9908,9908,Credit Card,Paid,130272
9909,9909,UPI,Pending,288145
9910,9910,Credit Card,Paid,84964
9911,9911,Credit Card,Paid,83205
9912,9912,UPI,Paid,88781
9913,9913,Cash,Paid,21365
9914,9914,Credit Card,Paid,255774
9915,9915,Credit Card,Paid,89016
9916,9916,UPI,Paid,47746
9917,9917,Credit Card,Paid,23540
9918,9918,Credit Card,Paid,147912
9919,9919,UPI,Paid,73266
9920,9920,UPI,Paid,225531
9921,9921,UPI,Failed,35278
9922,9922,Cash,Paid,122085
9923,9923,Credit Card,Paid,183162
9924,9924,Debit Card,Paid,463878
9925,9925,UPI,Paid,154428
9926,9926,UPI,Paid,192227
9927,9927,Cash,Paid,31782
9928,9928,UPI,Pending,301693
9929,9929,Credit Card,Paid,206668
9930,9930,Net Banking,Paid,534560
9931,9931,UPI,Paid,253866
9932,9932,Credit Card,Pending,163366
9933,9933,Credit Card,Failed,53347
9934,9934,UPI,Pending,138520
9935,9935,Net Banking,Paid,329378
9936,9936,Debit Card,Paid,55719
9937,9937,UPI,Paid,84468
9938,9938,Net Banking,Paid,383856
9939,9939,Credit Card,Paid,240708
9940,9940,UPI,Paid,130221
9941,9941,Net Banking,Paid,154960
9942,9942,Credit Card,Paid,200472
9943,9943,Debit Card,Paid,86814
9944,9944,Credit Card,Paid,83962
9945,9945,Debit Card,Paid,96752
9946,9946,Net Banking,Paid,143664
9947,9947,UPI,Paid,317408
9948,9948,Credit Card,Paid,89705
9949,9949,Net Banking,Paid,29472
9950,9950,Credit Card,Paid,91930
9951,9951,UPI,Paid,216160
9952,9952,Net Banking,Paid,403770
9953,9953,Credit Card,Pending,63424
9954,9954,Debit Card,Paid,106312
9955,9955,Credit Card,Paid,8725
9956,9956,Credit Card,Paid,203484
9957,9957,Credit Card,Paid,96768
9958,9958,Debit Card,Paid,75652
9959,9959,Credit Card,Paid,96752
9960,9960,Cash,Pending,389641
9961,9961,UPI,Paid,25886
9962,9962,Debit Card,Failed,32502
9963,9963,Debit Card,Paid,127944
9964,9964,Credit Card,Paid,174840
9965,9965,Debit Card,Pending,92835
9966,9966,Net Banking,Paid,235250
9967,9967,Credit Card,Paid,150320
9968,9968,Debit Card,Paid,82432
9969,9969,UPI,Paid,288738
9970,9970,Net Banking,Paid,98960
9971,9971,Debit Card,Paid,130720
9972,9972,Credit Card,Paid,219496
9973,9973,UPI,Paid,151928
9974,9974,Debit Card,Paid,43616
9975,9975,Cash,Pending,215112
9976,9976,Cash,Paid,88413
9977,9977,UPI,Paid,198120
9978,9978,UPI,Paid,21700
9979,9979,Debit Card,Paid,293867
9980,9980,Credit Card,Paid,179536
9981,9981,Cash,Paid,53972
9982,9982,UPI,Paid,233216
9983,9983,Credit Card,Paid,252360
9984,9984,Credit Card,Paid,45524
9985,9985,Net Banking,Paid,245064
9986,9986,UPI,Paid,127476
9987,9987,UPI,Paid,77480
9988,9988,Credit Card,Paid,86596
9989,9989,Credit Card,Pending,218424
9990,9990,Credit Card,Pending,299448
9991,9991,Net Banking,Paid,29472
9992,9992,Credit Card,Paid,92640
9993,9993,Debit Card,Paid,132888
9994,9994,Net Banking,Paid,151928
9995,9995,UPI,Failed,45745
9996,9996,Credit Card,Paid,60968
9997,9997,Net Banking,Pending,172036
9998,9998,Credit Card,Paid,229825
9999,9999,UPI,Paid,209241
10000,10000,Cash,Paid,353672
10001,10001,Net Banking,Paid,114702
10002,10002,Debit Card,Paid,359569
10003,10003,Debit Card,Paid,57570
10004,10004,UPI,Paid,288738
10005,10005,Net Banking,Paid,458757
10006,10006,UPI,Paid,473300
10007,10007,Credit Card,Paid,302897
10008,10008,UPI,Paid,107586
10009,10009,Credit Card,Paid,288738
10010,10010,UPI,Pending,118794
10011,10011,Debit Card,Paid,43407
10012,10012,Credit Card,Paid,49090
10013,10013,Credit Card,Paid,88572
10014,10014,UPI,Paid,99883
10015,10015,Credit Card,Paid,19424
10016,10016,Net Banking,Pending,18567
10017,10017,Credit Card,Paid,275706
10018,10018,Debit Card,Paid,19117
10019,10019,Cash,Paid,97419
10020,10020,UPI,Paid,62667
10021,10021,UPI,Paid,72675
10022,10022,Cash,Failed,201885
10023,10023,Cash,Paid,277920
10024,10024,Credit Card,Paid,278901
10025,10025,Credit Card,Paid,477738
10026,10026,UPI,Pending,79884
10027,10027,Debit Card,Paid,50637
10028,10028,UPI,Paid,265716
10029,10029,UPI,Pending,42482
10030,10030,Debit Card,Pending,81864
10031,10031,Credit Card,Failed,328153
10032,10032,UPI,Paid,240336
10033,10033,Debit Card,Paid,101512
10034,10034,Credit Card,Pending,480040
10035,10035,UPI,Paid,195723
10036,10036,Credit Card,Failed,149710
10037,10037,Debit Card,Paid,92640
10038,10038,UPI,Paid,9871
10039,10039,Debit Card,Paid,39261
10040,10040,Credit Card,Paid,185772
10041,10041,Credit Card,Paid,160864
10042,10042,UPI,Pending,69120
10043,10043,Net Banking,Paid,79520
10044,10044,Debit Card,Paid,92414
10045,10045,UPI,Paid,164437
10046,10046,UPI,Paid,106520
10047,10047,UPI,Pending,139542
10048,10048,Credit Card,Paid,24646
10049,10049,Credit Card,Paid,212681
10050,10050,Debit Card,Failed,405504
10051,10051,Credit Card,Paid,36760
10052,10052,UPI,Failed,489490
10053,10053,Debit Card,Paid,388672
10054,10054,Debit Card,Paid,512890
10055,10055,Net Banking,Paid,191168
10056,10056,Credit Card,Paid,169244
10057,10057,UPI,Paid,165050
10058,10058,UPI,Paid,245749
10059,10059,Credit Card,Paid,7928
10060,10060,Credit Card,Failed,64702
10061,10061,Cash,Paid,52917
10062,10062,Debit Card,Paid,308010
10063,10063,Net Banking,Paid,54938
10064,10064,UPI,Paid,228600
10065,10065,UPI,Pending,46782
10066,10066,UPI,Paid,309654
10067,10067,Credit Card,Paid,207228
10068,10068,Cash,Paid,296465
10069,10069,Cash,Pending,316568
10070,10070,UPI,Paid,171696
10071,10071,Net Banking,Paid,219688
10072,10072,Net Banking,Paid,403110
10073,10073,Debit Card,Paid,17538
10074,10074,Credit Card,Paid,82311
10075,10075,Net Banking,Pending,190335
10076,10076,UPI,Paid,118350
10077,10077,Net Banking,Paid,46559
10078,10078,Net Banking,Paid,135753
10079,10079,UPI,Paid,271860
10080,10080,Credit Card,Paid,197856
10081,10081,Cash,Pending,304044
10082,10082,UPI,Failed,34184
10083,10083,UPI,Failed,25686
10084,10084,UPI,Paid,71534
10085,10085,UPI,Paid,277040
10086,10086,UPI,Paid,191168
10087,10087,Net Banking,Paid,465860
10088,10088,Credit Card,Paid,134280
10089,10089,Debit Card,Paid,281512
10090,10090,Debit Card,Paid,92118
10091,10091,Debit Card,Paid,216734
10092,10092,Debit Card,Paid,74137
10093,10093,Net Banking,Paid,101512
10094,10094,Net Banking,Paid,325416
10095,10095,Net Banking,Paid,102588
10096,10096,UPI,Paid,264080
10097,10097,UPI,Paid,45509
10098,10098,Credit Card,Paid,89397
10099,10099,UPI,Paid,189452
10100,10100,UPI,Paid,338076
10101,10101,Credit Card,Failed,40344
10102,10102,Net Banking,Paid,103164
10103,10103,UPI,Paid,272592
10104,10104,Cash,Paid,219726
10105,10105,UPI,Paid,196784
10106,10106,UPI,Paid,32626
10107,10107,Credit Card,Paid,43248
10108,10108,Debit Card,Paid,37982
10109,10109,Debit Card,Paid,186752
10110,10110,Credit Card,Paid,520290
10111,10111,Debit Card,Paid,65241
10112,10112,Cash,Paid,311670
10113,10113,Credit Card,Paid,49292
10114,10114,Cash,Paid,93964
10115,10115,Debit Card,Paid,128535
10116,10116,Credit Card,Pending,113530
10117,10117,Debit Card,Paid,261450
10118,10118,Net Banking,Pending,259368
10119,10119,Credit Card,Pending,15690
10120,10120,Credit Card,Failed,17578
10121,10121,UPI,Paid,29799
10122,10122,Net Banking,Paid,73192
10123,10123,UPI,Failed,96320
10124,10124,Credit Card,Paid,71352
10125,10125,Credit Card,Paid,440361
10126,10126,Debit Card,Paid,134370
10127,10127,Net Banking,Paid,5175
10128,10128,UPI,Paid,42542
10129,10129,UPI,Paid,42086
10130,10130,UPI,Paid,37580
10131,10131,Cash,Failed,379085
10132,10132,UPI,Paid,198112
10133,10133,UPI,Paid,32760
10134,10134,UPI,Pending,332213
10135,10135,Credit Card,Paid,183952
10136,10136,UPI,Paid,143376
10137,10137,Cash,Pending,189469
10138,10138,UPI,Paid,172396
10139,10139,Net Banking,Paid,116700
10140,10140,Debit Card,Paid,14859
10141,10141,Debit Card,Paid,58624
10142,10142,UPI,Paid,268215
10143,10143,Net Banking,Pending,190760
10144,10144,UPI,Paid,380799
10145,10145,Credit Card,Failed,48584
10146,10146,Debit Card,Paid,111188
10147,10147,Net Banking,Paid,65136
10148,10148,UPI,Paid,209360
10149,10149,Debit Card,Paid,338488
10150,10150,UPI,Pending,173084
10151,10151,Debit Card,Paid,23784
10152,10152,Credit Card,Failed,537912
10153,10153,UPI,Paid,53456
10154,10154,UPI,Paid,14786
10155,10155,Debit Card,Paid,137895
10156,10156,Cash,Paid,143946
10157,10157,UPI,Paid,58304
10158,10158,Debit Card,Paid,140556
10159,10159,UPI,Pending,172522
10160,10160,Cash,Pending,141112
10161,10161,Cash,Paid,341253
10162,10162,Debit Card,Failed,140637
10163,10163,Debit Card,Paid,143408
10164,10164,UPI,Paid,121444
10165,10165,Credit Card,Paid,283688
10166,10166,Debit Card,Pending,66288
10167,10167,Credit Card,Paid,306558
10168,10168,Credit Card,Paid,102980
10169,10169,Net Banking,Paid,99864
10170,10170,Credit Card,Paid,167768
10171,10171,UPI,Paid,155136
10172,10172,Credit Card,Pending,402160
10173,10173,UPI,Paid,250920
10174,10174,UPI,Failed,112692
10175,10175,Credit Card,Paid,112808
10176,10176,Credit Card,Paid,48912
10177,10177,Debit Card,Paid,262430
10178,10178,Cash,Paid,208605
10179,10179,UPI,Pending,113478
10180,10180,Net Banking,Paid,405720
10181,10181,Credit Card,Paid,189950
10182,10182,Credit Card,Paid,226457
10183,10183,UPI,Paid,245574
10184,10184,Debit Card,Failed,8370
10185,10185,Cash,Paid,45525
10186,10186,Net Banking,Paid,520299
10187,10187,UPI,Paid,154189
10188,10188,Credit Card,Paid,443890
10189,10189,Net Banking,Paid,225384
10190,10190,UPI,Paid,242590
10191,10191,Credit Card,Failed,285750
10192,10192,UPI,Paid,356400
10193,10193,UPI,Paid,160958
10194,10194,Net Banking,Paid,56364
10195,10195,UPI,Paid,126830
10196,10196,Debit Card,Paid,99030
10197,10197,Credit Card,Paid,270115
10198,10198,Debit Card,Pending,176420
10199,10199,Cash,Paid,18111
10200,10200,Credit Card,Paid,106884
10201,10201,UPI,Paid,67797
10202,10202,Debit Card,Paid,379085
10203,10203,UPI,Paid,63090
10204,10204,UPI,Paid,248768
10205,10205,Cash,Paid,124134
10206,10206,Credit Card,Paid,107034
10207,10207,Credit Card,Failed,59630
10208,10208,Net Banking,Paid,319149
10209,10209,Cash,Paid,234048
10210,10210,Debit Card,Paid,237172
10211,10211,Credit Card,Paid,269238
10212,10212,Cash,Failed,50973
10213,10213,Credit Card,Paid,255976
10214,10214,UPI,Pending,14786
10215,10215,UPI,Paid,118875
10216,10216,UPI,Paid,40485
10217,10217,Debit Card,Paid,26768
10218,10218,UPI,Paid,238520
10219,10219,UPI,Paid,164031
10220,10220,Cash,Paid,218304
10221,10221,Cash,Paid,78968
10222,10222,Debit Card,Paid,140710
10223,10223,Credit Card,Paid,62132
10224,10224,UPI,Paid,121125
10225,10225,Credit Card,Paid,254256
10226,10226,Credit Card,Paid,282408
10227,10227,Debit Card,Paid,92607
10228,10228,Debit Card,Paid,75160
10229,10229,UPI,Paid,39100
10230,10230,Credit Card,Paid,391192
10231,10231,Debit Card,Paid,172887
10232,10232,UPI,Paid,315450
10233,10233,UPI,Paid,452574
10234,10234,UPI,Paid,48834
10235,10235,Debit Card,Failed,404850
10236,10236,Debit Card,Paid,190335
10237,10237,Cash,Paid,98180
10238,10238,Debit Card,Paid,191530
10239,10239,UPI,Paid,344072
10240,10240,Credit Card,Paid,190692
10241,10241,Credit Card,Paid,44313
10242,10242,Credit Card,Paid,162354
10243,10243,Debit Card,Paid,156660
10244,10244,UPI,Paid,54542
10245,10245,Credit Card,Paid,35544
10246,10246,Cash,Pending,108666
10247,10247,Credit Card,Paid,239910
10248,10248,Cash,Paid,50823
10249,10249,UPI,Paid,17098
10250,10250,Net Banking,Paid,274827
10251,10251,Credit Card,Paid,474060
10252,10252,UPI,Paid,226360
10253,10253,UPI,Paid,167045
10254,10254,Credit Card,Failed,296177
10255,10255,Credit Card,Paid,354270
10256,10256,UPI,Paid,509310
10257,10257,UPI,Failed,45412
10258,10258,Debit Card,Paid,87432
10259,10259,Cash,Paid,10131
10260,10260,UPI,Pending,526660
10261,10261,Cash,Paid,77924
10262,10262,Credit Card,Failed,72176
10263,10263,Cash,Failed,182976
10264,10264,UPI,Paid,23882
10265,10265,Debit Card,Paid,71352
10266,10266,Cash,Paid,67588
10267,10267,Debit Card,Paid,52362
10268,10268,Debit Card,Paid,41939
10269,10269,Cash,Paid,212016
10270,10270,Credit Card,Paid,257380
10271,10271,Net Banking,Paid,130465
10272,10272,Cash,Pending,158751
10273,10273,Credit Card,Paid,114112
10274,10274,Cash,Paid,14296
10275,10275,UPI,Paid,257592
10276,10276,Cash,Paid,253520
10277,10277,UPI,Paid,456192
10278,10278,UPI,Paid,329728
10279,10279,UPI,Paid,345527
10280,10280,Debit Card,Paid,240610
10281,10281,UPI,Failed,282306
10282,10282,Debit Card,Paid,52486
10283,10283,UPI,Paid,221212
10284,10284,Debit Card,Failed,339978
10285,10285,UPI,Paid,280520
10286,10286,Credit Card,Paid,5885
10287,10287,UPI,Paid,50297
10288,10288,UPI,Paid,277308
10289,10289,Net Banking,Pending,35574
10290,10290,Credit Card,Paid,163731
10291,10291,Debit Card,Paid,21304
10292,10292,Debit Card,Paid,191121
10293,10293,UPI,Paid,111188
10294,10294,Credit Card,Failed,214992
10295,10295,Credit Card,Failed,304938
10296,10296,Debit Card,Paid,145700
10297,10297,UPI,Failed,22722
10298,10298,UPI,Paid,42531
10299,10299,Debit Card,Paid,195408
10300,10300,Credit Card,Pending,98180
10301,10301,Debit Card,Paid,179536
10302,10302,UPI,Paid,489120
10303,10303,UPI,Pending,115335
10304,10304,Credit Card,Paid,78544
10305,10305,UPI,Paid,210096
10306,10306,UPI,Pending,45412
10307,10307,Debit Card,Paid,46559
10308,10308,Credit Card,Paid,139542
10309,10309,Credit Card,Paid,31380
10310,10310,Debit Card,Paid,66508
10311,10311,Net Banking,Paid,206080
10312,10312,UPI,Failed,62067
10313,10313,UPI,Failed,246933
10314,10314,Debit Card,Paid,326752
10315,10315,Debit Card,Failed,292560
10316,10316,Debit Card,Failed,46530
10317,10317,Net Banking,Paid,11713
10318,10318,UPI,Paid,371700
10319,10319,UPI,Pending,95492
10320,10320,UPI,Paid,287862
10321,10321,Credit Card,Paid,63916
10322,10322,Credit Card,Pending,130800
10323,10323,UPI,Paid,193504
10324,10324,UPI,Paid,197414
10325,10325,Cash,Paid,55098
10326,10326,UPI,Paid,218000
10327,10327,Credit Card,Paid,377829
10328,10328,UPI,Paid,139950
10329,10329,Debit Card,Paid,257710
10330,10330,Net Banking,Pending,35160
10331,10331,Net Banking,Pending,105832
10332,10332,Debit Card,Paid,147912
10333,10333,Net Banking,Paid,21392
10334,10334,Credit Card,Pending,89520
10335,10335,UPI,Paid,191121
10336,10336,Credit Card,Paid,275607
10337,10337,Credit Card,Paid,136400
10338,10338,Credit Card,Paid,142218
10339,10339,Debit Card,Paid,259310
10340,10340,Net Banking,Paid,45251
10341,10341,Net Banking,Paid,89746
10342,10342,UPI,Pending,61350
10343,10343,Credit Card,Paid,36612
10344,10344,Debit Card,Paid,195505
10345,10345,UPI,Pending,162402
10346,10346,Net Banking,Paid,132576
10347,10347,Debit Card,Paid,79212
10348,10348,Credit Card,Pending,18173
10349,10349,Credit Card,Failed,31096
10350,10350,UPI,Paid,46514
10351,10351,UPI,Paid,38498
10352,10352,Debit Card,Paid,205620
10353,10353,Credit Card,Paid,201080
10354,10354,Credit Card,Paid,21228
10355,10355,Credit Card,Failed,166621
10356,10356,UPI,Paid,40118
10357,10357,Cash,Paid,152919
10358,10358,Debit Card,Paid,258560
10359,10359,UPI,Paid,109818
10360,10360,UPI,Paid,182340
10361,10361,Credit Card,Paid,128150
10362,10362,UPI,Paid,103950
10363,10363,UPI,Failed,129894
10364,10364,Cash,Paid,272800
10365,10365,Net Banking,Paid,115584
10366,10366,UPI,Paid,237030
10367,10367,Cash,Paid,230295
10368,10368,UPI,Paid,23338
10369,10369,UPI,Failed,191908
10370,10370,Debit Card,Paid,186344
10371,10371,UPI,Failed,194144
10372,10372,Cash,Pending,226521
10373,10373,Credit Card,Failed,163116
10374,10374,Credit Card,Pending,176183
10375,10375,Cash,Paid,481910
10376,10376,Credit Card,Paid,81141
10377,10377,UPI,Failed,76959
10378,10378,Credit Card,Failed,87200
10379,10379,Credit Card,Paid,104797
10380,10380,UPI,Paid,13975
10381,10381,Cash,Paid,30618
10382,10382,Credit Card,Paid,56312
10383,10383,Debit Card,Paid,211167
10384,10384,UPI,Paid,160864
10385,10385,UPI,Paid,253050
10386,10386,UPI,Paid,171380
10387,10387,Credit Card,Pending,340088
10388,10388,Credit Card,Paid,503739
10389,10389,Credit Card,Pending,131590
10390,10390,UPI,Paid,50106
10391,10391,Net Banking,Paid,196994
10392,10392,Cash,Paid,227940
10393,10393,UPI,Pending,308220
10394,10394,Debit Card,Paid,53476
10395,10395,UPI,Paid,17580
10396,10396,Debit Card,Paid,152469
10397,10397,Credit Card,Failed,89397
10398,10398,Debit Card,Paid,162069
10399,10399,Net Banking,Paid,102429
10400,10400,Cash,Paid,117024
10401,10401,UPI,Paid,92607
10402,10402,Credit Card,Paid,61075
10403,10403,UPI,Paid,37175
10404,10404,Net Banking,Paid,15979
10405,10405,Debit Card,Paid,102592
10406,10406,Credit Card,Paid,85690
10407,10407,Cash,Paid,331310
10408,10408,Cash,Paid,211419
10409,10409,Cash,Paid,46184
10410,10410,Credit Card,Paid,262402
10411,10411,Credit Card,Paid,66288
10412,10412,Credit Card,Paid,304128
10413,10413,Net Banking,Pending,248808
10414,10414,UPI,Paid,185364
10415,10415,Credit Card,Paid,12075
10416,10416,UPI,Failed,425574
10417,10417,Cash,Pending,332720
10418,10418,Credit Card,Paid,498942
10419,10419,Net Banking,Pending,62192
10420,10420,Credit Card,Failed,100134
10421,10421,UPI,Paid,215172
10422,10422,UPI,Paid,300681
10423,10423,Cash,Paid,89826
10424,10424,UPI,Paid,175888
10425,10425,Net Banking,Pending,21365
10426,10426,Credit Card,Paid,145400
10427,10427,Credit Card,Paid,35278
10428,10428,UPI,Failed,436000
10429,10429,Debit Card,Paid,478880
10430,10430,Credit Card,Paid,205338
10431,10431,UPI,Failed,138177
10432,10432,Cash,Paid,92520
10433,10433,Credit Card,Paid,170980
10434,10434,Credit Card,Paid,28432
10435,10435,Credit Card,Paid,119940
10436,10436,UPI,Paid,321903
10437,10437,UPI,Paid,106632
10438,10438,Net Banking,Paid,197414
10439,10439,Credit Card,Paid,303610
10440,10440,UPI,Pending,212766
10441,10441,UPI,Paid,39781
10442,10442,UPI,Failed,396760
10443,10443,UPI,Paid,153006
10444,10444,Credit Card,Paid,437256
10445,10445,UPI,Failed,71409
10446,10446,Debit Card,Failed,21182
10447,10447,Debit Card,Paid,190984
10448,10448,UPI,Paid,46755
10449,10449,Net Banking,Paid,38105
10450,10450,Credit Card,Paid,108801
10451,10451,Net Banking,Paid,278901
10452,10452,UPI,Paid,66818
10453,10453,UPI,Paid,52614
10454,10454,Debit Card,Paid,71704
10455,10455,Debit Card,Paid,248808
10456,10456,UPI,Paid,305270
10457,10457,Credit Card,Paid,71416
10458,10458,UPI,Paid,13150
10459,10459,Credit Card,Paid,450768
10460,10460,UPI,Failed,317820
10461,10461,Credit Card,Paid,30675
10462,10462,Cash,Paid,154400
10463,10463,Debit Card,Paid,497727
10464,10464,UPI,Pending,417410
10465,10465,Credit Card,Paid,125520
10466,10466,Debit Card,Paid,184984
10467,10467,UPI,Paid,15556
10468,10468,Debit Card,Paid,101464
10469,10469,Credit Card,Paid,36222
10470,10470,Cash,Paid,8625
10471,10471,Debit Card,Paid,237056
10472,10472,UPI,Paid,33130
10473,10473,Debit Card,Paid,261696
10474,10474,UPI,Paid,172179
10475,10475,Debit Card,Failed,149670
10476,10476,Debit Card,Paid,391432
10477,10477,UPI,Paid,254355
10478,10478,UPI,Paid,80112
10479,10479,UPI,Paid,289055
10480,10480,Credit Card,Paid,230295
10481,10481,Debit Card,Paid,170968
10482,10482,Credit Card,Paid,226457
10483,10483,UPI,Failed,46879
10484,10484,Net Banking,Paid,92492
10485,10485,Credit Card,Paid,359569
10486,10486,Net Banking,Paid,432710
10487,10487,UPI,Failed,297794
10488,10488,Credit Card,Paid,181002
10489,10489,Debit Card,Paid,254952
10490,10490,Credit Card,Paid,349191
10491,10491,Net Banking,Paid,246918
10492,10492,Credit Card,Paid,136236
10493,10493,UPI,Paid,192550
10494,10494,Cash,Paid,214361
10495,10495,Debit Card,Failed,77058
10496,10496,Cash,Paid,116914
10497,10497,UPI,Paid,48560
10498,10498,Debit Card,Pending,123648
10499,10499,UPI,Paid,57150
10500,10500,UPI,Paid,130800
10501,10501,Cash,Paid,164031
10502,10502,UPI,Paid,325416
10503,10503,UPI,Paid,134930
10504,10504,UPI,Paid,202816
10505,10505,UPI,Paid,304955
10506,10506,UPI,Paid,233380
10507,10507,UPI,Paid,331541
10508,10508,UPI,Paid,190424
10509,10509,Debit Card,Pending,140886
10510,10510,Cash,Paid,191840
10511,10511,Credit Card,Paid,109056
10512,10512,UPI,Paid,196722
10513,10513,Debit Card,Paid,230988
10514,10514,UPI,Paid,62172
10515,10515,Cash,Paid,182298
10516,10516,UPI,Pending,196200
10517,10517,Credit Card,Paid,102990
10518,10518,Credit Card,Paid,392085
10519,10519,Credit Card,Paid,507040
10520,10520,Debit Card,Paid,87420
10521,10521,Credit Card,Paid,78543
10522,10522,Net Banking,Paid,182298
10523,10523,Credit Card,Paid,370377
10524,10524,Credit Card,Paid,305270
10525,10525,Credit Card,Paid,206136
10526,10526,Debit Card,Paid,341000
10527,10527,UPI,Paid,178032
10528,10528,Credit Card,Paid,115140
10529,10529,UPI,Paid,265930
10530,10530,Credit Card,Paid,442792
10531,10531,Credit Card,Paid,220392
10532,10532,Debit Card,Paid,351909
10533,10533,Debit Card,Pending,246918
10534,10534,Debit Card,Paid,39571
10535,10535,UPI,Paid,177597
10536,10536,Credit Card,Pending,65360
10537,10537,Credit Card,Paid,192550
10538,10538,Debit Card,Paid,73956
10539,10539,UPI,Failed,206848
10540,10540,UPI,Paid,71088
10541,10541,Credit Card,Paid,216376
10542,10542,UPI,Paid,91930
10543,10543,Debit Card,Paid,183162
10544,10544,Credit Card,Paid,50067
10545,10545,UPI,Paid,22994
10546,10546,Net Banking,Paid,44425
10547,10547,Net Banking,Paid,166348
10548,10548,UPI,Paid,46755
10549,10549,Cash,Paid,187464
10550,10550,Cash,Paid,44577
10551,10551,UPI,Paid,360880
10552,10552,Cash,Paid,80504
10553,10553,Credit Card,Paid,455490
10554,10554,UPI,Failed,246904
10555,10555,UPI,Paid,222474
10556,10556,UPI,Failed,262638
10557,10557,Credit Card,Paid,81072
10558,10558,Credit Card,Paid,31782
10559,10559,Debit Card,Paid,238520
10560,10560,Credit Card,Paid,357651
10561,10561,Net Banking,Paid,234260
10562,10562,Credit Card,Paid,306340
10563,10563,Cash,Paid,66260
10564,10564,Debit Card,Paid,396760
10565,10565,Net Banking,Paid,194336
10566,10566,Credit Card,Paid,52600
10567,10567,UPI,Paid,294300
10568,10568,Credit Card,Paid,33629
10569,10569,Cash,Paid,246918
10570,10570,UPI,Paid,318800
10571,10571,UPI,Pending,246918
10572,10572,UPI,Paid,82942
10573,10573,Cash,Paid,113530
10574,10574,Credit Card,Paid,49120
10575,10575,UPI,Paid,245727
10576,10576,Credit Card,Paid,200312
10577,10577,Debit Card,Paid,277350
10578,10578,Credit Card,Paid,308400
10579,10579,Cash,Pending,95304
10580,10580,Credit Card,Paid,41942
10581,10581,Net Banking,Paid,39781
10582,10582,Cash,Paid,250920
10583,10583,UPI,Paid,100134
10584,10584,UPI,Paid,115335
10585,10585,Credit Card,Paid,241493
10586,10586,Cash,Paid,157164
10587,10587,UPI,Pending,361263
10588,10588,Net Banking,Paid,379652
10589,10589,UPI,Paid,29454
10590,10590,UPI,Pending,121444
10591,10591,Cash,Pending,374256
10592,10592,UPI,Paid,360216
10593,10593,Credit Card,Failed,50740
10594,10594,Credit Card,Paid,70885
10595,10595,Credit Card,Failed,140946
10596,10596,Net Banking,Paid,14177
10597,10597,UPI,Paid,142560
10598,10598,Cash,Paid,172053
10599,10599,Credit Card,Paid,31170
10600,10600,Debit Card,Paid,375130
10601,10601,UPI,Failed,102990
10602,10602,UPI,Pending,93758
10603,10603,Cash,Paid,186050
10604,10604,UPI,Paid,100887
10605,10605,Credit Card,Paid,120940
10606,10606,UPI,Pending,265254
10607,10607,UPI,Paid,46676
10608,10608,Debit Card,Paid,86418
10609,10609,UPI,Paid,71080
10610,10610,Cash,Paid,99916
10611,10611,UPI,Paid,404334
10612,10612,Debit Card,Paid,135747
10613,10613,Cash,Pending,37486
10614,10614,UPI,Paid,118875
10615,10615,Credit Card,Paid,39676
10616,10616,Credit Card,Pending,140637
10617,10617,Credit Card,Paid,43494
10618,10618,UPI,Paid,153006
10619,10619,UPI,Paid,302897
10620,10620,Credit Card,Paid,37210
10621,10621,Cash,Pending,260930
10622,10622,Cash,Paid,84426
10623,10623,UPI,Paid,88311
10624,10624,Debit Card,Paid,296465
10625,10625,Debit Card,Paid,72704
10626,10626,Debit Card,Paid,273054
10627,10627,UPI,Paid,111336
10628,10628,Debit Card,Paid,38445
10629,10629,Net Banking,Pending,226255
10630,10630,UPI,Paid,266670
10631,10631,UPI,Paid,30166
10632,10632,Net Banking,Paid,21712
10633,10633,UPI,Paid,73938
10634,10634,Credit Card,Paid,56150
10635,10635,UPI,Pending,107280
10636,10636,UPI,Paid,418770
10637,10637,Cash,Failed,13150
10638,10638,Debit Card,Pending,17770
10639,10639,Cash,Paid,44425
10640,10640,Credit Card,Paid,134739
10641,10641,Credit Card,Paid,280520
10642,10642,UPI,Paid,37917
10643,10643,UPI,Paid,192059
10644,10644,Net Banking,Paid,88362
10645,10645,UPI,Pending,22027
10646,10646,UPI,Paid,63536
10647,10647,UPI,Paid,61075
10648,10648,Credit Card,Paid,10591
10649,10649,Credit Card,Paid,30618
10650,10650,Credit Card,Paid,142640
10651,10651,UPI,Paid,152064
10652,10652,Net Banking,Paid,187704
10653,10653,Credit Card,Paid,52186
10654,10654,UPI,Paid,376400
10655,10655,UPI,Failed,95585
10656,10656,UPI,Paid,141010
10657,10657,UPI,Paid,172179
10658,10658,UPI,Paid,143068
10659,10659,Credit Card,Paid,144012
10660,10660,Cash,Failed,415962
10661,10661,Credit Card,Paid,26093
10662,10662,Credit Card,Paid,178191
10663,10663,Cash,Failed,288145
10664,10664,Credit Card,Paid,153224
10665,10665,UPI,Paid,230920
10666,10666,Debit Card,Paid,148584
10667,10667,UPI,Paid,400536
10668,10668,Cash,Paid,258808
10669,10669,Debit Card,Paid,15242
10670,10670,Credit Card,Paid,40950
10671,10671,UPI,Paid,12683
10672,10672,Cash,Failed,65286
10673,10673,Net Banking,Paid,191900
10674,10674,Cash,Paid,310072
10675,10675,Credit Card,Failed,129510
10676,10676,Credit Card,Paid,112458
10677,10677,Credit Card,Paid,98928
10678,10678,UPI,Paid,117315
10679,10679,Credit Card,Paid,332720
10680,10680,Cash,Paid,150891
10681,10681,Credit Card,Paid,132010
10682,10682,UPI,Paid,54048
10683,10683,Net Banking,Paid,106164
10684,10684,Cash,Pending,152040
10685,10685,Credit Card,Paid,218304
10686,10686,UPI,Pending,441450
10687,10687,Credit Card,Paid,275104
10688,10688,UPI,Failed,111038
10689,10689,Net Banking,Paid,254865
10690,10690,Credit Card,Paid,135176
10691,10691,Credit Card,Paid,255801
10692,10692,Credit Card,Paid,65750
10693,10693,Debit Card,Paid,426654
10694,10694,UPI,Paid,90514
10695,10695,Cash,Paid,31956
10696,10696,UPI,Paid,77480
10697,10697,Credit Card,Paid,325710
10698,10698,UPI,Paid,262260
10699,10699,Cash,Paid,78543
10700,10700,Net Banking,Paid,306230
10701,10701,Cash,Failed,117336
10702,10702,UPI,Paid,110698
10703,10703,UPI,Paid,153006
10704,10704,UPI,Paid,254115
10705,10705,Net Banking,Paid,19648
10706,10706,UPI,Paid,300681
10707,10707,UPI,Paid,47363
10708,10708,UPI,Paid,42888
10709,10709,UPI,Paid,71664
10710,10710,Debit Card,Paid,443890
10711,10711,Net Banking,Paid,69747
10712,10712,Debit Card,Paid,86988
10713,10713,Cash,Pending,421911
10714,10714,UPI,Paid,15979
10715,10715,UPI,Paid,152635
10716,10716,Credit Card,Paid,95212
10717,10717,Cash,Paid,92640
10718,10718,Cash,Paid,195376
10719,10719,Debit Card,Failed,11246
10720,10720,UPI,Paid,189329
10721,10721,UPI,Failed,29312
10722,10722,Credit Card,Paid,126416
10723,10723,Credit Card,Pending,348928
10724,10724,UPI,Paid,43945
10725,10725,Credit Card,Paid,126258
10726,10726,Cash,Paid,152480
10727,10727,Debit Card,Paid,242410
10728,10728,Credit Card,Paid,474060
10729,10729,Debit Card,Failed,102734
10730,10730,Credit Card,Paid,486207
10731,10731,UPI,Paid,60992
10732,10732,Cash,Paid,237750
10733,10733,Cash,Paid,137291
10734,10734,UPI,Paid,26418
10735,10735,Credit Card,Paid,242920
10736,10736,Debit Card,Failed,89580
10737,10737,Net Banking,Paid,84468
10738,10738,Debit Card,Paid,300640
10739,10739,UPI,Paid,189144
10740,10740,Credit Card,Pending,263180
10741,10741,Debit Card,Paid,150354
10742,10742,UPI,Paid,37256
10743,10743,Cash,Pending,42629
10744,10744,UPI,Paid,74196
10745,10745,UPI,Paid,43099
10746,10746,Credit Card,Paid,31690
10747,10747,Net Banking,Paid,123473
10748,10748,UPI,Failed,136440
10749,10749,Debit Card,Paid,56590
10750,10750,Cash,Paid,63564
10751,10751,UPI,Paid,153321
10752,10752,Debit Card,Paid,67140
10753,10753,UPI,Paid,429525
10754,10754,Credit Card,Paid,106884
10755,10755,UPI,Paid,17770
10756,10756,Credit Card,Paid,241336
10757,10757,Credit Card,Paid,117315
10758,10758,UPI,Pending,80544
10759,10759,UPI,Paid,384980
10760,10760,Net Banking,Paid,15543
10761,10761,UPI,Paid,225456
10762,10762,Credit Card,Paid,286350
10763,10763,Net Banking,Paid,175880
10764,10764,Credit Card,Paid,57076
10765,10765,UPI,Paid,43600
10766,10766,Debit Card,Paid,70389
10767,10767,UPI,Paid,146787
10768,10768,Net Banking,Paid,99390
10769,10769,Credit Card,Paid,358608
10770,10770,UPI,Paid,273750
10771,10771,Debit Card,Paid,206946
10772,10772,UPI,Paid,226255
10773,10773,Cash,Paid,133819
10774,10774,Credit Card,Failed,431352
10775,10775,UPI,Paid,104419
10776,10776,Credit Card,Paid,94812
10777,10777,Cash,Paid,118072
10778,10778,UPI,Failed,151915
10779,10779,Credit Card,Pending,288060
10780,10780,Cash,Paid,5885
10781,10781,UPI,Paid,233910
10782,10782,UPI,Paid,37134
10783,10783,Credit Card,Failed,132576
10784,10784,UPI,Paid,271764
10785,10785,UPI,Paid,375501
10786,10786,UPI,Paid,140106
10787,10787,Debit Card,Paid,358587
10788,10788,UPI,Failed,37210
10789,10789,Credit Card,Paid,166621
10790,10790,UPI,Paid,63536
10791,10791,Credit Card,Paid,317058
10792,10792,Debit Card,Failed,32082
10793,10793,UPI,Paid,237744
10794,10794,Credit Card,Paid,427808
10795,10795,UPI,Paid,282306
10796,10796,Debit Card,Pending,167216
10797,10797,UPI,Paid,188048
10798,10798,Net Banking,Paid,277560
10799,10799,Debit Card,Failed,130695
10800,10800,Credit Card,Paid,39263
10801,10801,UPI,Paid,275562
10802,10802,Cash,Paid,94812
10803,10803,Cash,Paid,356382
10804,10804,Credit Card,Paid,273048
10805,10805,UPI,Paid,125700
10806,10806,UPI,Pending,60334
10807,10807,Cash,Paid,53190
10808,10808,UPI,Paid,226470
10809,10809,Debit Card,Paid,191935
10810,10810,Net Banking,Paid,110614
10811,10811,UPI,Paid,559890
10812,10812,Credit Card,Paid,78450
10813,10813,Credit Card,Pending,310520
10814,10814,UPI,Paid,152608
10815,10815,UPI,Paid,452720
10816,10816,Credit Card,Paid,478880
10817,10817,Credit Card,Pending,277368
10818,10818,Credit Card,Paid,81991
10819,10819,UPI,Paid,114152
10820,10820,Credit Card,Paid,228600
10821,10821,Credit Card,Paid,192528
10822,10822,UPI,Paid,52350
10823,10823,UPI,Paid,155430
10824,10824,UPI,Paid,201510
10825,10825,Net Banking,Paid,345483
10826,10826,Cash,Paid,205338
10827,10827,Net Banking,Paid,287862
10828,10828,UPI,Paid,52965
10829,10829,Net Banking,Paid,117789
10830,10830,UPI,Paid,126960
10831,10831,Credit Card,Paid,78608
10832,10832,Net Banking,Failed,127832
10833,10833,Debit Card,Paid,174550
10834,10834,Credit Card,Failed,221396
10835,10835,UPI,Paid,53536
10836,10836,Credit Card,Paid,521640
10837,10837,Debit Card,Pending,96246
10838,10838,UPI,Paid,18014
10839,10839,UPI,Paid,176826
10840,10840,Credit Card,Pending,166884
10841,10841,Credit Card,Failed,231244
10842,10842,Debit Card,Paid,61075
10843,10843,UPI,Paid,432036
10844,10844,Credit Card,Paid,481284
10845,10845,Cash,Paid,130396
10846,10846,UPI,Paid,68392
10847,10847,UPI,Paid,326102
10848,10848,Debit Card,Paid,115092
10849,10849,Debit Card,Paid,141840
10850,10850,Credit Card,Paid,87900
10851,10851,Credit Card,Paid,406584
10852,10852,Credit Card,Paid,487395
10853,10853,Credit Card,Paid,279180
10854,10854,UPI,Paid,14967
10855,10855,Debit Card,Paid,209710
10856,10856,Debit Card,Paid,15651
10857,10857,Credit Card,Paid,286160
10858,10858,UPI,Paid,188204
10859,10859,Net Banking,Paid,35380
10860,10860,Cash,Failed,32976
10861,10861,Debit Card,Paid,149710
10862,10862,UPI,Paid,43092
10863,10863,UPI,Paid,230184
10864,10864,UPI,Paid,249480
10865,10865,Net Banking,Paid,219672
10866,10866,UPI,Paid,25856
10867,10867,Credit Card,Paid,160770
10868,10868,Debit Card,Paid,207228
10869,10869,Credit Card,Paid,279860
10870,10870,Credit Card,Paid,62604
10871,10871,Credit Card,Paid,304128
10872,10872,UPI,Paid,395748
10873,10873,Credit Card,Paid,128616
10874,10874,UPI,Paid,9826
10875,10875,Cash,Paid,272880
10876,10876,UPI,Paid,404334
10877,10877,UPI,Pending,112568
10878,10878,Debit Card,Paid,159124
10879,10879,UPI,Paid,384976
10880,10880,Credit Card,Paid,121444
10881,10881,UPI,Pending,56362
10882,10882,Net Banking,Paid,223030
10883,10883,Credit Card,Paid,246576
10884,10884,Credit Card,Paid,485840
10885,10885,Cash,Paid,375032
10886,10886,Debit Card,Paid,477250
10887,10887,UPI,Paid,293787
10888,10888,Debit Card,Pending,88362
10889,10889,Credit Card,Paid,93564
10890,10890,UPI,Failed,185600
10891,10891,Net Banking,Pending,126830
10892,10892,Credit Card,Paid,110196
10893,10893,Credit Card,Failed,142089
10894,10894,Credit Card,Paid,278658
10895,10895,UPI,Paid,236862
10896,10896,Net Banking,Failed,203892
10897,10897,Debit Card,Paid,145384
10898,10898,Net Banking,Paid,468180
10899,10899,UPI,Pending,176216
10900,10900,UPI,Failed,245064
10901,10901,Net Banking,Paid,119480
10902,10902,Credit Card,Paid,417600
10903,10903,Cash,Paid,332213
10904,10904,UPI,Paid,169989
10905,10905,UPI,Paid,110915
10906,10906,Debit Card,Paid,248030
10907,10907,UPI,Paid,17854
10908,10908,Net Banking,Paid,117315
10909,10909,Credit Card,Paid,78510
10910,10910,Debit Card,Paid,384032
10911,10911,Credit Card,Paid,58908
10912,10912,Credit Card,Paid,310072
10913,10913,Debit Card,Failed,173376
10914,10914,UPI,Pending,90502
10915,10915,UPI,Paid,117130
10916,10916,UPI,Paid,104058
10917,10917,Cash,Paid,330200
10918,10918,UPI,Paid,57811
10919,10919,Debit Card,Paid,98546
10920,10920,Debit Card,Paid,326752
10921,10921,Net Banking,Pending,68768
10922,10922,Cash,Paid,274912
10923,10923,UPI,Paid,95304
10924,10924,Credit Card,Paid,375800
10925,10925,Debit Card,Paid,52020
10926,10926,Cash,Failed,403857
10927,10927,Debit Card,Failed,134280
10928,10928,Credit Card,Paid,15242
10929,10929,Net Banking,Paid,143376
10930,10930,Debit Card,Paid,94660
10931,10931,Debit Card,Paid,133100
10932,10932,Credit Card,Paid,195756
10933,10933,Credit Card,Paid,28832
10934,10934,UPI,Paid,292047
10935,10935,UPI,Paid,170968
10936,10936,Credit Card,Paid,358520
10937,10937,Debit Card,Paid,88195
10938,10938,UPI,Paid,313530
10939,10939,Debit Card,Paid,123660
10940,10940,Net Banking,Paid,475176
10941,10941,Debit Card,Paid,245592
10942,10942,Credit Card,Paid,273750
10943,10943,Net Banking,Paid,81680
10944,10944,UPI,Paid,211344
10945,10945,UPI,Paid,209448
10946,10946,Debit Card,Paid,566630
10947,10947,Credit Card,Paid,190984
10948,10948,Credit Card,Pending,169928
10949,10949,Credit Card,Failed,43248
10950,10950,Net Banking,Paid,285908
10951,10951,UPI,Failed,189452
10952,10952,Cash,Failed,436000
10953,10953,Credit Card,Paid,508230
10954,10954,Credit Card,Paid,91490
10955,10955,Debit Card,Paid,159124
10956,10956,Cash,Paid,199696
10957,10957,Cash,Paid,100702
10958,10958,UPI,Paid,196130
10959,10959,Net Banking,Paid,123970
10960,10960,UPI,Pending,111853
10961,10961,Cash,Paid,213710
10962,10962,Net Banking,Paid,95450
10963,10963,UPI,Paid,39687
10964,10964,Cash,Paid,26093
10965,10965,UPI,Pending,509967
10966,10966,Debit Card,Paid,41721
10967,10967,UPI,Paid,43158
10968,10968,Debit Card,Paid,18298
10969,10969,UPI,Failed,112808
10970,10970,Credit Card,Paid,597680
10971,10971,Credit Card,Paid,326200
10972,10972,UPI,Paid,63424
10973,10973,UPI,Failed,344792
10974,10974,UPI,Paid,24764
10975,10975,UPI,Pending,173648
10976,10976,Cash,Pending,141210
10977,10977,Net Banking,Paid,34650
10978,10978,Debit Card,Paid,305312
10979,10979,Debit Card,Paid,509730
10980,10980,Credit Card,Paid,142377
10981,10981,Credit Card,Failed,42482
10982,10982,Credit Card,Paid,305226
10983,10983,Debit Card,Paid,35726
10984,10984,Credit Card,Pending,103724
10985,10985,Credit Card,Paid,76598
10986,10986,UPI,Pending,85490
10987,10987,Debit Card,Paid,314111
10988,10988,Cash,Paid,159246
10989,10989,UPI,Paid,59598
10990,10990,Credit Card,Paid,106496
10991,10991,Credit Card,Paid,51950
10992,10992,Credit Card,Paid,12075
10993,10993,UPI,Pending,71646
10994,10994,Debit Card,Paid,169575
10995,10995,Net Banking,Paid,113946
10996,10996,Credit Card,Paid,76774
10997,10997,UPI,Paid,18935
10998,10998,Credit Card,Paid,176183
10999,10999,Credit Card,Paid,333978
11000,11000,Credit Card,Paid,41275
11001,11001,Credit Card,Paid,36640
11002,11002,UPI,Paid,55815
11003,11003,UPI,Paid,127446
11004,11004,Net Banking,Paid,185992
11005,11005,Net Banking,Paid,129048
11006,11006,UPI,Paid,486207
11007,11007,Debit Card,Paid,76336
11008,11008,UPI,Pending,33272
11009,11009,UPI,Paid,198424
11010,11010,Cash,Paid,8625
11011,11011,Credit Card,Pending,8885
11012,11012,UPI,Failed,89826
11013,11013,UPI,Paid,256656
11014,11014,Debit Card,Pending,329628
11015,11015,Credit Card,Paid,127841
11016,11016,Debit Card,Paid,135594
11017,11017,Net Banking,Pending,76959
11018,11018,UPI,Paid,142605
11019,11019,Credit Card,Pending,477738
11020,11020,Cash,Paid,140004
11021,11021,UPI,Paid,112260
11022,11022,Cash,Paid,79248
11023,11023,Credit Card,Paid,514760
11024,11024,UPI,Paid,166440
11025,11025,Credit Card,Paid,434976
11026,11026,Debit Card,Failed,44606
11027,11027,Credit Card,Paid,153520
11028,11028,Debit Card,Paid,274160
11029,11029,Debit Card,Paid,467820
11030,11030,Debit Card,Paid,266688
11031,11031,Credit Card,Paid,43298
11032,11032,Cash,Paid,407259
11033,11033,Debit Card,Paid,204786
11034,11034,Cash,Failed,163626
11035,11035,UPI,Pending,111326
11036,11036,Debit Card,Paid,113810
11037,11037,Cash,Failed,103089
11038,11038,UPI,Paid,459144
11039,11039,Credit Card,Paid,74855
11040,11040,Net Banking,Paid,40118
11041,11041,Cash,Paid,71356
11042,11042,UPI,Paid,133840
11043,11043,Credit Card,Paid,109629
11044,11044,Debit Card,Pending,328887
11045,11045,Net Banking,Failed,132520
11046,11046,UPI,Paid,58908
11047,11047,Net Banking,Paid,156121
11048,11048,Credit Card,Pending,11180
11049,11049,Credit Card,Pending,210430
11050,11050,UPI,Paid,26509
11051,11051,Credit Card,Paid,66260
11052,11052,Cash,Paid,11132
11053,11053,UPI,Paid,19190
11054,11054,UPI,Paid,213689
11055,11055,Credit Card,Pending,106164
11056,11056,Credit Card,Paid,482787
11057,11057,UPI,Pending,116245
11058,11058,UPI,Paid,221336
11059,11059,UPI,Paid,162510
11060,11060,Debit Card,Paid,526660
11061,11061,Credit Card,Paid,174464
11062,11062,Cash,Paid,269570
11063,11063,Net Banking,Failed,391958
11064,11064,Net Banking,Paid,226652
11065,11065,Debit Card,Paid,101780
11066,11066,UPI,Paid,155450
11067,11067,Credit Card,Pending,387828
11068,11068,UPI,Paid,322572
11069,11069,Net Banking,Failed,196630
11070,11070,Cash,Paid,143046
11071,11071,UPI,Paid,195858
11072,11072,Net Banking,Paid,305344
11073,11073,Credit Card,Paid,23639
11074,11074,UPI,Failed,31545
11075,11075,Cash,Paid,53643
11076,11076,Cash,Paid,87240
11077,11077,Net Banking,Pending,214326
11078,11078,Credit Card,Failed,239058
11079,11079,Credit Card,Pending,508710
11080,11080,Cash,Paid,108188
11081,11081,UPI,Paid,119768
11082,11082,Cash,Paid,59048
11083,11083,Cash,Paid,59293
11084,11084,Credit Card,Paid,97384
11085,11085,UPI,Paid,192692
11086,11086,UPI,Paid,176216
11087,11087,Debit Card,Failed,25648
11088,11088,Net Banking,Paid,39606
11089,11089,UPI,Paid,109748
11090,11090,Credit Card,Paid,98392
11091,11091,UPI,Failed,240336
11092,11092,Credit Card,Paid,481730
11093,11093,Debit Card,Paid,108560
11094,11094,Debit Card,Paid,106225
11095,11095,UPI,Failed,322752
11096,11096,Credit Card,Paid,243064
11097,11097,UPI,Paid,257528
11098,11098,Net Banking,Paid,92055
11099,11099,UPI,Pending,39624
11100,11100,Credit Card,Paid,29472
11101,11101,Net Banking,Paid,221010
11102,11102,UPI,Pending,170919
11103,11103,UPI,Paid,387121
11104,11104,Debit Card,Paid,88592
11105,11105,Debit Card,Pending,28832
11106,11106,UPI,Paid,309276
11107,11107,UPI,Paid,250964
11108,11108,Credit Card,Pending,298150
11109,11109,Credit Card,Paid,257670
11110,11110,Net Banking,Failed,364332
11111,11111,Credit Card,Paid,76760
11112,11112,Debit Card,Paid,385900
11113,11113,UPI,Failed,72056
11114,11114,Net Banking,Paid,329378
11115,11115,Debit Card,Failed,205722
11116,11116,UPI,Paid,100154
11117,11117,Net Banking,Paid,450912
11118,11118,Credit Card,Failed,87546
11119,11119,Net Banking,Paid,347256
11120,11120,UPI,Paid,183800
11121,11121,Credit Card,Paid,15550
11122,11122,Debit Card,Paid,64947
11123,11123,UPI,Paid,309252
11124,11124,Debit Card,Paid,97053
11125,11125,Credit Card,Paid,360216
11126,11126,Credit Card,Paid,156060
11127,11127,UPI,Paid,78592
11128,11128,Credit Card,Paid,487830
11129,11129,Credit Card,Paid,30840
11130,11130,UPI,Paid,405504
11131,11131,Net Banking,Paid,57228
11132,11132,Net Banking,Pending,435650
11133,11133,UPI,Paid,165909
11134,11134,Net Banking,Paid,177879
11135,11135,UPI,Paid,51864
11136,11136,Credit Card,Paid,344691
11137,11137,UPI,Paid,260442
11138,11138,UPI,Paid,127988
11139,11139,Credit Card,Paid,195723
11140,11140,Cash,Paid,358587
11141,11141,Credit Card,Paid,165650
11142,11142,Cash,Paid,61246
11143,11143,Debit Card,Paid,272880
11144,11144,Credit Card,Paid,68392
11145,11145,Net Banking,Failed,107286
11146,11146,UPI,Paid,24417
11147,11147,UPI,Pending,218308
11148,11148,UPI,Pending,93140
11149,11149,Net Banking,Paid,230728
11150,11150,Debit Card,Paid,19812
11151,11151,UPI,Paid,420860
11152,11152,UPI,Paid,29613
11153,11153,Debit Card,Paid,213145
11154,11154,Net Banking,Paid,48741
11155,11155,Credit Card,Paid,13229
11156,11156,Cash,Paid,31380
11157,11157,Credit Card,Failed,79960
11158,11158,Debit Card,Paid,107556
11159,11159,Credit Card,Pending,25932
11160,11160,Cash,Paid,353672
11161,11161,Credit Card,Paid,308080
11162,11162,UPI,Paid,60576
11163,11163,Debit Card,Failed,153006
11164,11164,UPI,Paid,51476
11165,11165,UPI,Paid,130465
11166,11166,Debit Card,Paid,205904
11167,11167,Cash,Pending,9824
11168,11168,UPI,Paid,86418
11169,11169,Debit Card,Paid,109154
11170,11170,Credit Card,Paid,151543
11171,11171,Debit Card,Paid,173376
11172,11172,Cash,Paid,90824
11173,11173,UPI,Failed,63056
11174,11174,UPI,Failed,468520
11175,11175,Cash,Paid,48173
11176,11176,Debit Card,Failed,129297
11177,11177,Credit Card,Pending,253278
11178,11178,Debit Card,Paid,223030
11179,11179,UPI,Paid,9859
11180,11180,Credit Card,Paid,86340
11181,11181,Debit Card,Paid,242920
11182,11182,Net Banking,Paid,112692
11183,11183,Credit Card,Paid,455850
11184,11184,Net Banking,Failed,242590
11185,11185,Credit Card,Pending,55910
11186,11186,UPI,Paid,55971
11187,11187,UPI,Paid,278901
11188,11188,Cash,Paid,124761
11189,11189,Debit Card,Paid,153548
11190,11190,Net Banking,Paid,47538
11191,11191,UPI,Paid,341034
11192,11192,Debit Card,Paid,23351
11193,11193,Credit Card,Failed,21984
11194,11194,Credit Card,Paid,337374
11195,11195,Cash,Paid,65750
11196,11196,Debit Card,Paid,362056
11197,11197,Net Banking,Paid,352002
11198,11198,Credit Card,Paid,279180
11199,11199,UPI,Pending,41016
11200,11200,Credit Card,Paid,242250
11201,11201,Net Banking,Paid,152480
11202,11202,Debit Card,Paid,62132
11203,11203,Credit Card,Paid,211554
11204,11204,UPI,Paid,102952
11205,11205,UPI,Paid,407784
11206,11206,Debit Card,Paid,292896
11207,11207,UPI,Paid,205722
11208,11208,Credit Card,Failed,270130
11209,11209,Debit Card,Pending,182298
11210,11210,UPI,Paid,120940
11211,11211,Debit Card,Paid,142614
11212,11212,Credit Card,Paid,117816
11213,11213,Net Banking,Failed,125826
11214,11214,Debit Card,Paid,201720
11215,11215,Debit Card,Paid,27735
11216,11216,Net Banking,Failed,47934
11217,11217,UPI,Paid,111900
11218,11218,Debit Card,Paid,165720
11219,11219,UPI,Paid,39361
11220,11220,UPI,Paid,291504
11221,11221,Cash,Paid,148700
11222,11222,UPI,Paid,230920
11223,11223,UPI,Paid,372240
11224,11224,UPI,Paid,56708
11225,11225,Credit Card,Pending,141162
11226,11226,UPI,Paid,306448
11227,11227,UPI,Paid,30685
11228,11228,Cash,Paid,50067
11229,11229,UPI,Paid,15334
11230,11230,UPI,Paid,440784
11231,11231,Credit Card,Paid,126258
11232,11232,Credit Card,Pending,99864
11233,11233,Credit Card,Paid,45294
11234,11234,UPI,Failed,167445
11235,11235,Credit Card,Pending,314172
11236,11236,Cash,Paid,143811
11237,11237,Credit Card,Paid,91018
11238,11238,Credit Card,Pending,175880
11239,11239,UPI,Paid,473630
11240,11240,Credit Card,Paid,357651
11241,11241,UPI,Paid,87250
11242,11242,Credit Card,Paid,66576
11243,11243,UPI,Paid,109084
11244,11244,Cash,Paid,48536
11245,11245,Credit Card,Paid,183162
11246,11246,UPI,Paid,341000
11247,11247,UPI,Paid,23540
11248,11248,UPI,Paid,87200
11249,11249,Net Banking,Paid,123820
11250,11250,Net Banking,Pending,24794
11251,11251,UPI,Pending,30668
11252,11252,Debit Card,Paid,91149
11253,11253,Credit Card,Paid,372472
11254,11254,UPI,Paid,59048
11255,11255,UPI,Paid,403403
11256,11256,UPI,Failed,71646
11257,11257,UPI,Paid,43271
11258,11258,UPI,Failed,232490
11259,11259,UPI,Paid,242888
11260,11260,UPI,Paid,92055
11261,11261,Debit Card,Paid,99212
11262,11262,UPI,Paid,73930
11263,11263,Net Banking,Paid,256860
11264,11264,Debit Card,Pending,196525
11265,11265,UPI,Failed,24225
11266,11266,Net Banking,Paid,196630
11267,11267,UPI,Paid,433888
11268,11268,UPI,Paid,385605
11269,11269,UPI,Pending,274610
11270,11270,UPI,Paid,32082
11271,11271,Net Banking,Pending,307790
11272,11272,UPI,Paid,227356
11273,11273,Debit Card,Paid,166314
11274,11274,Cash,Paid,177300
11275,11275,UPI,Paid,172179
11276,11276,Credit Card,Paid,57612
11277,11277,UPI,Paid,56104
11278,11278,Credit Card,Paid,17655
11279,11279,UPI,Pending,50106
11280,11280,UPI,Failed,38368
11281,11281,Debit Card,Paid,159985
11282,11282,Cash,Paid,53260
11283,11283,Net Banking,Paid,101376
11284,11284,Credit Card,Paid,83587
11285,11285,Credit Card,Paid,177780
11286,11286,Credit Card,Paid,235060
11287,11287,UPI,Paid,123520
11288,11288,Cash,Paid,324708
11289,11289,Debit Card,Paid,134280
11290,11290,UPI,Paid,308202
11291,11291,Cash,Paid,209710
11292,11292,Debit Card,Paid,485840
11293,11293,UPI,Paid,372112
11294,11294,Debit Card,Paid,84543
11295,11295,Cash,Paid,366120
11296,11296,UPI,Failed,47054
11297,11297,Cash,Paid,211600
11298,11298,Cash,Paid,381800
11299,11299,Credit Card,Paid,306230
11300,11300,Credit Card,Paid,41472
11301,11301,UPI,Paid,95950
11302,11302,Credit Card,Paid,337337
11303,11303,Debit Card,Paid,87900
11304,11304,Cash,Paid,185772
11305,11305,UPI,Paid,129655
11306,11306,Debit Card,Paid,73192
11307,11307,UPI,Paid,403857
11308,11308,Debit Card,Paid,251595
11309,11309,Credit Card,Pending,43271
11310,11310,Cash,Paid,103218
11311,11311,Debit Card,Paid,238625
11312,11312,Credit Card,Pending,37982
11313,11313,Cash,Paid,364203
11314,11314,UPI,Paid,382338
11315,11315,Credit Card,Failed,205224
11316,11316,UPI,Paid,87912
11317,11317,Credit Card,Pending,335874
11318,11318,UPI,Paid,100680
11319,11319,UPI,Pending,295176
11320,11320,Debit Card,Pending,93288
11321,11321,Net Banking,Pending,267176
11322,11322,Credit Card,Paid,101376
11323,11323,UPI,Paid,191121
11324,11324,Credit Card,Failed,89056
11325,11325,UPI,Paid,93906
11326,11326,Credit Card,Paid,20420
11327,11327,Credit Card,Pending,205960
11328,11328,Credit Card,Pending,61336
11329,11329,UPI,Paid,239890
11330,11330,UPI,Paid,219401
11331,11331,Debit Card,Failed,432036
11332,11332,Net Banking,Paid,373455
11333,11333,Cash,Paid,153006
11334,11334,Net Banking,Paid,427131
11335,11335,Cash,Paid,146697
11336,11336,Credit Card,Paid,170168
11337,11337,Credit Card,Paid,159246
11338,11338,Credit Card,Failed,8370
11339,11339,Credit Card,Paid,118875
11340,11340,UPI,Failed,76670
11341,11341,UPI,Paid,172036
11342,11342,UPI,Paid,50691
11343,11343,UPI,Paid,78954
11344,11344,Net Banking,Paid,19754
11345,11345,Debit Card,Failed,256656
11346,11346,Credit Card,Paid,192492
11347,11347,UPI,Paid,47330
11348,11348,Net Banking,Failed,358984
11349,11349,UPI,Paid,26300
11350,11350,UPI,Paid,83442
11351,11351,Credit Card,Paid,213710
11352,11352,UPI,Failed,272800
11353,11353,UPI,Paid,98710
11354,11354,Debit Card,Paid,149710
11355,11355,Net Banking,Paid,163100
11356,11356,Net Banking,Paid,95492
11357,11357,Credit Card,Paid,89705
11358,11358,Debit Card,Paid,203391
11359,11359,Cash,Paid,145760
11360,11360,Debit Card,Paid,320652
11361,11361,Net Banking,Paid,55701
11362,11362,Credit Card,Paid,288410
11363,11363,Debit Card,Pending,189320
11364,11364,Debit Card,Paid,135594
11365,11365,UPI,Paid,59884
11366,11366,UPI,Paid,88650
11367,11367,UPI,Paid,79686
11368,11368,Credit Card,Paid,35767
11369,11369,UPI,Paid,88778
11370,11370,UPI,Paid,506370
11371,11371,Credit Card,Paid,66508
11372,11372,Net Banking,Paid,116445
11373,11373,UPI,Paid,28592
11374,11374,UPI,Paid,106884
11375,11375,Credit Card,Pending,132937
11376,11376,Debit Card,Paid,35708
11377,11377,Debit Card,Paid,65252
11378,11378,Credit Card,Failed,257670
11379,11379,Cash,Paid,318690
11380,11380,UPI,Paid,88311
11381,11381,UPI,Paid,125372
11382,11382,UPI,Pending,358029
11383,11383,Net Banking,Pending,320820
11384,11384,Credit Card,Failed,478404
11385,11385,Credit Card,Paid,154428
11386,11386,UPI,Failed,190840
11387,11387,Credit Card,Failed,41216
11388,11388,UPI,Paid,126830
11389,11389,UPI,Paid,165050
11390,11390,UPI,Paid,181202
11391,11391,UPI,Paid,253818
11392,11392,Net Banking,Paid,83878
11393,11393,Debit Card,Failed,160006
11394,11394,Debit Card,Paid,185280
11395,11395,UPI,Paid,97214
11396,11396,UPI,Paid,58839
11397,11397,UPI,Paid,24570
11398,11398,Net Banking,Paid,249790
11399,11399,Cash,Paid,45294
11400,11400,Cash,Failed,181760
11401,11401,UPI,Paid,391192
11402,11402,Cash,Paid,317820
11403,11403,Cash,Paid,165294
11404,11404,UPI,Paid,307179
11405,11405,UPI,Paid,131944
11406,11406,Net Banking,Paid,22762
11407,11407,Credit Card,Pending,245749
11408,11408,Credit Card,Paid,71664
11409,11409,UPI,Paid,181004
11410,11410,Cash,Paid,50610
11411,11411,Debit Card,Failed,383816
11412,11412,Credit Card,Paid,86316
11413,11413,Cash,Pending,94140
11414,11414,Net Banking,Paid,39624
11415,11415,Credit Card,Paid,230920
11416,11416,UPI,Paid,173348
11417,11417,UPI,Paid,381800
11418,11418,UPI,Paid,52734
11419,11419,Credit Card,Paid,108850
11420,11420,Credit Card,Paid,50220
11421,11421,Net Banking,Paid,48692
11422,11422,Credit Card,Failed,252675
11423,11423,UPI,Paid,84543
11424,11424,Credit Card,Paid,46059
11425,11425,Credit Card,Paid,157012
11426,11426,Credit Card,Pending,234330
11427,11427,Credit Card,Paid,406048
11428,11428,UPI,Paid,340249
11429,11429,Cash,Paid,109944
11430,11430,UPI,Pending,271323
11431,11431,Credit Card,Paid,245072
11432,11432,UPI,Paid,549380
11433,11433,Cash,Paid,421328
11434,11434,UPI,Paid,226521
11435,11435,Debit Card,Paid,171380
11436,11436,Debit Card,Paid,306558
11437,11437,UPI,Paid,315450
11438,11438,UPI,Paid,146424
11439,11439,Credit Card,Failed,240336
11440,11440,Net Banking,Paid,70053
11441,11441,UPI,Pending,244745
11442,11442,Cash,Paid,99512
11443,11443,Debit Card,Paid,23426
11444,11444,Net Banking,Paid,98490
11445,11445,Credit Card,Paid,498942
11446,11446,Credit Card,Pending,131910
11447,11447,Credit Card,Paid,261600
11448,11448,UPI,Paid,101220
11449,11449,Credit Card,Paid,9849
11450,11450,Credit Card,Paid,408744
11451,11451,UPI,Paid,45249
11452,11452,Cash,Paid,185992
11453,11453,Credit Card,Paid,148680
11454,11454,Cash,Failed,26404
11455,11455,UPI,Paid,47363
11456,11456,Cash,Paid,382039
11457,11457,Credit Card,Paid,129430
11458,11458,UPI,Paid,56864
11459,11459,Cash,Paid,101376
11460,11460,Cash,Paid,74564
11461,11461,Net Banking,Paid,19742
11462,11462,Debit Card,Paid,358984
11463,11463,UPI,Paid,92603
11464,11464,UPI,Paid,52836
11465,11465,UPI,Pending,225480
11466,11466,UPI,Paid,39624
11467,11467,UPI,Paid,39584
11468,11468,UPI,Paid,119940
11469,11469,Credit Card,Failed,153468
11470,11470,Credit Card,Paid,183860
11471,11471,UPI,Paid,101382
11472,11472,UPI,Paid,77924
11473,11473,Credit Card,Paid,281512
11474,11474,Cash,Pending,218304
11475,11475,UPI,Paid,178794
11476,11476,UPI,Paid,48376
11477,11477,Debit Card,Paid,190335
11478,11478,Credit Card,Pending,375696
11479,11479,Credit Card,Paid,95380
11480,11480,UPI,Paid,160864
11481,11481,Credit Card,Paid,112208
11482,11482,UPI,Paid,121295
11483,11483,UPI,Pending,285425
11484,11484,UPI,Paid,141858
11485,11485,Net Banking,Failed,118818
11486,11486,UPI,Paid,95364
11487,11487,Cash,Paid,31997
11488,11488,Credit Card,Paid,212766
11489,11489,UPI,Paid,25169
11490,11490,Net Banking,Paid,341034
11491,11491,Net Banking,Failed,282639
11492,11492,Net Banking,Paid,108666
11493,11493,Net Banking,Paid,326260
11494,11494,Credit Card,Paid,43945
11495,11495,Credit Card,Paid,172522
11496,11496,UPI,Paid,58272
11497,11497,Net Banking,Paid,553490
11498,11498,UPI,Paid,156522
11499,11499,Cash,Paid,526660
11500,11500,UPI,Paid,88850
11501,11501,Debit Card,Failed,95776
11502,11502,Credit Card,Failed,41560
11503,11503,Cash,Paid,14917
11504,11504,UPI,Paid,63380
11505,11505,UPI,Paid,332094
11506,11506,Cash,Pending,104040
11507,11507,Credit Card,Pending,95874
11508,11508,Credit Card,Paid,114928
11509,11509,Cash,Pending,45745
11510,11510,UPI,Paid,179492
11511,11511,Debit Card,Paid,33288
11512,11512,UPI,Pending,107301
11513,11513,Credit Card,Pending,156087
11514,11514,Credit Card,Paid,56590
11515,11515,UPI,Paid,119440
11516,11516,UPI,Paid,26418
11517,11517,Debit Card,Paid,83174
11518,11518,Cash,Paid,421038
11519,11519,UPI,Paid,20136
11520,11520,Cash,Paid,84485
11521,11521,Credit Card,Paid,379085
11522,11522,UPI,Failed,20508
11523,11523,Credit Card,Failed,200268
11524,11524,UPI,Paid,136440
11525,11525,UPI,Paid,112208
11526,11526,Debit Card,Failed,128150
11527,11527,UPI,Paid,81813
11528,11528,Cash,Pending,285908
11529,11529,Net Banking,Paid,106520
11530,11530,UPI,Paid,89746
11531,11531,Debit Card,Paid,25975
11532,11532,UPI,Paid,61268
11533,11533,UPI,Paid,10350
11534,11534,Credit Card,Paid,115584
11535,11535,UPI,Paid,49958
11536,11536,Debit Card,Paid,506740
11537,11537,UPI,Paid,57682
11538,11538,Credit Card,Paid,90567
11539,11539,UPI,Paid,108236
11540,11540,Credit Card,Paid,88778
11541,11541,Credit Card,Paid,195796
11542,11542,Net Banking,Paid,47977
11543,11543,Debit Card,Failed,304960
11544,11544,UPI,Paid,279084
11545,11545,Credit Card,Paid,109944
11546,11546,Credit Card,Paid,80385
11547,11547,UPI,Paid,277350
11548,11548,Credit Card,Paid,87940
11549,11549,UPI,Paid,344990
11550,11550,Debit Card,Pending,223050
11551,11551,Debit Card,Paid,84172
11552,11552,UPI,Paid,289719
11553,11553,Credit Card,Paid,127593
11554,11554,UPI,Paid,277560
11555,11555,Credit Card,Paid,143448
11556,11556,UPI,Paid,320944
11557,11557,Cash,Paid,175880
11558,11558,Cash,Paid,140760
11559,11559,Credit Card,Paid,129474
11560,11560,Credit Card,Paid,251034
11561,11561,UPI,Paid,9712
11562,11562,Net Banking,Paid,444152
11563,11563,UPI,Paid,29632
11564,11564,Debit Card,Paid,180440
11565,11565,Credit Card,Paid,216092
11566,11566,Debit Card,Paid,137148
11567,11567,UPI,Paid,79142
11568,11568,UPI,Paid,59868
11569,11569,UPI,Paid,73670
11570,11570,Debit Card,Paid,329508
11571,11571,Credit Card,Paid,114147
11572,11572,Cash,Failed,55438
11573,11573,Net Banking,Paid,43009
11574,11574,Cash,Failed,474060
11575,11575,UPI,Paid,452574
11576,11576,UPI,Paid,102312
11577,11577,Credit Card,Paid,73242
11578,11578,UPI,Paid,154810
11579,11579,Credit Card,Paid,553490
11580,11580,UPI,Paid,125845
11581,11581,Credit Card,Pending,56104
11582,11582,UPI,Paid,83587
11583,11583,UPI,Paid,145408
11584,11584,Cash,Paid,226947
11585,11585,Credit Card,Paid,155600
11586,11586,UPI,Paid,158496
11587,11587,Credit Card,Paid,131144
11588,11588,Debit Card,Paid,31956
11589,11589,Credit Card,Paid,167652
11590,11590,UPI,Paid,306642
11591,11591,UPI,Paid,160472
11592,11592,Debit Card,Paid,45965
11593,11593,UPI,Paid,186120
11594,11594,Debit Card,Paid,100072
11595,11595,Debit Card,Paid,166621
11596,11596,Debit Card,Failed,139775
11597,11597,Debit Card,Paid,14786
11598,11598,Debit Card,Paid,58668
11599,11599,Credit Card,Paid,40377
11600,11600,UPI,Paid,344372
11601,11601,UPI,Paid,47406
11602,11602,UPI,Pending,155480
11603,11603,UPI,Paid,205156
11604,11604,UPI,Paid,44091
11605,11605,Cash,Pending,153867
11606,11606,Cash,Paid,267280
11607,11607,UPI,Paid,77658
11608,11608,Credit Card,Paid,350469
11609,11609,UPI,Paid,147185
11610,11610,Credit Card,Paid,47568
11611,11611,Credit Card,Failed,41192
11612,11612,UPI,Paid,38510
11613,11613,Debit Card,Paid,421038
11614,11614,Cash,Paid,59293
11615,11615,Credit Card,Failed,221480
11616,11616,UPI,Paid,464481
11617,11617,Debit Card,Paid,91332
11618,11618,UPI,Paid,151304
11619,11619,Cash,Failed,172368
11620,11620,UPI,Paid,38445
11621,11621,UPI,Failed,144366
11622,11622,Net Banking,Paid,199900
11623,11623,Cash,Paid,70922
11624,11624,UPI,Paid,17450
11625,11625,Credit Card,Paid,428450
11626,11626,UPI,Paid,234810
11627,11627,UPI,Paid,98240
11628,11628,UPI,Paid,133152
11629,11629,Credit Card,Paid,56502
11630,11630,UPI,Paid,426267
11631,11631,Net Banking,Paid,16235
11632,11632,Credit Card,Paid,201188
11633,11633,Cash,Paid,555190
11634,11634,UPI,Paid,185850
11635,11635,UPI,Paid,186340
11636,11636,Net Banking,Paid,142218
11637,11637,Debit Card,Paid,304128
11638,11638,Credit Card,Paid,107524
11639,11639,Credit Card,Failed,99883
11640,11640,Credit Card,Paid,159744
11641,11641,Cash,Paid,163818
11642,11642,Cash,Paid,232974
11643,11643,Net Banking,Failed,126933
11644,11644,Credit Card,Failed,26620
11645,11645,Credit Card,Failed,89826
11646,11646,Credit Card,Paid,164768
11647,11647,Cash,Paid,152936
11648,11648,UPI,Paid,121131
11649,11649,UPI,Paid,221045
11650,11650,Credit Card,Paid,380799
11651,11651,Cash,Paid,19698
11652,11652,UPI,Paid,396130
11653,11653,Cash,Paid,364203
11654,11654,Cash,Paid,238625
11655,11655,UPI,Paid,163100
11656,11656,Credit Card,Paid,71523
11657,11657,Debit Card,Paid,125120
11658,11658,Credit Card,Paid,89808
11659,11659,Credit Card,Paid,47977
11660,11660,Credit Card,Paid,39687
11661,11661,Credit Card,Paid,188058
11662,11662,UPI,Failed,94812
11663,11663,Cash,Paid,216355
11664,11664,UPI,Paid,330200
11665,11665,Debit Card,Paid,120168
11666,11666,Cash,Pending,434120
11667,11667,UPI,Paid,343640
11668,11668,UPI,Paid,472860
11669,11669,Net Banking,Paid,13202
11670,11670,UPI,Paid,459963
11671,11671,UPI,Paid,64113
11672,11672,UPI,Paid,110668
11673,11673,Cash,Failed,59260
11674,11674,Cash,Paid,102990
11675,11675,Debit Card,Paid,83510
11676,11676,UPI,Paid,40592
11677,11677,Net Banking,Paid,32626
11678,11678,UPI,Paid,260190
11679,11679,Debit Card,Paid,24422
11680,11680,UPI,Paid,8769
11681,11681,Credit Card,Failed,125817
11682,11682,UPI,Paid,325913
11683,11683,UPI,Paid,127988
11684,11684,Credit Card,Paid,345483
11685,11685,Debit Card,Paid,184872
11686,11686,Credit Card,Paid,113751
11687,11687,UPI,Paid,11361
11688,11688,Net Banking,Paid,50637
11689,11689,UPI,Paid,130850
11690,11690,UPI,Paid,200454
11691,11691,Credit Card,Paid,107556
11692,11692,UPI,Failed,305200
11693,11693,Cash,Paid,88002
11694,11694,UPI,Paid,232794
11695,11695,Debit Card,Paid,379900
11696,11696,UPI,Paid,376400
11697,11697,Credit Card,Paid,119280
11698,11698,UPI,Paid,55989
11699,11699,Net Banking,Paid,114112
11700,11700,Credit Card,Pending,94024
11701,11701,Credit Card,Paid,145350
11702,11702,Credit Card,Paid,431793
11703,11703,Debit Card,Paid,141150
11704,11704,Debit Card,Paid,175536
11705,11705,Debit Card,Pending,126180
11706,11706,Net Banking,Paid,169506
11707,11707,UPI,Paid,90567
11708,11708,UPI,Paid,59290
11709,11709,UPI,Paid,44920
11710,11710,UPI,Failed,18567
11711,11711,Credit Card,Pending,15884
11712,11712,Debit Card,Pending,52600
11713,11713,Debit Card,Failed,393568
11714,11714,Debit Card,Failed,171168
11715,11715,Debit Card,Paid,357780
11716,11716,UPI,Pending,142640
11717,11717,Credit Card,Paid,16770
11718,11718,UPI,Paid,189910
11719,11719,UPI,Paid,89056
11720,11720,UPI,Paid,171136
11721,11721,UPI,Paid,21392
11722,11722,UPI,Paid,96573
11723,11723,UPI,Paid,193800
11724,11724,UPI,Paid,74700
11725,11725,Credit Card,Paid,14656
11726,11726,Credit Card,Pending,123576
11727,11727,Debit Card,Paid,65004
11728,11728,UPI,Paid,79420
11729,11729,Net Banking,Paid,325913
11730,11730,Debit Card,Paid,264630
11731,11731,UPI,Paid,127128
11732,11732,Net Banking,Paid,536670
11733,11733,Cash,Paid,467820
11734,11734,UPI,Paid,251690
11735,11735,UPI,Paid,489348
11736,11736,Debit Card,Paid,110698
11737,11737,Debit Card,Paid,405720
11738,11738,Debit Card,Paid,342293
11739,11739,UPI,Paid,78544
11740,11740,UPI,Paid,161286
11741,11741,Net Banking,Paid,51107
11742,11742,Credit Card,Paid,221010
11743,11743,UPI,Paid,271593
11744,11744,UPI,Paid,84728
11745,11745,Debit Card,Failed,160472
11746,11746,UPI,Paid,39603
11747,11747,Credit Card,Pending,447912
11748,11748,UPI,Paid,130850
11749,11749,UPI,Paid,266436
11750,11750,Net Banking,Paid,44760
11751,11751,Credit Card,Paid,169212
11752,11752,UPI,Paid,144352
11753,11753,UPI,Failed,404880
11754,11754,Credit Card,Paid,23433
11755,11755,Cash,Paid,59376
11756,11756,UPI,Paid,462180
11757,11757,Debit Card,Pending,237056
11758,11758,Net Banking,Paid,68768
11759,11759,UPI,Paid,105616
11760,11760,Credit Card,Paid,452940
11761,11761,UPI,Paid,192950
11762,11762,Cash,Paid,219726
11763,11763,UPI,Failed,500670
11764,11764,Net Banking,Paid,194336
11765,11765,Credit Card,Paid,62224
11766,11766,UPI,Paid,185364
11767,11767,UPI,Paid,417410
11768,11768,Net Banking,Paid,119768
11769,11769,Net Banking,Paid,47432
11770,11770,Debit Card,Paid,131148
11771,11771,UPI,Paid,306392
11772,11772,Cash,Paid,148764
11773,11773,UPI,Paid,174400
11774,11774,Debit Card,Failed,382039
11775,11775,Debit Card,Paid,118713
11776,11776,UPI,Paid,329628
11777,11777,UPI,Pending,101274
11778,11778,UPI,Paid,95070
11779,11779,UPI,Pending,374332
11780,11780,UPI,Paid,129935
11781,11781,Debit Card,Failed,258588
11782,11782,UPI,Paid,78452
11783,11783,Credit Card,Paid,404677
11784,11784,Cash,Failed,31096
11785,11785,UPI,Paid,67809
11786,11786,Net Banking,Paid,125120
11787,11787,UPI,Paid,79225
11788,11788,UPI,Paid,235496
11789,11789,UPI,Paid,38457
11790,11790,Net Banking,Paid,185178
11791,11791,UPI,Paid,237750
11792,11792,Credit Card,Paid,58110
11793,11793,Debit Card,Paid,171820
11794,11794,Credit Card,Paid,267950
11795,11795,Credit Card,Paid,257845
11796,11796,UPI,Paid,363393
11797,11797,Credit Card,Paid,39624
11798,11798,Net Banking,Failed,405096
11799,11799,UPI,Paid,153425
11800,11800,UPI,Paid,38900
11801,11801,UPI,Failed,173046
11802,11802,Credit Card,Failed,78506
11803,11803,Credit Card,Paid,108245
11804,11804,Credit Card,Paid,200590
11805,11805,Cash,Paid,471258
11806,11806,Net Banking,Paid,117300
11807,11807,Credit Card,Paid,338220
11808,11808,UPI,Failed,131944
11809,11809,Credit Card,Paid,387891
11810,11810,UPI,Paid,142956
11811,11811,Debit Card,Paid,304224
11812,11812,UPI,Paid,45294
11813,11813,Credit Card,Pending,51772
11814,11814,Credit Card,Paid,66145
11815,11815,UPI,Paid,160326
11816,11816,Cash,Paid,72056
11817,11817,Debit Card,Paid,377451
11818,11818,UPI,Paid,167272
11819,11819,UPI,Paid,75096
11820,11820,Credit Card,Paid,159720
11821,11821,Credit Card,Paid,35380
11822,11822,Net Banking,Paid,177144
11823,11823,Cash,Failed,336854
11824,11824,Cash,Paid,60294
11825,11825,Net Banking,Failed,154827
11826,11826,Credit Card,Paid,123576
11827,11827,Net Banking,Paid,117024
11828,11828,Net Banking,Paid,277200
11829,11829,Debit Card,Paid,71930
11830,11830,Cash,Paid,96786
11831,11831,UPI,Paid,92445
11832,11832,Net Banking,Paid,86319
11833,11833,Credit Card,Paid,142640
11834,11834,Cash,Pending,173880
11835,11835,Cash,Paid,9008
11836,11836,Cash,Failed,184050
11837,11837,Credit Card,Failed,43092
11838,11838,Credit Card,Paid,286503
11839,11839,UPI,Paid,328153
11840,11840,Debit Card,Paid,61760
11841,11841,Credit Card,Paid,256656
11842,11842,Credit Card,Paid,39261
11843,11843,Credit Card,Paid,97072
11844,11844,Credit Card,Paid,406968
11845,11845,Credit Card,Paid,23249
11846,11846,Credit Card,Pending,231903
11847,11847,UPI,Paid,354816
11848,11848,UPI,Paid,102186
11849,11849,UPI,Paid,15543
11850,11850,Cash,Failed,411808
11851,11851,Cash,Paid,102312
11852,11852,Debit Card,Failed,405632
11853,11853,Credit Card,Paid,13020
11854,11854,Debit Card,Paid,277040
11855,11855,Debit Card,Pending,130695
11856,11856,UPI,Paid,129404
11857,11857,Credit Card,Failed,298800
11858,11858,UPI,Paid,113757
11859,11859,Cash,Failed,412160
11860,11860,Credit Card,Paid,306411
11861,11861,UPI,Failed,74855
11862,11862,UPI,Paid,31090
11863,11863,UPI,Failed,59226
11864,11864,Debit Card,Paid,342503
11865,11865,UPI,Paid,164930
11866,11866,UPI,Paid,239440
11867,11867,Credit Card,Paid,392085
11868,11868,UPI,Paid,31112
11869,11869,Credit Card,Paid,97053
11870,11870,UPI,Pending,150835
11871,11871,UPI,Paid,47054
11872,11872,Credit Card,Paid,426267
11873,11873,UPI,Paid,126777
11874,11874,Cash,Failed,248826
11875,11875,Net Banking,Paid,285510
11876,11876,Debit Card,Paid,115088
11877,11877,Credit Card,Paid,204372
11878,11878,UPI,Paid,151928
11879,11879,Debit Card,Paid,160472
11880,11880,UPI,Paid,55989
11881,11881,Net Banking,Paid,355440
11882,11882,Debit Card,Pending,170968
11883,11883,Credit Card,Pending,93688
11884,11884,UPI,Paid,153006
11885,11885,Net Banking,Paid,162402
11886,11886,Credit Card,Paid,8769
11887,11887,Debit Card,Pending,271506
11888,11888,Debit Card,Paid,98240
11889,11889,Cash,Pending,102990
11890,11890,UPI,Paid,431352
11891,11891,UPI,Paid,171940
11892,11892,Credit Card,Pending,18111
11893,11893,Credit Card,Paid,316992
11894,11894,Net Banking,Failed,231060
11895,11895,Net Banking,Paid,135590
11896,11896,Credit Card,Failed,233510
11897,11897,UPI,Pending,247696
11898,11898,Credit Card,Failed,56663
11899,11899,UPI,Paid,426267
11900,11900,UPI,Failed,114112
11901,11901,Debit Card,Paid,15640
11902,11902,Credit Card,Paid,79206
11903,11903,UPI,Paid,192492
11904,11904,Debit Card,Failed,102588
11905,11905,UPI,Pending,51862
11906,11906,Debit Card,Paid,320944
11907,11907,Debit Card,Failed,205080
11908,11908,Debit Card,Pending,104419
11909,11909,UPI,Paid,214438
11910,11910,Cash,Paid,62132
11911,11911,Credit Card,Paid,90502
11912,11912,UPI,Paid,41942
11913,11913,Debit Card,Failed,553340
11914,11914,UPI,Pending,65286
11915,11915,Credit Card,Paid,301782
11916,11916,UPI,Paid,62192
11917,11917,Credit Card,Failed,135590
11918,11918,UPI,Paid,42234
11919,11919,Net Banking,Paid,108268
11920,11920,Credit Card,Paid,76959
11921,11921,UPI,Paid,22994
11922,11922,Credit Card,Paid,189270
11923,11923,Debit Card,Paid,249480
11924,11924,UPI,Paid,34388
11925,11925,Net Banking,Paid,297374
11926,11926,Credit Card,Pending,301782
11927,11927,Credit Card,Pending,70152
11928,11928,Credit Card,Paid,491193
11929,11929,Credit Card,Pending,295240
11930,11930,Net Banking,Paid,271705
11931,11931,Credit Card,Paid,9859
11932,11932,Cash,Paid,108310
11933,11933,UPI,Failed,264933
11934,11934,Credit Card,Paid,171168
11935,11935,UPI,Paid,107586
11936,11936,UPI,Paid,88182
11937,11937,Credit Card,Paid,246576
11938,11938,UPI,Paid,92465
11939,11939,UPI,Paid,84156
11940,11940,UPI,Paid,50732
11941,11941,Cash,Pending,306850
11942,11942,UPI,Paid,66145
11943,11943,Credit Card,Pending,157020
11944,11944,UPI,Paid,242550
11945,11945,Credit Card,Pending,43845
11946,11946,Cash,Paid,283716
11947,11947,Cash,Failed,85614
11948,11948,UPI,Paid,360332
11949,11949,Net Banking,Paid,259626
11950,11950,Debit Card,Paid,403020
11951,11951,Credit Card,Failed,147590
11952,11952,UPI,Paid,34499
11953,11953,Credit Card,Paid,167913
11954,11954,UPI,Paid,361944
11955,11955,UPI,Pending,222588
11956,11956,Net Banking,Pending,7621
11957,11957,Credit Card,Failed,344792
11958,11958,Net Banking,Paid,92118
11959,11959,Credit Card,Failed,206436
11960,11960,Credit Card,Paid,164031
11961,11961,Debit Card,Paid,27303
11962,11962,UPI,Paid,206946
11963,11963,UPI,Paid,41587
11964,11964,Credit Card,Paid,171380
11965,11965,Debit Card,Paid,139684
11966,11966,Net Banking,Paid,251485
11967,11967,UPI,Paid,206304
11968,11968,UPI,Paid,262368
11969,11969,Cash,Paid,156715
11970,11970,UPI,Paid,90824
11971,11971,Cash,Paid,156510
11972,11972,Credit Card,Paid,491960
11973,11973,Debit Card,Paid,46530
11974,11974,Credit Card,Paid,66020
11975,11975,Credit Card,Paid,214356
11976,11976,Credit Card,Paid,63208
11977,11977,Credit Card,Paid,173046
11978,11978,UPI,Paid,56404
11979,11979,Cash,Paid,293394
11980,11980,Cash,Pending,28806
11981,11981,Credit Card,Paid,223800
11982,11982,Credit Card,Paid,147710
11983,11983,Net Banking,Paid,217470
11984,11984,UPI,Paid,34650
11985,11985,UPI,Paid,60968
11986,11986,UPI,Paid,163408
11987,11987,UPI,Paid,324800
11988,11988,Net Banking,Paid,95319
11989,11989,Debit Card,Paid,329728
11990,11990,Credit Card,Paid,39781
11991,11991,Credit Card,Pending,486070
11992,11992,Cash,Paid,37580
11993,11993,Net Banking,Paid,338488
11994,11994,UPI,Paid,158221
11995,11995,Credit Card,Paid,123576
11996,11996,Credit Card,Paid,221480
11997,11997,Debit Card,Paid,239616
11998,11998,UPI,Paid,70885
11999,11999,UPI,Paid,150830
12000,12000,Credit Card,Paid,148818
12001,12001,UPI,Paid,209241
12002,12002,Credit Card,Paid,103068
12003,12003,Credit Card,Paid,272592
12004,12004,UPI,Paid,358608
12005,12005,UPI,Failed,459963
12006,12006,UPI,Failed,127072
12007,12007,Credit Card,Paid,51974
12008,12008,UPI,Paid,299286
12009,12009,Net Banking,Pending,146670
12010,12010,Net Banking,Paid,129935
12011,12011,Credit Card,Paid,116445
12012,12012,UPI,Paid,307790
12013,12013,Net Banking,Pending,129813
12014,12014,Credit Card,Paid,162708
12015,12015,Net Banking,Paid,320652
12016,12016,Debit Card,Paid,130850
12017,12017,Debit Card,Pending,88182
12018,12018,UPI,Paid,421038
12019,12019,UPI,Paid,419810
12020,12020,UPI,Paid,76944
12021,12021,Credit Card,Paid,342503
12022,12022,Net Banking,Paid,93336
12023,12023,Debit Card,Pending,278658
12024,12024,Cash,Paid,80504
12025,12025,UPI,Paid,52808
12026,12026,Credit Card,Paid,119343
12027,12027,UPI,Paid,258808
12028,12028,Debit Card,Paid,100680
12029,12029,Net Banking,Paid,28616
12030,12030,Debit Card,Paid,103089
12031,12031,UPI,Paid,19718
12032,12032,Credit Card,Paid,111510
12033,12033,UPI,Paid,40479
12034,12034,Cash,Paid,147060
12035,12035,Debit Card,Paid,47459
12036,12036,UPI,Paid,167768
12037,12037,UPI,Failed,95991
12038,12038,UPI,Paid,49958
12039,12039,Cash,Paid,265780
12040,12040,Debit Card,Paid,7076
12041,12041,UPI,Paid,42730
12042,12042,UPI,Paid,238917
12043,12043,UPI,Paid,85084
12044,12044,UPI,Failed,205904
12045,12045,Net Banking,Paid,64368
12046,12046,Credit Card,Paid,303822
12047,12047,UPI,Pending,26181
12048,12048,UPI,Pending,124413
12049,12049,UPI,Paid,102734
12050,12050,Credit Card,Failed,41560
12051,12051,UPI,Paid,406048
12052,12052,Debit Card,Paid,391958
12053,12053,UPI,Paid,170516
12054,12054,Debit Card,Paid,39101
12055,12055,Credit Card,Paid,28304
12056,12056,Debit Card,Paid,170980
12057,12057,Cash,Paid,44209
12058,12058,UPI,Paid,90501
12059,12059,UPI,Failed,79860
12060,12060,UPI,Paid,65972
12061,12061,UPI,Paid,7328
12062,12062,Debit Card,Failed,92996
12063,12063,Credit Card,Paid,321990
12064,12064,Net Banking,Paid,46530
12065,12065,Net Banking,Pending,318248
12066,12066,Credit Card,Paid,46782
12067,12067,UPI,Pending,99432
12068,12068,UPI,Paid,92800
12069,12069,Debit Card,Paid,100188
12070,12070,UPI,Paid,124448
12071,12071,Credit Card,Paid,46755
12072,12072,UPI,Paid,234260
12073,12073,UPI,Pending,209905
12074,12074,Credit Card,Failed,162465
12075,12075,UPI,Paid,194841
12076,12076,Net Banking,Paid,46586
12077,12077,Credit Card,Paid,375800
12078,12078,Cash,Paid,16885
12079,12079,Credit Card,Failed,173696
12080,12080,Debit Card,Paid,171684
12081,12081,UPI,Paid,53361
12082,12082,Debit Card,Paid,16740
12083,12083,Credit Card,Paid,185772
12084,12084,Debit Card,Paid,30623
12085,12085,Cash,Paid,45716
12086,12086,Debit Card,Paid,154116
12087,12087,Credit Card,Paid,239100
12088,12088,Credit Card,Paid,208080
12089,12089,Net Banking,Pending,489490
12090,12090,UPI,Paid,8680
12091,12091,Credit Card,Paid,187128
12092,12092,Cash,Paid,216083
12093,12093,UPI,Paid,304938
12094,12094,Cash,Paid,76944
12095,12095,UPI,Paid,47977
12096,12096,UPI,Pending,43170
12097,12097,UPI,Paid,66145
12098,12098,UPI,Paid,15856
12099,12099,UPI,Paid,297794
12100,12100,Debit Card,Paid,456804
12101,12101,Debit Card,Pending,173558
12102,12102,Credit Card,Paid,136784
12103,12103,Credit Card,Paid,42542
12104,12104,Cash,Failed,86198
12105,12105,Cash,Paid,64524
12106,12106,Credit Card,Paid,187430
12107,12107,Credit Card,Paid,426267
12108,12108,UPI,Paid,266200
12109,12109,UPI,Failed,49361
12110,12110,UPI,Paid,237744
12111,12111,Cash,Pending,14727
12112,12112,Credit Card,Paid,404334
12113,12113,UPI,Failed,199696
12114,12114,Cash,Failed,230322
12115,12115,UPI,Paid,439047
12116,12116,UPI,Pending,241880
12117,12117,Credit Card,Paid,234910
12118,12118,Net Banking,Paid,32986
12119,12119,Debit Card,Pending,115494
12120,12120,UPI,Paid,110606
12121,12121,Debit Card,Pending,28304
12122,12122,Credit Card,Paid,136515
12123,12123,Credit Card,Paid,251634
12124,12124,Debit Card,Pending,103502
12125,12125,Debit Card,Failed,507114
12126,12126,UPI,Paid,491960
12127,12127,UPI,Paid,168450
12128,12128,UPI,Pending,411808
12129,12129,Credit Card,Paid,274743
12130,12130,UPI,Failed,33144
12131,12131,UPI,Paid,82383
12132,12132,Credit Card,Paid,73280
12133,12133,UPI,Paid,9849
12134,12134,UPI,Paid,41942
12135,12135,Cash,Pending,63564
12136,12136,Credit Card,Paid,329378
12137,12137,Credit Card,Paid,375696
12138,12138,Credit Card,Paid,128240
12139,12139,Debit Card,Paid,15543
12140,12140,UPI,Paid,116914
12141,12141,Credit Card,Failed,22360
12142,12142,Credit Card,Paid,45988
12143,12143,UPI,Paid,404677
12144,12144,UPI,Paid,278901
12145,12145,Credit Card,Paid,401751
12146,12146,Cash,Paid,32082
12147,12147,Net Banking,Paid,77961
12148,12148,UPI,Paid,175535
12149,12149,Credit Card,Paid,139887
12150,12150,Cash,Paid,53347
12151,12151,Debit Card,Paid,401751
12152,12152,Credit Card,Paid,18298
12153,12153,Credit Card,Pending,14971
12154,12154,Credit Card,Paid,126416
12155,12155,Cash,Paid,170919
12156,12156,UPI,Failed,162558
12157,12157,Debit Card,Paid,277920
12158,12158,Credit Card,Paid,163557
12159,12159,Credit Card,Paid,82944
12160,12160,Debit Card,Paid,58956
12161,12161,Debit Card,Paid,66260
12162,12162,Net Banking,Paid,99030
12163,12163,Debit Card,Pending,78510
12164,12164,Net Banking,Paid,29572
12165,12165,UPI,Paid,185214
12166,12166,UPI,Pending,223884
12167,12167,Credit Card,Paid,41560
12168,12168,Credit Card,Paid,320652
12169,12169,UPI,Pending,46320
12170,12170,Credit Card,Pending,228861
12171,12171,Debit Card,Pending,209526
12172,12172,Credit Card,Paid,56973
12173,12173,UPI,Paid,398664
12174,12174,Credit Card,Failed,199632
12175,12175,Net Banking,Paid,237172
12176,12176,Cash,Paid,418770
12177,12177,Net Banking,Paid,542360
12178,12178,UPI,Pending,136400
12179,12179,Credit Card,Paid,23882
12180,12180,UPI,Paid,275562
12181,12181,Credit Card,Paid,333978
12182,12182,UPI,Paid,20262
12183,12183,Net Banking,Paid,335496
12184,12184,Credit Card,Paid,118713
12185,12185,UPI,Paid,5623
12186,12186,Net Banking,Paid,26300
12187,12187,Credit Card,Paid,186704
12188,12188,Debit Card,Failed,84728
12189,12189,Debit Card,Failed,219496
12190,12190,Debit Card,Pending,60865
12191,12191,Debit Card,Pending,99239
12192,12192,UPI,Failed,102214
12193,12193,Credit Card,Paid,202752
12194,12194,UPI,Paid,404677
12195,12195,Credit Card,Paid,122536
12196,12196,Cash,Paid,76670
12197,12197,Cash,Failed,59144
12198,12198,UPI,Paid,283315
12199,12199,Debit Card,Paid,124978
12200,12200,Credit Card,Paid,90396
12201,12201,Cash,Paid,296870
12202,12202,Credit Card,Paid,400050
12203,12203,Debit Card,Paid,24225
12204,12204,Debit Card,Pending,83205
12205,12205,Net Banking,Paid,68208
12206,12206,Credit Card,Paid,444152
12207,12207,Cash,Paid,473994
12208,12208,Net Banking,Paid,186704
12209,12209,Debit Card,Paid,18298
12210,12210,Net Banking,Pending,31956
12211,12211,Credit Card,Paid,221010
12212,12212,UPI,Paid,220270
12213,12213,Net Banking,Paid,93840
12214,12214,UPI,Paid,47888
12215,12215,Credit Card,Paid,359023
12216,12216,Credit Card,Paid,196265
12217,12217,UPI,Pending,95868
12218,12218,UPI,Paid,23123
12219,12219,Credit Card,Paid,39226
12220,12220,UPI,Paid,87420
12221,12221,UPI,Paid,332213
12222,12222,UPI,Pending,396130
12223,12223,Debit Card,Failed,23249
12224,12224,UPI,Paid,85490
12225,12225,Credit Card,Pending,166314
12226,12226,UPI,Failed,131910
12227,12227,UPI,Paid,292344
12228,12228,Credit Card,Paid,145760
12229,12229,Credit Card,Paid,426654
12230,12230,UPI,Paid,135594
12231,12231,UPI,Paid,185476
12232,12232,UPI,Paid,100154
12233,12233,Debit Card,Paid,279516
12234,12234,Credit Card,Paid,193146
12235,12235,Net Banking,Paid,242550
12236,12236,Credit Card,Paid,360504
12237,12237,Net Banking,Paid,224600
12238,12238,Credit Card,Paid,37210
12239,12239,UPI,Paid,229940
12240,12240,Debit Card,Paid,126258
12241,12241,UPI,Paid,434120
12242,12242,Credit Card,Pending,92800
12243,12243,UPI,Paid,15550
12244,12244,Debit Card,Failed,119260
12245,12245,UPI,Paid,118279
12246,12246,UPI,Failed,123360
12247,12247,Credit Card,Paid,173250
12248,12248,Net Banking,Paid,196200
12249,12249,UPI,Paid,48929
12250,12250,Net Banking,Paid,254290
12251,12251,Debit Card,Paid,38368
12252,12252,Debit Card,Paid,374192
12253,12253,Debit Card,Paid,148818
12254,12254,UPI,Paid,68998
12255,12255,Credit Card,Failed,54874
12256,12256,Cash,Paid,166348
12257,12257,Credit Card,Paid,87456
12258,12258,UPI,Paid,74972
12259,12259,Net Banking,Paid,191168
12260,12260,Credit Card,Paid,314104
12261,12261,Debit Card,Pending,111942
12262,12262,UPI,Paid,37146
12263,12263,UPI,Paid,511551
12264,12264,Credit Card,Paid,283688
12265,12265,UPI,Paid,335964
12266,12266,Debit Card,Pending,351909
12267,12267,UPI,Paid,93852
12268,12268,Credit Card,Paid,360216
12269,12269,UPI,Pending,485776
12270,12270,UPI,Paid,307790
12271,12271,UPI,Paid,73635
12272,12272,UPI,Paid,218168
12273,12273,Net Banking,Paid,88182
12274,12274,Credit Card,Failed,463878
12275,12275,Debit Card,Paid,86018
12276,12276,UPI,Paid,392400
12277,12277,Credit Card,Paid,82944
12278,12278,Debit Card,Paid,111336
12279,12279,Net Banking,Paid,75652
12280,12280,UPI,Paid,85260
12281,12281,Credit Card,Paid,103152
12282,12282,Credit Card,Paid,439047
12283,12283,Debit Card,Pending,25638
12284,12284,UPI,Failed,146532
12285,12285,Debit Card,Paid,278658
12286,12286,UPI,Paid,93704
12287,12287,Credit Card,Pending,138544
12288,12288,UPI,Paid,281810
12289,12289,Net Banking,Paid,43092
12290,12290,Debit Card,Failed,320820
12291,12291,UPI,Paid,118586
12292,12292,Credit Card,Paid,232000
12293,12293,Credit Card,Paid,176216
12294,12294,Cash,Paid,488124
12295,12295,Net Banking,Paid,48692
12296,12296,Net Banking,Failed,196722
12297,12297,Credit Card,Paid,152064
12298,12298,Net Banking,Pending,382990
12299,12299,Credit Card,Paid,195685
12300,12300,Debit Card,Pending,37175
12301,12301,Cash,Failed,127072
12302,12302,UPI,Failed,140640
12303,12303,Net Banking,Paid,247149
12304,12304,Debit Card,Paid,105480
12305,12305,Cash,Paid,166410
12306,12306,Cash,Paid,123230
12307,12307,Cash,Pending,133636
12308,12308,Credit Card,Paid,364203
12309,12309,Credit Card,Pending,34196
12310,12310,UPI,Paid,154810
12311,12311,UPI,Pending,288738
12312,12312,Credit Card,Paid,163728
12313,12313,Debit Card,Paid,180140
12314,12314,Net Banking,Paid,215045
12315,12315,Debit Card,Paid,31869
12316,12316,Net Banking,Paid,279084
12317,12317,Debit Card,Paid,54750
12318,12318,UPI,Pending,87432
12319,12319,Debit Card,Paid,154360
12320,12320,UPI,Paid,168450
12321,12321,Credit Card,Paid,408744
12322,12322,Credit Card,Paid,206946
12323,12323,Cash,Paid,49958
12324,12324,UPI,Paid,210159
12325,12325,Credit Card,Paid,26175
12326,12326,UPI,Paid,82860
12327,12327,Credit Card,Paid,125372
12328,12328,Debit Card,Paid,127944
12329,12329,Debit Card,Paid,206994
12330,12330,Credit Card,Paid,82032
12331,12331,UPI,Paid,214361
12332,12332,UPI,Paid,13508
12333,12333,UPI,Paid,271180
12334,12334,UPI,Paid,314482
12335,12335,Net Banking,Paid,297794
12336,12336,Cash,Paid,101220
12337,12337,Debit Card,Pending,65972
12338,12338,Credit Card,Paid,457839
12339,12339,UPI,Paid,233440
12340,12340,UPI,Paid,100887
12341,12341,Credit Card,Paid,61370
12342,12342,UPI,Paid,293573
12343,12343,UPI,Paid,83878
12344,12344,UPI,Paid,249790
12345,12345,UPI,Paid,155196
12346,12346,UPI,Paid,21649
12347,12347,UPI,Paid,130236
12348,12348,UPI,Failed,71480
12349,12349,UPI,Paid,137305
12350,12350,UPI,Paid,368472
12351,12351,UPI,Failed,137456
12352,12352,Credit Card,Paid,167756
12353,12353,Debit Card,Paid,156087
12354,12354,UPI,Paid,69369
12355,12355,UPI,Paid,163100
12356,12356,Credit Card,Failed,463680
12357,12357,Cash,Paid,126855
12358,12358,Cash,Paid,224574
12359,12359,UPI,Paid,50704
12360,12360,Credit Card,Paid,18380
12361,12361,UPI,Paid,201420
12362,12362,UPI,Paid,154827
12363,12363,UPI,Paid,136236
12364,12364,UPI,Paid,236430
12365,12365,Net Banking,Paid,469620
12366,12366,Credit Card,Paid,108245
12367,12367,Debit Card,Paid,69369
12368,12368,Debit Card,Paid,132273
12369,12369,Credit Card,Paid,152268
12370,12370,Debit Card,Pending,77780
12371,12371,Debit Card,Paid,459650
12372,12372,Net Banking,Paid,304044
12373,12373,Credit Card,Paid,142640
12374,12374,Net Banking,Paid,43170
12375,12375,Debit Card,Paid,237040
12376,12376,Debit Card,Paid,104730
12377,12377,UPI,Paid,250369
12378,12378,Credit Card,Paid,170168
12379,12379,Credit Card,Paid,394888
12380,12380,Credit Card,Paid,327432
12381,12381,Credit Card,Pending,314289
12382,12382,UPI,Paid,205488
12383,12383,Cash,Paid,68392
12384,12384,UPI,Paid,242910
12385,12385,Credit Card,Paid,281112
12386,12386,Debit Card,Paid,38510
12387,12387,UPI,Paid,293694
12388,12388,Debit Card,Paid,182976
12389,12389,Debit Card,Paid,26624
12390,12390,Credit Card,Pending,10350
12391,12391,Debit Card,Paid,73938
12392,12392,Credit Card,Paid,68208
12393,12393,Cash,Paid,152608
12394,12394,UPI,Paid,255774
12395,12395,Cash,Paid,153321
12396,12396,UPI,Paid,16702
12397,12397,Debit Card,Paid,62067
12398,12398,Net Banking,Paid,50106
12399,12399,UPI,Paid,261700
12400,12400,Net Banking,Paid,424656
12401,12401,Credit Card,Paid,94918
12402,12402,UPI,Failed,46498
12403,12403,Net Banking,Paid,156404
12404,12404,UPI,Paid,215064
12405,12405,UPI,Paid,76287
12406,12406,Debit Card,Paid,292896
12407,12407,UPI,Failed,24188
12408,12408,UPI,Pending,65360
12409,12409,UPI,Paid,455090
12410,12410,Credit Card,Paid,77630
12411,12411,Credit Card,Paid,440208
12412,12412,UPI,Paid,58624
12413,12413,UPI,Paid,132939
12414,12414,UPI,Paid,230448
12415,12415,UPI,Paid,181176
12416,12416,UPI,Paid,43968
12417,12417,UPI,Pending,354368
12418,12418,UPI,Paid,249615
12419,12419,Credit Card,Failed,235768
12420,12420,Net Banking,Paid,167103
12421,12421,Debit Card,Paid,38387
12422,12422,UPI,Paid,153375
12423,12423,Net Banking,Paid,9877
12424,12424,UPI,Pending,241812
12425,12425,UPI,Pending,96320
12426,12426,Debit Card,Paid,131319
12427,12427,Net Banking,Paid,170520
12428,12428,UPI,Pending,34910
12429,12429,Credit Card,Paid,34388
12430,12430,Credit Card,Paid,439504
12431,12431,UPI,Paid,182651
12432,12432,UPI,Paid,46629
12433,12433,UPI,Paid,360332
12434,12434,Net Banking,Paid,553340
12435,12435,UPI,Paid,274610
12436,12436,Debit Card,Paid,219672
12437,12437,Credit Card,Failed,305344
12438,12438,Cash,Paid,396945
12439,12439,Net Banking,Failed,467820
12440,12440,Debit Card,Paid,489490
12441,12441,UPI,Paid,233400
12442,12442,UPI,Paid,137185
12443,12443,Cash,Paid,36621
12444,12444,UPI,Paid,174464
12445,12445,Credit Card,Paid,59084
12446,12446,Cash,Paid,433719
12447,12447,UPI,Paid,45251
12448,12448,UPI,Paid,7208
12449,12449,Cash,Paid,11713
12450,12450,Debit Card,Paid,49606
12451,12451,Debit Card,Paid,196784
12452,12452,UPI,Paid,343512
12453,12453,Credit Card,Paid,462303
12454,12454,Cash,Paid,70389
12455,12455,Net Banking,Failed,81991
12456,12456,Net Banking,Paid,10131
12457,12457,Cash,Paid,507276
12458,12458,UPI,Paid,433888
12459,12459,Credit Card,Paid,31112
12460,12460,Credit Card,Paid,54542
12461,12461,UPI,Paid,299748
12462,12462,Net Banking,Pending,206375
12463,12463,Credit Card,Paid,186201
12464,12464,Debit Card,Paid,69842
12465,12465,Net Banking,Paid,104763
12466,12466,Debit Card,Paid,463690
12467,12467,Debit Card,Paid,452940
12468,12468,Credit Card,Pending,7667
12469,12469,Credit Card,Pending,235566
12470,12470,UPI,Paid,28592
12471,12471,Credit Card,Failed,5590
12472,12472,Debit Card,Paid,29080
12473,12473,UPI,Pending,319095
12474,12474,Cash,Paid,368472
12475,12475,UPI,Paid,86198
12476,12476,Debit Card,Pending,508518
12477,12477,Credit Card,Pending,154400
12478,12478,Credit Card,Paid,175413
12479,12479,Debit Card,Pending,15845
12480,12480,UPI,Paid,215495
12481,12481,UPI,Paid,366975
12482,12482,Debit Card,Pending,138738
12483,12483,Credit Card,Paid,211600
12484,12484,Net Banking,Paid,54519
12485,12485,Debit Card,Paid,226285
12486,12486,UPI,Paid,91869
12487,12487,UPI,Pending,86340
12488,12488,UPI,Paid,255465
12489,12489,UPI,Failed,205080
12490,12490,UPI,Paid,185600
12491,12491,Credit Card,Paid,297794
12492,12492,UPI,Paid,15148
12493,12493,UPI,Paid,32421
12494,12494,UPI,Paid,424656
12495,12495,UPI,Paid,50823
12496,12496,Credit Card,Paid,218580
12497,12497,UPI,Paid,133120
12498,12498,Credit Card,Paid,273447
12499,12499,Cash,Pending,100072
12500,12500,UPI,Paid,374332
12501,12501,UPI,Paid,260930
12502,12502,Credit Card,Paid,256656
12503,12503,UPI,Paid,456066
12504,12504,UPI,Paid,13150
12505,12505,UPI,Paid,111320
12506,12506,Credit Card,Paid,388633
12507,12507,UPI,Paid,225448
12508,12508,Credit Card,Failed,35460
12509,12509,Cash,Paid,288024
12510,12510,Cash,Paid,140260
12511,12511,UPI,Paid,118096
12512,12512,UPI,Paid,534420
12513,12513,Credit Card,Paid,107072
12514,12514,Credit Card,Paid,301782
12515,12515,Credit Card,Pending,93140
12516,12516,UPI,Paid,165294
12517,12517,Credit Card,Paid,236187
12518,12518,Net Banking,Failed,103890
12519,12519,UPI,Failed,313044
12520,12520,UPI,Paid,24732
12521,12521,Net Banking,Pending,178122
12522,12522,Credit Card,Paid,367720
12523,12523,Credit Card,Failed,228339
12524,12524,UPI,Paid,10591
12525,12525,UPI,Paid,181909
12526,12526,Net Banking,Paid,88572
12527,12527,Cash,Paid,42320
12528,12528,Credit Card,Pending,122085
12529,12529,UPI,Paid,98590
12530,12530,Credit Card,Failed,206184
12531,12531,Net Banking,Paid,219752
12532,12532,UPI,Paid,520200
12533,12533,UPI,Paid,41900
12534,12534,UPI,Paid,130860
12535,12535,UPI,Paid,232904
12536,12536,Credit Card,Paid,474590
12537,12537,Debit Card,Pending,382338
12538,12538,Debit Card,Paid,170919
12539,12539,Debit Card,Paid,33010
12540,12540,Credit Card,Failed,51260
12541,12541,Debit Card,Paid,202752
12542,12542,Net Banking,Paid,158766
12543,12543,Cash,Pending,218308
12544,12544,Credit Card,Paid,243035
12545,12545,Debit Card,Pending,237750
12546,12546,Credit Card,Failed,249615
12547,12547,Net Banking,Paid,225456
12548,12548,Credit Card,Paid,61370
12549,12549,UPI,Paid,213921
12550,12550,UPI,Paid,364203
12551,12551,Credit Card,Paid,70441
12552,12552,Net Banking,Failed,112360
12553,12553,Credit Card,Paid,253920
12554,12554,Net Banking,Paid,79520
12555,12555,UPI,Paid,396760
12556,12556,Cash,Paid,321858
12557,12557,Cash,Paid,323880
12558,12558,UPI,Paid,57792
12559,12559,Debit Card,Paid,280900
12560,12560,Net Banking,Paid,35767
12561,12561,Cash,Paid,17098
12562,12562,Credit Card,Paid,306944
12563,12563,Net Banking,Pending,49020
12564,12564,UPI,Paid,306448
12565,12565,Debit Card,Paid,245574
12566,12566,Credit Card,Failed,303822
12567,12567,UPI,Failed,232778
12568,12568,Credit Card,Paid,67356
12569,12569,Debit Card,Paid,271323
12570,12570,Net Banking,Paid,43565
12571,12571,Credit Card,Failed,50871
12572,12572,Cash,Failed,14177
12573,12573,UPI,Paid,266176
12574,12574,Debit Card,Pending,63424
12575,12575,UPI,Failed,43968
12576,12576,UPI,Paid,17752
12577,12577,Credit Card,Failed,165884
12578,12578,Debit Card,Paid,251400
12579,12579,UPI,Paid,35107
12580,12580,Cash,Paid,58160
12581,12581,UPI,Paid,27955
12582,12582,Credit Card,Paid,503901
12583,12583,UPI,Paid,46498
12584,12584,UPI,Paid,163400
12585,12585,Net Banking,Paid,246720
12586,12586,UPI,Pending,30296
12587,12587,Net Banking,Paid,35862
12588,12588,UPI,Paid,124413
12589,12589,Cash,Pending,155136
12590,12590,Debit Card,Paid,50297
12591,12591,Cash,Paid,192764
12592,12592,Credit Card,Paid,274610
12593,12593,Net Banking,Pending,191900
12594,12594,UPI,Paid,100236
12595,12595,UPI,Paid,206890
12596,12596,Debit Card,Paid,57570
12597,12597,Credit Card,Failed,167967
12598,12598,UPI,Paid,203391
12599,12599,Credit Card,Paid,22027
12600,12600,Credit Card,Paid,383060
12601,12601,UPI,Paid,81184
12602,12602,Credit Card,Paid,53536
12603,12603,Credit Card,Paid,167924
12604,12604,Net Banking,Paid,103445
12605,12605,Credit Card,Failed,176183
12606,12606,Cash,Paid,216160
12607,12607,Debit Card,Paid,62913
12608,12608,Debit Card,Paid,71480
12609,12609,UPI,Paid,324930
12610,12610,Credit Card,Paid,47432
12611,12611,UPI,Paid,24417
12612,12612,Net Banking,Paid,198352
12613,12613,Credit Card,Failed,335496
12614,12614,Net Banking,Paid,107124
12615,12615,Credit Card,Paid,89826
12616,12616,Credit Card,Failed,254290
12617,12617,UPI,Paid,270670
12618,12618,UPI,Paid,127988
12619,12619,UPI,Paid,46369
12620,12620,Credit Card,Paid,162465
12621,12621,UPI,Paid,219850
12622,12622,UPI,Paid,185670
12623,12623,UPI,Paid,111438
12624,12624,Net Banking,Paid,65241
12625,12625,Net Banking,Pending,172392
12626,12626,UPI,Paid,40302
12627,12627,UPI,Paid,478144
12628,12628,UPI,Paid,25638
12629,12629,Debit Card,Pending,219850
12630,12630,UPI,Failed,147270
12631,12631,Cash,Paid,486207
12632,12632,UPI,Paid,485776
12633,12633,UPI,Paid,207088
12634,12634,UPI,Pending,17752
12635,12635,Cash,Paid,21747
12636,12636,UPI,Paid,41587
12637,12637,Credit Card,Paid,188058
12638,12638,Credit Card,Paid,48899
12639,12639,UPI,Paid,209944
12640,12640,UPI,Paid,40775
12641,12641,Credit Card,Pending,179802
12642,12642,UPI,Paid,82432
12643,12643,Cash,Failed,181028
12644,12644,Credit Card,Failed,129280
12645,12645,UPI,Paid,306411
12646,12646,Debit Card,Pending,76210
12647,12647,Cash,Paid,288071
12648,12648,UPI,Pending,266334
12649,12649,Credit Card,Paid,109830
12650,12650,Net Banking,Paid,74855
12651,12651,Credit Card,Paid,159246
12652,12652,Cash,Paid,99864
12653,12653,UPI,Paid,216528
12654,12654,Credit Card,Paid,205960
12655,12655,Cash,Pending,33010
12656,12656,Credit Card,Failed,169280
12657,12657,Debit Card,Pending,216355
12658,12658,UPI,Paid,357749
12659,12659,Net Banking,Pending,28304
12660,12660,Cash,Paid,59290
12661,12661,UPI,Pending,419000
12662,12662,Net Banking,Paid,514760
12663,12663,Net Banking,Paid,50456
12664,12664,UPI,Paid,415656
12665,12665,UPI,Paid,220270
12666,12666,Credit Card,Paid,464481
12667,12667,UPI,Paid,115530
12668,12668,UPI,Paid,34104
12669,12669,UPI,Paid,104724
12670,12670,Cash,Pending,139887
12671,12671,UPI,Paid,72564
12672,12672,Credit Card,Paid,138552
12673,12673,UPI,Paid,110592
12674,12674,Debit Card,Paid,172638
12675,12675,UPI,Paid,84606
12676,12676,UPI,Paid,87420
12677,12677,Cash,Paid,74585
12678,12678,Credit Card,Paid,481104
12679,12679,Debit Card,Paid,218168
12680,12680,UPI,Paid,323288
12681,12681,Cash,Failed,40844
12682,12682,Debit Card,Paid,61268
12683,12683,UPI,Paid,70320
12684,12684,Credit Card,Paid,250369
12685,12685,UPI,Paid,345774
12686,12686,UPI,Paid,16572
12687,12687,Credit Card,Failed,446454
12688,12688,UPI,Paid,489348
12689,12689,UPI,Paid,69097
12690,12690,Credit Card,Paid,118845
12691,12691,UPI,Paid,99390
12692,12692,Debit Card,Paid,402288
12693,12693,UPI,Paid,87420
12694,12694,UPI,Paid,141840
12695,12695,Debit Card,Paid,114504
12696,12696,UPI,Paid,59374
12697,12697,Net Banking,Failed,145700
12698,12698,Debit Card,Paid,303822
12699,12699,Credit Card,Paid,78255
12700,12700,Credit Card,Paid,465140
12701,12701,Net Banking,Failed,383680
12702,12702,Credit Card,Paid,77750
12703,12703,Debit Card,Paid,162126
12704,12704,Credit Card,Pending,34384
12705,12705,Credit Card,Paid,160428
12706,12706,Credit Card,Paid,186050
12707,12707,Debit Card,Paid,183708
12708,12708,UPI,Failed,178890
12709,12709,Cash,Paid,135747
12710,12710,Credit Card,Paid,19754
12711,12711,Credit Card,Failed,171684
12712,12712,UPI,Failed,251034
12713,12713,Credit Card,Paid,45249
12714,12714,Credit Card,Paid,56180
12715,12715,Net Banking,Paid,146484
12716,12716,Net Banking,Paid,235518
12717,12717,Debit Card,Paid,44508
12718,12718,UPI,Paid,138654
12719,12719,Credit Card,Paid,293300
12720,12720,Credit Card,Pending,218000
12721,12721,UPI,Failed,392085
12722,12722,UPI,Paid,36855
12723,12723,UPI,Paid,44380
12724,12724,UPI,Paid,94572
12725,12725,UPI,Paid,308430
12726,12726,UPI,Paid,77301
12727,12727,UPI,Paid,24225
12728,12728,Cash,Paid,46635
12729,12729,Debit Card,Paid,346590
12730,12730,Cash,Failed,58850
12731,12731,Debit Card,Paid,310491
12732,12732,UPI,Paid,66920
12733,12733,Net Banking,Paid,196130
12734,12734,UPI,Paid,70518
12735,12735,Debit Card,Paid,127626
12736,12736,Cash,Paid,35504
12737,12737,Debit Card,Paid,103445
12738,12738,Net Banking,Paid,165980
12739,12739,UPI,Pending,97798
12740,12740,Credit Card,Paid,396848
12741,12741,Credit Card,Paid,101480
12742,12742,Credit Card,Paid,78543
12743,12743,Debit Card,Pending,223976
12744,12744,Debit Card,Paid,153468
12745,12745,Debit Card,Paid,81255
12746,12746,Credit Card,Paid,224100
12747,12747,Credit Card,Paid,95607
12748,12748,Credit Card,Paid,36606
12749,12749,Debit Card,Paid,160995
12750,12750,Credit Card,Paid,42845
12751,12751,Net Banking,Paid,230728
12752,12752,UPI,Paid,112539
12753,12753,Debit Card,Failed,130720
12754,12754,UPI,Paid,95584
12755,12755,Net Banking,Pending,110135
12756,12756,Debit Card,Paid,74382
12757,12757,Net Banking,Paid,235530
12758,12758,UPI,Paid,205224
12759,12759,Net Banking,Paid,160472
12760,12760,UPI,Paid,199832
12761,12761,Debit Card,Paid,526660
12762,12762,UPI,Paid,30623
12763,12763,Debit Card,Paid,76336
12764,12764,UPI,Paid,314024
12765,12765,UPI,Paid,129894
12766,12766,Credit Card,Paid,333114
12767,12767,Credit Card,Paid,322758
12768,12768,UPI,Paid,473994
12769,12769,Credit Card,Pending,125460
12770,12770,UPI,Paid,93352
12771,12771,Debit Card,Paid,47725
12772,12772,Debit Card,Paid,186752
12773,12773,UPI,Failed,193146
12774,12774,UPI,Pending,190900
12775,12775,Debit Card,Paid,151960
12776,12776,Credit Card,Paid,359820
12777,12777,Cash,Paid,102588
12778,12778,UPI,Paid,129813
12779,12779,Credit Card,Paid,359058
12780,12780,UPI,Paid,246952
12781,12781,UPI,Paid,173628
12782,12782,Credit Card,Paid,33404
12783,12783,Debit Card,Paid,252468
12784,12784,Cash,Paid,145350
12785,12785,Net Banking,Paid,184926
12786,12786,Debit Card,Paid,14078
12787,12787,Credit Card,Paid,173046
12788,12788,Debit Card,Pending,23775
12789,12789,Credit Card,Paid,27067
12790,12790,UPI,Paid,597680
12791,12791,UPI,Paid,121152
12792,12792,UPI,Paid,324792
12793,12793,Cash,Paid,202696
12794,12794,Credit Card,Failed,55660
12795,12795,Debit Card,Paid,215460
12796,12796,Cash,Paid,46002
12797,12797,UPI,Paid,33010
12798,12798,Credit Card,Paid,49588
12799,12799,Cash,Paid,26307
12800,12800,Debit Card,Paid,160958
12801,12801,Debit Card,Paid,32421
12802,12802,UPI,Paid,461646
12803,12803,Debit Card,Paid,48584
12804,12804,UPI,Paid,27047
12805,12805,Credit Card,Paid,214569
12806,12806,Credit Card,Pending,112728
12807,12807,Cash,Paid,25987
12808,12808,UPI,Paid,73938
12809,12809,Credit Card,Paid,148083
12810,12810,Debit Card,Paid,16251
12811,12811,Debit Card,Paid,123048
12812,12812,Credit Card,Pending,355112
12813,12813,Debit Card,Pending,314172
12814,12814,Credit Card,Paid,387891
12815,12815,Net Banking,Paid,563460
12816,12816,Debit Card,Paid,26170
12817,12817,UPI,Pending,126855
12818,12818,Cash,Pending,173558
12819,12819,Debit Card,Pending,44913
12820,12820,Credit Card,Pending,85568
12821,12821,Cash,Paid,205340
12822,12822,UPI,Paid,408440
12823,12823,Credit Card,Paid,210096
12824,12824,UPI,Paid,39450
12825,12825,UPI,Paid,155260
12826,12826,Credit Card,Paid,39272
12827,12827,Credit Card,Paid,396130
12828,12828,UPI,Failed,118845
12829,12829,Credit Card,Pending,181202
12830,12830,Credit Card,Paid,116245
12831,12831,Cash,Paid,277350
12832,12832,UPI,Paid,73972
12833,12833,UPI,Failed,130850
12834,12834,UPI,Paid,47406
12835,12835,UPI,Pending,106884
12836,12836,UPI,Paid,38380
12837,12837,Credit Card,Pending,348928
12838,12838,UPI,Paid,101742
12839,12839,UPI,Failed,393568
12840,12840,Credit Card,Pending,57960
12841,12841,UPI,Paid,139905
12842,12842,Credit Card,Paid,307179
12843,12843,Net Banking,Paid,99390
12844,12844,Cash,Paid,219753
12845,12845,Cash,Paid,68715
12846,12846,Credit Card,Paid,58942
12847,12847,Credit Card,Paid,31090
12848,12848,UPI,Paid,79352
12849,12849,UPI,Paid,258560
12850,12850,Credit Card,Paid,253780
12851,12851,UPI,Paid,372112
12852,12852,UPI,Paid,465590
12853,12853,UPI,Paid,465300
12854,12854,Credit Card,Failed,88650
12855,12855,Credit Card,Failed,32191
12856,12856,UPI,Paid,212624
12857,12857,UPI,Paid,103164
12858,12858,Credit Card,Paid,16340
12859,12859,UPI,Paid,140710
12860,12860,Cash,Paid,142712
12861,12861,Credit Card,Paid,57150
12862,12862,UPI,Paid,63912
12863,12863,Net Banking,Paid,384976
12864,12864,Credit Card,Paid,100236
12865,12865,UPI,Paid,425248
12866,12866,Debit Card,Pending,42608
12867,12867,UPI,Paid,161861
12868,12868,Cash,Paid,60700
12869,12869,Credit Card,Paid,141858
12870,12870,Debit Card,Paid,155560
12871,12871,Net Banking,Paid,141010
12872,12872,Credit Card,Paid,263832
12873,12873,Credit Card,Paid,29687
12874,12874,Debit Card,Paid,81550
12875,12875,Credit Card,Paid,360504
12876,12876,UPI,Paid,104797
12877,12877,Cash,Paid,17454
12878,12878,UPI,Paid,320736
12879,12879,Credit Card,Paid,107034
12880,12880,UPI,Paid,58908
12881,12881,Debit Card,Paid,28052
12882,12882,Debit Card,Paid,374094
12883,12883,Debit Card,Paid,101408
12884,12884,Credit Card,Paid,52340
12885,12885,Net Banking,Paid,112728
12886,12886,UPI,Pending,332696
12887,12887,UPI,Paid,237750
12888,12888,UPI,Pending,72700
12889,12889,Debit Card,Paid,119336
12890,12890,Debit Card,Paid,149400
12891,12891,UPI,Paid,26093
12892,12892,Debit Card,Paid,160995
12893,12893,Net Banking,Paid,237172
12894,12894,UPI,Failed,139887
12895,12895,Credit Card,Pending,119480
12896,12896,UPI,Failed,23716
12897,12897,Credit Card,Failed,163366
12898,12898,Debit Card,Paid,135753
12899,12899,UPI,Paid,241176
12900,12900,Credit Card,Failed,40775
12901,12901,Credit Card,Paid,27447
12902,12902,Debit Card,Paid,292344
12903,12903,Credit Card,Paid,34104
12904,12904,Credit Card,Paid,353349
12905,12905,UPI,Pending,265410
12906,12906,Net Banking,Paid,112300
12907,12907,UPI,Paid,223020
12908,12908,UPI,Paid,15884
12909,12909,UPI,Paid,97929
12910,12910,UPI,Failed,308630
12911,12911,Cash,Paid,164814
12912,12912,UPI,Failed,163752
12913,12913,UPI,Paid,118288
12914,12914,UPI,Paid,148150
12915,12915,Credit Card,Paid,88108
12916,12916,UPI,Paid,443890
12917,12917,Debit Card,Paid,364680
12918,12918,Cash,Paid,204600
12919,12919,Cash,Paid,257528
12920,12920,UPI,Paid,175880
12921,12921,Credit Card,Paid,121455
12922,12922,UPI,Pending,25653
12923,12923,UPI,Paid,197414
12924,12924,Debit Card,Paid,11180
12925,12925,Credit Card,Paid,382088
12926,12926,Credit Card,Paid,294300
12927,12927,UPI,Paid,69003
12928,12928,Cash,Paid,39760
12929,12929,Cash,Paid,482310
12930,12930,UPI,Paid,240548
12931,12931,UPI,Paid,83587
12932,12932,UPI,Failed,177300
12933,12933,Credit Card,Paid,36835
12934,12934,UPI,Paid,73280
12935,12935,Cash,Paid,300640
12936,12936,Net Banking,Failed,153196
12937,12937,Cash,Paid,88413
12938,12938,Debit Card,Pending,178835
12939,12939,UPI,Paid,225448
12940,12940,Debit Card,Paid,221752
12941,12941,Credit Card,Paid,279864
12942,12942,UPI,Pending,50973
12943,12943,UPI,Paid,132290
12944,12944,UPI,Paid,162126
12945,12945,UPI,Pending,68589
12946,12946,UPI,Failed,81072
12947,12947,UPI,Paid,16251
12948,12948,Cash,Paid,149148
12949,12949,UPI,Paid,301716
12950,12950,Net Banking,Paid,145821
12951,12951,Cash,Paid,180792
12952,12952,UPI,Failed,234672
12953,12953,Credit Card,Paid,285750
12954,12954,Cash,Paid,193800
12955,12955,Credit Card,Paid,358608
12956,12956,UPI,Failed,38387
12957,12957,Net Banking,Failed,463680
12958,12958,Debit Card,Paid,117759
12959,12959,Net Banking,Failed,334530
12960,12960,UPI,Paid,100188
12961,12961,UPI,Paid,101742
12962,12962,UPI,Paid,258552
12963,12963,Credit Card,Paid,41495
12964,12964,Net Banking,Pending,185992
12965,12965,UPI,Failed,43400
12966,12966,Credit Card,Paid,260190
12967,12967,Debit Card,Failed,172638
12968,12968,Debit Card,Paid,231230
12969,12969,Credit Card,Paid,319840
12970,12970,UPI,Paid,268093
12971,12971,Cash,Paid,172036
12972,12972,Cash,Paid,184926
12973,12973,Cash,Paid,55971
12974,12974,Credit Card,Paid,215850
12975,12975,UPI,Paid,238917
12976,12976,Debit Card,Failed,33738
12977,12977,Credit Card,Paid,329860
12978,12978,UPI,Paid,15525
12979,12979,Debit Card,Pending,321102
12980,12980,UPI,Paid,216355
12981,12981,UPI,Paid,36365
12982,12982,Credit Card,Paid,58956
12983,12983,Debit Card,Paid,167445
12984,12984,Net Banking,Paid,307179
12985,12985,Credit Card,Paid,260442
12986,12986,Net Banking,Paid,253050
12987,12987,UPI,Paid,296874
12988,12988,Credit Card,Failed,25630
12989,12989,Cash,Paid,137996
12990,12990,UPI,Paid,279970
12991,12991,UPI,Pending,52917
12992,12992,UPI,Paid,111900
12993,12993,UPI,Paid,181648
12994,12994,Cash,Paid,366210
12995,12995,UPI,Paid,134930
12996,12996,Debit Card,Paid,284754
12997,12997,UPI,Paid,261008
12998,12998,Credit Card,Paid,256470
12999,12999,Debit Card,Failed,130236
13000,13000,Credit Card,Paid,282300
13001,13001,Cash,Paid,24732
13002,13002,UPI,Paid,173696
13003,13003,Credit Card,Failed,35852
13004,13004,Debit Card,Paid,19698
13005,13005,Cash,Paid,92865
13006,13006,UPI,Paid,173192
13007,13007,UPI,Paid,160006
13008,13008,UPI,Paid,175880
13009,13009,Credit Card,Paid,303822
13010,13010,Net Banking,Paid,280856
13011,13011,UPI,Pending,207410
13012,13012,Credit Card,Pending,167111
13013,13013,Cash,Paid,80304
13014,13014,UPI,Paid,116755
13015,13015,Cash,Pending,215754
13016,13016,Credit Card,Failed,44904
13017,13017,Net Banking,Paid,344736
13018,13018,UPI,Paid,118752
13019,13019,UPI,Paid,144012
13020,13020,UPI,Paid,48949
13021,13021,Cash,Paid,27447
13022,13022,Cash,Pending,50871
13023,13023,UPI,Paid,176004
13024,13024,Debit Card,Paid,81991
13025,13025,UPI,Paid,399664
13026,13026,UPI,Paid,20508
13027,13027,Credit Card,Paid,210159
13028,13028,Credit Card,Paid,233379
13029,13029,UPI,Paid,213904
13030,13030,Debit Card,Paid,288732
13031,13031,Cash,Paid,314104
13032,13032,Debit Card,Pending,350184
13033,13033,Credit Card,Paid,285424
13034,13034,UPI,Paid,150320
13035,13035,UPI,Paid,268142
13036,13036,Credit Card,Paid,185772
13037,13037,UPI,Paid,268709
13038,13038,Credit Card,Paid,309620
13039,13039,UPI,Paid,359023
13040,13040,Cash,Pending,485776
13041,13041,UPI,Paid,130572
13042,13042,Credit Card,Failed,44790
13043,13043,UPI,Paid,96244
13044,13044,Net Banking,Paid,384566
13045,13045,UPI,Paid,324138
13046,13046,Credit Card,Paid,258594
13047,13047,UPI,Paid,173250
13048,13048,Cash,Paid,361062
13049,13049,Credit Card,Paid,133532
13050,13050,UPI,Paid,27461
13051,13051,UPI,Pending,55296
13052,13052,UPI,Failed,237496
13053,13053,Credit Card,Paid,379652
13054,13054,UPI,Paid,207424
13055,13055,Debit Card,Paid,93688
13056,13056,Credit Card,Paid,360794
13057,13057,Debit Card,Paid,30668
13058,13058,Credit Card,Failed,186704
13059,13059,UPI,Paid,418376
13060,13060,Debit Card,Pending,216528
13061,13061,UPI,Paid,74512
13062,13062,UPI,Paid,214068
13063,13063,Debit Card,Paid,151928
13064,13064,Credit Card,Paid,91581
13065,13065,Credit Card,Paid,237744
13066,13066,UPI,Paid,326430
13067,13067,UPI,Failed,68540
13068,13068,UPI,Paid,508710
13069,13069,UPI,Paid,282408
13070,13070,UPI,Failed,32470
13071,13071,Debit Card,Paid,162465
13072,13072,UPI,Paid,159040
13073,13073,Credit Card,Paid,439720
13074,13074,UPI,Paid,166887
13075,13075,UPI,Paid,136355
13076,13076,UPI,Paid,102540
13077,13077,UPI,Paid,127841
13078,13078,Debit Card,Paid,241336
13079,13079,Credit Card,Paid,95076
13080,13080,UPI,Paid,443890
13081,13081,UPI,Paid,238392
13082,13082,Credit Card,Paid,38445
13083,13083,Net Banking,Paid,267272
13084,13084,Credit Card,Paid,164768
13085,13085,UPI,Failed,208107
13086,13086,Credit Card,Paid,213689
13087,13087,Credit Card,Paid,402288
13088,13088,Debit Card,Paid,23803
13089,13089,Debit Card,Paid,123825
13090,13090,Credit Card,Failed,112724
13091,13091,Debit Card,Paid,433888
13092,13092,Debit Card,Pending,42320
13093,13093,Credit Card,Paid,145608
13094,13094,Cash,Pending,113478
13095,13095,Credit Card,Paid,443504
13096,13096,Cash,Pending,158221
13097,13097,Credit Card,Paid,87420
13098,13098,UPI,Failed,94108
13099,13099,UPI,Pending,91854
13100,13100,Credit Card,Paid,127841
13101,13101,Credit Card,Paid,92368
13102,13102,Credit Card,Paid,142218
13103,13103,Credit Card,Paid,104724
13104,13104,UPI,Paid,52340
13105,13105,Credit Card,Paid,401751
13106,13106,UPI,Failed,156400
13107,13107,Credit Card,Paid,64113
13108,13108,UPI,Paid,143448
13109,13109,UPI,Paid,35544
13110,13110,Cash,Paid,82990
13111,13111,Net Banking,Failed,242064
13112,13112,UPI,Paid,250082
13113,13113,Credit Card,Failed,70032
13114,13114,Net Banking,Paid,249746
13115,13115,Debit Card,Paid,109168
13116,13116,Cash,Pending,27303
13117,13117,UPI,Paid,97898
13118,13118,Credit Card,Paid,191712
13119,13119,UPI,Paid,88731
13120,13120,Credit Card,Paid,88812
13121,13121,Debit Card,Paid,350184
13122,13122,Credit Card,Paid,114290
13123,13123,Credit Card,Paid,31086
13124,13124,UPI,Paid,430920
13125,13125,Cash,Paid,108236
13126,13126,Cash,Paid,17580
13127,13127,UPI,Paid,359345
13128,13128,UPI,Failed,485776
13129,13129,Credit Card,Failed,35278
13130,13130,UPI,Paid,55496
13131,13131,Debit Card,Failed,152073
13132,13132,UPI,Paid,58590
13133,13133,Debit Card,Paid,282087
13134,13134,Credit Card,Paid,440208
13135,13135,Debit Card,Paid,23803
13136,13136,UPI,Paid,378161
13137,13137,UPI,Paid,31096
13138,13138,UPI,Paid,265040
13139,13139,UPI,Paid,43494
13140,13140,Credit Card,Failed,57960
13141,13141,Credit Card,Paid,214438
13142,13142,Credit Card,Paid,99056
13143,13143,UPI,Paid,172036
13144,13144,UPI,Paid,37210
13145,13145,Credit Card,Paid,274160
13146,13146,UPI,Paid,101716
13147,13147,Net Banking,Paid,58110
13148,13148,UPI,Paid,502860
13149,13149,Debit Card,Paid,36640
13150,13150,UPI,Failed,327964
13151,13151,UPI,Pending,384032
13152,13152,Cash,Paid,418770
13153,13153,Net Banking,Paid,198060
13154,13154,Credit Card,Paid,102670
13155,13155,Credit Card,Paid,335200
13156,13156,UPI,Paid,55815
13157,13157,UPI,Pending,47606
13158,13158,UPI,Paid,346590
13159,13159,Debit Card,Paid,156121
13160,13160,Debit Card,Failed,28772
13161,13161,UPI,Paid,48584
13162,13162,Debit Card,Failed,15175
13163,13163,UPI,Paid,156400
13164,13164,Credit Card,Paid,32421
13165,13165,Cash,Paid,68589
13166,13166,UPI,Paid,190692
13167,13167,Credit Card,Failed,207410
13168,13168,UPI,Paid,39100
13169,13169,UPI,Paid,434976
13170,13170,Debit Card,Paid,333978
13171,13171,Credit Card,Paid,51093
13172,13172,Credit Card,Paid,193504
13173,13173,Net Banking,Paid,97384
13174,13174,UPI,Paid,113810
13175,13175,Cash,Pending,200120
13176,13176,Credit Card,Paid,264630
13177,13177,Debit Card,Failed,229836
13178,13178,Cash,Failed,305226
13179,13179,UPI,Paid,31090
13180,13180,UPI,Paid,20136
13181,13181,Cash,Paid,146484
13182,13182,Credit Card,Paid,238056
13183,13183,UPI,Paid,160686
13184,13184,UPI,Paid,27461
13185,13185,Credit Card,Paid,118875
13186,13186,UPI,Failed,238520
13187,13187,UPI,Paid,546498
13188,13188,Credit Card,Paid,175800
13189,13189,Cash,Paid,152608
13190,13190,Credit Card,Paid,67465
13191,13191,Credit Card,Paid,248227
13192,13192,Credit Card,Paid,205080
13193,13193,Cash,Pending,142650
13194,13194,Credit Card,Paid,29631
13195,13195,UPI,Paid,171820
13196,13196,Credit Card,Pending,354459
13197,13197,Credit Card,Paid,223884
13198,13198,Credit Card,Paid,541550
13199,13199,UPI,Paid,208593
13200,13200,Cash,Paid,93906
13201,13201,Debit Card,Paid,204428
13202,13202,UPI,Pending,31768
13203,13203,Credit Card,Paid,246918
13204,13204,UPI,Paid,8876
13205,13205,UPI,Paid,37350
13206,13206,UPI,Paid,269032
13207,13207,Credit Card,Paid,155586
13208,13208,Net Banking,Paid,331768
13209,13209,UPI,Paid,10068
13210,13210,Debit Card,Paid,110606
13211,13211,UPI,Failed,124416
13212,13212,UPI,Paid,407259
13213,13213,Credit Card,Paid,415656
13214,13214,UPI,Pending,207448
13215,13215,UPI,Paid,288704
13216,13216,UPI,Failed,78279
13217,13217,Debit Card,Paid,247940
13218,13218,UPI,Paid,509730
13219,13219,Cash,Paid,206994
13220,13220,Credit Card,Paid,248768
13221,13221,UPI,Paid,110592
13222,13222,Credit Card,Paid,211344
13223,13223,UPI,Paid,134739
13224,13224,Credit Card,Pending,187848
13225,13225,Cash,Paid,35380
13226,13226,UPI,Paid,200280
13227,13227,UPI,Paid,211029
13228,13228,Debit Card,Paid,22452
13229,13229,Net Banking,Paid,58908
13230,13230,Credit Card,Paid,92465
13231,13231,Credit Card,Paid,48753
13232,13232,Net Banking,Failed,317532
13233,13233,Debit Card,Paid,49050
13234,13234,Net Banking,Paid,417410
13235,13235,Credit Card,Paid,234606
13236,13236,Debit Card,Paid,455850
13237,13237,Cash,Paid,125163
13238,13238,Credit Card,Paid,382039
13239,13239,Cash,Paid,100887
13240,13240,UPI,Pending,101946
13241,13241,Credit Card,Paid,336028
13242,13242,Credit Card,Paid,320944
13243,13243,Debit Card,Pending,110958
13244,13244,Credit Card,Paid,139640
13245,13245,Debit Card,Paid,246805
13246,13246,UPI,Paid,126180
13247,13247,UPI,Paid,48929
13248,13248,UPI,Paid,95492
13249,13249,UPI,Paid,44380
13250,13250,Credit Card,Paid,58650
13251,13251,Debit Card,Paid,178390
13252,13252,Credit Card,Paid,34499
13253,13253,UPI,Pending,71646
13254,13254,UPI,Failed,269556
13255,13255,UPI,Paid,76287
13256,13256,Net Banking,Paid,87900
13257,13257,Net Banking,Paid,186050
13258,13258,UPI,Paid,56864
13259,13259,Credit Card,Pending,178003
13260,13260,Credit Card,Pending,64382
13261,13261,Credit Card,Paid,24268
13262,13262,Credit Card,Paid,430992
13263,13263,UPI,Paid,172396
13264,13264,UPI,Paid,213264
13265,13265,Debit Card,Paid,204786
13266,13266,Credit Card,Pending,26318
13267,13267,Net Banking,Failed,304960
13268,13268,UPI,Paid,49295
13269,13269,Net Banking,Paid,64524
13270,13270,UPI,Paid,242064
13271,13271,Credit Card,Paid,95100
13272,13272,Debit Card,Paid,318492
13273,13273,Debit Card,Paid,407784
13274,13274,Cash,Paid,369744
13275,13275,UPI,Pending,55994
13276,13276,UPI,Pending,540230
13277,13277,Debit Card,Paid,43716
13278,13278,Net Banking,Paid,165980
13279,13279,Cash,Pending,93704
13280,13280,Cash,Paid,84728
13281,13281,Cash,Paid,244745
13282,13282,Cash,Paid,482310
13283,13283,UPI,Paid,217825
13284,13284,Credit Card,Paid,166437
13285,13285,Net Banking,Paid,151928
13286,13286,Net Banking,Failed,80236
13287,13287,Net Banking,Paid,114112
13288,13288,UPI,Paid,265254
13289,13289,UPI,Paid,111336
13290,13290,Debit Card,Paid,128150
13291,13291,Debit Card,Paid,33480
13292,13292,Debit Card,Paid,59262
13293,13293,UPI,Paid,470540
13294,13294,Net Banking,Paid,179802
13295,13295,Credit Card,Paid,310960
13296,13296,Debit Card,Paid,26509
13297,13297,UPI,Paid,521740
13298,13298,UPI,Paid,78900
13299,13299,Debit Card,Paid,258860
13300,13300,Credit Card,Paid,181909
13301,13301,UPI,Paid,233400
13302,13302,UPI,Paid,181728
13303,13303,Cash,Paid,248030
13304,13304,Credit Card,Paid,374094
13305,13305,UPI,Paid,19613
13306,13306,Credit Card,Paid,158840
13307,13307,UPI,Paid,335839
13308,13308,Credit Card,Paid,43494
13309,13309,Debit Card,Paid,203432
13310,13310,Credit Card,Paid,167967
13311,13311,UPI,Paid,129935
13312,13312,Net Banking,Paid,519138
13313,13313,UPI,Paid,156510
13314,13314,Debit Card,Paid,576820
13315,13315,Cash,Paid,288738
13316,13316,Debit Card,Failed,512940
13317,13317,UPI,Paid,23351
13318,13318,UPI,Paid,217470
13319,13319,UPI,Pending,166270
13320,13320,UPI,Pending,71704
13321,13321,Credit Card,Paid,60992
13322,13322,UPI,Pending,165650
13323,13323,Cash,Paid,11381
13324,13324,Net Banking,Pending,76890
13325,13325,Net Banking,Paid,200312
13326,13326,UPI,Paid,206168
13327,13327,Cash,Pending,9818
13328,13328,UPI,Paid,449260
13329,13329,Cash,Paid,276745
13330,13330,Credit Card,Paid,132010
13331,13331,Cash,Paid,44751
13332,13332,UPI,Paid,206136
13333,13333,Debit Card,Paid,268740
13334,13334,Net Banking,Paid,159570
13335,13335,Credit Card,Paid,109876
13336,13336,Net Banking,Paid,103890
13337,13337,Net Banking,Pending,307790
13338,13338,UPI,Paid,84225
13339,13339,UPI,Failed,260225
13340,13340,Credit Card,Paid,421038
13341,13341,UPI,Paid,275104
13342,13342,Credit Card,Paid,43407
13343,13343,Debit Card,Paid,65286
13344,13344,Cash,Paid,509310
13345,13345,Credit Card,Paid,442424
13346,13346,Credit Card,Paid,16572
13347,13347,Credit Card,Failed,69013
13348,13348,UPI,Pending,76670
13349,13349,Credit Card,Paid,38387
13350,13350,UPI,Paid,254952
13351,13351,Credit Card,Paid,29604
13352,13352,Credit Card,Paid,88641
13353,13353,Net Banking,Pending,201642
13354,13354,UPI,Paid,59260
13355,13355,Cash,Paid,23123
13356,13356,UPI,Paid,277368
13357,13357,Debit Card,Paid,62224
13358,13358,Credit Card,Paid,597680
13359,13359,UPI,Pending,78592
13360,13360,Credit Card,Paid,293300
13361,13361,Debit Card,Paid,60332
13362,13362,Net Banking,Paid,122520
13363,13363,UPI,Paid,148083
13364,13364,UPI,Paid,114300
13365,13365,Credit Card,Paid,364680
13366,13366,Credit Card,Paid,211419
13367,13367,Credit Card,Paid,189130
13368,13368,UPI,Paid,377100
13369,13369,Debit Card,Paid,232490
13370,13370,Credit Card,Paid,167967
13371,13371,Credit Card,Paid,192528
13372,13372,Credit Card,Paid,124485
13373,13373,Credit Card,Failed,122536
13374,13374,UPI,Paid,378826
13375,13375,UPI,Paid,125295
13376,13376,UPI,Paid,159790
13377,13377,UPI,Paid,88413
13378,13378,UPI,Pending,129297
13379,13379,UPI,Paid,87768
13380,13380,Cash,Pending,233120
13381,13381,Credit Card,Pending,212016
13382,13382,UPI,Paid,62180
13383,13383,Net Banking,Paid,76996
13384,13384,Debit Card,Paid,250335
13385,13385,Credit Card,Paid,461456
13386,13386,UPI,Paid,9906
13387,13387,Debit Card,Paid,247040
13388,13388,Credit Card,Paid,30484
13389,13389,Credit Card,Paid,191016
13390,13390,Credit Card,Paid,176390
13391,13391,Credit Card,Paid,35156
13392,13392,Debit Card,Paid,189130
13393,13393,Credit Card,Paid,251485
13394,13394,Credit Card,Paid,146697
13395,13395,Debit Card,Pending,125826
13396,13396,UPI,Paid,41016
13397,13397,Debit Card,Paid,202968
13398,13398,Credit Card,Paid,242590
13399,13399,Debit Card,Paid,217035
13400,13400,UPI,Paid,228402
13401,13401,Credit Card,Failed,96597
13402,13402,UPI,Paid,398500
13403,13403,Debit Card,Failed,163457
13404,13404,Debit Card,Paid,95964
13405,13405,UPI,Paid,189624
13406,13406,UPI,Paid,277040
13407,13407,UPI,Paid,217825
13408,13408,Credit Card,Failed,25155
13409,13409,Debit Card,Failed,148435
13410,13410,UPI,Paid,71036
13411,13411,UPI,Paid,39450
13412,13412,Debit Card,Pending,49130
13413,13413,UPI,Paid,59262
13414,13414,Credit Card,Paid,5175
13415,13415,Cash,Paid,164437
13416,13416,UPI,Pending,97214
13417,13417,Cash,Paid,292560
13418,13418,Credit Card,Paid,98546
13419,13419,Credit Card,Paid,56708
13420,13420,Cash,Paid,46635
13421,13421,UPI,Paid,15978
13422,13422,UPI,Pending,3787
13423,13423,UPI,Paid,166047
13424,13424,UPI,Paid,86880
13425,13425,Credit Card,Paid,10591
13426,13426,Credit Card,Paid,43424
13427,13427,Cash,Paid,226470
13428,13428,Credit Card,Paid,238625
13429,13429,Debit Card,Paid,103950
13430,13430,Debit Card,Paid,95950
13431,13431,UPI,Paid,181028
13432,13432,Credit Card,Paid,150354
13433,13433,Credit Card,Paid,103544
13434,13434,Net Banking,Paid,26175
13435,13435,Net Banking,Pending,87768
13436,13436,Credit Card,Paid,119410
13437,13437,Cash,Paid,297990
13438,13438,UPI,Paid,279084
13439,13439,UPI,Paid,442424
13440,13440,UPI,Paid,279970
13441,13441,Cash,Paid,349706
13442,13442,Net Banking,Paid,289791
13443,13443,Credit Card,Paid,348520
13444,13444,UPI,Paid,47363
13445,13445,Credit Card,Paid,88896
13446,13446,Credit Card,Paid,114504
13447,13447,UPI,Paid,231174
13448,13448,Credit Card,Failed,172053
13449,13449,Cash,Failed,109154
13450,13450,UPI,Paid,41981
13451,13451,UPI,Failed,123825
13452,13452,Net Banking,Pending,60722
13453,13453,Cash,Paid,24794
13454,13454,UPI,Paid,218000
13455,13455,Debit Card,Pending,576290
13456,13456,Credit Card,Paid,296465
13457,13457,UPI,Paid,23896
13458,13458,Debit Card,Paid,277040
13459,13459,Credit Card,Paid,18016
13460,13460,Debit Card,Failed,182651
13461,13461,UPI,Failed,4340
13462,13462,Credit Card,Pending,81991
13463,13463,Credit Card,Paid,202816
13464,13464,UPI,Paid,239890
13465,13465,Credit Card,Pending,498006
13466,13466,UPI,Paid,449260
13467,13467,UPI,Pending,28432
13468,13468,UPI,Paid,50297
13469,13469,Net Banking,Paid,19613
13470,13470,Cash,Paid,392544
13471,13471,Credit Card,Paid,219850
13472,13472,UPI,Paid,45524
13473,13473,UPI,Paid,48004
13474,13474,UPI,Paid,281730
13475,13475,Credit Card,Paid,159985
13476,13476,Credit Card,Paid,261810
13477,13477,Credit Card,Paid,201510
13478,13478,UPI,Paid,149744
13479,13479,Cash,Paid,368361
13480,13480,Cash,Failed,22863
13481,13481,Credit Card,Paid,349191
13482,13482,Net Banking,Paid,51534
13483,13483,Debit Card,Paid,230448
13484,13484,UPI,Paid,67140
13485,13485,Credit Card,Paid,203391
13486,13486,Credit Card,Paid,239072
13487,13487,UPI,Paid,72248
13488,13488,Net Banking,Paid,366534
13489,13489,UPI,Paid,277732
13490,13490,UPI,Paid,301063
13491,13491,Credit Card,Paid,29799
13492,13492,UPI,Paid,140346
13493,13493,UPI,Failed,296300
13494,13494,UPI,Paid,40252
13495,13495,Net Banking,Pending,67356
13496,13496,Debit Card,Failed,172392
13497,13497,Debit Card,Paid,50973
13498,13498,UPI,Paid,59397
13499,13499,Cash,Paid,152919
13500,13500,Debit Card,Failed,169092
13501,13501,Debit Card,Paid,115335
13502,13502,Debit Card,Paid,97929
13503,13503,Credit Card,Failed,462180
13504,13504,UPI,Paid,214361
13505,13505,UPI,Paid,25429
13506,13506,Credit Card,Paid,256242
13507,13507,UPI,Paid,241880
13508,13508,UPI,Paid,83205
13509,13509,UPI,Paid,95991
13510,13510,UPI,Pending,211167
13511,13511,Debit Card,Paid,152480
13512,13512,Credit Card,Paid,190728
13513,13513,UPI,Paid,78200
13514,13514,UPI,Failed,289791
13515,13515,UPI,Paid,195480
13516,13516,UPI,Paid,166557
13517,13517,Net Banking,Pending,397873
13518,13518,UPI,Paid,279945
13519,13519,Cash,Paid,268215
13520,13520,UPI,Paid,150858
13521,13521,Debit Card,Paid,184932
13522,13522,Debit Card,Paid,327474
13523,13523,Debit Card,Paid,439720
13524,13524,UPI,Paid,203024
13525,13525,Debit Card,Paid,238056
13526,13526,Credit Card,Paid,291109
13527,13527,UPI,Failed,318800
13528,13528,Debit Card,Paid,97688
13529,13529,Credit Card,Paid,393957
13530,13530,UPI,Paid,71080
13531,13531,Credit Card,Paid,11361
13532,13532,Credit Card,Pending,139107
13533,13533,Net Banking,Paid,35823
13534,13534,UPI,Paid,228501
13535,13535,UPI,Paid,105616
13536,13536,UPI,Paid,94572
13537,13537,UPI,Paid,179160
13538,13538,UPI,Paid,415656
13539,13539,Credit Card,Paid,93028
13540,13540,UPI,Paid,143802
13541,13541,UPI,Paid,68782
13542,13542,UPI,Paid,357084
13543,13543,Credit Card,Paid,194500
13544,13544,Net Banking,Paid,387891
13545,13545,UPI,Paid,35726
13546,13546,UPI,Paid,41229
13547,13547,UPI,Paid,362008
13548,13548,UPI,Paid,181728
13549,13549,Credit Card,Paid,346300
13550,13550,Credit Card,Paid,32760
13551,13551,Credit Card,Paid,120168
13552,13552,UPI,Failed,237496
13553,13553,UPI,Paid,54134
13554,13554,UPI,Pending,18263
13555,13555,UPI,Paid,330200
13556,13556,Credit Card,Failed,42888
13557,13557,Credit Card,Paid,116690
13558,13558,UPI,Failed,459963
13559,13559,Cash,Paid,137430
13560,13560,Net Banking,Paid,189130
13561,13561,Debit Card,Pending,486070
13562,13562,Cash,Pending,174330
13563,13563,UPI,Paid,171450
13564,13564,Credit Card,Pending,25371
13565,13565,UPI,Pending,277920
13566,13566,UPI,Paid,393957
13567,13567,Credit Card,Paid,155600
13568,13568,Debit Card,Paid,92445
13569,13569,Credit Card,Paid,331002
13570,13570,Cash,Paid,71345
13571,13571,Net Banking,Paid,245727
13572,13572,UPI,Paid,94726
13573,13573,Debit Card,Paid,78255
13574,13574,Cash,Paid,205488
13575,13575,UPI,Failed,440091
13576,13576,UPI,Failed,282300
13577,13577,UPI,Pending,171696
13578,13578,UPI,Paid,274370
13579,13579,UPI,Paid,175880
13580,13580,UPI,Paid,565900
13581,13581,UPI,Paid,215460
13582,13582,UPI,Paid,499580
13583,13583,Cash,Paid,245574
13584,13584,UPI,Paid,192059
13585,13585,Credit Card,Paid,53762
13586,13586,Debit Card,Failed,22303
13587,13587,Credit Card,Paid,106164
13588,13588,Credit Card,Paid,249790
13589,13589,UPI,Pending,288410
13590,13590,Debit Card,Pending,80432
13591,13591,Credit Card,Paid,276745
13592,13592,Credit Card,Paid,35310
13593,13593,UPI,Paid,148680
13594,13594,Cash,Paid,131590
13595,13595,Credit Card,Paid,160326
13596,13596,UPI,Paid,245439
13597,13597,UPI,Pending,302190
13598,13598,Debit Card,Paid,215064
13599,13599,Debit Card,Failed,178920
13600,13600,UPI,Paid,535900
13601,13601,UPI,Paid,19652
13602,13602,UPI,Pending,93906
13603,13603,UPI,Paid,117303
13604,13604,Credit Card,Paid,350100
13605,13605,Credit Card,Paid,34900
13606,13606,Debit Card,Paid,56404
13607,13607,Debit Card,Paid,155136
13608,13608,UPI,Paid,55334
13609,13609,UPI,Failed,59705
13610,13610,Credit Card,Pending,162282
13611,13611,UPI,Paid,111853
13612,13612,UPI,Paid,16077
13613,13613,UPI,Pending,173150
13614,13614,Cash,Paid,106960
13615,13615,UPI,Paid,176517
13616,13616,UPI,Paid,72692
13617,13617,Credit Card,Paid,119028
13618,13618,Debit Card,Paid,391923
13619,13619,UPI,Paid,412750
13620,13620,UPI,Paid,304044
13621,13621,Net Banking,Failed,243423
13622,13622,Debit Card,Paid,144519
13623,13623,UPI,Paid,158450
13624,13624,UPI,Paid,160686
13625,13625,Debit Card,Paid,93288
13626,13626,UPI,Paid,179260
13627,13627,Credit Card,Failed,356064
13628,13628,UPI,Paid,200590
13629,13629,Credit Card,Failed,52917
13630,13630,UPI,Paid,82392
13631,13631,Net Banking,Failed,102540
13632,13632,Debit Card,Paid,293573
13633,13633,UPI,Failed,13917
13634,13634,UPI,Paid,58608
13635,13635,Credit Card,Paid,51712
13636,13636,Net Banking,Paid,375489
13637,13637,UPI,Paid,103164
13638,13638,Credit Card,Paid,286160
13639,13639,UPI,Paid,325416
13640,13640,Cash,Paid,98490
13641,13641,Credit Card,Paid,206136
13642,13642,UPI,Paid,33770
13643,13643,UPI,Paid,203391
13644,13644,Cash,Paid,152022
13645,13645,UPI,Paid,222588
13646,13646,Debit Card,Failed,92368
13647,13647,Debit Card,Pending,443890
13648,13648,Credit Card,Paid,71409
13649,13649,Net Banking,Paid,109168
13650,13650,Credit Card,Paid,122325
13651,13651,UPI,Paid,213840
13652,13652,UPI,Paid,42482
13653,13653,Debit Card,Paid,90880
13654,13654,Credit Card,Paid,242304
13655,13655,Debit Card,Paid,592930
13656,13656,UPI,Paid,230322
13657,13657,Debit Card,Failed,153224
13658,13658,UPI,Paid,250369
13659,13659,Debit Card,Paid,40377
13660,13660,Credit Card,Paid,506740
13661,13661,Credit Card,Paid,55663
13662,13662,Debit Card,Paid,512890
13663,13663,Debit Card,Paid,282324
13664,13664,Net Banking,Paid,229794
13665,13665,UPI,Paid,153472
13666,13666,Net Banking,Failed,77020
13667,13667,UPI,Paid,108046
13668,13668,Credit Card,Paid,342293
13669,13669,Net Banking,Failed,336028
13670,13670,Credit Card,Failed,39603
13671,13671,Credit Card,Paid,88418
13672,13672,UPI,Paid,104763
13673,13673,Debit Card,Paid,18991
13674,13674,Debit Card,Paid,146520
13675,13675,UPI,Paid,231910
13676,13676,UPI,Paid,20598
13677,13677,UPI,Paid,163716
13678,13678,UPI,Paid,450912
13679,13679,UPI,Paid,25110
13680,13680,UPI,Paid,87940
13681,13681,Debit Card,Pending,159040
13682,13682,UPI,Paid,157164
13683,13683,Credit Card,Paid,362352
13684,13684,Credit Card,Paid,151928
13685,13685,UPI,Paid,148392
13686,13686,Credit Card,Pending,55719
13687,13687,UPI,Paid,307734
13688,13688,UPI,Paid,44313
13689,13689,Credit Card,Paid,187408
13690,13690,Net Banking,Failed,243064
13691,13691,Debit Card,Paid,194428
13692,13692,Credit Card,Failed,416232
13693,13693,Credit Card,Paid,102612
13694,13694,UPI,Paid,177556
13695,13695,Credit Card,Pending,455090
13696,13696,Cash,Paid,129280
13697,13697,Debit Card,Paid,46059
13698,13698,Credit Card,Paid,166348
13699,13699,Net Banking,Paid,22360
13700,13700,Cash,Paid,169316
13701,13701,Cash,Paid,228382
13702,13702,UPI,Paid,277350
13703,13703,Credit Card,Paid,432944
13704,13704,UPI,Paid,52186
13705,13705,Cash,Failed,34270
13706,13706,Credit Card,Pending,38590
13707,13707,Cash,Paid,257544
13708,13708,Credit Card,Paid,47652
13709,13709,Debit Card,Paid,62200
13710,13710,UPI,Failed,82860
13711,13711,Debit Card,Paid,283315
13712,13712,UPI,Pending,68768
13713,13713,Net Banking,Paid,159780
13714,13714,Credit Card,Paid,171380
13715,13715,Net Banking,Paid,231840
13716,13716,UPI,Paid,68208
13717,13717,Cash,Failed,242590
13718,13718,Credit Card,Pending,63994
13719,13719,UPI,Paid,189329
13720,13720,Net Banking,Paid,337211
13721,13721,UPI,Paid,95950
13722,13722,Credit Card,Pending,117884
13723,13723,Credit Card,Paid,47652
13724,13724,Credit Card,Paid,335839
13725,13725,UPI,Paid,383870
13726,13726,Debit Card,Paid,424820
13727,13727,UPI,Paid,494442
13728,13728,UPI,Paid,313430
13729,13729,Credit Card,Paid,50973
13730,13730,Credit Card,Paid,209695
13731,13731,Net Banking,Paid,13917
13732,13732,Cash,Paid,553030
13733,13733,Credit Card,Paid,473994
13734,13734,Debit Card,Paid,107301
13735,13735,Credit Card,Paid,92996
13736,13736,Debit Card,Paid,392530
13737,13737,Credit Card,Pending,128535
13738,13738,UPI,Pending,279084
13739,13739,UPI,Paid,370944
13740,13740,Net Banking,Paid,306411
13741,13741,Net Banking,Failed,77961
13742,13742,UPI,Paid,97566
13743,13743,Debit Card,Paid,327964
13744,13744,UPI,Paid,35726
13745,13745,UPI,Paid,88896
13746,13746,Debit Card,Paid,78792
13747,13747,UPI,Pending,310392
13748,13748,Cash,Paid,235403
13749,13749,Credit Card,Paid,285120
13750,13750,Debit Card,Paid,391192
13751,13751,UPI,Paid,61054
13752,13752,Cash,Paid,85824
13753,13753,Credit Card,Paid,301670
13754,13754,Cash,Pending,36612
13755,13755,UPI,Paid,74292
13756,13756,UPI,Paid,109084
13757,13757,UPI,Paid,395748
13758,13758,Credit Card,Paid,45251
13759,13759,UPI,Failed,267280
13760,13760,Credit Card,Paid,88641
13761,13761,UPI,Paid,318492
13762,13762,UPI,Paid,163557
13763,13763,UPI,Paid,214572
13764,13764,UPI,Paid,550980
13765,13765,Debit Card,Paid,85690
13766,13766,UPI,Paid,20971
13767,13767,Net Banking,Paid,16380
13768,13768,Net Banking,Paid,172522
13769,13769,Debit Card,Paid,440208
13770,13770,UPI,Paid,325710
13771,13771,Debit Card,Paid,53562
13772,13772,UPI,Paid,50823
13773,13773,Net Banking,Paid,18605
13774,13774,Credit Card,Paid,79960
13775,13775,UPI,Paid,134330
13776,13776,Credit Card,Paid,388672
13777,13777,Net Banking,Paid,237744
13778,13778,UPI,Paid,243915
13779,13779,Debit Card,Paid,500670
13780,13780,Credit Card,Paid,69097
13781,13781,Debit Card,Paid,102612
13782,13782,UPI,Paid,329728
13783,13783,Net Banking,Paid,19613
13784,13784,UPI,Paid,95584
13785,13785,Net Banking,Paid,526660
13786,13786,Credit Card,Pending,291400
13787,13787,Cash,Pending,494442
13788,13788,UPI,Pending,331818
13789,13789,Net Banking,Paid,154626
13790,13790,UPI,Paid,385686
13791,13791,UPI,Pending,172053
13792,13792,Net Banking,Failed,27852
13793,13793,UPI,Paid,268810
13794,13794,Debit Card,Paid,29524
13795,13795,Credit Card,Paid,103164
13796,13796,Credit Card,Paid,452720
13797,13797,UPI,Paid,95964
13798,13798,Credit Card,Paid,157998
13799,13799,Credit Card,Paid,388150
13800,13800,UPI,Paid,78610
13801,13801,Debit Card,Paid,39296
13802,13802,Credit Card,Paid,185875
13803,13803,Credit Card,Paid,243603
13804,13804,Credit Card,Paid,559710
13805,13805,Credit Card,Paid,117315
13806,13806,UPI,Paid,22452
13807,13807,Cash,Paid,63546
13808,13808,Cash,Paid,494442
13809,13809,Debit Card,Paid,31869
13810,13810,UPI,Pending,337374
13811,13811,UPI,Paid,456066
13812,13812,Cash,Paid,159790
13813,13813,UPI,Paid,59226
13814,13814,UPI,Paid,559710
13815,13815,UPI,Paid,89397
13816,13816,Net Banking,Paid,439047
13817,13817,Debit Card,Failed,39760
13818,13818,UPI,Paid,92050
13819,13819,UPI,Paid,419031
13820,13820,UPI,Paid,111402
13821,13821,UPI,Failed,179310
13822,13822,UPI,Paid,450603
13823,13823,Net Banking,Paid,261600
13824,13824,Debit Card,Paid,540230
13825,13825,UPI,Paid,156087
13826,13826,Net Banking,Failed,403857
13827,13827,Credit Card,Paid,51294
13828,13828,Debit Card,Paid,136850
13829,13829,Credit Card,Paid,213710
13830,13830,Debit Card,Paid,288738
13831,13831,Credit Card,Paid,523620
13832,13832,Debit Card,Paid,59208
13833,13833,UPI,Paid,128265
13834,13834,UPI,Paid,468261
13835,13835,UPI,Paid,60332
13836,13836,Credit Card,Paid,258860
13837,13837,Net Banking,Paid,182976
13838,13838,Debit Card,Paid,295176
13839,13839,UPI,Paid,30863
13840,13840,Net Banking,Pending,217200
13841,13841,Cash,Paid,253440
13842,13842,UPI,Paid,101742
13843,13843,Credit Card,Paid,51950
13844,13844,UPI,Paid,130800
13845,13845,UPI,Failed,61760
13846,13846,UPI,Failed,30962
13847,13847,Credit Card,Paid,198905
13848,13848,UPI,Paid,26040
13849,13849,UPI,Paid,158942
13850,13850,Debit Card,Failed,73266
13851,13851,Credit Card,Paid,169316
13852,13852,Credit Card,Paid,81072
13853,13853,Net Banking,Paid,123060
13854,13854,Net Banking,Paid,121400
13855,13855,Cash,Failed,352840
13856,13856,UPI,Paid,93140
13857,13857,Debit Card,Paid,496060
13858,13858,Net Banking,Paid,246375
13859,13859,Cash,Paid,185730
13860,13860,UPI,Paid,99239
13861,13861,Debit Card,Paid,116690
13862,13862,Credit Card,Paid,329589
13863,13863,Credit Card,Paid,40302
13864,13864,UPI,Paid,164768
13865,13865,Cash,Paid,86319
13866,13866,Credit Card,Pending,149874
13867,13867,UPI,Paid,491960
13868,13868,UPI,Paid,55334
13869,13869,Debit Card,Paid,61726
13870,13870,UPI,Paid,9008
13871,13871,UPI,Paid,412750
13872,13872,UPI,Paid,134778
13873,13873,UPI,Failed,181202
13874,13874,Credit Card,Paid,456336
13875,13875,Credit Card,Failed,46852
13876,13876,UPI,Paid,418626
13877,13877,UPI,Pending,115140
13878,13878,UPI,Paid,94140
13879,13879,Credit Card,Paid,268740
13880,13880,Credit Card,Pending,99916
13881,13881,Net Banking,Paid,238960
13882,13882,UPI,Paid,404850
13883,13883,Cash,Paid,152268
13884,13884,Debit Card,Paid,50184
13885,13885,UPI,Paid,431700
13886,13886,Debit Card,Paid,455090
13887,13887,Credit Card,Paid,64176
13888,13888,UPI,Paid,243915
13889,13889,UPI,Paid,163457
13890,13890,Credit Card,Failed,287730
13891,13891,UPI,Paid,293694
13892,13892,Debit Card,Paid,136236
13893,13893,Net Banking,Paid,271860
13894,13894,UPI,Paid,423376
13895,13895,Credit Card,Paid,180882
13896,13896,Debit Card,Paid,27735
13897,13897,UPI,Pending,288071
13898,13898,Credit Card,Paid,49361
13899,13899,UPI,Paid,361944
13900,13900,UPI,Paid,286821
13901,13901,UPI,Paid,104040
13902,13902,Credit Card,Paid,52600
13903,13903,Debit Card,Paid,236832
13904,13904,Credit Card,Paid,339012
13905,13905,Credit Card,Paid,206848
13906,13906,UPI,Paid,38152
13907,13907,Debit Card,Paid,56346
13908,13908,Cash,Paid,358608
13909,13909,Debit Card,Failed,22599
13910,13910,UPI,Pending,455090
13911,13911,Credit Card,Paid,55303
13912,13912,Credit Card,Paid,42320
13913,13913,UPI,Paid,172887
13914,13914,Credit Card,Paid,323016
13915,13915,Cash,Paid,123687
13916,13916,UPI,Paid,125826
13917,13917,Net Banking,Paid,158704
13918,13918,Debit Card,Pending,159246
13919,13919,Credit Card,Paid,51864
13920,13920,Debit Card,Failed,223640
13921,13921,Net Banking,Paid,114786
13922,13922,Net Banking,Paid,139590
13923,13923,Credit Card,Paid,159124
13924,13924,UPI,Paid,160410
13925,13925,Credit Card,Paid,105608
13926,13926,UPI,Paid,109836
13927,13927,Credit Card,Paid,29645
13928,13928,UPI,Paid,395710
13929,13929,Cash,Pending,309620
13930,13930,UPI,Failed,97668
13931,13931,Credit Card,Paid,308856
13932,13932,UPI,Paid,380880
13933,13933,Cash,Paid,168540
13934,13934,UPI,Paid,73212
13935,13935,Credit Card,Paid,359345
13936,13936,Credit Card,Failed,46650
13937,13937,UPI,Pending,232650
13938,13938,UPI,Paid,40840
13939,13939,UPI,Paid,109084
13940,13940,Debit Card,Paid,44913
13941,13941,UPI,Pending,153472
13942,13942,Debit Card,Paid,226360
13943,13943,UPI,Paid,53260
13944,13944,Cash,Paid,236430
13945,13945,UPI,Paid,215048
13946,13946,UPI,Paid,183804
13947,13947,Credit Card,Failed,355440
13948,13948,UPI,Failed,288145
13949,13949,Debit Card,Paid,329350
13950,13950,UPI,Paid,223020
13951,13951,UPI,Paid,134516
13952,13952,UPI,Paid,125845
13953,13953,Cash,Paid,427536
13954,13954,Credit Card,Paid,215880
13955,13955,Net Banking,Paid,52029
13956,13956,Credit Card,Pending,178191
13957,13957,UPI,Paid,286350
13958,13958,Cash,Paid,38335
13959,13959,Debit Card,Paid,323016
13960,13960,Credit Card,Failed,167913
13961,13961,Credit Card,Paid,185730
13962,13962,Credit Card,Paid,53536
13963,13963,UPI,Paid,29524
13964,13964,Credit Card,Paid,160686
13965,13965,UPI,Paid,245400
13966,13966,UPI,Paid,34388
13967,13967,UPI,Paid,388066
13968,13968,UPI,Paid,71452
13969,13969,UPI,Paid,154101
13970,13970,Net Banking,Paid,77796
13971,13971,UPI,Paid,106632
13972,13972,Cash,Paid,375130
13973,13973,UPI,Paid,213264
13974,13974,UPI,Failed,39361
13975,13975,UPI,Failed,242250
13976,13976,Credit Card,Failed,192692
13977,13977,Credit Card,Pending,275607
13978,13978,UPI,Paid,208744
13979,13979,Debit Card,Failed,321534
13980,13980,Debit Card,Paid,25975
13981,13981,UPI,Paid,19742
13982,13982,UPI,Pending,418896
13983,13983,Cash,Paid,34671
13984,13984,Debit Card,Failed,84485
13985,13985,Debit Card,Pending,503739
13986,13986,UPI,Paid,140886
13987,13987,UPI,Paid,136515
13988,13988,Cash,Paid,275706
13989,13989,Debit Card,Paid,222474
13990,13990,UPI,Paid,172887
13991,13991,UPI,Paid,127232
13992,13992,Credit Card,Failed,209695
13993,13993,Credit Card,Paid,119196
13994,13994,Net Banking,Paid,195408
13995,13995,Credit Card,Paid,128764
13996,13996,UPI,Paid,103089
13997,13997,UPI,Paid,437463
13998,13998,Cash,Paid,27024
13999,13999,UPI,Paid,486070
14000,14000,UPI,Paid,43625
14001,14001,UPI,Paid,72704
14002,14002,Cash,Paid,328887
14003,14003,UPI,Paid,65952
14004,14004,UPI,Paid,230184
14005,14005,Debit Card,Paid,128535
14006,14006,UPI,Paid,48122
14007,14007,UPI,Failed,254256
14008,14008,Debit Card,Paid,140450
14009,14009,Credit Card,Failed,189836
14010,14010,Debit Card,Paid,328887
14011,14011,Debit Card,Paid,230516
14012,14012,UPI,Paid,197444
14013,14013,UPI,Pending,141844
14014,14014,UPI,Failed,140859
14015,14015,Credit Card,Paid,318248
14016,14016,Net Banking,Paid,101484
14017,14017,UPI,Paid,135590
14018,14018,Net Banking,Paid,374860
14019,14019,Debit Card,Failed,296320
14020,14020,Cash,Paid,221010
14021,14021,Credit Card,Failed,55467
14022,14022,UPI,Paid,39571
14023,14023,UPI,Paid,275490
14024,14024,Credit Card,Paid,361944
14025,14025,UPI,Paid,485840
14026,14026,Debit Card,Paid,225990
14027,14027,Credit Card,Pending,19648
14028,14028,UPI,Paid,174260
14029,14029,Cash,Paid,32082
14030,14030,Credit Card,Failed,15585
14031,14031,Debit Card,Paid,188048
14032,14032,Credit Card,Paid,207410
14033,14033,UPI,Failed,147340
14034,14034,Credit Card,Paid,112260
14035,14035,UPI,Paid,118096
14036,14036,Credit Card,Paid,183952
14037,14037,Debit Card,Pending,447912
14038,14038,Debit Card,Failed,59094
14039,14039,Debit Card,Paid,47535
14040,14040,UPI,Paid,234330
14041,14041,Credit Card,Paid,373500
14042,14042,Cash,Paid,242250
14043,14043,Cash,Pending,123452
14044,14044,UPI,Paid,137185
14045,14045,UPI,Pending,109920
14046,14046,Debit Card,Paid,91018
14047,14047,UPI,Pending,27950
14048,14048,Net Banking,Paid,98358
14049,14049,Credit Card,Pending,308630
14050,14050,UPI,Paid,93704
14051,14051,UPI,Paid,231070
14052,14052,UPI,Paid,154040
14053,14053,UPI,Paid,491256
14054,14054,UPI,Paid,41495
14055,14055,UPI,Paid,380680
14056,14056,Credit Card,Paid,50340
14057,14057,Credit Card,Paid,27047
14058,14058,Credit Card,Paid,234606
14059,14059,Cash,Paid,463878
14060,14060,Credit Card,Paid,48191
14061,14061,Credit Card,Paid,198112
14062,14062,Cash,Paid,47652
14063,14063,Cash,Paid,149744
14064,14064,UPI,Failed,465590
14065,14065,Credit Card,Paid,190840
14066,14066,Credit Card,Paid,70441
14067,14067,Debit Card,Paid,370454
14068,14068,UPI,Failed,89808
14069,14069,Debit Card,Paid,238030
14070,14070,Credit Card,Paid,252616
14071,14071,Credit Card,Paid,65572
14072,14072,Credit Card,Paid,92055
14073,14073,Cash,Paid,378161
14074,14074,UPI,Paid,181517
14075,14075,UPI,Failed,56364
14076,14076,Debit Card,Paid,192227
14077,14077,UPI,Failed,73052
14078,14078,Debit Card,Failed,309252
14079,14079,UPI,Paid,115224
14080,14080,Debit Card,Paid,242410
14081,14081,UPI,Paid,124344
14082,14082,Credit Card,Failed,35460
14083,14083,Credit Card,Paid,361263
14084,14084,Debit Card,Pending,19648
14085,14085,UPI,Paid,107556
14086,14086,Debit Card,Pending,64947
14087,14087,UPI,Paid,239885
14088,14088,UPI,Paid,9826
14089,14089,UPI,Pending,207456
14090,14090,Net Banking,Paid,93906
14091,14091,Net Banking,Paid,38368
14092,14092,Debit Card,Paid,92414
14093,14093,UPI,Paid,25169
14094,14094,Net Banking,Paid,281730
14095,14095,UPI,Pending,387990
14096,14096,Cash,Paid,304536
14097,14097,Credit Card,Paid,470540
14098,14098,UPI,Paid,257845
14099,14099,Cash,Paid,82458
14100,14100,Cash,Paid,321728
14101,14101,Net Banking,Pending,320856
14102,14102,UPI,Pending,277190
14103,14103,UPI,Pending,205080
14104,14104,Debit Card,Pending,47937
14105,14105,Credit Card,Pending,165100
14106,14106,Credit Card,Paid,66508
14107,14107,UPI,Paid,9849
14108,14108,Cash,Paid,73242
14109,14109,UPI,Failed,325416
14110,14110,Credit Card,Failed,141112
14111,14111,UPI,Paid,72056
14112,14112,UPI,Paid,47406
14113,14113,Cash,Paid,106960
14114,14114,UPI,Paid,102520
14115,14115,Net Banking,Paid,49292
14116,14116,UPI,Paid,216734
14117,14117,Net Banking,Paid,207456
14118,14118,UPI,Paid,93906
14119,14119,Credit Card,Paid,147340
14120,14120,Credit Card,Paid,159040
14121,14121,Debit Card,Paid,508230
14122,14122,UPI,Paid,71416
14123,14123,Net Banking,Paid,146847
14124,14124,UPI,Paid,118713
14125,14125,Net Banking,Paid,57570
14126,14126,Credit Card,Paid,55334
14127,14127,Net Banking,Paid,79700
14128,14128,Debit Card,Paid,199250
14129,14129,Cash,Pending,367720
14130,14130,Net Banking,Paid,19754
14131,14131,Credit Card,Paid,59144
14132,14132,UPI,Paid,54155
14133,14133,UPI,Failed,231910
14134,14134,Credit Card,Failed,520290
14135,14135,Debit Card,Paid,245592
14136,14136,Cash,Paid,13493
14137,14137,UPI,Paid,276997
14138,14138,Cash,Paid,305344
14139,14139,Debit Card,Paid,344736
14140,14140,Credit Card,Paid,317532
14141,14141,Debit Card,Paid,50315
14142,14142,Net Banking,Failed,235496
14143,14143,UPI,Paid,196630
14144,14144,UPI,Paid,101780
14145,14145,Credit Card,Paid,118809
14146,14146,UPI,Pending,27375
14147,14147,Net Banking,Paid,100887
14148,14148,Credit Card,Paid,36352
14149,14149,UPI,Paid,171920
14150,14150,Credit Card,Paid,52804
14151,14151,UPI,Paid,10063
14152,14152,Net Banking,Paid,319149
14153,14153,UPI,Paid,266200
14154,14154,UPI,Paid,204786
14155,14155,Net Banking,Paid,82550
14156,14156,Credit Card,Paid,188216
14157,14157,Debit Card,Paid,440541
14158,14158,Credit Card,Pending,300640
14159,14159,Net Banking,Paid,55910
14160,14160,UPI,Paid,71409
14161,14161,UPI,Paid,64075
14162,14162,UPI,Failed,244560
14163,14163,Credit Card,Paid,489490
14164,14164,UPI,Paid,185214
14165,14165,Debit Card,Paid,333978
14166,14166,UPI,Failed,32760
14167,14167,UPI,Paid,95552
14168,14168,UPI,Pending,85614
14169,14169,Credit Card,Paid,234330
14170,14170,Debit Card,Paid,410312
14171,14171,UPI,Paid,135235
14172,14172,Debit Card,Paid,109748
14173,14173,UPI,Paid,174400
14174,14174,Cash,Failed,488124
14175,14175,Credit Card,Paid,68768
14176,14176,Cash,Paid,293472
14177,14177,UPI,Failed,132315
14178,14178,Debit Card,Paid,430096
14179,14179,Net Banking,Failed,200472
14180,14180,UPI,Paid,72777
14181,14181,UPI,Paid,321755
14182,14182,Cash,Paid,545840
14183,14183,Debit Card,Failed,301782
14184,14184,UPI,Paid,415870
14185,14185,Debit Card,Paid,119205
14186,14186,UPI,Pending,230988
14187,14187,Cash,Paid,167652
14188,14188,UPI,Failed,197444
14189,14189,Cash,Failed,354270
14190,14190,UPI,Failed,170655
14191,14191,Credit Card,Paid,225616
14192,14192,Credit Card,Paid,28772
14193,14193,UPI,Paid,68540
14194,14194,Cash,Paid,29437
14195,14195,UPI,Pending,415656
14196,14196,Debit Card,Failed,111326
14197,14197,Cash,Paid,217060
14198,14198,Net Banking,Paid,51367
14199,14199,UPI,Failed,112300
14200,14200,UPI,Failed,25371
14201,14201,UPI,Paid,136575
14202,14202,UPI,Paid,76210
14203,14203,UPI,Failed,340088
14204,14204,UPI,Pending,58650
14205,14205,Net Banking,Paid,137080
14206,14206,UPI,Paid,47937
14207,14207,Net Banking,Pending,479820
14208,14208,UPI,Paid,75507
14209,14209,UPI,Pending,534420
14210,14210,Credit Card,Pending,45585
14211,14211,Cash,Paid,64368
14212,14212,Debit Card,Pending,447912
14213,14213,UPI,Pending,50077
14214,14214,Debit Card,Paid,545840
14215,14215,Credit Card,Failed,150354
14216,14216,Credit Card,Paid,8190
14217,14217,UPI,Failed,258552
14218,14218,Credit Card,Paid,309463
14219,14219,Credit Card,Paid,384976
14220,14220,UPI,Failed,48004
14221,14221,UPI,Paid,273048
14222,14222,UPI,Paid,166348
14223,14223,Debit Card,Paid,49245
14224,14224,Credit Card,Paid,29136
14225,14225,Debit Card,Paid,237744
14226,14226,Net Banking,Paid,57184
14227,14227,Credit Card,Paid,329357
14228,14228,UPI,Paid,45726
14229,14229,Credit Card,Paid,50691
14230,14230,Credit Card,Paid,42364
14231,14231,Net Banking,Paid,131944
14232,14232,UPI,Paid,385384
14233,14233,Cash,Pending,356780
14234,14234,Net Banking,Pending,87936
14235,14235,UPI,Paid,293634
14236,14236,UPI,Paid,30897
14237,14237,Cash,Paid,281512
14238,14238,Credit Card,Pending,297636
14239,14239,Credit Card,Paid,111853
14240,14240,UPI,Paid,17538
14241,14241,Debit Card,Failed,112568
14242,14242,Net Banking,Paid,193800
14243,14243,UPI,Pending,137305
14244,14244,UPI,Paid,81184
14245,14245,Credit Card,Paid,135618
14246,14246,Credit Card,Paid,288024
14247,14247,Net Banking,Paid,90612
14248,14248,UPI,Paid,425248
14249,14249,UPI,Paid,42086
14250,14250,UPI,Paid,130221
14251,14251,UPI,Paid,70920
14252,14252,UPI,Failed,61680
14253,14253,Cash,Paid,15856
14254,14254,Credit Card,Paid,160929
14255,14255,Credit Card,Failed,191908
14256,14256,Credit Card,Paid,294300
14257,14257,UPI,Pending,195596
14258,14258,UPI,Pending,41216
14259,14259,Credit Card,Paid,130320
14260,14260,UPI,Pending,47054
14261,14261,UPI,Paid,111320
14262,14262,UPI,Paid,109154
14263,14263,Credit Card,Failed,108310
14264,14264,UPI,Paid,374860
14265,14265,UPI,Paid,352079
14266,14266,UPI,Paid,171920
14267,14267,Credit Card,Paid,111853
14268,14268,Cash,Pending,45509
14269,14269,Net Banking,Failed,40485
14270,14270,Credit Card,Paid,62192
14271,14271,Credit Card,Paid,421911
14272,14272,Credit Card,Paid,129813
14273,14273,UPI,Paid,145821
14274,14274,Credit Card,Paid,113180
14275,14275,Credit Card,Paid,205468
14276,14276,Credit Card,Pending,343350
14277,14277,Credit Card,Paid,331002
14278,14278,Debit Card,Paid,46650
14279,14279,Cash,Paid,173880
14280,14280,Cash,Paid,133532
14281,14281,UPI,Failed,122472
14282,14282,UPI,Paid,515420
14283,14283,Net Banking,Paid,262638
14284,14284,UPI,Paid,205338
14285,14285,UPI,Paid,366120
14286,14286,Credit Card,Paid,55660
14287,14287,UPI,Failed,207809
14288,14288,UPI,Paid,54960
14289,14289,Credit Card,Paid,147270
14290,14290,Net Banking,Paid,100072
14291,14291,UPI,Paid,76098
14292,14292,UPI,Paid,46218
14293,14293,Debit Card,Paid,10591
14294,14294,Debit Card,Failed,121032
14295,14295,UPI,Paid,43616
14296,14296,Credit Card,Pending,89705
14297,14297,Cash,Paid,117789
14298,14298,Credit Card,Paid,289800
14299,14299,Credit Card,Paid,72176
14300,14300,Debit Card,Paid,105581
14301,14301,Credit Card,Pending,14917
14302,14302,Net Banking,Paid,361944
14303,14303,UPI,Paid,213264
14304,14304,Credit Card,Failed,38457
14305,14305,Credit Card,Paid,130850
14306,14306,UPI,Paid,131144
14307,14307,Net Banking,Paid,343512
14308,14308,Credit Card,Paid,32082
14309,14309,UPI,Paid,56739
14310,14310,Debit Card,Paid,131144
14311,14311,Net Banking,Paid,60408
14312,14312,Debit Card,Paid,85484
14313,14313,UPI,Paid,329224
14314,14314,Credit Card,Paid,113015
14315,14315,UPI,Paid,439700
14316,14316,UPI,Paid,140760
14317,14317,Credit Card,Paid,103424
14318,14318,UPI,Pending,50607
14319,14319,UPI,Paid,24646
14320,14320,UPI,Paid,323288
14321,14321,UPI,Paid,61788
14322,14322,Debit Card,Paid,288410
14323,14323,Debit Card,Paid,257670
14324,14324,UPI,Paid,58280
14325,14325,Cash,Paid,282639
14326,14326,Credit Card,Paid,285425
14327,14327,UPI,Paid,411808
14328,14328,Credit Card,Failed,332880
14329,14329,UPI,Paid,39850
14330,14330,Credit Card,Paid,143175
14331,14331,Debit Card,Paid,392530
14332,14332,Net Banking,Pending,306850
14333,14333,Cash,Paid,84640
14334,14334,Cash,Paid,113530
14335,14335,Debit Card,Paid,115530
14336,14336,Credit Card,Failed,383870
14337,14337,Cash,Paid,45726
14338,14338,Cash,Paid,144030
14339,14339,Net Banking,Pending,82756
14340,14340,UPI,Paid,370454
14341,14341,Credit Card,Paid,191935
14342,14342,Net Banking,Paid,34720
14343,14343,UPI,Paid,135176
14344,14344,Net Banking,Paid,355112
14345,14345,UPI,Paid,146797
14346,14346,UPI,Paid,235530
14347,14347,Net Banking,Paid,85258
14348,14348,Cash,Paid,242888
14349,14349,Net Banking,Paid,55296
14350,14350,Credit Card,Paid,331818
14351,14351,UPI,Failed,116245
14352,14352,UPI,Paid,123360
14353,14353,Net Banking,Paid,263304
14354,14354,Debit Card,Failed,29577
14355,14355,Cash,Pending,154315
14356,14356,Net Banking,Paid,116004
14357,14357,Debit Card,Paid,115092
14358,14358,UPI,Paid,201411
14359,14359,UPI,Failed,76959
14360,14360,Credit Card,Paid,225448
14361,14361,UPI,Paid,90555
14362,14362,Net Banking,Pending,102952
14363,14363,Cash,Paid,232650
14364,14364,UPI,Paid,338220
14365,14365,Cash,Paid,49295
14366,14366,UPI,Paid,487395
14367,14367,UPI,Paid,361944
14368,14368,Credit Card,Paid,115161
14369,14369,Debit Card,Pending,71688
14370,14370,UPI,Paid,71356
14371,14371,Debit Card,Paid,508710
14372,14372,UPI,Failed,269238
14373,14373,UPI,Paid,213824
14374,14374,UPI,Failed,213768
14375,14375,UPI,Paid,82306
14376,14376,UPI,Paid,56284
14377,14377,Net Banking,Paid,170500
14378,14378,UPI,Paid,159570
14379,14379,Debit Card,Paid,275706
14380,14380,Net Banking,Paid,44425
14381,14381,Cash,Failed,46962
14382,14382,UPI,Paid,50456
14383,14383,Cash,Paid,126098
14384,14384,Debit Card,Paid,239616
14385,14385,Credit Card,Paid,140428
14386,14386,Cash,Paid,85776
14387,14387,UPI,Paid,32082
14388,14388,Debit Card,Pending,47535
14389,14389,UPI,Failed,140859
14390,14390,Debit Card,Paid,6754
14391,14391,UPI,Paid,112260
14392,14392,Credit Card,Paid,267183
14393,14393,Credit Card,Paid,23491
14394,14394,Credit Card,Failed,293472
14395,14395,UPI,Paid,10652
14396,14396,Cash,Paid,141010
14397,14397,UPI,Failed,150835
14398,14398,Credit Card,Paid,32154
14399,14399,UPI,Failed,126416
14400,14400,Net Banking,Paid,53156
14401,14401,Credit Card,Paid,231070
14402,14402,Credit Card,Paid,41472
14403,14403,Debit Card,Paid,126855
14404,14404,Credit Card,Paid,17454
14405,14405,Debit Card,Paid,29304
14406,14406,UPI,Paid,440208
14407,14407,Credit Card,Paid,95868
14408,14408,Credit Card,Pending,96552
14409,14409,Cash,Paid,200454
14410,14410,UPI,Paid,41229
14411,14411,UPI,Pending,212710
14412,14412,Net Banking,Pending,474590
14413,14413,Credit Card,Paid,40592
14414,14414,Credit Card,Paid,75276
14415,14415,Credit Card,Paid,225136
14416,14416,Cash,Paid,23873
14417,14417,UPI,Paid,54584
14418,14418,Net Banking,Paid,145400
14419,14419,UPI,Paid,98958
14420,14420,UPI,Paid,126702
14421,14421,UPI,Pending,54333
14422,14422,Debit Card,Paid,105672
14423,14423,UPI,Paid,50973
14424,14424,UPI,Paid,241880
14425,14425,Cash,Failed,122532
14426,14426,UPI,Paid,330588
14427,14427,Net Banking,Paid,236815
14428,14428,UPI,Pending,108046
14429,14429,Credit Card,Paid,596300
14430,14430,Net Banking,Paid,148764
14431,14431,Cash,Pending,42807
14432,14432,UPI,Paid,132090
14433,14433,UPI,Pending,25630
14434,14434,Debit Card,Paid,389439
14435,14435,Cash,Paid,362352
14436,14436,UPI,Paid,31869
14437,14437,UPI,Paid,153090
14438,14438,Net Banking,Paid,169770
14439,14439,Debit Card,Paid,296240
14440,14440,Credit Card,Paid,74855
14441,14441,UPI,Paid,401180
14442,14442,Credit Card,Paid,224574
14443,14443,Net Banking,Paid,76890
14444,14444,Credit Card,Paid,34908
14445,14445,UPI,Paid,476298
14446,14446,Debit Card,Pending,164542
14447,14447,Debit Card,Paid,127128
14448,14448,Cash,Paid,159124
14449,14449,UPI,Paid,391592
14450,14450,Net Banking,Paid,169770
14451,14451,Credit Card,Paid,78610
14452,14452,UPI,Paid,87456
14453,14453,Net Banking,Paid,122700
14454,14454,UPI,Paid,339540
14455,14455,Credit Card,Paid,412872
14456,14456,Credit Card,Paid,326102
14457,14457,Credit Card,Paid,225990
14458,14458,Debit Card,Paid,102393
14459,14459,Debit Card,Paid,195796
14460,14460,UPI,Paid,157044
14461,14461,Credit Card,Paid,219860
14462,14462,UPI,Failed,198352
14463,14463,UPI,Pending,313430
14464,14464,UPI,Pending,360504
14465,14465,Net Banking,Paid,112724
14466,14466,Credit Card,Paid,62560
14467,14467,Cash,Paid,151304
14468,14468,Credit Card,Paid,37146
14469,14469,Debit Card,Failed,155196
14470,14470,UPI,Paid,212624
14471,14471,Credit Card,Paid,252675
14472,14472,Net Banking,Paid,137536
14473,14473,Credit Card,Paid,164031
14474,14474,Credit Card,Paid,134703
14475,14475,Credit Card,Paid,392630
14476,14476,UPI,Paid,210544
14477,14477,UPI,Paid,292848
14478,14478,UPI,Paid,25638
14479,14479,Debit Card,Paid,146280
14480,14480,Cash,Paid,101716
14481,14481,Net Banking,Paid,13229
14482,14482,UPI,Failed,130465
14483,14483,UPI,Pending,30634
14484,14484,Cash,Paid,167272
14485,14485,UPI,Failed,73280
14486,14486,UPI,Paid,29613
14487,14487,Credit Card,Paid,28772
14488,14488,UPI,Paid,113530
14489,14489,Credit Card,Failed,27375
14490,14490,Cash,Paid,30288
14491,14491,UPI,Paid,189910
14492,14492,Credit Card,Paid,77056
14493,14493,Net Banking,Paid,305312
14494,14494,Debit Card,Paid,356400
14495,14495,Net Banking,Paid,53190
14496,14496,Credit Card,Paid,219860
14497,14497,UPI,Paid,403440
14498,14498,Credit Card,Paid,135618
14499,14499,UPI,Paid,243423
14500,14500,UPI,Paid,241176
14501,14501,UPI,Paid,433719
14502,14502,UPI,Paid,105581
14503,14503,Net Banking,Paid,121125
14504,14504,Cash,Paid,43716
14505,14505,Credit Card,Paid,52922
14506,14506,Credit Card,Paid,166360
14507,14507,Debit Card,Pending,49355
14508,14508,Credit Card,Paid,239616
14509,14509,Cash,Paid,317820
14510,14510,Net Banking,Paid,121444
14511,14511,Debit Card,Pending,116914
14512,14512,Cash,Pending,116445
14513,14513,Debit Card,Pending,162282
14514,14514,UPI,Paid,68540
14515,14515,UPI,Paid,30685
14516,14516,UPI,Paid,9741
14517,14517,Debit Card,Paid,86814
14518,14518,Net Banking,Paid,198800
14519,14519,Debit Card,Paid,14697
14520,14520,UPI,Paid,135618
14521,14521,Net Banking,Paid,50077
14522,14522,UPI,Paid,93376
14523,14523,Credit Card,Pending,447768
14524,14524,Debit Card,Paid,288732
14525,14525,Credit Card,Paid,70389
14526,14526,Credit Card,Paid,279550
14527,14527,Credit Card,Paid,68392
14528,14528,UPI,Paid,312174
14529,14529,UPI,Paid,328887
14530,14530,UPI,Pending,125943
14531,14531,UPI,Paid,268740
14532,14532,Net Banking,Paid,148840
14533,14533,UPI,Paid,141858
14534,14534,UPI,Paid,87432
14535,14535,UPI,Paid,243915
14536,14536,UPI,Paid,391958
14537,14537,Credit Card,Paid,425574
14538,14538,UPI,Paid,231230
14539,14539,Debit Card,Paid,278214
14540,14540,UPI,Failed,416160
14541,14541,Cash,Paid,331310
14542,14542,UPI,Paid,209695
14543,14543,Net Banking,Paid,384566
14544,14544,Credit Card,Failed,230295
14545,14545,Net Banking,Paid,100227
14546,14546,UPI,Paid,95304
14547,14547,Credit Card,Paid,129423
14548,14548,UPI,Paid,472860
14549,14549,Credit Card,Failed,25092
14550,14550,Credit Card,Paid,22603
14551,14551,Credit Card,Pending,91048
14552,14552,UPI,Paid,74512
14553,14553,UPI,Paid,118875
14554,14554,Cash,Paid,69013
14555,14555,UPI,Paid,58512
14556,14556,Credit Card,Paid,44296
14557,14557,Cash,Paid,240708
14558,14558,UPI,Paid,329357
14559,14559,Net Banking,Paid,102670
14560,14560,Debit Card,Paid,225531
14561,14561,Cash,Paid,15802
14562,14562,Cash,Paid,55334
14563,14563,Debit Card,Paid,212960
14564,14564,UPI,Paid,166360
14565,14565,Credit Card,Paid,25059
14566,14566,Credit Card,Paid,80304
14567,14567,Cash,Paid,23769
14568,14568,Cash,Paid,222652
14569,14569,UPI,Paid,97878
14570,14570,UPI,Paid,395514
14571,14571,Credit Card,Paid,596300
14572,14572,Credit Card,Paid,325710
14573,14573,Cash,Paid,56502
14574,14574,Credit Card,Failed,144012
14575,14575,UPI,Paid,239058
14576,14576,UPI,Paid,66005
14577,14577,Net Banking,Paid,240336
14578,14578,Net Banking,Pending,169506
14579,14579,Cash,Paid,88210
14580,14580,UPI,Paid,215064
14581,14581,UPI,Paid,30166
14582,14582,Credit Card,Failed,25767
14583,14583,UPI,Paid,245727
14584,14584,Debit Card,Paid,348520
14585,14585,Debit Card,Paid,421668
14586,14586,Cash,Paid,95552
14587,14587,UPI,Paid,117024
14588,14588,UPI,Paid,360332
14589,14589,Net Banking,Paid,248970
14590,14590,Debit Card,Paid,51107
14591,14591,UPI,Paid,477250
14592,14592,Debit Card,Paid,511070
14593,14593,Debit Card,Paid,223976
14594,14594,Credit Card,Paid,304044
14595,14595,Debit Card,Paid,100572
14596,14596,Net Banking,Paid,287973
14597,14597,Debit Card,Paid,353367
14598,14598,UPI,Paid,68262
14599,14599,Credit Card,Paid,185178
14600,14600,UPI,Paid,424820
14601,14601,UPI,Paid,52836
14602,14602,Credit Card,Paid,44091
14603,14603,UPI,Paid,370377
14604,14604,UPI,Paid,198352
14605,14605,Credit Card,Paid,344754
14606,14606,Debit Card,Paid,123576
14607,14607,Cash,Paid,104680
14608,14608,UPI,Failed,233216
14609,14609,Net Banking,Pending,160770
14610,14610,Credit Card,Paid,220525
14611,14611,UPI,Paid,247040
14612,14612,Credit Card,Paid,135335
14613,14613,UPI,Paid,82032
14614,14614,UPI,Failed,433098
14615,14615,Net Banking,Paid,479770
14616,14616,UPI,Paid,440541
14617,14617,UPI,Paid,256835
14618,14618,Credit Card,Pending,114300
14619,14619,Debit Card,Paid,262430
14620,14620,Credit Card,Paid,111336
14621,14621,UPI,Pending,148584
14622,14622,Debit Card,Paid,112808
14623,14623,UPI,Paid,25653
14624,14624,Cash,Paid,354816
14625,14625,Debit Card,Pending,161310
14626,14626,Net Banking,Paid,38368
14627,14627,Debit Card,Failed,9826
14628,14628,Credit Card,Paid,109876
14629,14629,UPI,Paid,123230
14630,14630,Net Banking,Paid,129969
14631,14631,UPI,Paid,75177
14632,14632,Debit Card,Paid,85211
14633,14633,UPI,Paid,68574
14634,14634,Credit Card,Paid,62686
14635,14635,Credit Card,Paid,419031
14636,14636,Credit Card,Paid,338560
14637,14637,UPI,Paid,148680
14638,14638,Credit Card,Paid,142560
14639,14639,UPI,Paid,111853
14640,14640,Credit Card,Paid,46650
14641,14641,UPI,Pending,177184
14642,14642,Credit Card,Paid,106496
14643,14643,UPI,Paid,121730
14644,14644,UPI,Pending,142160
14645,14645,Net Banking,Paid,217120
14646,14646,Credit Card,Paid,26404
14647,14647,Net Banking,Paid,220270
14648,14648,Credit Card,Failed,49050
14649,14649,UPI,Paid,109212
14650,14650,UPI,Paid,249746
14651,14651,UPI,Paid,131500
14652,14652,UPI,Paid,245250
14653,14653,UPI,Paid,50315
14654,14654,Net Banking,Paid,153882
14655,14655,Net Banking,Paid,207935
14656,14656,Credit Card,Paid,112917
14657,14657,Credit Card,Paid,77800
14658,14658,UPI,Paid,54118
14659,14659,Debit Card,Paid,332540
14660,14660,UPI,Paid,53476
14661,14661,UPI,Paid,56150
14662,14662,UPI,Paid,32986
14663,14663,UPI,Paid,256284
14664,14664,UPI,Paid,308735
14665,14665,Credit Card,Paid,50704
14666,14666,Credit Card,Paid,303849
14667,14667,UPI,Paid,411530
14668,14668,Debit Card,Paid,35767
14669,14669,Net Banking,Paid,332004
14670,14670,UPI,Paid,34910
14671,14671,Net Banking,Pending,58624
14672,14672,Credit Card,Paid,13743
14673,14673,UPI,Paid,46668
14674,14674,UPI,Paid,85490
14675,14675,Credit Card,Paid,427536
14676,14676,UPI,Paid,113810
14677,14677,UPI,Paid,73192
14678,14678,Net Banking,Paid,85776
14679,14679,Debit Card,Paid,189950
14680,14680,UPI,Paid,135771
14681,14681,Credit Card,Paid,85084
14682,14682,Debit Card,Paid,58942
14683,14683,UPI,Paid,39253
14684,14684,UPI,Paid,486070
14685,14685,UPI,Failed,477250
14686,14686,Debit Card,Paid,173648
14687,14687,Debit Card,Paid,14078
14688,14688,Debit Card,Failed,69013
14689,14689,Debit Card,Paid,52600
14690,14690,Cash,Paid,568390
14691,14691,Net Banking,Paid,109836
14692,14692,UPI,Paid,36222
14693,14693,UPI,Paid,74512
14694,14694,Credit Card,Paid,366060
14695,14695,UPI,Paid,72056
14696,14696,UPI,Paid,213689
14697,14697,Net Banking,Paid,270115
14698,14698,Net Banking,Paid,23426
14699,14699,UPI,Paid,128764
14700,14700,Debit Card,Paid,127476
14701,14701,Net Banking,Paid,106380
14702,14702,Credit Card,Paid,78506
14703,14703,UPI,Pending,96552
14704,14704,Net Banking,Paid,26404
14705,14705,Credit Card,Paid,468180
14706,14706,Debit Card,Failed,568390
14707,14707,Net Banking,Pending,82944
14708,14708,UPI,Pending,279864
14709,14709,Credit Card,Paid,43972
14710,14710,UPI,Paid,88850
14711,14711,Cash,Paid,146259
14712,14712,Debit Card,Paid,128328
14713,14713,Credit Card,Pending,245574
14714,14714,UPI,Pending,98960
14715,14715,UPI,Paid,123459
14716,14716,Debit Card,Paid,24259
14717,14717,UPI,Paid,298800
14718,14718,Debit Card,Paid,109836
14719,14719,Credit Card,Pending,400240
14720,14720,Credit Card,Paid,401751
14721,14721,Credit Card,Paid,47934
14722,14722,UPI,Pending,38498
14723,14723,UPI,Paid,55989
14724,14724,UPI,Paid,62132
14725,14725,Debit Card,Paid,43616
14726,14726,UPI,Paid,49716
14727,14727,UPI,Paid,22360
14728,14728,UPI,Paid,226030
14729,14729,UPI,Paid,65136
14730,14730,UPI,Paid,136416
14731,14731,Credit Card,Paid,306642
14732,14732,UPI,Failed,516537
14733,14733,UPI,Paid,402376
14734,14734,Credit Card,Paid,233380
14735,14735,Credit Card,Paid,61089
14736,14736,UPI,Paid,31100
14737,14737,Cash,Paid,189624
14738,14738,UPI,Paid,29631
14739,14739,UPI,Paid,245592
14740,14740,Credit Card,Paid,191170
14741,14741,Net Banking,Failed,155600
14742,14742,Credit Card,Paid,216490
14743,14743,Debit Card,Pending,311200
14744,14744,Credit Card,Failed,19792
14745,14745,Net Banking,Paid,119260
14746,14746,UPI,Paid,134930
14747,14747,UPI,Paid,23344
14748,14748,UPI,Paid,211344
14749,14749,Cash,Paid,388150
14750,14750,Credit Card,Paid,49530
14751,14751,Credit Card,Paid,61246
14752,14752,UPI,Failed,80958
14753,14753,UPI,Paid,171450
14754,14754,Net Banking,Pending,108080
14755,14755,Net Banking,Paid,148160
14756,14756,Credit Card,Paid,95492
14757,14757,UPI,Paid,81864
14758,14758,Credit Card,Paid,507276
14759,14759,Cash,Paid,242888
14760,14760,Credit Card,Paid,296870
14761,14761,UPI,Paid,357780
14762,14762,Net Banking,Paid,178835
14763,14763,Credit Card,Failed,73855
14764,14764,UPI,Paid,452510
14765,14765,Cash,Paid,356139
14766,14766,Cash,Paid,120940
14767,14767,UPI,Paid,308720
14768,14768,Cash,Paid,12075
14769,14769,Net Banking,Paid,479770
14770,14770,Debit Card,Paid,28090
14771,14771,UPI,Paid,87200
14772,14772,UPI,Paid,223146
14773,14773,Net Banking,Paid,311556
14774,14774,Credit Card,Failed,170655
14775,14775,Credit Card,Failed,423376
14776,14776,Debit Card,Paid,366210
14777,14777,Debit Card,Paid,232930
14778,14778,Cash,Paid,219752
14779,14779,UPI,Paid,41192
14780,14780,Debit Card,Paid,173558
14781,14781,Cash,Paid,23784
14782,14782,Cash,Paid,274827
14783,14783,UPI,Paid,27303
14784,14784,Cash,Paid,241336
14785,14785,UPI,Paid,55701
14786,14786,Credit Card,Paid,407313
14787,14787,Credit Card,Paid,256242
14788,14788,UPI,Paid,146736
14789,14789,Credit Card,Paid,221010
14790,14790,UPI,Paid,138675
14791,14791,Credit Card,Paid,242550
14792,14792,Credit Card,Paid,43271
14793,14793,Credit Card,Failed,129048
14794,14794,UPI,Paid,148083
14795,14795,UPI,Paid,94660
14796,14796,Cash,Paid,76336
14797,14797,UPI,Paid,26404
14798,14798,Debit Card,Paid,40479
14799,14799,Net Banking,Paid,38528
14800,14800,UPI,Paid,228382
14801,14801,Credit Card,Paid,102429
14802,14802,Credit Card,Paid,56230
14803,14803,Net Banking,Paid,288512
14804,14804,UPI,Paid,275072
14805,14805,Credit Card,Paid,71930
14806,14806,UPI,Paid,196315
14807,14807,UPI,Paid,371475
14808,14808,Credit Card,Paid,158020
14809,14809,Credit Card,Paid,193194
14810,14810,UPI,Paid,125163
14811,14811,UPI,Paid,122472
14812,14812,UPI,Paid,190984
14813,14813,Credit Card,Paid,146736
14814,14814,Debit Card,Paid,98260
14815,14815,UPI,Pending,95868
14816,14816,UPI,Paid,50118
14817,14817,Debit Card,Paid,125826
14818,14818,Debit Card,Paid,46920
14819,14819,Credit Card,Pending,95346
14820,14820,Net Banking,Paid,18567
14821,14821,UPI,Paid,361062
14822,14822,UPI,Paid,187516
14823,14823,UPI,Paid,86848
14824,14824,UPI,Paid,270470
14825,14825,Credit Card,Paid,468261
14826,14826,UPI,Paid,54584
14827,14827,Debit Card,Paid,97750
14828,14828,Net Banking,Paid,48393
14829,14829,Cash,Paid,251634
14830,14830,Net Banking,Failed,19370
14831,14831,Net Banking,Paid,446454
14832,14832,Credit Card,Paid,102393
14833,14833,UPI,Paid,40152
14834,14834,Credit Card,Paid,119280
14835,14835,Net Banking,Paid,112208
14836,14836,UPI,Failed,135753
14837,14837,UPI,Paid,349335
14838,14838,UPI,Paid,235768
14839,14839,Credit Card,Paid,40950
14840,14840,UPI,Paid,374332
14841,14841,Credit Card,Failed,148435
14842,14842,UPI,Paid,126434
14843,14843,UPI,Paid,74564
14844,14844,Credit Card,Paid,17098
14845,14845,Credit Card,Failed,248030
14846,14846,Debit Card,Paid,62195
14847,14847,Debit Card,Paid,113810
14848,14848,Credit Card,Paid,107469
14849,14849,UPI,Failed,81141
14850,14850,Debit Card,Paid,57393
14851,14851,UPI,Paid,231540
14852,14852,UPI,Paid,72064
14853,14853,UPI,Pending,65574
14854,14854,UPI,Paid,314088
14855,14855,UPI,Paid,251400
14856,14856,Credit Card,Paid,90567
14857,14857,Debit Card,Paid,33396
14858,14858,Cash,Paid,186752
14859,14859,Credit Card,Paid,34100
14860,14860,Debit Card,Paid,75964
14861,14861,Credit Card,Pending,73052
14862,14862,Credit Card,Paid,249615
14863,14863,Debit Card,Paid,468520
14864,14864,Cash,Paid,302190
14865,14865,UPI,Paid,502970
14866,14866,UPI,Failed,278214
14867,14867,UPI,Paid,87768
14868,14868,Net Banking,Failed,172836
14869,14869,Debit Card,Paid,254892
14870,14870,UPI,Pending,152229
14871,14871,Debit Card,Paid,15242
14872,14872,Net Banking,Paid,304938
14873,14873,Credit Card,Paid,142160
14874,14874,UPI,Failed,68200
14875,14875,Cash,Pending,287973
14876,14876,Cash,Pending,40118
14877,14877,UPI,Paid,21700
14878,14878,UPI,Paid,19718
14879,14879,Net Banking,Failed,44790
14880,14880,Credit Card,Paid,16251
14881,14881,UPI,Paid,36978
14882,14882,UPI,Paid,248030
14883,14883,UPI,Failed,169244
14884,14884,UPI,Pending,30880
14885,14885,Cash,Paid,57960
14886,14886,UPI,Paid,296985
14887,14887,Debit Card,Paid,128664
14888,14888,UPI,Paid,425574
14889,14889,Cash,Paid,371475
14890,14890,Debit Card,Paid,74382
14891,14891,Net Banking,Paid,253185
14892,14892,UPI,Paid,195756
14893,14893,Cash,Paid,31302
14894,14894,Debit Card,Paid,139950
14895,14895,Debit Card,Paid,11713
14896,14896,UPI,Failed,50756
14897,14897,UPI,Paid,379170
14898,14898,Credit Card,Paid,59397
14899,14899,Net Banking,Paid,44209
14900,14900,UPI,Paid,189624
14901,14901,Credit Card,Paid,297990
14902,14902,Credit Card,Paid,129935
14903,14903,UPI,Paid,63090
14904,14904,UPI,Paid,32986
14905,14905,UPI,Paid,129423
14906,14906,Debit Card,Paid,211688
14907,14907,Debit Card,Failed,118288
14908,14908,Credit Card,Paid,303830
14909,14909,UPI,Paid,189950
14910,14910,Cash,Paid,112360
14911,14911,Credit Card,Paid,87270
14912,14912,Debit Card,Paid,72675
14913,14913,UPI,Pending,41216
14914,14914,Net Banking,Paid,133616
14915,14915,Net Banking,Paid,471258
14916,14916,UPI,Paid,210042
14917,14917,Credit Card,Paid,173433
14918,14918,UPI,Paid,161940
14919,14919,Debit Card,Paid,192059
14920,14920,Debit Card,Paid,341000
14921,14921,Credit Card,Paid,96768
14922,14922,Credit Card,Paid,242410
14923,14923,Credit Card,Pending,241296
14924,14924,Debit Card,Pending,128616
14925,14925,UPI,Paid,370952
14926,14926,Credit Card,Paid,29136
14927,14927,Net Banking,Paid,103950
14928,14928,Debit Card,Paid,289800
14929,14929,Credit Card,Paid,163626
14930,14930,Cash,Paid,72248
14931,14931,Debit Card,Paid,163716
14932,14932,UPI,Paid,289800
14933,14933,Credit Card,Paid,305312
14934,14934,Debit Card,Paid,235530
14935,14935,UPI,Paid,36760
14936,14936,UPI,Paid,140637
14937,14937,UPI,Failed,29911
14938,14938,UPI,Paid,132315
14939,14939,Credit Card,Paid,239880
14940,14940,Credit Card,Failed,22380
14941,14941,UPI,Failed,213472
14942,14942,Credit Card,Paid,57546
14943,14943,Credit Card,Paid,234910
14944,14944,UPI,Paid,77301
14945,14945,Net Banking,Paid,50286
14946,14946,UPI,Paid,103152
14947,14947,UPI,Paid,458757
14948,14948,UPI,Paid,53536
14949,14949,Debit Card,Paid,127476
14950,14950,Credit Card,Paid,47725
14951,14951,UPI,Paid,307984
14952,14952,Debit Card,Paid,280168
14953,14953,Cash,Paid,463690
14954,14954,UPI,Paid,288704
14955,14955,UPI,Paid,100630
14956,14956,UPI,Paid,487830
14957,14957,Debit Card,Failed,114201
14958,14958,UPI,Pending,162743
14959,14959,Net Banking,Paid,200280
14960,14960,UPI,Paid,237762
14961,14961,UPI,Pending,297636
14962,14962,Credit Card,Paid,128764
14963,14963,UPI,Paid,187516
14964,14964,Cash,Paid,332004
14965,14965,Credit Card,Pending,88626
14966,14966,Cash,Paid,489290
14967,14967,Credit Card,Paid,61075
14968,14968,Credit Card,Failed,168312
14969,14969,Credit Card,Failed,277560
14970,14970,Net Banking,Paid,142560
14971,14971,Cash,Failed,76598
14972,14972,UPI,Paid,271593
14973,14973,Debit Card,Paid,94572
14974,14974,Credit Card,Paid,44913
14975,14975,Debit Card,Paid,89852
14976,14976,Net Banking,Paid,403403
14977,14977,Debit Card,Paid,150830
14978,14978,UPI,Paid,232570
14979,14979,UPI,Paid,65574
14980,14980,UPI,Pending,218865
14981,14981,Credit Card,Paid,61089
14982,14982,UPI,Pending,372092
14983,14983,UPI,Paid,86184
14984,14984,Net Banking,Paid,148392
14985,14985,UPI,Paid,148160
14986,14986,Credit Card,Pending,421668
14987,14987,UPI,Paid,55660
14988,14988,Net Banking,Paid,78592
14989,14989,Credit Card,Failed,383856
14990,14990,UPI,Paid,186344
14991,14991,Debit Card,Paid,223979
14992,14992,Debit Card,Paid,94726
14993,14993,Credit Card,Paid,88812
14994,14994,Cash,Paid,194144
14995,14995,Debit Card,Failed,306642
14996,14996,UPI,Paid,34630
14997,14997,Credit Card,Paid,111988
14998,14998,Cash,Paid,214569
14999,14999,Credit Card,Paid,303822
15000,15000,Credit Card,Paid,399501
15001,15001,Credit Card,Paid,26181
15002,15002,Credit Card,Paid,26181
15003,15003,UPI,Paid,227356
15004,15004,Credit Card,Paid,155586
15005,15005,Credit Card,Pending,279516
15006,15006,Debit Card,Paid,403774
15007,15007,Debit Card,Paid,277560
15008,15008,Credit Card,Paid,82942
15009,15009,Credit Card,Failed,72080
15010,15010,UPI,Paid,290465
15011,15011,Credit Card,Paid,379248
15012,15012,UPI,Paid,277368
15013,15013,Debit Card,Paid,437730
15014,15014,Debit Card,Paid,273447
15015,15015,Debit Card,Paid,154005
15016,15016,Cash,Paid,141153
15017,15017,UPI,Pending,361944
15018,15018,UPI,Paid,152613
15019,15019,UPI,Pending,48834
15020,15020,Debit Card,Paid,252616
15021,15021,Net Banking,Paid,233379
15022,15022,Cash,Paid,266200
15023,15023,Credit Card,Pending,113946
15024,15024,Credit Card,Failed,120168
15025,15025,Cash,Paid,108472
15026,15026,UPI,Pending,204786
15027,15027,Debit Card,Paid,212410
15028,15028,Cash,Failed,207228
15029,15029,Cash,Paid,47888
15030,15030,Net Banking,Paid,372112
15031,15031,Debit Card,Paid,257710
15032,15032,Credit Card,Paid,375696
15033,15033,Debit Card,Paid,184226
15034,15034,Cash,Paid,180140
15035,15035,UPI,Paid,135176
15036,15036,Debit Card,Paid,259320
15037,15037,UPI,Paid,366975
15038,15038,Cash,Paid,69003
15039,15039,Credit Card,Pending,71036
15040,15040,UPI,Pending,24732
15041,15041,Credit Card,Paid,143865
15042,15042,UPI,Paid,209710
15043,15043,UPI,Paid,390708
15044,15044,Credit Card,Paid,71080
15045,15045,Credit Card,Paid,344990
15046,15046,UPI,Paid,31302
15047,15047,Net Banking,Paid,258045
15048,15048,Credit Card,Paid,198800
15049,15049,Credit Card,Paid,4953
15050,15050,Debit Card,Paid,463284
15051,15051,Credit Card,Paid,31869
15052,15052,UPI,Paid,70320
15053,15053,Cash,Paid,498006
15054,15054,Credit Card,Paid,35544
15055,15055,Net Banking,Paid,31956
15056,15056,UPI,Paid,48122
15057,15057,UPI,Paid,156522
15058,15058,UPI,Paid,224520
15059,15059,Credit Card,Paid,271542
15060,15060,Net Banking,Paid,154116
15061,15061,Cash,Paid,202752
15062,15062,Credit Card,Pending,400240
15063,15063,UPI,Paid,277920
15064,15064,UPI,Paid,380680
15065,15065,Debit Card,Paid,39484
15066,15066,Credit Card,Paid,148536
15067,15067,UPI,Paid,231090
15068,15068,Debit Card,Paid,69013
15069,15069,UPI,Paid,139200
15070,15070,UPI,Paid,129684
15071,15071,Net Banking,Paid,335200
15072,15072,UPI,Paid,126830
15073,15073,Cash,Paid,32199
15074,15074,Credit Card,Paid,42912
15075,15075,Credit Card,Paid,271180
15076,15076,Debit Card,Failed,76736
15077,15077,Cash,Paid,52600
15078,15078,UPI,Paid,239072
15079,15079,UPI,Paid,29645
15080,15080,Credit Card,Paid,65572
15081,15081,Debit Card,Paid,254865
15082,15082,Debit Card,Paid,214795
15083,15083,UPI,Paid,65952
15084,15084,UPI,Pending,96201
15085,15085,UPI,Paid,563640
15086,15086,Net Banking,Paid,240548
15087,15087,UPI,Paid,79352
15088,15088,Cash,Paid,273447
15089,15089,Credit Card,Paid,338076
15090,15090,UPI,Paid,218580
15091,15091,UPI,Pending,84543
15092,15092,UPI,Paid,307734
15093,15093,UPI,Paid,123476
15094,15094,Cash,Paid,38740
15095,15095,UPI,Paid,122520
15096,15096,UPI,Paid,452720
15097,15097,UPI,Paid,50756
15098,15098,Credit Card,Paid,112300
15099,15099,Debit Card,Failed,22027
15100,15100,UPI,Paid,44296
15101,15101,UPI,Paid,80048
15102,15102,UPI,Paid,270130
15103,15103,UPI,Paid,219752
15104,15104,Credit Card,Paid,118416
15105,15105,Net Banking,Paid,68782
15106,15106,Credit Card,Paid,274841
15107,15107,UPI,Paid,178424
15108,15108,Debit Card,Paid,382878
15109,15109,Credit Card,Paid,125817
15110,15110,Net Banking,Paid,194106
15111,15111,Debit Card,Failed,24225
15112,15112,UPI,Paid,269556
15113,15113,UPI,Paid,39296
15114,15114,UPI,Paid,42807
15115,15115,UPI,Pending,60332
15116,15116,Net Banking,Pending,521640
15117,15117,Credit Card,Paid,223640
15118,15118,UPI,Paid,400572
15119,15119,Credit Card,Paid,147860
15120,15120,UPI,Failed,329454
15121,15121,Debit Card,Paid,114368
15122,15122,Debit Card,Paid,403770
15123,15123,Credit Card,Paid,342384
15124,15124,UPI,Failed,476298
15125,15125,Debit Card,Paid,54155
15126,15126,UPI,Paid,108560
15127,15127,UPI,Pending,379085
15128,15128,UPI,Paid,268142
15129,15129,Cash,Pending,19565
15130,15130,UPI,Paid,296870
15131,15131,Debit Card,Pending,359408
15132,15132,UPI,Paid,404677
15133,15133,UPI,Pending,123048
15134,15134,UPI,Paid,128660
15135,15135,Cash,Paid,285908
15136,15136,Credit Card,Paid,98546
15137,15137,Debit Card,Pending,396760
15138,15138,UPI,Paid,258045
15139,15139,Cash,Paid,475850
15140,15140,Net Banking,Paid,195716
15141,15141,UPI,Paid,356811
15142,15142,Credit Card,Paid,125520
15143,15143,UPI,Paid,195648
15144,15144,Debit Card,Paid,231230
15145,15145,Credit Card,Paid,143660
15146,15146,Debit Card,Paid,71080
15147,15147,Debit Card,Paid,382338
15148,15148,UPI,Failed,468261
15149,15149,Debit Card,Paid,213264
15150,15150,Net Banking,Paid,144012
15151,15151,Credit Card,Paid,66909
15152,15152,Debit Card,Paid,104419
15153,15153,Cash,Paid,243915
15154,15154,UPI,Pending,181176
15155,15155,UPI,Paid,231840
15156,15156,UPI,Paid,102980
15157,15157,Net Banking,Paid,232930
15158,15158,Credit Card,Failed,130800
15159,15159,Credit Card,Pending,17770
15160,15160,Credit Card,Paid,202696
15161,15161,Credit Card,Paid,108666
15162,15162,UPI,Paid,310520
15163,15163,Net Banking,Paid,178200
15164,15164,Debit Card,Paid,461032
15165,15165,Credit Card,Paid,196994
15166,15166,UPI,Paid,97419
15167,15167,Credit Card,Failed,9008
15168,15168,UPI,Paid,34650
15169,15169,Debit Card,Paid,463284
15170,15170,UPI,Paid,108472
15171,15171,Credit Card,Paid,219850
15172,15172,UPI,Paid,231070
15173,15173,Debit Card,Paid,68200
15174,15174,UPI,Paid,71523
15175,15175,Debit Card,Paid,195648
15176,15176,UPI,Paid,171940
15177,15177,Credit Card,Failed,171380
15178,15178,Debit Card,Paid,164766
15179,15179,Credit Card,Paid,456192
15180,15180,UPI,Paid,56284
15181,15181,Credit Card,Pending,86988
15182,15182,UPI,Paid,36621
15183,15183,Debit Card,Pending,174464
15184,15184,Credit Card,Failed,264006
15185,15185,Cash,Paid,34921
15186,15186,UPI,Paid,35678
15187,15187,UPI,Paid,266436
15188,15188,Credit Card,Paid,266469
15189,15189,UPI,Paid,16572
15190,15190,Debit Card,Paid,273048
15191,15191,Credit Card,Pending,474590
15192,15192,Credit Card,Paid,48376
15193,15193,Cash,Paid,317058
15194,15194,UPI,Paid,215495
15195,15195,Credit Card,Paid,249522
15196,15196,Credit Card,Paid,103089
15197,15197,UPI,Paid,79895
15198,15198,UPI,Pending,63090
15199,15199,Credit Card,Paid,28732
15200,15200,Net Banking,Paid,254865
15201,15201,UPI,Paid,25366
15202,15202,Credit Card,Paid,247696
15203,15203,Net Banking,Paid,102670
15204,15204,Debit Card,Paid,170954
15205,15205,UPI,Paid,82942
15206,15206,Cash,Paid,239910
15207,15207,UPI,Paid,92835
15208,15208,Debit Card,Paid,14296
15209,15209,UPI,Paid,99432
15210,15210,UPI,Pending,289146
15211,15211,Credit Card,Paid,198352
15212,15212,UPI,Paid,432036
15213,15213,Net Banking,Paid,307764
15214,15214,Credit Card,Paid,310520
15215,15215,UPI,Paid,287730
15216,15216,Credit Card,Failed,178122
15217,15217,Cash,Failed,228600
15218,15218,Debit Card,Paid,39624
15219,15219,Credit Card,Paid,109500
15220,15220,Cash,Paid,121152
15221,15221,UPI,Paid,268142
15222,15222,UPI,Paid,185730
15223,15223,Credit Card,Pending,94100
15224,15224,UPI,Paid,101742
15225,15225,Credit Card,Paid,90396
15226,15226,UPI,Failed,122536
15227,15227,Debit Card,Paid,40479
15228,15228,UPI,Pending,30147
15229,15229,UPI,Paid,52916
15230,15230,Credit Card,Paid,9741
15231,15231,UPI,Paid,235060
15232,15232,Net Banking,Paid,70476
15233,15233,UPI,Paid,90567
15234,15234,Debit Card,Paid,57464
15235,15235,Credit Card,Paid,23896
15236,15236,Net Banking,Paid,280856
15237,15237,Debit Card,Paid,53256
15238,15238,UPI,Paid,198112
15239,15239,Credit Card,Paid,256860
15240,15240,Debit Card,Paid,122325
15241,15241,Cash,Pending,432036
15242,15242,UPI,Failed,418376
15243,15243,Net Banking,Paid,275992
15244,15244,Credit Card,Paid,362008
15245,15245,UPI,Paid,128664
15246,15246,Debit Card,Paid,189585
15247,15247,UPI,Paid,129404
15248,15248,UPI,Paid,452940
15249,15249,UPI,Paid,171684
15250,15250,Credit Card,Paid,235518
15251,15251,UPI,Paid,218865
15252,15252,Credit Card,Paid,42912
15253,15253,UPI,Paid,12285
15254,15254,UPI,Paid,300640
15255,15255,Credit Card,Paid,276997
15256,15256,Debit Card,Failed,146280
15257,15257,UPI,Paid,101480
15258,15258,UPI,Paid,165720
15259,15259,UPI,Paid,59293
15260,15260,UPI,Paid,164064
15261,15261,UPI,Paid,201420
15262,15262,Debit Card,Paid,55349
15263,15263,UPI,Failed,172036
15264,15264,Debit Card,Failed,26402
15265,15265,UPI,Paid,225531
15266,15266,Credit Card,Paid,164367
15267,15267,UPI,Paid,95776
15268,15268,Net Banking,Failed,153196
15269,15269,Credit Card,Paid,152635
15270,15270,Cash,Paid,171920
15271,15271,Debit Card,Failed,17770
15272,15272,Debit Card,Paid,69120
15273,15273,UPI,Paid,305270
15274,15274,Credit Card,Failed,46755
15275,15275,Credit Card,Paid,91149
15276,15276,Credit Card,Paid,328887
15277,15277,Debit Card,Paid,166002
15278,15278,UPI,Paid,490500
15279,15279,Net Banking,Paid,189320
15280,15280,UPI,Paid,171940
15281,15281,Cash,Paid,50858
15282,15282,Net Banking,Paid,162354
15283,15283,Cash,Paid,159570
15284,15284,Credit Card,Paid,162743
15285,15285,Debit Card,Paid,147060
15286,15286,UPI,Paid,419031
15287,15287,Debit Card,Paid,303336
15288,15288,Credit Card,Paid,78608
15289,15289,UPI,Paid,129655
15290,15290,Credit Card,Paid,271506
15291,15291,UPI,Pending,155316
15292,15292,UPI,Pending,292047
15293,15293,Credit Card,Paid,69820
15294,15294,Cash,Failed,65972
15295,15295,UPI,Paid,123060
15296,15296,Debit Card,Paid,17730
15297,15297,Debit Card,Pending,14967
15298,15298,Net Banking,Paid,405096
15299,15299,Net Banking,Paid,88434
15300,15300,UPI,Paid,61246
15301,15301,Net Banking,Paid,45524
15302,15302,UPI,Paid,190728
15303,15303,Debit Card,Paid,57629
15304,15304,UPI,Paid,54134
15305,15305,UPI,Failed,325416
15306,15306,Debit Card,Paid,241880
15307,15307,Cash,Paid,60888
15308,15308,Debit Card,Paid,32502
15309,15309,Cash,Paid,141210
15310,15310,UPI,Paid,22762
15311,15311,Debit Card,Paid,52362
15312,15312,UPI,Failed,133819
15313,15313,UPI,Paid,223956
15314,15314,UPI,Paid,132010
15315,15315,Credit Card,Paid,256675
15316,15316,Cash,Paid,35461
15317,15317,Net Banking,Paid,129655
15318,15318,UPI,Paid,166440
15319,15319,Debit Card,Paid,57544
15320,15320,UPI,Paid,178191
15321,15321,Credit Card,Paid,503946
15322,15322,Credit Card,Paid,553340
15323,15323,Debit Card,Failed,93732
15324,15324,Credit Card,Paid,28090
15325,15325,Credit Card,Paid,423376
15326,15326,Debit Card,Paid,235768
15327,15327,Net Banking,Paid,31956
15328,15328,Debit Card,Paid,117024
15329,15329,UPI,Paid,387338
15330,15330,UPI,Paid,139905
15331,15331,UPI,Paid,93336
15332,15332,Credit Card,Paid,64398
15333,15333,UPI,Paid,130720
15334,15334,Debit Card,Paid,167445
15335,15335,UPI,Paid,141840
15336,15336,UPI,Pending,91050
15337,15337,Credit Card,Paid,81184
15338,15338,Credit Card,Paid,142640
15339,15339,Credit Card,Paid,224600
15340,15340,Cash,Paid,180882
15341,15341,UPI,Paid,55668
15342,15342,Debit Card,Paid,271503
15343,15343,Cash,Paid,263180
15344,15344,UPI,Paid,112539
15345,15345,UPI,Paid,297990
15346,15346,UPI,Paid,46246
15347,15347,UPI,Paid,158910
15348,15348,UPI,Paid,390663
15349,15349,UPI,Failed,257710
15350,15350,UPI,Paid,359820
15351,15351,Net Banking,Paid,244216
15352,15352,Debit Card,Paid,41275
15353,15353,Debit Card,Paid,134330
15354,15354,UPI,Paid,19482
15355,15355,Debit Card,Paid,322416
15356,15356,UPI,Paid,131868
15357,15357,Credit Card,Paid,56864
15358,15358,UPI,Paid,68728
15359,15359,Cash,Paid,345527
15360,15360,UPI,Paid,142218
15361,15361,UPI,Paid,280520
15362,15362,UPI,Pending,283395
15363,15363,Credit Card,Paid,46369
15364,15364,UPI,Paid,182864
15365,15365,Credit Card,Paid,346482
15366,15366,Cash,Failed,117530
15367,15367,Credit Card,Paid,98358
15368,15368,UPI,Paid,127072
15369,15369,UPI,Pending,300402
15370,15370,Debit Card,Paid,309463
15371,15371,UPI,Paid,68262
15372,15372,Net Banking,Paid,157012
15373,15373,UPI,Failed,80304
15374,15374,Credit Card,Paid,208744
15375,15375,Net Banking,Paid,98960
15376,15376,Net Banking,Paid,202068
15377,15377,Credit Card,Paid,151668
15378,15378,UPI,Paid,553490
15379,15379,Debit Card,Pending,136755
15380,15380,UPI,Paid,168970
15381,15381,Cash,Paid,421911
15382,15382,Cash,Paid,176004
15383,15383,UPI,Paid,376400
15384,15384,Credit Card,Paid,139758
15385,15385,UPI,Paid,9871
15386,15386,Net Banking,Paid,167768
15387,15387,Debit Card,Paid,346482
15388,15388,Cash,Paid,76336
15389,15389,Net Banking,Paid,151915
15390,15390,UPI,Paid,72704
15391,15391,Credit Card,Pending,343840
15392,15392,UPI,Paid,66508
15393,15393,Net Banking,Paid,254892
15394,15394,Credit Card,Failed,337337
15395,15395,Credit Card,Paid,279180
15396,15396,UPI,Paid,403020
15397,15397,Credit Card,Pending,119280
15398,15398,Net Banking,Paid,225393
15399,15399,Debit Card,Paid,15550
15400,15400,Net Banking,Failed,76736
15401,15401,UPI,Paid,251430
15402,15402,UPI,Paid,111846
15403,15403,Credit Card,Paid,100572
15404,15404,UPI,Paid,152226
15405,15405,Debit Card,Paid,14967
15406,15406,UPI,Pending,309492
15407,15407,Credit Card,Paid,375489
15408,15408,UPI,Paid,423376
15409,15409,UPI,Paid,205224
15410,15410,Net Banking,Paid,43248
15411,15411,UPI,Paid,357651
15412,15412,Debit Card,Paid,159720
15413,15413,UPI,Paid,18991
15414,15414,UPI,Paid,77750
15415,15415,UPI,Pending,286136
15416,15416,Credit Card,Paid,207355
15417,15417,UPI,Paid,314289
15418,15418,Debit Card,Paid,372688
15419,15419,Debit Card,Paid,56663
15420,15420,UPI,Paid,24188
15421,15421,UPI,Paid,181909
15422,15422,UPI,Paid,70885
15423,15423,UPI,Paid,179492
15424,15424,UPI,Paid,158450
15425,15425,Net Banking,Paid,306944
15426,15426,Debit Card,Paid,108372
15427,15427,Cash,Paid,274912
15428,15428,Credit Card,Paid,434976
15429,15429,UPI,Paid,259320
15430,15430,Credit Card,Paid,162743
15431,15431,Debit Card,Paid,243915
15432,15432,UPI,Paid,181176
15433,15433,Credit Card,Paid,144352
15434,15434,Net Banking,Paid,144519
15435,15435,Debit Card,Paid,85776
15436,15436,Credit Card,Paid,39263
15437,15437,Credit Card,Paid,310072
15438,15438,Credit Card,Failed,351070
15439,15439,Net Banking,Paid,35574
15440,15440,Credit Card,Paid,98590
15441,15441,UPI,Failed,211600
15442,15442,Cash,Paid,158221
15443,15443,Cash,Paid,29547
15444,15444,Credit Card,Pending,488990
15445,15445,Credit Card,Paid,202752
15446,15446,Cash,Paid,219000
15447,15447,Credit Card,Paid,362352
15448,15448,UPI,Paid,206668
15449,15449,Cash,Paid,308690
15450,15450,UPI,Paid,66288
15451,15451,Debit Card,Paid,253866
15452,15452,Credit Card,Paid,56905
15453,15453,Credit Card,Paid,244645
15454,15454,Credit Card,Paid,136875
15455,15455,UPI,Paid,111820
15456,15456,UPI,Paid,149944
15457,15457,UPI,Paid,246576
15458,15458,Credit Card,Failed,110876
15459,15459,UPI,Paid,222876
15460,15460,Cash,Paid,57184
15461,15461,Cash,Paid,195596
15462,15462,Cash,Paid,95954
15463,15463,UPI,Paid,87900
15464,15464,Credit Card,Paid,42807
15465,15465,Cash,Pending,80048
15466,15466,Credit Card,Paid,356780
15467,15467,Debit Card,Paid,81858
15468,15468,UPI,Paid,61760
15469,15469,UPI,Paid,9859
15470,15470,Credit Card,Paid,66260
15471,15471,UPI,Pending,211688
15472,15472,UPI,Paid,331818
15473,15473,Credit Card,Failed,320652
15474,15474,Credit Card,Paid,291520
15475,15475,Credit Card,Paid,28528
15476,15476,Debit Card,Paid,43845
15477,15477,UPI,Paid,22603
15478,15478,UPI,Paid,225448
15479,15479,UPI,Paid,65750
15480,15480,Credit Card,Paid,153196
15481,15481,UPI,Paid,96752
15482,15482,Credit Card,Paid,85216
15483,15483,Net Banking,Paid,30484
15484,15484,UPI,Paid,43600
15485,15485,UPI,Paid,85584
15486,15486,UPI,Paid,366210
15487,15487,Net Banking,Paid,141210
15488,15488,UPI,Pending,52965
15489,15489,Debit Card,Paid,77780
15490,15490,UPI,Failed,183952
15491,15491,Credit Card,Paid,43972
15492,15492,Credit Card,Failed,63912
15493,15493,Credit Card,Paid,165650
15494,15494,UPI,Paid,327504
15495,15495,Net Banking,Failed,93140
15496,15496,Net Banking,Paid,277350
15497,15497,UPI,Paid,104040
15498,15498,Credit Card,Paid,73192
15499,15499,Net Banking,Paid,183738
15500,15500,UPI,Paid,32680
15501,15501,Net Banking,Paid,201774
15502,15502,Credit Card,Paid,63564
15503,15503,UPI,Paid,333768
15504,15504,Credit Card,Paid,302661
15505,15505,Debit Card,Failed,104348
15506,15506,UPI,Paid,204645
15507,15507,UPI,Paid,138600
15508,15508,Net Banking,Paid,93906
15509,15509,UPI,Paid,102952
15510,15510,Cash,Paid,28354
15511,15511,Debit Card,Failed,181909
15512,15512,Credit Card,Failed,34910
15513,15513,UPI,Paid,285280
15514,15514,Credit Card,Paid,31380
15515,15515,Cash,Paid,189585
15516,15516,Debit Card,Failed,106312
15517,15517,Net Banking,Paid,192950
15518,15518,Credit Card,Paid,148150
15519,15519,Net Banking,Paid,147620
15520,15520,Cash,Paid,289055
15521,15521,Cash,Paid,142560
15522,15522,Credit Card,Paid,334090
15523,15523,Credit Card,Paid,419390
15524,15524,UPI,Paid,427536
15525,15525,Net Banking,Paid,294370
15526,15526,Cash,Paid,66288
15527,15527,Net Banking,Failed,72700
15528,15528,Debit Card,Paid,47682
15529,15529,UPI,Paid,115088
15530,15530,UPI,Paid,313530
15531,15531,Debit Card,Paid,62667
15532,15532,UPI,Paid,19754
15533,15533,Debit Card,Paid,79562
15534,15534,UPI,Paid,597680
15535,15535,UPI,Paid,25648
15536,15536,UPI,Paid,70320
15537,15537,UPI,Pending,245400
15538,15538,Debit Card,Pending,79686
15539,15539,Credit Card,Paid,97668
15540,15540,UPI,Paid,75415
15541,15541,Debit Card,Paid,342900
15542,15542,Debit Card,Paid,428265
15543,15543,UPI,Paid,177144
15544,15544,UPI,Paid,92996
15545,15545,UPI,Paid,119768
15546,15546,UPI,Paid,283688
15547,15547,Credit Card,Paid,20420
15548,15548,Credit Card,Paid,281810
15549,15549,UPI,Paid,534420
15550,15550,UPI,Paid,119343
15551,15551,UPI,Paid,108801
15552,15552,Credit Card,Paid,148764
15553,15553,Net Banking,Failed,172638
15554,15554,UPI,Paid,101274
15555,15555,UPI,Paid,98722
15556,15556,UPI,Paid,370952
15557,15557,Credit Card,Paid,370944
15558,15558,UPI,Paid,167111
15559,15559,Cash,Paid,375501
15560,15560,Debit Card,Pending,432036
15561,15561,UPI,Pending,16572
15562,15562,Net Banking,Paid,38234
15563,15563,Net Banking,Paid,123459
15564,15564,UPI,Paid,152919
15565,15565,UPI,Paid,398664
15566,15566,Net Banking,Paid,245250
15567,15567,UPI,Pending,95070
15568,15568,UPI,Paid,50220
15569,15569,Credit Card,Failed,92414
15570,15570,Net Banking,Paid,88731
15571,15571,Net Banking,Paid,468180
15572,15572,UPI,Paid,74268
15573,15573,Credit Card,Paid,46782
15574,15574,Debit Card,Pending,437730
15575,15575,Credit Card,Paid,244220
15576,15576,Cash,Pending,285808
15577,15577,Credit Card,Paid,155480
15578,15578,Credit Card,Paid,29632
15579,15579,Debit Card,Paid,53248
15580,15580,UPI,Paid,309276
15581,15581,Credit Card,Paid,95991
15582,15582,Credit Card,Paid,417410
15583,15583,Credit Card,Paid,30822
15584,15584,UPI,Paid,433240
15585,15585,UPI,Paid,84622
15586,15586,UPI,Paid,72444
15587,15587,UPI,Paid,427131
15588,15588,UPI,Paid,235496
15589,15589,Debit Card,Pending,113326
15590,15590,Credit Card,Paid,322668
15591,15591,Debit Card,Paid,70312
15592,15592,UPI,Pending,90396
15593,15593,Credit Card,Paid,302880
15594,15594,UPI,Paid,389641
15595,15595,Credit Card,Paid,191982
15596,15596,UPI,Paid,419810
15597,15597,UPI,Failed,51542
15598,15598,Cash,Failed,154101
15599,15599,Credit Card,Paid,137185
15600,15600,UPI,Paid,153090
15601,15601,Credit Card,Failed,161861
15602,15602,UPI,Paid,109578
15603,15603,UPI,Paid,145608
15604,15604,UPI,Pending,249746
15605,15605,UPI,Paid,55349
15606,15606,Credit Card,Failed,221945
15607,15607,Debit Card,Paid,145179
15608,15608,UPI,Paid,52636
15609,15609,UPI,Paid,486070
15610,15610,UPI,Paid,107524
15611,15611,Debit Card,Failed,440091
15612,15612,UPI,Paid,172495
15613,15613,Cash,Pending,405392
15614,15614,Credit Card,Paid,216734
15615,15615,Credit Card,Failed,96008
15616,15616,UPI,Paid,500670
15617,15617,UPI,Paid,351760
15618,15618,UPI,Pending,33690
15619,15619,UPI,Paid,126702
15620,15620,Credit Card,Paid,380680
15621,15621,UPI,Paid,76098
15622,15622,UPI,Paid,372240
15623,15623,UPI,Failed,106960
15624,15624,Net Banking,Paid,283688
15625,15625,Credit Card,Paid,210042
15626,15626,UPI,Paid,106312
15627,15627,Cash,Paid,145408
15628,15628,Net Banking,Paid,186120
15629,15629,UPI,Paid,293867
15630,15630,Net Banking,Paid,170980
15631,15631,UPI,Paid,43494
15632,15632,Credit Card,Paid,66920
15633,15633,UPI,Paid,59397
15634,15634,Credit Card,Paid,154400
15635,15635,UPI,Pending,119768
15636,15636,Credit Card,Paid,28592
15637,15637,Credit Card,Paid,41942
15638,15638,Cash,Paid,91869
15639,15639,UPI,Paid,41472
15640,15640,UPI,Pending,108268
15641,15641,Credit Card,Paid,50607
15642,15642,UPI,Paid,53643
15643,15643,UPI,Paid,51476
15644,15644,Net Banking,Pending,336028
15645,15645,Debit Card,Failed,42320
15646,15646,UPI,Failed,231230
15647,15647,Credit Card,Paid,407646
15648,15648,UPI,Paid,210642
15649,15649,Credit Card,Paid,29223
15650,15650,Credit Card,Paid,156558
15651,15651,Cash,Paid,148584
15652,15652,Credit Card,Paid,392085
15653,15653,UPI,Paid,9877
15654,15654,Debit Card,Paid,181517
15655,15655,Credit Card,Paid,118279
15656,15656,Credit Card,Paid,25976
15657,15657,UPI,Paid,119205
15658,15658,Net Banking,Paid,48741
15659,15659,UPI,Paid,450603
15660,15660,UPI,Pending,82756
15661,15661,UPI,Failed,97898
15662,15662,UPI,Paid,291642
15663,15663,Credit Card,Paid,207355
15664,15664,Credit Card,Paid,78202
15665,15665,UPI,Paid,175535
15666,15666,Cash,Paid,83442
15667,15667,Debit Card,Pending,143238
15668,15668,UPI,Pending,42784
15669,15669,UPI,Pending,31090
15670,15670,UPI,Paid,34908
15671,15671,UPI,Paid,95304
15672,15672,Net Banking,Paid,31782
15673,15673,UPI,Pending,173084
15674,15674,Credit Card,Paid,53972
15675,15675,Net Banking,Pending,120456
15676,15676,Debit Card,Paid,213264
15677,15677,Debit Card,Pending,280168
15678,15678,Debit Card,Paid,57228
15679,15679,Debit Card,Paid,33690
15680,15680,UPI,Paid,92738
15681,15681,UPI,Paid,106952
15682,15682,Debit Card,Paid,200280
15683,15683,UPI,Paid,130848
15684,15684,UPI,Paid,462303
15685,15685,UPI,Paid,169813
15686,15686,UPI,Paid,137552
15687,15687,Debit Card,Failed,223050
15688,15688,UPI,Paid,203484
15689,15689,Cash,Paid,101716
15690,15690,UPI,Paid,213768
15691,15691,UPI,Paid,369472
15692,15692,Net Banking,Paid,76736
15693,15693,Credit Card,Pending,173433
15694,15694,Debit Card,Paid,71080
15695,15695,Debit Card,Failed,306340
15696,15696,Net Banking,Paid,286503
15697,15697,Net Banking,Failed,38445
15698,15698,Debit Card,Paid,223030
15699,15699,Cash,Failed,29334
15700,15700,Credit Card,Paid,346168
15701,15701,Credit Card,Failed,430096
15702,15702,Net Banking,Paid,275072
15703,15703,UPI,Paid,92407
15704,15704,UPI,Paid,303336
15705,15705,Credit Card,Paid,417600
15706,15706,Debit Card,Paid,391296
15707,15707,UPI,Paid,324800
15708,15708,Cash,Failed,92589
15709,15709,UPI,Paid,147912
15710,15710,Cash,Paid,42311
15711,15711,UPI,Paid,331300
15712,15712,Cash,Paid,226030
15713,15713,UPI,Paid,106383
15714,15714,Debit Card,Paid,31343
15715,15715,UPI,Pending,114368
15716,15716,Net Banking,Paid,54789
15717,15717,UPI,Failed,210430
15718,15718,UPI,Paid,281112
15719,15719,Debit Card,Paid,90567
15720,15720,UPI,Paid,15556
15721,15721,UPI,Paid,227545
15722,15722,Cash,Paid,176836
15723,15723,Credit Card,Paid,70320
15724,15724,Cash,Pending,170980
15725,15725,Cash,Paid,43248
15726,15726,UPI,Paid,44358
15727,15727,Debit Card,Paid,276165
15728,15728,Credit Card,Paid,41560
15729,15729,Net Banking,Paid,102879
15730,15730,Debit Card,Paid,113416
15731,15731,Cash,Paid,90501
15732,15732,UPI,Pending,294680
15733,15733,Cash,Paid,127145
15734,15734,Credit Card,Failed,180992
15735,15735,Cash,Pending,4340
15736,15736,UPI,Paid,266176
15737,15737,UPI,Paid,138654
15738,15738,UPI,Paid,30527
15739,15739,Credit Card,Paid,216528
15740,15740,UPI,Paid,276997
15741,15741,UPI,Paid,71480
15742,15742,UPI,Paid,192488
15743,15743,Credit Card,Paid,194072
15744,15744,Debit Card,Paid,87768
15745,15745,Cash,Paid,40118
15746,15746,UPI,Paid,476298
15747,15747,UPI,Failed,107124
15748,15748,Cash,Paid,13508
15749,15749,UPI,Paid,247040
15750,15750,UPI,Paid,62604
15751,15751,UPI,Pending,87200
15752,15752,Cash,Paid,39781
15753,15753,Cash,Paid,96346
15754,15754,UPI,Paid,219753
15755,15755,UPI,Failed,67140
15756,15756,UPI,Paid,81991
15757,15757,Cash,Paid,266200
15758,15758,UPI,Paid,288410
15759,15759,Debit Card,Failed,100702
15760,15760,UPI,Paid,163752
15761,15761,UPI,Paid,40479
15762,15762,Cash,Pending,362718
15763,15763,UPI,Paid,415962
15764,15764,Cash,Paid,102980
15765,15765,UPI,Paid,38799
15766,15766,Net Banking,Paid,316799
15767,15767,UPI,Paid,333978
15768,15768,UPI,Paid,182298
15769,15769,UPI,Failed,49050
15770,15770,Net Banking,Paid,133167
15771,15771,Credit Card,Paid,399501
15772,15772,UPI,Paid,305838
15773,15773,Net Banking,Pending,420860
15774,15774,UPI,Paid,75652
15775,15775,Debit Card,Paid,39396
15776,15776,UPI,Paid,52174
15777,15777,Credit Card,Paid,50297
15778,15778,UPI,Paid,187408
15779,15779,UPI,Paid,279864
15780,15780,Debit Card,Paid,433557
15781,15781,Credit Card,Paid,131319
15782,15782,UPI,Pending,19117
15783,15783,Credit Card,Paid,8727
15784,15784,Net Banking,Pending,54938
15785,15785,Credit Card,Failed,440784
15786,15786,Debit Card,Paid,41153
15787,15787,Credit Card,Paid,220525
15788,15788,Credit Card,Paid,148680
15789,15789,UPI,Failed,52804
15790,15790,Debit Card,Pending,339540
15791,15791,Cash,Paid,332094
15792,15792,UPI,Failed,373500
15793,15793,Credit Card,Paid,102734
15794,15794,Debit Card,Paid,69120
15795,15795,UPI,Paid,108046
15796,15796,UPI,Paid,440091
15797,15797,Debit Card,Paid,32786
15798,15798,Cash,Paid,275562
15799,15799,Cash,Paid,435650
15800,15800,UPI,Paid,19550
15801,15801,Credit Card,Paid,445080
15802,15802,UPI,Paid,225456
15803,15803,Credit Card,Paid,19264
15804,15804,UPI,Failed,131590
15805,15805,UPI,Failed,242064
15806,15806,UPI,Paid,76890
15807,15807,Net Banking,Paid,81680
15808,15808,Net Banking,Paid,427808
15809,15809,Cash,Paid,157044
15810,15810,Debit Card,Pending,51542
15811,15811,UPI,Failed,138738
15812,15812,Credit Card,Paid,329350
15813,15813,Credit Card,Failed,226521
15814,15814,UPI,Paid,278214
15815,15815,Credit Card,Paid,26093
15816,15816,Debit Card,Failed,363096
15817,15817,UPI,Paid,169038
15818,15818,Net Banking,Paid,57393
15819,15819,UPI,Paid,103164
15820,15820,Credit Card,Paid,452574
15821,15821,Credit Card,Paid,13917
15822,15822,Cash,Paid,117024
15823,15823,UPI,Paid,219860
15824,15824,UPI,Paid,50756
15825,15825,Credit Card,Failed,94451
15826,15826,Debit Card,Pending,130235
15827,15827,Credit Card,Paid,43956
15828,15828,Debit Card,Paid,164814
15829,15829,Credit Card,Failed,332628
15830,15830,UPI,Paid,133074
15831,15831,UPI,Paid,73038
15832,15832,UPI,Paid,88778
15833,15833,Cash,Paid,15083
15834,15834,Cash,Paid,376408
15835,15835,Debit Card,Paid,254865
15836,15836,Credit Card,Failed,18605
15837,15837,Cash,Pending,87456
15838,15838,Cash,Failed,392630
15839,15839,Debit Card,Paid,22360
15840,15840,Credit Card,Paid,166401
15841,15841,UPI,Paid,285425
15842,15842,Credit Card,Paid,116445
15843,15843,UPI,Paid,195796
15844,15844,Debit Card,Paid,60294
15845,15845,Debit Card,Pending,88554
15846,15846,UPI,Paid,173150
15847,15847,UPI,Pending,31170
15848,15848,Credit Card,Paid,399664
15849,15849,Cash,Paid,168540
15850,15850,Net Banking,Paid,92118
15851,15851,Cash,Paid,29630
15852,15852,Cash,Paid,268215
15853,15853,Debit Card,Paid,90412
15854,15854,Debit Card,Pending,56739
15855,15855,Cash,Pending,153888
15856,15856,Net Banking,Paid,15175
15857,15857,Credit Card,Failed,150891
15858,15858,UPI,Paid,172053
15859,15859,Debit Card,Pending,130504
15860,15860,Cash,Paid,251634
15861,15861,UPI,Paid,242304
15862,15862,Cash,Failed,13743
15863,15863,UPI,Paid,170168
15864,15864,Credit Card,Paid,232650
15865,15865,Credit Card,Pending,172053
15866,15866,Credit Card,Failed,164031
15867,15867,UPI,Paid,194500
15868,15868,UPI,Pending,19076
15869,15869,Credit Card,Paid,404334
15870,15870,Credit Card,Failed,88434
15871,15871,Net Banking,Pending,34384
15872,15872,Debit Card,Paid,321540
15873,15873,Credit Card,Paid,340249
15874,15874,Debit Card,Paid,35540
15875,15875,Debit Card,Paid,404880
15876,15876,Cash,Paid,228928
15877,15877,UPI,Failed,133167
15878,15878,Debit Card,Paid,157020
15879,15879,UPI,Pending,337211
15880,15880,UPI,Failed,156522
15881,15881,Credit Card,Paid,414531
15882,15882,Cash,Failed,71409
15883,15883,UPI,Paid,63536
15884,15884,UPI,Paid,119529
15885,15885,Debit Card,Paid,266200
15886,15886,Cash,Failed,103728
15887,15887,Credit Card,Paid,201774
15888,15888,UPI,Pending,160955
15889,15889,UPI,Failed,498006
15890,15890,UPI,Paid,47746
15891,15891,UPI,Paid,47764
15892,15892,Debit Card,Pending,81700
15893,15893,Credit Card,Failed,16770
15894,15894,UPI,Paid,23433
15895,15895,UPI,Paid,164766
15896,15896,Cash,Paid,322413
15897,15897,Cash,Paid,238410
15898,15898,Credit Card,Paid,146280
15899,15899,Net Banking,Paid,223083
15900,15900,Net Banking,Paid,272880
15901,15901,Debit Card,Paid,43158
15902,15902,Credit Card,Failed,130848
15903,15903,UPI,Paid,86196
15904,15904,Credit Card,Paid,36621
15905,15905,UPI,Failed,46514
15906,15906,UPI,Paid,214326
15907,15907,Net Banking,Paid,304536
15908,15908,Cash,Pending,64043
15909,15909,UPI,Paid,114152
15910,15910,Debit Card,Paid,155586
15911,15911,Cash,Paid,173760
15912,15912,Cash,Paid,308720
15913,15913,Net Banking,Paid,177144
15914,15914,Credit Card,Paid,281512
15915,15915,UPI,Pending,111900
15916,15916,Credit Card,Paid,29542
15917,15917,Credit Card,Paid,82944
15918,15918,Credit Card,Paid,122110
15919,15919,Credit Card,Paid,261008
15920,15920,Net Banking,Paid,59226
15921,15921,UPI,Paid,142956
15922,15922,Credit Card,Pending,214356
15923,15923,Credit Card,Paid,379085
15924,15924,UPI,Paid,93270
15925,15925,Debit Card,Paid,164064
15926,15926,Net Banking,Failed,152040
15927,15927,Net Banking,Paid,342293
15928,15928,UPI,Paid,118528
15929,15929,Net Banking,Paid,199524
15930,15930,Cash,Paid,73520
15931,15931,Cash,Paid,142650
15932,15932,Credit Card,Paid,57664
15933,15933,Credit Card,Paid,47054
15934,15934,Debit Card,Paid,33404
15935,15935,Cash,Paid,55496
15936,15936,UPI,Paid,192016
15937,15937,Credit Card,Paid,28732
15938,15938,Debit Card,Paid,96552
15939,15939,Credit Card,Paid,332696
15940,15940,UPI,Failed,150201
15941,15941,UPI,Paid,192528
15942,15942,UPI,Paid,206168
15943,15943,Net Banking,Paid,154428
15944,15944,Cash,Failed,348800
15945,15945,UPI,Paid,378640
15946,15946,UPI,Paid,124416
15947,15947,UPI,Paid,167730
15948,15948,Credit Card,Paid,242920
15949,15949,Credit Card,Paid,104763
15950,15950,UPI,Paid,475176
15951,15951,UPI,Paid,33629
15952,15952,Debit Card,Failed,342384
15953,15953,Credit Card,Failed,296177
15954,15954,UPI,Paid,180882
15955,15955,Net Banking,Pending,307764
15956,15956,Credit Card,Paid,152073
15957,15957,UPI,Pending,215045
15958,15958,Credit Card,Paid,418770
15959,15959,Cash,Paid,76134
15960,15960,Debit Card,Pending,52666
15961,15961,UPI,Paid,35380
15962,15962,UPI,Paid,18567
15963,15963,Credit Card,Paid,136236
15964,15964,Debit Card,Failed,278400
15965,15965,Credit Card,Pending,33144
15966,15966,Credit Card,Paid,182715
15967,15967,Debit Card,Paid,102186
15968,15968,Credit Card,Paid,388856
15969,15969,Cash,Paid,226008
15970,15970,Credit Card,Paid,47051
15971,15971,Debit Card,Paid,17250
15972,15972,Credit Card,Paid,101780
15973,15973,UPI,Paid,291159
15974,15974,Cash,Failed,123820
15975,15975,UPI,Paid,82990
15976,15976,Cash,Paid,120648
15977,15977,UPI,Pending,208116
15978,15978,UPI,Paid,75160
15979,15979,Debit Card,Paid,425054
15980,15980,Net Banking,Paid,108046
15981,15981,UPI,Paid,260442
15982,15982,Net Banking,Paid,58624
15983,15983,Net Banking,Paid,317820
15984,15984,UPI,Paid,480978
15985,15985,UPI,Paid,46953
15986,15986,Credit Card,Paid,329589
15987,15987,UPI,Paid,324138
15988,15988,Cash,Paid,118818
15989,15989,Debit Card,Paid,207475
15990,15990,Credit Card,Paid,85260
15991,15991,Debit Card,Paid,89705
15992,15992,UPI,Paid,84172
15993,15993,UPI,Paid,179571
15994,15994,UPI,Paid,117530
15995,15995,UPI,Pending,75096
15996,15996,Debit Card,Paid,232930
15997,15997,Net Banking,Paid,129894
15998,15998,Net Banking,Paid,322572
15999,15999,Debit Card,Paid,96008
16000,16000,Debit Card,Paid,13926
16001,16001,Credit Card,Paid,293867
16002,16002,UPI,Paid,116608
16003,16003,Credit Card,Paid,69097
16004,16004,Debit Card,Failed,204645
16005,16005,Debit Card,Paid,36621
16006,16006,Debit Card,Paid,47776
16007,16007,Credit Card,Paid,372688
16008,16008,Credit Card,Paid,76210
16009,16009,UPI,Failed,254290
16010,16010,Debit Card,Paid,417321
16011,16011,Credit Card,Paid,288060
16012,16012,Credit Card,Paid,300462
16013,16013,UPI,Pending,293694
16014,16014,Credit Card,Paid,33396
16015,16015,Debit Card,Paid,169280
16016,16016,UPI,Paid,252810
16017,16017,UPI,Paid,324583
16018,16018,Debit Card,Paid,59868
16019,16019,UPI,Paid,263832
16020,16020,Debit Card,Failed,282087
16021,16021,UPI,Paid,94140
16022,16022,UPI,Paid,73251
16023,16023,Net Banking,Paid,344691
16024,16024,Credit Card,Paid,21700
16025,16025,UPI,Paid,338220
16026,16026,Credit Card,Paid,81858
16027,16027,UPI,Paid,219798
16028,16028,Credit Card,Paid,92589
16029,16029,Credit Card,Paid,200454
16030,16030,Credit Card,Paid,41378
16031,16031,UPI,Paid,85690
16032,16032,UPI,Failed,103728
16033,16033,UPI,Pending,204428
16034,16034,Cash,Paid,177879
16035,16035,UPI,Paid,383870
16036,16036,Debit Card,Paid,266176
16037,16037,Debit Card,Paid,22492
16038,16038,UPI,Paid,186752
16039,16039,UPI,Paid,11246
16040,16040,Net Banking,Paid,232570
16041,16041,UPI,Paid,248808
16042,16042,Credit Card,Paid,284754
16043,16043,Credit Card,Paid,70214
16044,16044,UPI,Pending,440091
16045,16045,Credit Card,Paid,48122
16046,16046,UPI,Failed,109557
16047,16047,Cash,Paid,461032
16048,16048,Credit Card,Paid,44901
16049,16049,UPI,Paid,108268
16050,16050,Debit Card,Failed,301716
16051,16051,Debit Card,Paid,75980
16052,16052,Credit Card,Paid,101408
16053,16053,UPI,Paid,57076
16054,16054,UPI,Paid,242888
16055,16055,UPI,Paid,231070
16056,16056,Credit Card,Paid,130236
16057,16057,Credit Card,Paid,31096
16058,16058,Debit Card,Pending,15802
16059,16059,Credit Card,Pending,82550
16060,16060,Net Banking,Failed,33480
16061,16061,UPI,Paid,179536
16062,16062,UPI,Paid,25366
16063,16063,Net Banking,Paid,41721
16064,16064,Debit Card,Paid,481284
16065,16065,UPI,Paid,12819
16066,16066,Credit Card,Paid,105200
16067,16067,UPI,Paid,21182
16068,16068,Debit Card,Paid,232794
16069,16069,Cash,Pending,123048
16070,16070,Credit Card,Paid,101742
16071,16071,Credit Card,Paid,93852
16072,16072,UPI,Failed,269486
16073,16073,UPI,Pending,63564
16074,16074,Credit Card,Paid,163400
16075,16075,Credit Card,Paid,318248
16076,16076,Credit Card,Paid,98180
16077,16077,UPI,Failed,142755
16078,16078,Debit Card,Paid,203980
16079,16079,Cash,Paid,292848
16080,16080,UPI,Paid,96752
16081,16081,UPI,Paid,92996
16082,16082,UPI,Paid,400616
16083,16083,Credit Card,Paid,119686
16084,16084,Credit Card,Paid,509967
16085,16085,Credit Card,Paid,124416
16086,16086,Debit Card,Paid,276515
16087,16087,UPI,Failed,43845
16088,16088,Credit Card,Paid,187900
16089,16089,Credit Card,Failed,149874
16090,16090,UPI,Paid,439504
16091,16091,Cash,Paid,270670
16092,16092,UPI,Failed,226521
16093,16093,Net Banking,Paid,38510
16094,16094,UPI,Failed,121152
16095,16095,Credit Card,Failed,16251
16096,16096,Net Banking,Pending,15175
16097,16097,UPI,Paid,81700
16098,16098,UPI,Paid,367720
16099,16099,Credit Card,Paid,216083
16100,16100,Credit Card,Failed,73052
16101,16101,UPI,Paid,16885
16102,16102,Debit Card,Paid,253920
16103,16103,Credit Card,Paid,54922
16104,16104,Cash,Paid,137964
16105,16105,Credit Card,Paid,170919
16106,16106,Cash,Failed,11361
16107,16107,UPI,Paid,221945
16108,16108,UPI,Paid,98590
16109,16109,UPI,Paid,559710
16110,16110,UPI,Paid,306944
16111,16111,UPI,Paid,319840
16112,16112,UPI,Failed,160096
16113,16113,UPI,Paid,209695
16114,16114,UPI,Paid,269486
16115,16115,Debit Card,Paid,298840
16116,16116,Credit Card,Paid,245727
16117,16117,UPI,Paid,233400
16118,16118,UPI,Paid,103424
16119,16119,UPI,Paid,127593
16120,16120,Net Banking,Paid,83587
16121,16121,Credit Card,Paid,432184
16122,16122,UPI,Paid,307096
16123,16123,UPI,Paid,183800
16124,16124,Cash,Paid,407259
16125,16125,Credit Card,Paid,66576
16126,16126,UPI,Paid,152064
16127,16127,UPI,Paid,329508
16128,16128,Credit Card,Failed,61680
16129,16129,UPI,Pending,4095
16130,16130,Credit Card,Paid,192016
16131,16131,UPI,Failed,92835
16132,16132,UPI,Paid,140346
16133,16133,Credit Card,Paid,77924
16134,16134,UPI,Failed,56180
16135,16135,Credit Card,Failed,502860
16136,16136,UPI,Failed,10148
16137,16137,UPI,Paid,100887
16138,16138,UPI,Paid,554380
16139,16139,Credit Card,Paid,339540
16140,16140,Debit Card,Paid,222588
16141,16141,UPI,Paid,214361
16142,16142,Credit Card,Paid,262402
16143,16143,UPI,Paid,257592
16144,16144,UPI,Pending,456066
16145,16145,Credit Card,Paid,174400
16146,16146,Net Banking,Pending,442764
16147,16147,Cash,Pending,93060
16148,16148,Net Banking,Paid,210897
16149,16149,Credit Card,Paid,317058
16150,16150,UPI,Paid,490500
16151,16151,Debit Card,Paid,275992
16152,16152,UPI,Paid,54134
16153,16153,Cash,Paid,142218
16154,16154,Credit Card,Paid,354610
16155,16155,UPI,Paid,60968
16156,16156,UPI,Paid,24646
16157,16157,Debit Card,Paid,102592
16158,16158,Credit Card,Paid,117816
16159,16159,UPI,Pending,160410
16160,16160,UPI,Paid,172179
16161,16161,Debit Card,Paid,568390
16162,16162,UPI,Pending,25886
16163,16163,Net Banking,Paid,283688
16164,16164,UPI,Paid,452940
16165,16165,UPI,Paid,21984
16166,16166,UPI,Paid,124485
16167,16167,Credit Card,Paid,20508
16168,16168,Credit Card,Paid,40592
16169,16169,Credit Card,Paid,126760
16170,16170,UPI,Paid,112724
16171,16171,Debit Card,Paid,143946
16172,16172,UPI,Paid,88416
16173,16173,UPI,Paid,61383
16174,16174,UPI,Paid,97688
16175,16175,Net Banking,Paid,191214
16176,16176,UPI,Paid,372240
16177,16177,UPI,Paid,306230
16178,16178,UPI,Pending,144012
16179,16179,Net Banking,Paid,376432
16180,16180,UPI,Failed,33629
16181,16181,Cash,Paid,29632
16182,16182,UPI,Paid,158942
16183,16183,Credit Card,Paid,110505
16184,16184,UPI,Paid,173880
16185,16185,UPI,Paid,343880
16186,16186,Net Banking,Paid,134280
16187,16187,UPI,Paid,25110
16188,16188,Debit Card,Paid,122740
16189,16189,Debit Card,Paid,86814
16190,16190,Credit Card,Failed,108801
16191,16191,UPI,Failed,60722
16192,16192,Credit Card,Paid,203892
16193,16193,Cash,Pending,68998
16194,16194,UPI,Paid,259626
16195,16195,Debit Card,Paid,455850
16196,16196,Credit Card,Paid,376408
16197,16197,Credit Card,Paid,161208
16198,16198,UPI,Paid,45965
16199,16199,Net Banking,Paid,18913
16200,16200,UPI,Paid,63056
16201,16201,Cash,Paid,142755
16202,16202,Credit Card,Pending,321755
16203,16203,Debit Card,Paid,231070
16204,16204,Debit Card,Paid,99762
16205,16205,Net Banking,Paid,50637
16206,16206,Debit Card,Failed,73038
16207,16207,Credit Card,Paid,559890
16208,16208,UPI,Paid,241880
16209,16209,Debit Card,Paid,252360
16210,16210,Net Banking,Failed,331300
16211,16211,UPI,Pending,71534
16212,16212,Debit Card,Paid,531560
16213,16213,Net Banking,Paid,183105
16214,16214,UPI,Paid,173348
16215,16215,UPI,Pending,74382
16216,16216,Cash,Pending,193700
16217,16217,UPI,Paid,61075
16218,16218,Net Banking,Pending,536430
16219,16219,Cash,Paid,29572
16220,16220,Debit Card,Failed,158840
16221,16221,Debit Card,Paid,15525
16222,16222,Net Banking,Paid,107944
16223,16223,Credit Card,Paid,455733
16224,16224,UPI,Paid,199524
16225,16225,UPI,Failed,67465
16226,16226,Debit Card,Paid,74512
16227,16227,UPI,Paid,34671
16228,16228,Cash,Paid,42742
16229,16229,UPI,Failed,349706
16230,16230,UPI,Paid,336290
16231,16231,Credit Card,Paid,112728
16232,16232,UPI,Paid,262638
16233,16233,UPI,Failed,79168
16234,16234,Credit Card,Paid,206668
16235,16235,Debit Card,Paid,87900
16236,16236,Net Banking,Paid,131148
16237,16237,Cash,Paid,205080
16238,16238,UPI,Paid,225480
16239,16239,Cash,Paid,310723
16240,16240,UPI,Paid,134712
16241,16241,Debit Card,Paid,112917
16242,16242,Credit Card,Paid,217120
16243,16243,UPI,Paid,258594
16244,16244,Debit Card,Paid,335874
16245,16245,UPI,Failed,91854
16246,16246,UPI,Paid,217200
16247,16247,Debit Card,Paid,210159
16248,16248,UPI,Paid,58944
16249,16249,Credit Card,Paid,264610
16250,16250,Debit Card,Paid,240865
16251,16251,Debit Card,Paid,19652
16252,16252,Net Banking,Paid,143046
16253,16253,Debit Card,Paid,30350
16254,16254,Credit Card,Failed,25366
16255,16255,UPI,Paid,70299
16256,16256,Debit Card,Paid,223050
16257,16257,UPI,Paid,187516
16258,16258,Cash,Paid,54576
16259,16259,Credit Card,Paid,62192
16260,16260,Cash,Paid,82458
16261,16261,Cash,Pending,55989
16262,16262,UPI,Paid,314172
16263,16263,Credit Card,Paid,358984
16264,16264,Debit Card,Paid,25429
16265,16265,Debit Card,Paid,173124
16266,16266,Debit Card,Failed,118586
16267,16267,Credit Card,Paid,375800
16268,16268,Credit Card,Failed,299592
16269,16269,UPI,Pending,26093
16270,16270,UPI,Pending,380670
16271,16271,Credit Card,Failed,170217
16272,16272,UPI,Paid,238030
16273,16273,UPI,Paid,489120
16274,16274,Cash,Failed,321910
16275,16275,UPI,Failed,163557
16276,16276,UPI,Paid,139542
16277,16277,UPI,Paid,117576
16278,16278,UPI,Paid,309620
16279,16279,UPI,Pending,176517
16280,16280,UPI,Paid,181728
16281,16281,UPI,Paid,78202
16282,16282,Debit Card,Paid,41503
16283,16283,Credit Card,Paid,376408
16284,16284,UPI,Paid,43440
16285,16285,Cash,Paid,151928
16286,16286,Credit Card,Paid,78202
16287,16287,Debit Card,Paid,228861
16288,16288,Credit Card,Failed,440541
16289,16289,Cash,Paid,114928
16290,16290,Debit Card,Paid,44528
16291,16291,UPI,Paid,233216
16292,16292,Net Banking,Paid,63208
16293,16293,Cash,Paid,178390
16294,16294,Net Banking,Paid,97824
16295,16295,UPI,Paid,450603
16296,16296,Cash,Paid,385528
16297,16297,UPI,Paid,118752
16298,16298,Cash,Paid,23426
16299,16299,Credit Card,Pending,277350
16300,16300,UPI,Failed,82341
16301,16301,Credit Card,Paid,326260
16302,16302,Debit Card,Paid,59374
16303,16303,Cash,Paid,76996
16304,16304,UPI,Paid,430090
16305,16305,UPI,Failed,52365
16306,16306,Credit Card,Pending,28538
16307,16307,UPI,Pending,152112
16308,16308,Credit Card,Pending,232890
16309,16309,Credit Card,Paid,483858
16310,16310,UPI,Paid,389641
16311,16311,Net Banking,Paid,387828
16312,16312,UPI,Paid,20971
16313,16313,Credit Card,Paid,210159
16314,16314,Debit Card,Pending,55815
16315,16315,Credit Card,Pending,47406
16316,16316,Credit Card,Failed,63424
16317,16317,Net Banking,Paid,18605
16318,16318,UPI,Paid,90865
16319,16319,UPI,Paid,26509
16320,16320,UPI,Paid,123288
16321,16321,Credit Card,Paid,37990
16322,16322,Net Banking,Paid,9906
16323,16323,Debit Card,Paid,30623
16324,16324,Debit Card,Paid,307096
16325,16325,UPI,Pending,460590
16326,16326,Credit Card,Paid,428450
16327,16327,UPI,Paid,94726
16328,16328,Credit Card,Paid,207896
16329,16329,Credit Card,Failed,88716
16330,16330,Debit Card,Paid,192227
16331,16331,UPI,Pending,205156
16332,16332,Debit Card,Paid,80304
16333,16333,Debit Card,Paid,176390
16334,16334,UPI,Paid,148995
16335,16335,Credit Card,Paid,33409
16336,16336,Debit Card,Paid,32680
16337,16337,UPI,Paid,49958
16338,16338,UPI,Paid,59036
16339,16339,UPI,Paid,231060
16340,16340,Credit Card,Paid,154428
16341,16341,Credit Card,Paid,510930
16342,16342,UPI,Paid,498006
16343,16343,UPI,Failed,190340
16344,16344,UPI,Paid,409581
16345,16345,Credit Card,Paid,150231
16346,16346,Net Banking,Failed,382878
16347,16347,UPI,Paid,408440
16348,16348,Credit Card,Paid,232000
16349,16349,UPI,Paid,36855
16350,16350,Net Banking,Paid,69369
16351,16351,Credit Card,Pending,91170
16352,16352,Net Banking,Paid,176390
16353,16353,UPI,Paid,250920
16354,16354,UPI,Pending,110614
16355,16355,UPI,Paid,85490
16356,16356,Debit Card,Paid,382990
16357,16357,UPI,Paid,347310
16358,16358,UPI,Paid,101464
16359,16359,Debit Card,Paid,113810
16360,16360,Credit Card,Paid,46629
16361,16361,UPI,Paid,73251
16362,16362,UPI,Paid,157020
16363,16363,UPI,Paid,117576
16364,16364,UPI,Paid,34143
16365,16365,Net Banking,Paid,30167
16366,16366,UPI,Paid,87240
16367,16367,Credit Card,Paid,135753
16368,16368,UPI,Paid,45726
16369,16369,Net Banking,Failed,101464
16370,16370,UPI,Pending,89061
16371,16371,Credit Card,Paid,107524
16372,16372,Cash,Paid,221010
16373,16373,UPI,Paid,74137
16374,16374,Debit Card,Paid,258560
16375,16375,UPI,Paid,181728
16376,16376,Net Banking,Pending,54186
16377,16377,UPI,Paid,202440
16378,16378,UPI,Paid,147912
16379,16379,Credit Card,Paid,154345
16380,16380,Cash,Paid,16770
16381,16381,Credit Card,Paid,209710
16382,16382,UPI,Paid,65572
16383,16383,Debit Card,Paid,44313
16384,16384,UPI,Paid,197916
16385,16385,Debit Card,Paid,121455
16386,16386,Cash,Paid,474060
16387,16387,Debit Card,Paid,191552
16388,16388,Net Banking,Paid,45040
16389,16389,Cash,Paid,250920
16390,16390,Debit Card,Paid,147912
16391,16391,Credit Card,Paid,465140
16392,16392,Cash,Paid,247149
16393,16393,UPI,Paid,58280
16394,16394,UPI,Paid,149400
16395,16395,Credit Card,Paid,60332
16396,16396,UPI,Paid,13917
16397,16397,Net Banking,Paid,475850
16398,16398,Debit Card,Paid,99762
16399,16399,Credit Card,Paid,88416
16400,16400,UPI,Paid,256656
16401,16401,UPI,Paid,127232
16402,16402,Cash,Paid,80112
16403,16403,Net Banking,Paid,344792
16404,16404,Credit Card,Failed,113326
16405,16405,UPI,Paid,229856
16406,16406,Credit Card,Pending,262638
16407,16407,UPI,Paid,79374
16408,16408,Cash,Paid,43625
16409,16409,Credit Card,Paid,163215
16410,16410,Net Banking,Paid,102670
16411,16411,UPI,Paid,503946
16412,16412,Credit Card,Paid,130572
16413,16413,UPI,Paid,180369
16414,16414,UPI,Paid,59226
16415,16415,UPI,Paid,124134
16416,16416,UPI,Paid,228382
16417,16417,UPI,Paid,355292
16418,16418,Cash,Failed,163408
16419,16419,UPI,Failed,238030
16420,16420,UPI,Pending,81141
16421,16421,Debit Card,Paid,293472
16422,16422,Cash,Paid,403440
16423,16423,Credit Card,Pending,415051
16424,16424,Credit Card,Pending,32154
16425,16425,Debit Card,Paid,152469
16426,16426,Debit Card,Paid,218424
16427,16427,Credit Card,Paid,98240
16428,16428,UPI,Paid,54874
16429,16429,Debit Card,Pending,256347
16430,16430,UPI,Pending,305270
16431,16431,UPI,Paid,82432
16432,16432,Cash,Paid,249790
16433,16433,UPI,Paid,372472
16434,16434,Credit Card,Failed,100676
16435,16435,Debit Card,Paid,240336
16436,16436,Debit Card,Pending,40929
16437,16437,UPI,Paid,63738
16438,16438,UPI,Failed,167272
16439,16439,UPI,Paid,37870
16440,16440,Credit Card,Pending,277560
16441,16441,Debit Card,Paid,294370
16442,16442,Credit Card,Paid,107180
16443,16443,Credit Card,Paid,55438
16444,16444,Credit Card,Paid,87940
16445,16445,UPI,Paid,63090
16446,16446,UPI,Paid,270115
16447,16447,Net Banking,Paid,34196
16448,16448,UPI,Paid,355761
16449,16449,Net Banking,Paid,478144
16450,16450,Credit Card,Paid,246952
16451,16451,Credit Card,Paid,71356
16452,16452,UPI,Paid,61246
16453,16453,UPI,Paid,142377
16454,16454,Debit Card,Paid,189585
16455,16455,Debit Card,Paid,192227
16456,16456,Debit Card,Paid,317058
16457,16457,Credit Card,Paid,399664
16458,16458,UPI,Paid,428720
16459,16459,UPI,Paid,133120
16460,16460,UPI,Paid,78954
16461,16461,Credit Card,Paid,42912
16462,16462,Credit Card,Failed,186236
16463,16463,Cash,Paid,87912
16464,16464,Net Banking,Paid,169280
16465,16465,Debit Card,Paid,205340
16466,16466,Cash,Paid,356616
16467,16467,Debit Card,Paid,251400
16468,16468,UPI,Paid,387338
16469,16469,Debit Card,Failed,324800
16470,16470,Debit Card,Paid,242920
16471,16471,UPI,Paid,12683
16472,16472,Debit Card,Paid,412160
16473,16473,Net Banking,Paid,58874
16474,16474,Credit Card,Paid,321540
16475,16475,Credit Card,Failed,175092
16476,16476,UPI,Paid,184236
16477,16477,UPI,Failed,79562
16478,16478,Debit Card,Paid,463680
16479,16479,UPI,Paid,73930
16480,16480,Net Banking,Paid,480040
16481,16481,UPI,Paid,44054
16482,16482,Credit Card,Paid,122325
16483,16483,Credit Card,Paid,29454
16484,16484,Debit Card,Paid,147588
16485,16485,Net Banking,Paid,95868
16486,16486,Credit Card,Pending,424820
16487,16487,UPI,Paid,38498
16488,16488,Cash,Paid,166437
16489,16489,Net Banking,Pending,114112
16490,16490,UPI,Paid,299748
16491,16491,Credit Card,Paid,302897
16492,16492,Debit Card,Paid,242304
16493,16493,UPI,Paid,342900
16494,16494,Credit Card,Paid,29454
16495,16495,Net Banking,Pending,149710
16496,16496,Credit Card,Pending,366975
16497,16497,Credit Card,Paid,87456
16498,16498,UPI,Paid,430990
16499,16499,Cash,Paid,108188
16500,16500,UPI,Paid,131148
16501,16501,UPI,Paid,40252
16502,16502,UPI,Pending,98358
16503,16503,Cash,Paid,59376
16504,16504,UPI,Paid,327860
16505,16505,UPI,Paid,103313
16506,16506,Credit Card,Paid,215460
16507,16507,Credit Card,Paid,391296
16508,16508,Net Banking,Paid,223956
16509,16509,Debit Card,Paid,57076
16510,16510,Credit Card,Paid,242304
16511,16511,Credit Card,Paid,375501
16512,16512,Debit Card,Paid,374816
16513,16513,UPI,Paid,322416
16514,16514,UPI,Failed,493610
16515,16515,UPI,Paid,206375
16516,16516,UPI,Paid,286350
16517,16517,UPI,Paid,71646
16518,16518,Credit Card,Paid,122492
16519,16519,UPI,Failed,278658
16520,16520,Net Banking,Pending,250920
16521,16521,Debit Card,Paid,24765
16522,16522,UPI,Failed,447768
16523,16523,Credit Card,Paid,28432
16524,16524,Cash,Paid,258588
16525,16525,UPI,Paid,79520
16526,16526,UPI,Paid,112624
16527,16527,Credit Card,Paid,47538
16528,16528,Debit Card,Paid,418770
16529,16529,Net Banking,Paid,238410
16530,16530,Credit Card,Paid,49530
16531,16531,Cash,Paid,61336
16532,16532,UPI,Paid,58942
16533,16533,Debit Card,Paid,235578
16534,16534,UPI,Paid,120354
16535,16535,UPI,Paid,68392
16536,16536,UPI,Paid,81909
16537,16537,UPI,Paid,91048
16538,16538,Cash,Pending,71345
16539,16539,Cash,Pending,58650
16540,16540,Credit Card,Paid,26093
16541,16541,UPI,Paid,286038
16542,16542,Debit Card,Paid,29223
16543,16543,UPI,Paid,102744
16544,16544,Credit Card,Pending,79010
16545,16545,Net Banking,Failed,336028
16546,16546,Cash,Paid,223956
16547,16547,UPI,Paid,40592
16548,16548,UPI,Paid,41192
16549,16549,Debit Card,Failed,46688
16550,16550,UPI,Pending,110876
16551,16551,UPI,Paid,372112
16552,16552,Credit Card,Paid,183860
16553,16553,Debit Card,Failed,67380
16554,16554,UPI,Paid,224916
16555,16555,UPI,Paid,288060
16556,16556,UPI,Failed,210430
16557,16557,Debit Card,Paid,203432
16558,16558,Credit Card,Pending,406048
16559,16559,Net Banking,Paid,78200
16560,16560,UPI,Paid,167730
16561,16561,Debit Card,Paid,158496
16562,16562,Credit Card,Paid,191552
16563,16563,UPI,Paid,36124
16564,16564,Credit Card,Paid,78506
16565,16565,UPI,Paid,52340
16566,16566,Credit Card,Pending,411808
16567,16567,UPI,Failed,546498
16568,16568,UPI,Failed,39263
16569,16569,Net Banking,Paid,37134
16570,16570,UPI,Paid,229940
16571,16571,UPI,Paid,118279
16572,16572,Credit Card,Paid,37826
16573,16573,UPI,Paid,164864
16574,16574,Credit Card,Paid,39101
16575,16575,UPI,Paid,152064
16576,16576,UPI,Paid,64075
16577,16577,Credit Card,Paid,102100
16578,16578,Debit Card,Paid,468790
16579,16579,UPI,Paid,59264
16580,16580,Debit Card,Pending,196784
16581,16581,Debit Card,Paid,357670
16582,16582,UPI,Paid,31545
16583,16583,UPI,Pending,52666
16584,16584,Net Banking,Paid,58160
16585,16585,Debit Card,Paid,140640
16586,16586,Credit Card,Paid,381800
16587,16587,Net Banking,Paid,559940
16588,16588,Debit Card,Paid,146970
16589,16589,Credit Card,Paid,88890
16590,16590,UPI,Paid,281512
16591,16591,Debit Card,Paid,189624
16592,16592,Cash,Paid,36543
16593,16593,UPI,Paid,185730
16594,16594,Credit Card,Paid,89826
16595,16595,Credit Card,Paid,162510
16596,16596,Credit Card,Pending,379652
16597,16597,Net Banking,Paid,244645
16598,16598,UPI,Paid,119768
16599,16599,Debit Card,Pending,307984
16600,16600,UPI,Paid,282300
16601,16601,Credit Card,Paid,56739
16602,16602,Credit Card,Paid,231910
16603,16603,UPI,Paid,25059
16604,16604,Credit Card,Paid,279864
16605,16605,UPI,Paid,9712
16606,16606,Credit Card,Paid,253370
16607,16607,UPI,Paid,271323
16608,16608,Credit Card,Paid,178540
16609,16609,Credit Card,Paid,67809
16610,16610,Credit Card,Paid,425420
16611,16611,Cash,Paid,274690
16612,16612,Credit Card,Failed,25856
16613,16613,UPI,Pending,309276
16614,16614,Credit Card,Paid,135771
16615,16615,Credit Card,Paid,21304
16616,16616,UPI,Paid,192692
16617,16617,UPI,Paid,233380
16618,16618,Credit Card,Paid,462488
16619,16619,UPI,Paid,20971
16620,16620,Net Banking,Paid,130850
16621,16621,UPI,Paid,320736
16622,16622,UPI,Paid,332213
16623,16623,Net Banking,Paid,88416
16624,16624,Debit Card,Paid,25886
16625,16625,UPI,Paid,241336
16626,16626,Credit Card,Paid,30623
16627,16627,Cash,Paid,502860
16628,16628,Credit Card,Failed,20971
16629,16629,Cash,Paid,105832
16630,16630,Credit Card,Paid,70214
16631,16631,UPI,Failed,108815
16632,16632,UPI,Paid,15802
16633,16633,Cash,Pending,19076
16634,16634,Debit Card,Paid,307984
16635,16635,UPI,Paid,108892
16636,16636,UPI,Paid,46879
16637,16637,Net Banking,Paid,77180
16638,16638,UPI,Paid,24794
16639,16639,Debit Card,Paid,205340
16640,16640,Net Banking,Failed,169092
16641,16641,Debit Card,Paid,204372
16642,16642,Credit Card,Paid,122472
16643,16643,Net Banking,Paid,293787
16644,16644,UPI,Paid,34671
16645,16645,Debit Card,Pending,195505
16646,16646,Net Banking,Paid,403774
16647,16647,Credit Card,Paid,46866
16648,16648,Net Banking,Paid,117336
16649,16649,Credit Card,Pending,463878
16650,16650,Credit Card,Paid,113530
16651,16651,Credit Card,Paid,159040
16652,16652,Net Banking,Paid,251034
16653,16653,Credit Card,Paid,318800
16654,16654,UPI,Pending,174260
16655,16655,Cash,Paid,289055
16656,16656,UPI,Paid,30869
16657,16657,Cash,Paid,61350
16658,16658,UPI,Paid,52922
16659,16659,UPI,Paid,279084
16660,16660,UPI,Paid,171940
16661,16661,Credit Card,Paid,275562
16662,16662,Credit Card,Paid,245250
16663,16663,Credit Card,Paid,108084
16664,16664,Debit Card,Paid,378826
16665,16665,UPI,Failed,136236
16666,16666,Debit Card,Paid,165980
16667,16667,UPI,Paid,94108
16668,16668,Credit Card,Paid,83174
16669,16669,UPI,Paid,76944
16670,16670,Debit Card,Paid,184926
16671,16671,Credit Card,Paid,90588
16672,16672,UPI,Paid,42845
16673,16673,Net Banking,Paid,200312
16674,16674,Net Banking,Failed,282087
16675,16675,UPI,Paid,235255
16676,16676,UPI,Paid,566630
16677,16677,Credit Card,Pending,132939
16678,16678,Credit Card,Paid,17360
16679,16679,Debit Card,Paid,105616
16680,16680,Credit Card,Paid,167768
16681,16681,Credit Card,Failed,118520
16682,16682,UPI,Pending,188216
16683,16683,UPI,Paid,279864
16684,16684,Credit Card,Paid,146280
16685,16685,Credit Card,Paid,26402
16686,16686,Cash,Paid,266670
16687,16687,Debit Card,Paid,49528
16688,16688,Credit Card,Paid,226030
16689,16689,Credit Card,Paid,163116
16690,16690,Credit Card,Paid,267272
16691,16691,UPI,Paid,302880
16692,16692,UPI,Paid,166348
16693,16693,Credit Card,Paid,46962
16694,16694,UPI,Paid,265780
16695,16695,UPI,Paid,353367
16696,16696,UPI,Pending,64524
16697,16697,UPI,Failed,232794
16698,16698,UPI,Failed,91050
16699,16699,UPI,Pending,74292
16700,16700,Credit Card,Paid,224365
16701,16701,UPI,Paid,22360
16702,16702,UPI,Paid,76670
16703,16703,Cash,Paid,331541
16704,16704,Debit Card,Paid,39226
16705,16705,Credit Card,Paid,223976
16706,16706,UPI,Paid,250964
16707,16707,Credit Card,Paid,148840
16708,16708,UPI,Paid,63564
16709,16709,UPI,Failed,221212
16710,16710,UPI,Paid,166002
16711,16711,Debit Card,Paid,239640
16712,16712,Debit Card,Paid,295176
16713,16713,UPI,Pending,280900
16714,16714,UPI,Paid,29152
16715,16715,UPI,Paid,75507
16716,16716,Credit Card,Pending,53590
16717,16717,Credit Card,Paid,98958
16718,16718,UPI,Paid,412872
16719,16719,Credit Card,Paid,474344
16720,16720,Credit Card,Paid,419000
16721,16721,Credit Card,Paid,359345
16722,16722,Credit Card,Paid,184930
16723,16723,Credit Card,Paid,37350
16724,16724,Credit Card,Paid,251400
16725,16725,Credit Card,Pending,34720
16726,16726,UPI,Paid,112995
16727,16727,UPI,Pending,281274
16728,16728,Debit Card,Paid,9826
16729,16729,UPI,Failed,23775
16730,16730,Debit Card,Pending,77568
16731,16731,UPI,Paid,23769
16732,16732,Debit Card,Paid,30623
16733,16733,Credit Card,Paid,53240
16734,16734,Credit Card,Paid,452016
16735,16735,UPI,Paid,52922
16736,16736,UPI,Paid,121400
16737,16737,Credit Card,Failed,240865
16738,16738,Cash,Paid,33010
16739,16739,Cash,Paid,50871
16740,16740,Credit Card,Paid,93758
16741,16741,UPI,Paid,34921
16742,16742,Debit Card,Paid,231090
16743,16743,UPI,Paid,23351
16744,16744,Debit Card,Paid,91018
16745,16745,Debit Card,Paid,261144
16746,16746,Credit Card,Paid,258594
16747,16747,UPI,Failed,184932
16748,16748,UPI,Paid,53643
16749,16749,UPI,Paid,230516
16750,16750,Credit Card,Paid,294370
16751,16751,Credit Card,Paid,224916
16752,16752,Cash,Paid,94812
16753,16753,Credit Card,Paid,317532
16754,16754,Credit Card,Pending,247650
16755,16755,UPI,Paid,162402
16756,16756,Credit Card,Paid,499671
16757,16757,UPI,Failed,576290
16758,16758,Credit Card,Paid,103497
16759,16759,UPI,Paid,117024
16760,16760,Credit Card,Paid,120906
16761,16761,Credit Card,Paid,162510
16762,16762,Credit Card,Paid,98928
16763,16763,UPI,Failed,468261
16764,16764,Credit Card,Paid,534573
16765,16765,UPI,Paid,404850
16766,16766,Debit Card,Paid,127832
16767,16767,UPI,Paid,267950
16768,16768,Net Banking,Paid,318563
16769,16769,UPI,Paid,198120
16770,16770,Credit Card,Paid,279084
16771,16771,UPI,Paid,103164
16772,16772,Cash,Paid,280168
16773,16773,UPI,Paid,43412
16774,16774,Net Banking,Paid,57544
16775,16775,Net Banking,Paid,502970
16776,16776,Cash,Paid,213920
16777,16777,Credit Card,Pending,33629
16778,16778,UPI,Failed,378288
16779,16779,Debit Card,Paid,195480
16780,16780,UPI,Paid,109944
16781,16781,UPI,Paid,339012
16782,16782,UPI,Paid,150735
16783,16783,Credit Card,Paid,73192
16784,16784,Debit Card,Paid,27486
16785,16785,UPI,Paid,47888
16786,16786,UPI,Paid,8789
16787,16787,Net Banking,Paid,50106
16788,16788,Cash,Pending,117783
16789,16789,UPI,Paid,338220
16790,16790,Credit Card,Paid,80236
16791,16791,Net Banking,Paid,127128
16792,16792,UPI,Failed,116700
16793,16793,Credit Card,Paid,202440
16794,16794,Cash,Pending,136355
16795,16795,UPI,Paid,254892
16796,16796,Net Banking,Paid,51974
16797,16797,Debit Card,Paid,454712
16798,16798,Debit Card,Paid,79248
16799,16799,Cash,Failed,154602
16800,16800,Credit Card,Failed,103092
16801,16801,Credit Card,Paid,274841
16802,16802,UPI,Paid,351909
16803,16803,UPI,Paid,96786
16804,16804,UPI,Paid,160958
16805,16805,UPI,Paid,10131
16806,16806,UPI,Paid,42364
16807,16807,Credit Card,Paid,258860
16808,16808,Credit Card,Paid,242064
16809,16809,UPI,Paid,65750
16810,16810,UPI,Paid,194075
16811,16811,UPI,Paid,249522
16812,16812,UPI,Paid,39584
16813,16813,UPI,Paid,228501
16814,16814,UPI,Paid,237496
16815,16815,Cash,Paid,11941
16816,16816,Debit Card,Paid,332004
16817,16817,Debit Card,Paid,223800
16818,16818,Debit Card,Paid,80655
16819,16819,UPI,Paid,485840
16820,16820,Cash,Paid,96462
16821,16821,UPI,Paid,31380
16822,16822,UPI,Failed,253370
16823,16823,Net Banking,Paid,93270
16824,16824,Cash,Paid,107124
16825,16825,UPI,Paid,92368
16826,16826,Credit Card,Paid,224416
16827,16827,Net Banking,Pending,536430
16828,16828,Credit Card,Paid,154101
16829,16829,Net Banking,Failed,45716
16830,16830,Debit Card,Paid,167730
16831,16831,UPI,Paid,101780
16832,16832,UPI,Failed,16869
16833,16833,UPI,Paid,18913
16834,16834,Net Banking,Paid,346482
16835,16835,UPI,Failed,92865
16836,16836,Cash,Paid,81909
16837,16837,UPI,Paid,392400
16838,16838,UPI,Paid,237172
16839,16839,Debit Card,Paid,247149
16840,16840,Credit Card,Paid,232778
16841,16841,UPI,Paid,488990
16842,16842,Cash,Paid,329357
16843,16843,UPI,Paid,113180
16844,16844,UPI,Paid,115920
16845,16845,UPI,Paid,159372
16846,16846,UPI,Paid,105480
16847,16847,Debit Card,Pending,238625
16848,16848,Net Banking,Paid,186050
16849,16849,Credit Card,Paid,154602
16850,16850,Debit Card,Paid,86319
16851,16851,Credit Card,Paid,408744
16852,16852,UPI,Paid,378826
16853,16853,Cash,Paid,9818
16854,16854,Cash,Pending,56180
16855,16855,UPI,Paid,25648
16856,16856,Credit Card,Paid,140556
16857,16857,Cash,Paid,241880
16858,16858,UPI,Paid,433557
16859,16859,Credit Card,Paid,147040
16860,16860,UPI,Failed,55668
16861,16861,Credit Card,Paid,186201
16862,16862,UPI,Failed,329508
16863,16863,UPI,Paid,52350
16864,16864,UPI,Paid,120072
16865,16865,Net Banking,Paid,20889
16866,16866,UPI,Paid,42648
16867,16867,UPI,Paid,62560
16868,16868,Credit Card,Paid,271180
16869,16869,UPI,Pending,146349
16870,16870,UPI,Paid,102592
16871,16871,UPI,Paid,175413
16872,16872,Net Banking,Paid,244944
16873,16873,Credit Card,Paid,36222
16874,16874,UPI,Paid,38457
16875,16875,Credit Card,Paid,392544
16876,16876,Debit Card,Paid,383661
16877,16877,Credit Card,Paid,22706
16878,16878,UPI,Paid,442672
16879,16879,UPI,Paid,59264
16880,16880,Credit Card,Paid,195376
16881,16881,UPI,Paid,304536
16882,16882,UPI,Paid,17752
16883,16883,Net Banking,Paid,235496
16884,16884,UPI,Paid,352079
16885,16885,Cash,Pending,88760
16886,16886,Credit Card,Paid,104419
16887,16887,Credit Card,Failed,140260
16888,16888,UPI,Paid,436000
16889,16889,Net Banking,Paid,32643
16890,16890,Credit Card,Paid,394422
16891,16891,Cash,Paid,240144
16892,16892,Credit Card,Paid,84225
16893,16893,Net Banking,Paid,378640
16894,16894,Debit Card,Paid,48753
16895,16895,Debit Card,Paid,23433
16896,16896,UPI,Pending,15979
16897,16897,Credit Card,Paid,48783
16898,16898,Credit Card,Paid,135753
16899,16899,Debit Card,Paid,76287
16900,16900,Credit Card,Paid,95991
16901,16901,UPI,Paid,34083
16902,16902,UPI,Paid,295240
16903,16903,Debit Card,Paid,197920
16904,16904,UPI,Paid,88572
16905,16905,UPI,Paid,311670
16906,16906,UPI,Paid,41471
16907,16907,Cash,Failed,128430
16908,16908,UPI,Paid,57184
16909,16909,Debit Card,Paid,111978
16910,16910,Credit Card,Paid,78450
16911,16911,UPI,Pending,105834
16912,16912,UPI,Paid,234810
16913,16913,Cash,Paid,423376
16914,16914,UPI,Paid,384032
16915,16915,UPI,Paid,347256
16916,16916,Cash,Paid,339978
16917,16917,UPI,Paid,33010
16918,16918,UPI,Paid,375501
16919,16919,UPI,Paid,105480
16920,16920,UPI,Paid,91581
16921,16921,UPI,Paid,61336
16922,16922,UPI,Paid,140778
16923,16923,UPI,Paid,168312
16924,16924,Net Banking,Paid,326102
16925,16925,Credit Card,Paid,112917
16926,16926,Credit Card,Paid,430992
16927,16927,Cash,Paid,436000
16928,16928,Credit Card,Paid,214356
16929,16929,Credit Card,Pending,104797
16930,16930,Credit Card,Pending,354368
16931,16931,Cash,Paid,47928
16932,16932,Credit Card,Paid,263820
16933,16933,Credit Card,Failed,8546
16934,16934,Credit Card,Paid,405392
16935,16935,UPI,Paid,197916
16936,16936,UPI,Pending,230728
16937,16937,Credit Card,Paid,266469
16938,16938,Cash,Paid,125826
16939,16939,Debit Card,Pending,326430
16940,16940,Credit Card,Paid,35139
16941,16941,Credit Card,Paid,205722
16942,16942,UPI,Paid,26768
16943,16943,UPI,Failed,403403
16944,16944,Net Banking,Pending,45965
16945,16945,Credit Card,Failed,167652
16946,16946,Debit Card,Pending,36612
16947,16947,Debit Card,Pending,323880
16948,16948,UPI,Paid,247650
16949,16949,Net Banking,Paid,121400
16950,16950,UPI,Paid,77180
16951,16951,UPI,Failed,15543
16952,16952,UPI,Paid,80432
16953,16953,UPI,Paid,192490
16954,16954,Credit Card,Paid,187900
16955,16955,Credit Card,Paid,233379
16956,16956,Debit Card,Failed,53442
16957,16957,UPI,Paid,357260
16958,16958,UPI,Paid,235403
16959,16959,UPI,Paid,87432
16960,16960,Credit Card,Paid,158450
16961,16961,UPI,Paid,66288
16962,16962,Cash,Paid,128835
16963,16963,UPI,Paid,46668
16964,16964,UPI,Paid,163366
16965,16965,UPI,Paid,42730
16966,16966,UPI,Paid,82032
16967,16967,Cash,Paid,342384
16968,16968,Debit Card,Paid,224365
16969,16969,Debit Card,Paid,135882
16970,16970,UPI,Paid,272920
16971,16971,Credit Card,Failed,358587
16972,16972,Credit Card,Paid,50106
16973,16973,Net Banking,Paid,299748
16974,16974,Credit Card,Pending,248970
16975,16975,Debit Card,Paid,305344
16976,16976,UPI,Paid,14859
16977,16977,UPI,Paid,256480
16978,16978,Cash,Paid,137536
16979,16979,Cash,Paid,237030
16980,16980,Cash,Paid,404334
16981,16981,UPI,Paid,166360
16982,16982,Credit Card,Paid,57546
16983,16983,Credit Card,Paid,29256
16984,16984,UPI,Pending,304938
16985,16985,Credit Card,Paid,152672
16986,16986,Cash,Paid,158020
16987,16987,Debit Card,Paid,204354
16988,16988,Credit Card,Paid,258957
16989,16989,Credit Card,Pending,511551
16990,16990,UPI,Failed,90070
16991,16991,UPI,Paid,56739
16992,16992,UPI,Paid,28832
16993,16993,Credit Card,Failed,253818
16994,16994,Credit Card,Pending,144823
16995,16995,UPI,Failed,33480
16996,16996,UPI,Paid,39396
16997,16997,Net Banking,Paid,20475
16998,16998,UPI,Paid,89746
16999,16999,Credit Card,Paid,27950
17000,17000,Credit Card,Paid,529220
17001,17001,Cash,Paid,516537
17002,17002,Credit Card,Pending,30880
17003,17003,UPI,Pending,159570
17004,17004,Debit Card,Paid,71688
17005,17005,UPI,Paid,69139
17006,17006,Credit Card,Paid,81072
17007,17007,Net Banking,Paid,79016
17008,17008,Debit Card,Paid,61760
17009,17009,Credit Card,Paid,44313
17010,17010,Debit Card,Paid,102100
17011,17011,Credit Card,Paid,387081
17012,17012,UPI,Failed,54960
17013,17013,Debit Card,Paid,25975
17014,17014,UPI,Paid,265239
17015,17015,Debit Card,Paid,9871
17016,17016,Net Banking,Paid,73635
17017,17017,UPI,Paid,119768
17018,17018,UPI,Paid,70473
17019,17019,Net Banking,Paid,9818
17020,17020,Debit Card,Paid,14759
17021,17021,UPI,Paid,17854
17022,17022,Credit Card,Paid,112568
17023,17023,UPI,Paid,195716
17024,17024,UPI,Pending,119686
17025,17025,UPI,Paid,38105
17026,17026,UPI,Pending,202752
17027,17027,Debit Card,Pending,99762
17028,17028,UPI,Paid,32082
17029,17029,Cash,Paid,245480
17030,17030,Credit Card,Paid,46879
17031,17031,Debit Card,Paid,42542
17032,17032,Credit Card,Paid,338184
17033,17033,Credit Card,Paid,146736
17034,17034,UPI,Paid,320820
17035,17035,Cash,Paid,427808
17036,17036,Net Banking,Paid,246720
17037,17037,Credit Card,Failed,55704
17038,17038,Debit Card,Paid,269032
17039,17039,Net Banking,Paid,327432
17040,17040,Credit Card,Paid,211688
17041,17041,Credit Card,Paid,157998
17042,17042,Credit Card,Paid,151984
17043,17043,Net Banking,Paid,68943
17044,17044,Net Banking,Paid,146670
17045,17045,UPI,Paid,215850
17046,17046,Credit Card,Paid,205468
17047,17047,Credit Card,Paid,17455
17048,17048,Credit Card,Paid,196364
17049,17049,UPI,Paid,204220
17050,17050,Credit Card,Paid,79965
17051,17051,UPI,Paid,31100
17052,17052,UPI,Pending,88416
17053,17053,Cash,Failed,93404
17054,17054,Debit Card,Paid,159920
17055,17055,Cash,Paid,54042
17056,17056,UPI,Paid,121340
17057,17057,Debit Card,Paid,166360
17058,17058,Debit Card,Paid,74512
17059,17059,Debit Card,Pending,174912
17060,17060,Net Banking,Pending,286821
17061,17061,UPI,Failed,101946
17062,17062,Debit Card,Paid,196265
17063,17063,Net Banking,Paid,325913
17064,17064,Credit Card,Paid,392400
17065,17065,UPI,Failed,34900
17066,17066,Credit Card,Paid,68200
17067,17067,UPI,Paid,22027
17068,17068,Debit Card,Paid,178794
17069,17069,Credit Card,Failed,214227
17070,17070,UPI,Pending,206304
17071,17071,Credit Card,Paid,38335
17072,17072,UPI,Paid,147710
17073,17073,Debit Card,Paid,188204
17074,17074,Credit Card,Paid,94451
17075,17075,Debit Card,Pending,207896
17076,17076,Cash,Paid,198060
17077,17077,Debit Card,Paid,17098
17078,17078,UPI,Paid,98722
17079,17079,UPI,Failed,353349
17080,17080,UPI,Paid,135235
17081,17081,UPI,Paid,273054
17082,17082,UPI,Paid,202968
17083,17083,UPI,Failed,107556
17084,17084,Credit Card,Paid,178191
17085,17085,Credit Card,Paid,23841
17086,17086,UPI,Pending,288704
17087,17087,UPI,Paid,29934
17088,17088,Cash,Failed,387121
17089,17089,UPI,Paid,47585
17090,17090,Credit Card,Paid,49090
17091,17091,UPI,Paid,93840
17092,17092,Debit Card,Failed,72704
17093,17093,Credit Card,Paid,131590
17094,17094,UPI,Pending,91048
17095,17095,Net Banking,Paid,195685
17096,17096,Debit Card,Pending,162465
17097,17097,Credit Card,Paid,279860
17098,17098,UPI,Paid,146697
17099,17099,Cash,Failed,366120
17100,17100,Debit Card,Paid,15978
17101,17101,UPI,Paid,122108
17102,17102,Net Banking,Paid,297990
17103,17103,Debit Card,Failed,258808
17104,17104,Debit Card,Paid,14759
17105,17105,UPI,Paid,428450
17106,17106,Debit Card,Paid,311670
17107,17107,UPI,Paid,334075
17108,17108,Cash,Failed,240610
17109,17109,UPI,Pending,63916
17110,17110,UPI,Paid,507040
17111,17111,UPI,Paid,140760
17112,17112,Credit Card,Paid,189469
17113,17113,UPI,Paid,216472
17114,17114,UPI,Paid,357749
17115,17115,UPI,Paid,354610
17116,17116,UPI,Paid,177597
17117,17117,Credit Card,Paid,350539
17118,17118,Debit Card,Failed,275562
17119,17119,Credit Card,Pending,36526
17120,17120,Credit Card,Pending,26367
17121,17121,UPI,Paid,151543
17122,17122,Debit Card,Paid,165980
17123,17123,Debit Card,Paid,61760
17124,17124,Debit Card,Paid,383856
17125,17125,Debit Card,Paid,222652
17126,17126,UPI,Paid,393568
17127,17127,Debit Card,Pending,47977
17128,17128,Debit Card,Failed,5885
17129,17129,UPI,Paid,129969
17130,17130,UPI,Failed,61680
17131,17131,Credit Card,Paid,129474
17132,17132,UPI,Failed,169813
17133,17133,Debit Card,Paid,55303
17134,17134,Net Banking,Failed,284436
17135,17135,UPI,Paid,135335
17136,17136,Credit Card,Paid,39687
17137,17137,UPI,Paid,55467
17138,17138,UPI,Failed,320856
17139,17139,UPI,Paid,204220
17140,17140,UPI,Failed,200312
17141,17141,Credit Card,Paid,335496
17142,17142,Credit Card,Paid,207424
17143,17143,UPI,Paid,92436
17144,17144,Credit Card,Paid,49528
17145,17145,Credit Card,Paid,246375
17146,17146,Debit Card,Paid,291642
17147,17147,UPI,Paid,139677
17148,17148,UPI,Paid,47585
17149,17149,Cash,Paid,224520
17150,17150,UPI,Paid,194428
17151,17151,Credit Card,Paid,4953
17152,17152,UPI,Failed,239885
17153,17153,UPI,Paid,148995
17154,17154,UPI,Paid,186280
17155,17155,Credit Card,Paid,76134
17156,17156,Credit Card,Pending,553030
17157,17157,UPI,Paid,5885
17158,17158,Credit Card,Paid,88893
17159,17159,UPI,Paid,79206
17160,17160,Credit Card,Pending,295240
17161,17161,Credit Card,Paid,354368
17162,17162,UPI,Paid,242064
17163,17163,Cash,Paid,111402
17164,17164,Cash,Failed,132831
17165,17165,Credit Card,Pending,288738
17166,17166,UPI,Paid,383104
17167,17167,UPI,Paid,276745
17168,17168,UPI,Paid,105832
17169,17169,UPI,Paid,169280
17170,17170,UPI,Paid,164612
17171,17171,Credit Card,Paid,178890
17172,17172,UPI,Failed,576290
17173,17173,UPI,Paid,187408
17174,17174,UPI,Paid,132543
17175,17175,UPI,Paid,48173
17176,17176,UPI,Paid,66508
17177,17177,UPI,Paid,6900
17178,17178,UPI,Pending,195796
17179,17179,Credit Card,Paid,372240
17180,17180,Net Banking,Paid,592930
17181,17181,UPI,Paid,11246
17182,17182,Cash,Paid,439047
17183,17183,Credit Card,Paid,238880
17184,17184,UPI,Pending,383870
17185,17185,Debit Card,Paid,155316
17186,17186,Credit Card,Pending,252516
17187,17187,Credit Card,Paid,216092
17188,17188,Net Banking,Paid,55660
17189,17189,UPI,Paid,274160
17190,17190,UPI,Paid,153321
17191,17191,UPI,Paid,43600
17192,17192,UPI,Paid,19648
17193,17193,UPI,Paid,423450
17194,17194,UPI,Paid,127145
17195,17195,UPI,Paid,226470
17196,17196,UPI,Paid,46676
17197,17197,Credit Card,Paid,12815
17198,17198,UPI,Paid,101220
17199,17199,UPI,Paid,378161
17200,17200,Net Banking,Paid,286816
17201,17201,UPI,Paid,388856
17202,17202,UPI,Pending,22706
17203,17203,UPI,Paid,129655
17204,17204,UPI,Paid,61054
17205,17205,Cash,Paid,99239
17206,17206,Net Banking,Failed,108815
17207,17207,UPI,Paid,205904
17208,17208,UPI,Paid,119280
17209,17209,UPI,Paid,233863
17210,17210,Credit Card,Paid,90441
17211,17211,Cash,Paid,246576
17212,17212,UPI,Paid,53476
17213,17213,Net Banking,Paid,385686
17214,17214,UPI,Paid,332720
17215,17215,UPI,Paid,42888
17216,17216,Debit Card,Failed,69816
17217,17217,Debit Card,Paid,44054
17218,17218,UPI,Paid,434976
17219,17219,Credit Card,Paid,314111
17220,17220,Credit Card,Paid,357084
17221,17221,UPI,Paid,285750
17222,17222,Debit Card,Paid,95991
17223,17223,Debit Card,Paid,258552
17224,17224,Credit Card,Paid,91900
17225,17225,Debit Card,Paid,121730
17226,17226,UPI,Paid,208593
17227,17227,UPI,Paid,288738
17228,17228,UPI,Paid,122520
17229,17229,Debit Card,Paid,86316
17230,17230,Net Banking,Paid,113180
17231,17231,UPI,Paid,102564
17232,17232,Credit Card,Paid,277190
17233,17233,UPI,Paid,350184
17234,17234,Credit Card,Paid,550980
17235,17235,Credit Card,Failed,97929
17236,17236,UPI,Paid,59226
17237,17237,Debit Card,Paid,16897
17238,17238,Cash,Paid,135594
17239,17239,UPI,Paid,152073
17240,17240,Credit Card,Paid,238410
17241,17241,Credit Card,Failed,571500
17242,17242,Debit Card,Paid,135176
17243,17243,Debit Card,Paid,63994
17244,17244,Cash,Paid,592930
17245,17245,Cash,Paid,32262
17246,17246,UPI,Paid,11230
17247,17247,Credit Card,Failed,153090
17248,17248,UPI,Paid,472860
17249,17249,Net Banking,Paid,110915
17250,17250,Debit Card,Paid,66005
17251,17251,Credit Card,Paid,63090
17252,17252,Debit Card,Paid,107280
17253,17253,UPI,Paid,53156
17254,17254,Credit Card,Paid,34388
17255,17255,Net Banking,Paid,31712
17256,17256,UPI,Paid,116700
17257,17257,Credit Card,Paid,38335
17258,17258,Net Banking,Paid,130572
17259,17259,Credit Card,Paid,113946
17260,17260,UPI,Paid,146736
17261,17261,Cash,Paid,14971
17262,17262,Credit Card,Paid,145408
17263,17263,UPI,Failed,146280
17264,17264,UPI,Paid,65952
17265,17265,Net Banking,Paid,29911
17266,17266,Debit Card,Paid,8885
17267,17267,Cash,Failed,10148
17268,17268,UPI,Paid,53972
17269,17269,UPI,Paid,237750
17270,17270,Net Banking,Failed,169813
17271,17271,Net Banking,Paid,332880
17272,17272,UPI,Paid,77725
17273,17273,Credit Card,Paid,485840
17274,17274,Debit Card,Paid,170516
17275,17275,UPI,Paid,76612
17276,17276,Credit Card,Pending,122700
17277,17277,Debit Card,Paid,119196
17278,17278,UPI,Failed,163457
17279,17279,UPI,Paid,36606
17280,17280,Debit Card,Paid,25429
17281,17281,Credit Card,Failed,35823
17282,17282,UPI,Paid,289038
17283,17283,Debit Card,Failed,171450
17284,17284,Credit Card,Pending,39584
17285,17285,Debit Card,Paid,274912
17286,17286,Credit Card,Paid,103313
17287,17287,UPI,Paid,85824
17288,17288,Debit Card,Paid,147944
17289,17289,UPI,Failed,27955
17290,17290,UPI,Paid,79562
17291,17291,UPI,Paid,151440
17292,17292,UPI,Paid,396760
17293,17293,UPI,Paid,69800
17294,17294,Cash,Paid,280692
17295,17295,Debit Card,Pending,140637
17296,17296,Cash,Paid,545770
17297,17297,Debit Card,Paid,61924
17298,17298,Net Banking,Paid,5175
17299,17299,Debit Card,Failed,167111
17300,17300,UPI,Paid,199696
17301,17301,Credit Card,Failed,43845
17302,17302,Cash,Paid,235530
17303,17303,UPI,Paid,229856
17304,17304,UPI,Failed,440361
17305,17305,UPI,Paid,75096
17306,17306,Credit Card,Paid,32351
17307,17307,Credit Card,Paid,155260
17308,17308,Cash,Paid,97668
17309,17309,Credit Card,Paid,43945
17310,17310,Debit Card,Paid,249522
17311,17311,UPI,Paid,21720
17312,17312,Net Banking,Paid,46320
17313,17313,Debit Card,Paid,192492
17314,17314,Debit Card,Pending,51974
17315,17315,UPI,Failed,88413
17316,17316,Debit Card,Paid,231174
17317,17317,UPI,Paid,292698
17318,17318,UPI,Paid,108264
17319,17319,UPI,Paid,32421
17320,17320,UPI,Failed,579600
17321,17321,Credit Card,Pending,27067
17322,17322,Cash,Paid,201642
17323,17323,Debit Card,Paid,109084
17324,17324,Debit Card,Paid,124360
17325,17325,UPI,Paid,278901
17326,17326,Debit Card,Paid,140260
17327,17327,UPI,Paid,84468
17328,17328,Net Banking,Paid,172836
17329,17329,Debit Card,Paid,224916
17330,17330,Debit Card,Paid,248768
17331,17331,Debit Card,Paid,430090
17332,17332,Net Banking,Paid,95070
17333,17333,UPI,Paid,332628
17334,17334,Debit Card,Paid,239880
17335,17335,UPI,Paid,89705
17336,17336,UPI,Paid,415656
17337,17337,Net Banking,Paid,103089
17338,17338,Net Banking,Paid,339012
17339,17339,Net Banking,Paid,95585
17340,17340,UPI,Paid,356780
17341,17341,UPI,Paid,154116
17342,17342,UPI,Paid,282306
17343,17343,Credit Card,Paid,329728
17344,17344,UPI,Paid,49050
17345,17345,Credit Card,Paid,43968
17346,17346,Credit Card,Failed,33794
17347,17347,UPI,Pending,75980
17348,17348,Net Banking,Pending,100212
17349,17349,UPI,Paid,436000
17350,17350,UPI,Paid,48004
17351,17351,UPI,Paid,175888
17352,17352,UPI,Paid,242064
17353,17353,Net Banking,Paid,172392
17354,17354,UPI,Pending,39571
17355,17355,UPI,Pending,189836
17356,17356,Credit Card,Paid,266469
17357,17357,Credit Card,Paid,154005
17358,17358,Credit Card,Failed,29478
17359,17359,Cash,Paid,94572
17360,17360,UPI,Paid,146970
17361,17361,Net Banking,Paid,277732
17362,17362,Credit Card,Paid,207228
17363,17363,UPI,Paid,152480
17364,17364,Net Banking,Paid,172392
17365,17365,Cash,Paid,92414
17366,17366,UPI,Paid,119480
17367,17367,Credit Card,Pending,21182
17368,17368,Cash,Pending,98100
17369,17369,Credit Card,Paid,360332
17370,17370,Net Banking,Paid,397810
17371,17371,Net Banking,Failed,70032
17372,17372,Credit Card,Paid,51772
17373,17373,Credit Card,Paid,108084
17374,17374,Credit Card,Pending,87944
17375,17375,Debit Card,Paid,30668
17376,17376,Credit Card,Paid,167103
17377,17377,Net Banking,Paid,267183
17378,17378,Credit Card,Failed,225531
17379,17379,UPI,Paid,406584
17380,17380,UPI,Paid,75160
17381,17381,Credit Card,Pending,66544
17382,17382,UPI,Paid,78921
17383,17383,UPI,Paid,98546
17384,17384,Debit Card,Paid,49716
17385,17385,UPI,Paid,26620
17386,17386,Net Banking,Failed,12173
17387,17387,UPI,Paid,320192
17388,17388,UPI,Paid,82311
17389,17389,UPI,Paid,407313
17390,17390,UPI,Paid,98546
17391,17391,Net Banking,Paid,323880
17392,17392,Credit Card,Paid,110280
17393,17393,Debit Card,Paid,34196
17394,17394,Credit Card,Paid,106225
17395,17395,Credit Card,Pending,92865
17396,17396,UPI,Paid,49361
17397,17397,UPI,Paid,400240
17398,17398,Credit Card,Paid,186280
17399,17399,Credit Card,Failed,408440
17400,17400,UPI,Paid,98260
17401,17401,UPI,Pending,379248
17402,17402,UPI,Paid,104724
17403,17403,UPI,Paid,34100
17404,17404,Debit Card,Failed,247149
17405,17405,Debit Card,Paid,112360
17406,17406,Credit Card,Failed,134280
17407,17407,Debit Card,Paid,354718
17408,17408,UPI,Paid,248227
17409,17409,UPI,Paid,170517
17410,17410,UPI,Paid,345483
17411,17411,Debit Card,Paid,100212
17412,17412,UPI,Paid,163557
17413,17413,UPI,Pending,275490
17414,17414,Credit Card,Paid,277732
17415,17415,Credit Card,Paid,292896
17416,17416,Debit Card,Paid,351776
17417,17417,Credit Card,Pending,19076
17418,17418,UPI,Paid,123576
17419,17419,Credit Card,Paid,32082
17420,17420,UPI,Paid,181002
17421,17421,UPI,Pending,158508
17422,17422,Credit Card,Paid,92118
17423,17423,UPI,Failed,84270
17424,17424,UPI,Paid,221752
17425,17425,Debit Card,Paid,229794
17426,17426,Cash,Paid,95070
17427,17427,Cash,Paid,268093
17428,17428,UPI,Paid,139950
17429,17429,Debit Card,Paid,433240
17430,17430,Cash,Paid,300462
17431,17431,Debit Card,Pending,130465
17432,17432,Debit Card,Paid,71416
17433,17433,Debit Card,Paid,289791
17434,17434,UPI,Paid,271593
17435,17435,UPI,Pending,101780
17436,17436,Cash,Paid,192016
17437,17437,UPI,Paid,187464
17438,17438,Debit Card,Pending,47682
17439,17439,Credit Card,Paid,27024
17440,17440,Debit Card,Paid,141770
17441,17441,UPI,Failed,123848
17442,17442,Net Banking,Paid,166360
17443,17443,UPI,Paid,168312
17444,17444,UPI,Paid,165884
17445,17445,Credit Card,Failed,74585
17446,17446,Credit Card,Paid,118586
17447,17447,UPI,Paid,16077
17448,17448,Cash,Paid,139170
17449,17449,UPI,Paid,195376
17450,17450,Debit Card,Paid,476298
17451,17451,Credit Card,Paid,216472
17452,17452,Credit Card,Paid,74137
17453,17453,Credit Card,Paid,183780
17454,17454,UPI,Paid,120072
17455,17455,UPI,Paid,470500
17456,17456,UPI,Paid,154827
17457,17457,Credit Card,Paid,89061
17458,17458,Credit Card,Pending,403403
17459,17459,UPI,Paid,194075
17460,17460,Cash,Paid,202440
17461,17461,Credit Card,Paid,344736
17462,17462,Debit Card,Paid,210430
17463,17463,UPI,Pending,223800
17464,17464,UPI,Pending,77658
17465,17465,UPI,Pending,27648
17466,17466,UPI,Paid,216528
17467,17467,Credit Card,Failed,21624
17468,17468,Net Banking,Pending,96786
17469,17469,Debit Card,Pending,170168
17470,17470,UPI,Paid,391592
17471,17471,UPI,Pending,46879
17472,17472,UPI,Paid,14917
17473,17473,UPI,Paid,138738
17474,17474,UPI,Paid,117530
17475,17475,Credit Card,Paid,291642
17476,17476,Cash,Paid,30380
17477,17477,Debit Card,Pending,261600
17478,17478,Credit Card,Pending,506740
17479,17479,Net Banking,Paid,463878
17480,17480,Net Banking,Paid,51712
17481,17481,UPI,Paid,175880
17482,17482,Credit Card,Paid,134516
17483,17483,Credit Card,Paid,474590
17484,17484,Net Banking,Paid,113946
17485,17485,UPI,Paid,60334
17486,17486,UPI,Paid,432036
17487,17487,UPI,Paid,373500
17488,17488,Debit Card,Paid,171380
17489,17489,Credit Card,Paid,97858
17490,17490,Credit Card,Paid,244560
17491,17491,UPI,Paid,29425
17492,17492,Credit Card,Paid,384980
17493,17493,Cash,Paid,181176
17494,17494,Credit Card,Paid,46920
17495,17495,Credit Card,Paid,143046
17496,17496,UPI,Pending,19550
17497,17497,UPI,Paid,97898
17498,17498,Net Banking,Pending,395514
17499,17499,Cash,Paid,165420
17500,17500,Cash,Paid,29687
17501,17501,Credit Card,Paid,324792
17502,17502,Debit Card,Paid,37486
17503,17503,UPI,Paid,62195
17504,17504,Credit Card,Paid,43400
17505,17505,UPI,Paid,473630
17506,17506,Debit Card,Pending,414531
17507,17507,UPI,Failed,337211
17508,17508,Credit Card,Paid,185040
17509,17509,UPI,Paid,465140
17510,17510,UPI,Pending,245064
17511,17511,Cash,Paid,374816
17512,17512,UPI,Paid,91581
17513,17513,UPI,Paid,85690
17514,17514,UPI,Paid,54134
17515,17515,Credit Card,Paid,102520
17516,17516,UPI,Paid,481104
17517,17517,UPI,Paid,91050
17518,17518,Debit Card,Paid,149024
17519,17519,UPI,Pending,21365
17520,17520,UPI,Paid,265254
17521,17521,Debit Card,Paid,88195
17522,17522,UPI,Paid,51534
17523,17523,Cash,Paid,143328
17524,17524,Net Banking,Paid,322758
17525,17525,UPI,Paid,77800
17526,17526,Debit Card,Paid,250082
17527,17527,Credit Card,Paid,156400
17528,17528,Net Banking,Paid,70441
17529,17529,Credit Card,Pending,328734
17530,17530,UPI,Paid,163408
17531,17531,Cash,Paid,296177
17532,17532,UPI,Paid,290297
17533,17533,Debit Card,Paid,29518
17534,17534,UPI,Failed,97053
17535,17535,Credit Card,Paid,237426
17536,17536,UPI,Paid,306230
17537,17537,UPI,Paid,88592
17538,17538,UPI,Failed,197168
17539,17539,Debit Card,Paid,306750
17540,17540,UPI,Pending,58590
17541,17541,Credit Card,Paid,174912
17542,17542,Credit Card,Paid,9826
17543,17543,Credit Card,Paid,407646
17544,17544,Debit Card,Failed,199632
17545,17545,UPI,Paid,95950
17546,17546,Cash,Paid,174912
17547,17547,UPI,Paid,397810
17548,17548,UPI,Pending,143376
17549,17549,Debit Card,Paid,187900
17550,17550,Credit Card,Paid,168540
17551,17551,Debit Card,Paid,96382
17552,17552,UPI,Paid,345774
17553,17553,Credit Card,Paid,84426
17554,17554,UPI,Paid,109557
17555,17555,UPI,Pending,70556
17556,17556,UPI,Paid,114368
17557,17557,Cash,Paid,255465
17558,17558,UPI,Paid,74350
17559,17559,Net Banking,Paid,37350
17560,17560,UPI,Paid,46688
17561,17561,Credit Card,Paid,130482
17562,17562,Credit Card,Failed,157725
17563,17563,Credit Card,Paid,179040
17564,17564,UPI,Paid,296465
17565,17565,UPI,Failed,286038
17566,17566,Credit Card,Paid,128535
17567,17567,Net Banking,Paid,98546
17568,17568,Debit Card,Paid,503901
17569,17569,Cash,Paid,162069
17570,17570,UPI,Paid,60294
17571,17571,Debit Card,Paid,22027
17572,17572,Debit Card,Paid,17455
17573,17573,Debit Card,Pending,452570
17574,17574,Debit Card,Paid,97929
17575,17575,Credit Card,Paid,277732
17576,17576,Debit Card,Paid,134778
17577,17577,Credit Card,Paid,404850
17578,17578,UPI,Paid,56362
17579,17579,Credit Card,Paid,154428
17580,17580,UPI,Paid,84270
17581,17581,UPI,Paid,5175
17582,17582,Credit Card,Paid,55910
17583,17583,UPI,Paid,252468
17584,17584,UPI,Failed,359408
17585,17585,Credit Card,Pending,20420
17586,17586,Credit Card,Paid,172638
17587,17587,Net Banking,Paid,215048
17588,17588,Credit Card,Paid,151014
17589,17589,UPI,Paid,153375
17590,17590,Debit Card,Paid,184572
17591,17591,Cash,Paid,465860
17592,17592,Credit Card,Paid,152226
17593,17593,Net Banking,Paid,145408
17594,17594,Debit Card,Paid,73520
17595,17595,Cash,Failed,427648
17596,17596,UPI,Paid,376408
17597,17597,Debit Card,Paid,245980
17598,17598,UPI,Paid,46920
17599,17599,Credit Card,Paid,111320
17600,17600,Credit Card,Failed,403020
17601,17601,UPI,Paid,331002
17602,17602,Cash,Paid,502860
17603,17603,Cash,Paid,268093
17604,17604,Net Banking,Paid,19792
17605,17605,UPI,Paid,221752
17606,17606,Net Banking,Paid,38105
17607,17607,Credit Card,Paid,30840
17608,17608,Debit Card,Paid,127824
17609,17609,UPI,Paid,53669
17610,17610,Credit Card,Paid,328734
17611,17611,UPI,Paid,200472
17612,17612,Debit Card,Paid,417210
17613,17613,Debit Card,Paid,128835
17614,17614,UPI,Paid,60294
17615,17615,Credit Card,Failed,195796
17616,17616,UPI,Paid,274771
17617,17617,Credit Card,Failed,179040
17618,17618,Net Banking,Paid,189452
17619,17619,Debit Card,Paid,30527
17620,17620,Credit Card,Pending,71930
17621,17621,Debit Card,Failed,182036
17622,17622,UPI,Paid,82550
17623,17623,Credit Card,Paid,325913
17624,17624,Debit Card,Failed,57546
17625,17625,Debit Card,Paid,114702
17626,17626,Credit Card,Paid,107586
17627,17627,Debit Card,Paid,308010
17628,17628,Net Banking,Pending,146736
17629,17629,Debit Card,Failed,64308
17630,17630,UPI,Pending,225393
17631,17631,Debit Card,Paid,317820
17632,17632,UPI,Paid,140428
17633,17633,UPI,Paid,461456
17634,17634,UPI,Failed,122492
17635,17635,Credit Card,Pending,19613
17636,17636,Debit Card,Paid,9906
17637,17637,UPI,Paid,370377
17638,17638,UPI,Paid,88641
17639,17639,Debit Card,Paid,77725
17640,17640,UPI,Paid,3247
17641,17641,Debit Card,Paid,43009
17642,17642,Credit Card,Paid,86316
17643,17643,Debit Card,Pending,111900
17644,17644,UPI,Paid,223083
17645,17645,Credit Card,Pending,99212
17646,17646,Debit Card,Paid,68262
17647,17647,UPI,Paid,74340
17648,17648,UPI,Pending,85690
17649,17649,Debit Card,Paid,135176
17650,17650,Credit Card,Pending,136575
17651,17651,Credit Card,Paid,297636
17652,17652,Credit Card,Paid,507276
17653,17653,Debit Card,Paid,138654
17654,17654,UPI,Paid,55660
17655,17655,UPI,Paid,418376
17656,17656,Debit Card,Failed,95212
17657,17657,UPI,Pending,400050
17658,17658,UPI,Paid,185600
17659,17659,Credit Card,Failed,152022
17660,17660,Cash,Paid,495882
17661,17661,UPI,Paid,178128
17662,17662,Credit Card,Paid,117748
17663,17663,UPI,Paid,12075
17664,17664,Net Banking,Pending,140428
17665,17665,UPI,Paid,141112
17666,17666,Cash,Paid,388530
17667,17667,Credit Card,Paid,443890
17668,17668,UPI,Paid,88896
17669,17669,Credit Card,Paid,14859
17670,17670,UPI,Paid,242410
17671,17671,UPI,Failed,336854
17672,17672,Net Banking,Failed,30623
17673,17673,UPI,Paid,4273
17674,17674,Cash,Paid,135176
17675,17675,Debit Card,Paid,481730
17676,17676,UPI,Failed,251886
17677,17677,UPI,Paid,130465
17678,17678,Debit Card,Paid,513350
17679,17679,UPI,Paid,279945
17680,17680,Net Banking,Paid,359058
17681,17681,Credit Card,Paid,210430
17682,17682,Credit Card,Paid,153882
17683,17683,Credit Card,Paid,431838
17684,17684,Net Banking,Paid,149744
17685,17685,UPI,Paid,99176
17686,17686,Net Banking,Paid,167652
17687,17687,UPI,Paid,93118
17688,17688,UPI,Paid,225531
17689,17689,UPI,Paid,135235
17690,17690,UPI,Paid,39508
17691,17691,Net Banking,Paid,545770
17692,17692,UPI,Paid,221752
17693,17693,UPI,Failed,57682
17694,17694,Debit Card,Failed,234837
17695,17695,UPI,Paid,101070
17696,17696,UPI,Paid,74564
17697,17697,UPI,Paid,27288
17698,17698,Credit Card,Paid,314024
17699,17699,UPI,Pending,434070
17700,17700,Credit Card,Paid,156404
17701,17701,UPI,Paid,468261
17702,17702,Credit Card,Paid,169316
17703,17703,Credit Card,Paid,73670
17704,17704,Net Banking,Paid,77961
17705,17705,UPI,Paid,99030
17706,17706,UPI,Paid,11858
17707,17707,UPI,Failed,14656
17708,17708,UPI,Paid,335200
17709,17709,UPI,Pending,53669
17710,17710,Debit Card,Failed,213689
17711,17711,Debit Card,Paid,232904
17712,17712,Debit Card,Paid,282324
17713,17713,Net Banking,Paid,64368
17714,17714,Credit Card,Paid,206668
17715,17715,Credit Card,Paid,238917
17716,17716,UPI,Failed,345312
17717,17717,Credit Card,Pending,101646
17718,17718,Credit Card,Paid,73212
17719,17719,UPI,Paid,192640
17720,17720,Debit Card,Paid,427536
17721,17721,UPI,Failed,59036
17722,17722,Cash,Paid,74585
17723,17723,Debit Card,Paid,468180
17724,17724,Credit Card,Paid,412872
17725,17725,UPI,Paid,310723
17726,17726,UPI,Paid,183105
17727,17727,Credit Card,Paid,309463
17728,17728,Net Banking,Paid,27447
17729,17729,Net Banking,Paid,53442
17730,17730,Net Banking,Paid,42730
17731,17731,UPI,Paid,91315
17732,17732,Credit Card,Failed,15884
17733,17733,UPI,Paid,92996
17734,17734,UPI,Paid,240020
17735,17735,Cash,Failed,173348
17736,17736,Net Banking,Paid,344372
17737,17737,UPI,Paid,382990
17738,17738,Net Banking,Paid,88311
17739,17739,Cash,Paid,79420
17740,17740,UPI,Failed,123459
17741,17741,UPI,Paid,87432
17742,17742,Credit Card,Failed,45726
17743,17743,Credit Card,Paid,121125
17744,17744,Credit Card,Pending,100680
17745,17745,Credit Card,Paid,73260
17746,17746,Debit Card,Paid,270775
17747,17747,Credit Card,Paid,172368
17748,17748,Cash,Paid,452574
17749,17749,Cash,Paid,191982
17750,17750,Credit Card,Paid,228580
17751,17751,UPI,Paid,162126
17752,17752,UPI,Failed,35156
17753,17753,UPI,Failed,206297
17754,17754,Debit Card,Paid,228501
17755,17755,UPI,Paid,541550
17756,17756,Credit Card,Paid,239885
17757,17757,Credit Card,Paid,43968
17758,17758,Credit Card,Failed,84172
17759,17759,Credit Card,Paid,52636
17760,17760,Cash,Paid,29630
17761,17761,Credit Card,Paid,55668
17762,17762,Credit Card,Paid,160326
17763,17763,Credit Card,Pending,128328
17764,17764,UPI,Paid,30444
17765,17765,Credit Card,Paid,323510
17766,17766,UPI,Paid,51093
17767,17767,UPI,Paid,308800
17768,17768,UPI,Paid,213921
17769,17769,Net Banking,Paid,184930
17770,17770,UPI,Failed,90567
17771,17771,Debit Card,Pending,63738
17772,17772,UPI,Paid,430090
17773,17773,Net Banking,Paid,473994
17774,17774,UPI,Paid,95450
17775,17775,UPI,Paid,143784
17776,17776,Cash,Paid,228224
17777,17777,UPI,Paid,14697
17778,17778,UPI,Paid,123459
17779,17779,Debit Card,Paid,20136
17780,17780,UPI,Paid,164437
17781,17781,UPI,Paid,40950
17782,17782,Credit Card,Paid,320820
17783,17783,Credit Card,Paid,132520
17784,17784,UPI,Pending,71088
17785,17785,Debit Card,Paid,95450
17786,17786,UPI,Paid,151960
17787,17787,UPI,Paid,36835
17788,17788,UPI,Paid,30880
17789,17789,Cash,Paid,57570
17790,17790,Debit Card,Paid,380604
17791,17791,Debit Card,Paid,191214
17792,17792,Credit Card,Paid,500770
17793,17793,Cash,Paid,537620
17794,17794,Debit Card,Paid,127832
17795,17795,UPI,Paid,227940
17796,17796,Debit Card,Paid,385686
17797,17797,UPI,Paid,258045
17798,17798,Credit Card,Paid,131868
17799,17799,Debit Card,Paid,149024
17800,17800,Net Banking,Paid,450603
17801,17801,Net Banking,Paid,244216
17802,17802,UPI,Paid,308080
17803,17803,Cash,Paid,14216
17804,17804,Net Banking,Paid,169280
17805,17805,Debit Card,Paid,295240
17806,17806,Credit Card,Paid,235250
17807,17807,Cash,Paid,173760
17808,17808,Net Banking,Paid,199632
17809,17809,Net Banking,Paid,308010
17810,17810,UPI,Paid,400560
17811,17811,Cash,Paid,78200
17812,17812,UPI,Paid,129423
17813,17813,UPI,Paid,182036
17814,17814,Credit Card,Paid,134712
17815,17815,UPI,Paid,22858
17816,17816,Credit Card,Paid,43773
17817,17817,Debit Card,Paid,154116
17818,17818,UPI,Paid,205765
17819,17819,Net Banking,Paid,195648
17820,17820,Credit Card,Paid,357670
17821,17821,UPI,Paid,122520
17822,17822,UPI,Paid,550980
17823,17823,Debit Card,Failed,165884
17824,17824,Credit Card,Failed,103068
17825,17825,Debit Card,Paid,282114
17826,17826,Credit Card,Pending,265254
17827,17827,Debit Card,Paid,201144
17828,17828,UPI,Paid,129510
17829,17829,Cash,Failed,104730
17830,17830,UPI,Paid,234330
17831,17831,UPI,Failed,223020
17832,17832,UPI,Paid,326232
17833,17833,Credit Card,Paid,78202
17834,17834,Debit Card,Paid,542360
17835,17835,Credit Card,Paid,362352
17836,17836,Credit Card,Paid,199250
17837,17837,UPI,Paid,23426
17838,17838,Debit Card,Failed,45251
17839,17839,Credit Card,Failed,264630
17840,17840,Debit Card,Failed,383816
17841,17841,Credit Card,Pending,358320
17842,17842,Net Banking,Paid,329350
17843,17843,Credit Card,Failed,42086
17844,17844,Credit Card,Paid,246952
17845,17845,Net Banking,Paid,238960
17846,17846,Cash,Paid,355761
17847,17847,UPI,Paid,41195
17848,17848,Credit Card,Paid,269032
17849,17849,UPI,Paid,71688
17850,17850,UPI,Paid,115770
17851,17851,Cash,Paid,132888
17852,17852,UPI,Failed,425420
17853,17853,Debit Card,Failed,431793
17854,17854,Debit Card,Paid,100630
17855,17855,UPI,Paid,323880
17856,17856,Credit Card,Failed,322758
17857,17857,UPI,Paid,13150
17858,17858,Credit Card,Paid,436616
17859,17859,Cash,Paid,463284
17860,17860,UPI,Paid,160770
17861,17861,UPI,Paid,320652
17862,17862,Debit Card,Paid,95070
17863,17863,Credit Card,Paid,195500
17864,17864,Debit Card,Paid,144012
17865,17865,Debit Card,Pending,207088
17866,17866,UPI,Failed,9008
17867,17867,Credit Card,Paid,15543
17868,17868,Credit Card,Paid,183162
17869,17869,Credit Card,Paid,53256
17870,17870,Credit Card,Paid,95100
17871,17871,Credit Card,Failed,18489
17872,17872,Cash,Paid,78921
17873,17873,UPI,Paid,279354
17874,17874,Debit Card,Pending,149024
17875,17875,Credit Card,Failed,233388
17876,17876,Debit Card,Paid,336290
17877,17877,Debit Card,Paid,56864
17878,17878,Cash,Paid,84964
17879,17879,Net Banking,Paid,76760
17880,17880,UPI,Pending,353277
17881,17881,UPI,Failed,110606
17882,17882,UPI,Paid,203427
17883,17883,Credit Card,Paid,93376
17884,17884,Debit Card,Paid,137148
17885,17885,Credit Card,Paid,109844
17886,17886,UPI,Paid,29911
17887,17887,Credit Card,Paid,49530
17888,17888,Credit Card,Paid,346590
17889,17889,UPI,Pending,57351
17890,17890,Credit Card,Paid,148536
17891,17891,Credit Card,Paid,343350
17892,17892,Credit Card,Paid,160864
17893,17893,UPI,Paid,112458
17894,17894,Credit Card,Paid,396848
17895,17895,Cash,Paid,449260
17896,17896,Debit Card,Paid,40344
17897,17897,Cash,Pending,364332
17898,17898,Net Banking,Paid,283315
17899,17899,Credit Card,Failed,159744
17900,17900,Cash,Pending,46702
17901,17901,Credit Card,Pending,259320
17902,17902,UPI,Paid,127128
17903,17903,UPI,Pending,79206
17904,17904,Credit Card,Paid,354928
17905,17905,UPI,Paid,96850
17906,17906,Debit Card,Paid,242550
17907,17907,Debit Card,Paid,58650
17908,17908,Cash,Failed,70053
17909,17909,Cash,Paid,111326
17910,17910,UPI,Paid,201188
17911,17911,Credit Card,Paid,337211
17912,17912,Net Banking,Pending,146532
17913,17913,UPI,Pending,70885
17914,17914,Cash,Paid,82756
17915,17915,UPI,Pending,54789
17916,17916,Credit Card,Paid,77725
17917,17917,Debit Card,Failed,22858
17918,17918,UPI,Paid,34104
17919,17919,Net Banking,Paid,489490
17920,17920,UPI,Paid,207896
17921,17921,UPI,Paid,306230
17922,17922,Cash,Paid,378826
17923,17923,Cash,Paid,68943
17924,17924,Credit Card,Pending,329454
17925,17925,UPI,Paid,54894
17926,17926,Debit Card,Paid,237744
17927,17927,UPI,Paid,319095
17928,17928,Credit Card,Failed,180620
17929,17929,Credit Card,Paid,189452
17930,17930,Credit Card,Pending,142904
17931,17931,UPI,Paid,97858
17932,17932,UPI,Paid,83205
17933,17933,UPI,Paid,405632
17934,17934,UPI,Paid,108046
17935,17935,UPI,Paid,75096
17936,17936,UPI,Paid,63994
17937,17937,UPI,Paid,375800
17938,17938,UPI,Paid,206994
17939,17939,Credit Card,Paid,252360
17940,17940,Credit Card,Paid,243423
17941,17941,Net Banking,Paid,362056
17942,17942,Net Banking,Paid,245574
17943,17943,Debit Card,Paid,138552
17944,17944,UPI,Paid,234048
17945,17945,UPI,Pending,422658
17946,17946,Net Banking,Paid,27437
17947,17947,UPI,Paid,152469
17948,17948,Cash,Paid,500770
17949,17949,UPI,Pending,114456
17950,17950,Net Banking,Paid,120456
17951,17951,UPI,Paid,29312
17952,17952,Credit Card,Paid,113326
17953,17953,UPI,Paid,38510
17954,17954,Cash,Failed,148536
17955,17955,Credit Card,Paid,17450
17956,17956,Cash,Paid,40056
17957,17957,Debit Card,Paid,403857
17958,17958,UPI,Paid,126098
17959,17959,Debit Card,Paid,291109
17960,17960,UPI,Paid,184736
17961,17961,Credit Card,Paid,242550
17962,17962,UPI,Paid,169212
17963,17963,UPI,Paid,480040
17964,17964,UPI,Paid,178794
17965,17965,Credit Card,Paid,37826
17966,17966,Debit Card,Paid,102186
17967,17967,UPI,Failed,576820
17968,17968,UPI,Pending,138654
17969,17969,Debit Card,Pending,166401
17970,17970,Debit Card,Paid,98358
17971,17971,Debit Card,Paid,106952
17972,17972,Debit Card,Paid,37990
17973,17973,Net Banking,Paid,159345
17974,17974,Debit Card,Paid,307790
17975,17975,Cash,Paid,359058
17976,17976,Credit Card,Paid,44873
17977,17977,UPI,Paid,59376
17978,17978,Net Banking,Paid,137552
17979,17979,UPI,Paid,185850
17980,17980,Credit Card,Paid,23716
17981,17981,Cash,Paid,213921
17982,17982,UPI,Paid,214360
17983,17983,UPI,Paid,40024
17984,17984,Debit Card,Paid,231060
17985,17985,UPI,Pending,250964
17986,17986,UPI,Paid,77924
17987,17987,UPI,Paid,43845
17988,17988,Debit Card,Paid,414531
17989,17989,UPI,Paid,405096
17990,17990,Credit Card,Failed,96552
17991,17991,UPI,Paid,69013
17992,17992,Credit Card,Paid,243968
17993,17993,Debit Card,Paid,54528
17994,17994,UPI,Paid,196130
17995,17995,Credit Card,Paid,344754
17996,17996,Credit Card,Paid,50340
17997,17997,Net Banking,Paid,58850
17998,17998,Credit Card,Paid,248768
17999,17999,UPI,Paid,216472
18000,18000,Credit Card,Paid,123648
18001,18001,Cash,Paid,183804
18002,18002,UPI,Failed,48536
18003,18003,UPI,Paid,101484
18004,18004,UPI,Paid,316757
18005,18005,Debit Card,Paid,16251
18006,18006,UPI,Failed,265410
18007,18007,Credit Card,Pending,111768
18008,18008,UPI,Paid,277398
18009,18009,Cash,Paid,79872
18010,18010,UPI,Paid,306180
18011,18011,Net Banking,Failed,180140
18012,18012,UPI,Paid,74137
18013,18013,Credit Card,Paid,235496
18014,18014,Cash,Paid,214326
18015,18015,Debit Card,Failed,143556
18016,18016,UPI,Paid,173348
18017,18017,UPI,Paid,97929
18018,18018,Credit Card,Failed,359820
18019,18019,UPI,Paid,154110
18020,18020,Debit Card,Pending,395514
18021,18021,Credit Card,Paid,65572
18022,18022,Cash,Paid,20780
18023,18023,UPI,Paid,332213
18024,18024,UPI,Paid,202816
18025,18025,Credit Card,Pending,34720
18026,18026,Net Banking,Paid,33272
18027,18027,Debit Card,Paid,203892
18028,18028,UPI,Failed,380604
18029,18029,Cash,Paid,89802
18030,18030,UPI,Failed,102952
18031,18031,UPI,Paid,514350
18032,18032,UPI,Paid,72176
18033,18033,Debit Card,Failed,199215
18034,18034,Debit Card,Paid,446454
18035,18035,Credit Card,Failed,63916
18036,18036,Cash,Failed,130272
18037,18037,UPI,Paid,129423
18038,18038,Credit Card,Failed,159468
18039,18039,Credit Card,Paid,46668
18040,18040,UPI,Paid,384032
18041,18041,Debit Card,Paid,47937
18042,18042,Cash,Paid,157020
18043,18043,Credit Card,Paid,289038
18044,18044,UPI,Failed,147340
18045,18045,Net Banking,Failed,71356
18046,18046,Credit Card,Paid,270775
18047,18047,UPI,Paid,349210
18048,18048,Credit Card,Paid,275790
18049,18049,UPI,Paid,102312
18050,18050,UPI,Paid,258560
18051,18051,Net Banking,Paid,141840
18052,18052,Credit Card,Paid,14540
18053,18053,UPI,Paid,277104
18054,18054,Credit Card,Paid,130008
18055,18055,Debit Card,Paid,291109
18056,18056,UPI,Paid,102429
18057,18057,UPI,Paid,30880
18058,18058,Cash,Paid,125372
18059,18059,Debit Card,Paid,54118
18060,18060,UPI,Failed,153196
18061,18061,Credit Card,Failed,42364
18062,18062,Debit Card,Paid,12819
18063,18063,UPI,Paid,54528
18064,18064,UPI,Pending,82458
18065,18065,Cash,Paid,123452
18066,18066,Cash,Paid,147912
18067,18067,Credit Card,Paid,17752
18068,18068,UPI,Paid,231070
18069,18069,UPI,Pending,258588
18070,18070,UPI,Paid,340088
18071,18071,Credit Card,Paid,46676
18072,18072,Credit Card,Paid,305312
18073,18073,Cash,Paid,196525
18074,18074,UPI,Failed,114201
18075,18075,UPI,Paid,257592
18076,18076,UPI,Paid,101484
18077,18077,UPI,Pending,93688
18078,18078,Debit Card,Pending,139775
18079,18079,UPI,Paid,127128
18080,18080,Credit Card,Failed,358608
18081,18081,Debit Card,Pending,254952
18082,18082,Credit Card,Paid,212016
18083,18083,UPI,Paid,242304
18084,18084,UPI,Paid,45965
18085,18085,UPI,Paid,85690
18086,18086,Credit Card,Paid,64164
18087,18087,Debit Card,Paid,10992
18088,18088,Cash,Paid,201510
18089,18089,Net Banking,Failed,60992
18090,18090,Net Banking,Paid,211029
18091,18091,Net Banking,Pending,273707
18092,18092,Debit Card,Paid,28538
18093,18093,Net Banking,Paid,86880
18094,18094,Credit Card,Failed,43716
18095,18095,Credit Card,Paid,157044
18096,18096,Credit Card,Paid,93404
18097,18097,Credit Card,Paid,117884
18098,18098,Cash,Paid,71080
18099,18099,Net Banking,Paid,38590
18100,18100,UPI,Failed,36028
18101,18101,Credit Card,Paid,35160
18102,18102,Cash,Paid,260472
18103,18103,Debit Card,Failed,115364
18104,18104,Credit Card,Paid,415962
18105,18105,UPI,Paid,217692
18106,18106,UPI,Paid,306448
18107,18107,UPI,Paid,279550
18108,18108,UPI,Pending,136784
18109,18109,UPI,Pending,311200
18110,18110,Debit Card,Paid,282950
18111,18111,Debit Card,Paid,95170
18112,18112,UPI,Paid,186280
18113,18113,Net Banking,Paid,48536
18114,18114,Credit Card,Paid,31086
18115,18115,Credit Card,Failed,119280
18116,18116,UPI,Paid,149744
18117,18117,Debit Card,Failed,202068
18118,18118,UPI,Failed,337374
18119,18119,UPI,Paid,163728
18120,18120,Credit Card,Paid,251430
18121,18121,Net Banking,Paid,39640
18122,18122,Credit Card,Paid,119205
18123,18123,Debit Card,Paid,30685
18124,18124,UPI,Paid,195505
18125,18125,Net Banking,Pending,197855
18126,18126,UPI,Paid,114456
18127,18127,UPI,Pending,202440
18128,18128,UPI,Paid,159468
18129,18129,Net Banking,Paid,74292
18130,18130,Credit Card,Paid,78968
18131,18131,Debit Card,Failed,182298
18132,18132,Net Banking,Failed,73242
18133,18133,UPI,Pending,45525
18134,18134,Credit Card,Paid,187704
18135,18135,UPI,Paid,180824
18136,18136,Debit Card,Pending,31380
18137,18137,UPI,Paid,362352
18138,18138,Net Banking,Paid,17787
18139,18139,Net Banking,Paid,559940
18140,18140,Credit Card,Failed,214795
18141,18141,Credit Card,Paid,545770
18142,18142,Debit Card,Paid,130848
18143,18143,UPI,Paid,397873
18144,18144,UPI,Failed,247650
18145,18145,Debit Card,Paid,20780
18146,18146,UPI,Failed,236192
18147,18147,Net Banking,Paid,157164
18148,18148,UPI,Paid,296300
18149,18149,Cash,Paid,71325
18150,18150,Cash,Paid,32262
18151,18151,UPI,Paid,17092
18152,18152,Debit Card,Paid,246720
18153,18153,Credit Card,Paid,95964
18154,18154,Credit Card,Paid,491193
18155,18155,UPI,Paid,255801
18156,18156,Net Banking,Paid,452940
18157,18157,UPI,Pending,34184
18158,18158,UPI,Paid,177780
18159,18159,Cash,Paid,36986
18160,18160,Credit Card,Paid,300681
18161,18161,Net Banking,Pending,176622
18162,18162,UPI,Paid,159780
18163,18163,Debit Card,Paid,112995
18164,18164,Credit Card,Paid,279516
18165,18165,Credit Card,Paid,238917
18166,18166,Credit Card,Paid,323526
18167,18167,UPI,Paid,390663
18168,18168,Cash,Paid,95868
18169,18169,Credit Card,Paid,316992
18170,18170,Net Banking,Paid,229836
18171,18171,UPI,Paid,194072
18172,18172,Credit Card,Pending,192550
18173,18173,Cash,Paid,407313
18174,18174,UPI,Paid,233440
18175,18175,UPI,Paid,369472
18176,18176,Net Banking,Paid,140637
18177,18177,Cash,Paid,167913
18178,18178,Debit Card,Paid,317408
18179,18179,UPI,Paid,428265
18180,18180,Debit Card,Paid,162402
18181,18181,Cash,Paid,72704
18182,18182,Cash,Paid,516537
18183,18183,UPI,Paid,113751
18184,18184,UPI,Paid,25886
18185,18185,Credit Card,Paid,82392
18186,18186,Cash,Paid,117576
18187,18187,UPI,Paid,52734
18188,18188,Net Banking,Paid,62132
18189,18189,Credit Card,Pending,431700
18190,18190,Cash,Paid,529220
18191,18191,Credit Card,Pending,109056
18192,18192,Net Banking,Paid,31782
18193,18193,Net Banking,Paid,113810
18194,18194,UPI,Paid,79206
18195,18195,UPI,Paid,128660
18196,18196,Debit Card,Paid,503946
18197,18197,Debit Card,Paid,491256
18198,18198,UPI,Failed,88195
18199,18199,Credit Card,Pending,51296
18200,18200,Credit Card,Failed,154005
18201,18201,UPI,Paid,41495
18202,18202,Credit Card,Paid,129660
18203,18203,Debit Card,Paid,553340
18204,18204,UPI,Paid,31096
18205,18205,Debit Card,Pending,267183
18206,18206,UPI,Paid,253780
18207,18207,Credit Card,Paid,52666
18208,18208,UPI,Paid,285425
18209,18209,Credit Card,Paid,364680
18210,18210,Credit Card,Paid,28772
18211,18211,Debit Card,Failed,306750
18212,18212,UPI,Paid,149874
18213,18213,Net Banking,Paid,55334
18214,18214,UPI,Paid,214361
18215,18215,Cash,Paid,80304
18216,18216,Net Banking,Paid,316799
18217,18217,UPI,Paid,607220
18218,18218,UPI,Paid,430990
18219,18219,UPI,Paid,463680
18220,18220,Debit Card,Pending,106312
18221,18221,UPI,Paid,158496
18222,18222,Debit Card,Pending,87432
18223,18223,Credit Card,Paid,81688
18224,18224,Cash,Paid,434120
18225,18225,Credit Card,Paid,480040
18226,18226,UPI,Paid,200280
18227,18227,Cash,Paid,109152
18228,18228,UPI,Failed,134516
18229,18229,UPI,Paid,76336
18230,18230,Cash,Paid,210430
18231,18231,Cash,Paid,19613
18232,18232,UPI,Paid,320760
18233,18233,UPI,Paid,265776
18234,18234,UPI,Paid,537620
18235,18235,UPI,Paid,109818
18236,18236,UPI,Paid,51864
18237,18237,Credit Card,Paid,346590
18238,18238,UPI,Paid,309252
18239,18239,Credit Card,Paid,402288
18240,18240,Credit Card,Paid,375032
18241,18241,UPI,Pending,130396
18242,18242,UPI,Paid,297400
18243,18243,UPI,Paid,537912
18244,18244,UPI,Paid,335216
18245,18245,Cash,Paid,215064
18246,18246,UPI,Paid,152112
18247,18247,Credit Card,Paid,31782
18248,18248,Credit Card,Paid,61236
18249,18249,UPI,Paid,194500
18250,18250,UPI,Paid,171450
18251,18251,Credit Card,Paid,273510
18252,18252,Credit Card,Paid,88416
18253,18253,UPI,Paid,59264
18254,18254,UPI,Paid,365218
18255,18255,Debit Card,Paid,291789
18256,18256,Cash,Paid,17250
18257,18257,UPI,Paid,206168
18258,18258,UPI,Paid,19424
18259,18259,UPI,Paid,536670
18260,18260,UPI,Failed,164542
18261,18261,UPI,Paid,203980
18262,18262,UPI,Paid,477040
18263,18263,Cash,Paid,113970
18264,18264,Credit Card,Paid,516537
18265,18265,UPI,Paid,219401
18266,18266,UPI,Paid,597680
18267,18267,Debit Card,Paid,200727
18268,18268,Debit Card,Paid,88592
18269,18269,Cash,Failed,142218
18270,18270,Credit Card,Paid,58304
18271,18271,UPI,Pending,191168
18272,18272,Credit Card,Paid,102214
18273,18273,Credit Card,Paid,7328
18274,18274,Credit Card,Paid,114918
18275,18275,Cash,Paid,109500
18276,18276,UPI,Pending,176420
18277,18277,Credit Card,Paid,165294
18278,18278,Credit Card,Paid,148700
18279,18279,Credit Card,Paid,115258
18280,18280,Net Banking,Paid,76113
18281,18281,Debit Card,Paid,80544
18282,18282,UPI,Paid,35461
18283,18283,UPI,Paid,278950
18284,18284,UPI,Paid,320760
18285,18285,Credit Card,Paid,109844
18286,18286,UPI,Paid,35160
18287,18287,UPI,Failed,235768
18288,18288,Credit Card,Paid,55470
18289,18289,Credit Card,Paid,196630
18290,18290,UPI,Paid,122520
18291,18291,Net Banking,Pending,18111
18292,18292,Cash,Paid,138552
18293,18293,UPI,Pending,187900
18294,18294,UPI,Paid,256656
18295,18295,Net Banking,Paid,89520
18296,18296,UPI,Paid,49120
18297,18297,Credit Card,Pending,239910
18298,18298,UPI,Paid,307790
18299,18299,Net Banking,Paid,216041
18300,18300,UPI,Failed,33690
18301,18301,UPI,Pending,45040
18302,18302,Debit Card,Paid,100630
18303,18303,Cash,Paid,40775
18304,18304,UPI,Paid,61788
18305,18305,Cash,Paid,68782
18306,18306,Credit Card,Paid,185730
18307,18307,Credit Card,Paid,30383
18308,18308,UPI,Paid,157052
18309,18309,Net Banking,Paid,139684
18310,18310,UPI,Paid,79254
18311,18311,UPI,Paid,121532
18312,18312,Cash,Paid,325416
18313,18313,UPI,Paid,173880
18314,18314,UPI,Paid,174912
18315,18315,UPI,Paid,64947
18316,18316,UPI,Paid,219000
18317,18317,UPI,Paid,98928
18318,18318,Cash,Paid,102588
18319,18319,Cash,Paid,109154
18320,18320,UPI,Paid,153548
18321,18321,UPI,Paid,17639
18322,18322,UPI,Paid,343640
18323,18323,Cash,Paid,139640
18324,18324,UPI,Paid,34083
18325,18325,UPI,Paid,36640
18326,18326,UPI,Paid,28115
18327,18327,Credit Card,Failed,72692
18328,18328,Credit Card,Paid,108245
18329,18329,Credit Card,Paid,152469
18330,18330,UPI,Paid,107469
18331,18331,Credit Card,Pending,126933
18332,18332,Credit Card,Failed,292047
18333,18333,Net Banking,Paid,146970
18334,18334,UPI,Pending,148020
18335,18335,Credit Card,Paid,166401
18336,18336,Debit Card,Failed,44913
18337,18337,UPI,Paid,496060
18338,18338,Credit Card,Paid,46530
18339,18339,UPI,Failed,79168
18340,18340,UPI,Paid,49958
18341,18341,Credit Card,Paid,44901
18342,18342,UPI,Paid,201352
18343,18343,UPI,Paid,147355
18344,18344,UPI,Failed,29942
18345,18345,UPI,Paid,54372
18346,18346,Debit Card,Paid,310491
18347,18347,Credit Card,Paid,146280
18348,18348,UPI,Paid,96768
18349,18349,Cash,Paid,95304
18350,18350,Debit Card,Paid,39603
18351,18351,Credit Card,Paid,368662
18352,18352,Net Banking,Failed,14917
18353,18353,Debit Card,Paid,298800
18354,18354,UPI,Paid,89056
18355,18355,Credit Card,Paid,147710
18356,18356,Credit Card,Paid,277350
18357,18357,UPI,Paid,87912
18358,18358,UPI,Paid,152469
18359,18359,UPI,Paid,194428
18360,18360,Credit Card,Paid,336028
18361,18361,UPI,Paid,481284
18362,18362,UPI,Pending,51495
18363,18363,UPI,Paid,102879
18364,18364,Credit Card,Paid,48231
18365,18365,UPI,Paid,215460
18366,18366,UPI,Paid,127128
18367,18367,Credit Card,Paid,139758
18368,18368,Cash,Paid,329628
18369,18369,Net Banking,Paid,192692
18370,18370,UPI,Failed,89056
18371,18371,UPI,Paid,147185
18372,18372,Cash,Paid,47050
18373,18373,Debit Card,Paid,22492
18374,18374,UPI,Paid,144888
18375,18375,Net Banking,Paid,1725
18376,18376,UPI,Paid,10992
18377,18377,Debit Card,Paid,101716
18378,18378,UPI,Paid,118168
18379,18379,UPI,Failed,21747
18380,18380,Debit Card,Paid,128764
18381,18381,Net Banking,Paid,106920
18382,18382,Debit Card,Paid,76944
18383,18383,Credit Card,Paid,216620
18384,18384,UPI,Paid,122085
18385,18385,Credit Card,Paid,30675
18386,18386,UPI,Failed,357260
18387,18387,Credit Card,Paid,133636
18388,18388,Credit Card,Pending,25092
18389,18389,Net Banking,Paid,344792
18390,18390,UPI,Paid,477040
18391,18391,UPI,Paid,93906
18392,18392,Credit Card,Pending,335216
18393,18393,UPI,Paid,174400
18394,18394,Debit Card,Paid,131500
18395,18395,Credit Card,Paid,42629
18396,18396,Cash,Paid,218331
18397,18397,Credit Card,Paid,136236
18398,18398,Credit Card,Paid,95380
18399,18399,UPI,Paid,12173
18400,18400,Credit Card,Paid,452574
18401,18401,Credit Card,Paid,265780
18402,18402,Debit Card,Paid,324930
18403,18403,UPI,Paid,222540
18404,18404,UPI,Paid,52486
18405,18405,Credit Card,Paid,238625
18406,18406,UPI,Paid,277767
18407,18407,Cash,Paid,89852
18408,18408,Credit Card,Paid,62192
18409,18409,Cash,Paid,95552
18410,18410,Net Banking,Paid,126960
18411,18411,Debit Card,Paid,498942
18412,18412,UPI,Paid,108744
18413,18413,Net Banking,Paid,55470
18414,18414,UPI,Paid,68118
18415,18415,UPI,Paid,335216
18416,18416,Credit Card,Paid,167157
18417,18417,UPI,Pending,134703
18418,18418,Cash,Paid,322752
18419,18419,UPI,Failed,214356
18420,18420,Net Banking,Paid,79280
18421,18421,UPI,Paid,226457
18422,18422,Credit Card,Pending,408856
18423,18423,Cash,Failed,356400
18424,18424,Debit Card,Paid,291109
18425,18425,UPI,Paid,104348
18426,18426,Cash,Failed,473994
18427,18427,Cash,Paid,123288
18428,18428,Credit Card,Pending,129430
18429,18429,Credit Card,Paid,75507
18430,18430,UPI,Paid,114464
18431,18431,UPI,Paid,370454
18432,18432,UPI,Paid,283980
18433,18433,Cash,Paid,304536
18434,18434,Net Banking,Paid,95584
18435,18435,Credit Card,Paid,294602
18436,18436,UPI,Failed,89270
18437,18437,UPI,Paid,111846
18438,18438,Credit Card,Paid,126258
18439,18439,UPI,Paid,79562
18440,18440,Net Banking,Pending,163731
18441,18441,Cash,Failed,90498
18442,18442,Cash,Paid,95364
18443,18443,Net Banking,Pending,112539
18444,18444,Debit Card,Paid,81688
18445,18445,Credit Card,Pending,18016
18446,18446,Debit Card,Paid,14971
18447,18447,Net Banking,Paid,307179
18448,18448,Credit Card,Paid,122532
18449,18449,UPI,Paid,54576
18450,18450,UPI,Paid,44606
18451,18451,UPI,Paid,302190
18452,18452,Debit Card,Paid,201144
18453,18453,UPI,Paid,218336
18454,18454,Debit Card,Paid,136755
18455,18455,Credit Card,Paid,117024
18456,18456,UPI,Paid,402160
18457,18457,UPI,Paid,41196
18458,18458,Credit Card,Paid,136527
18459,18459,Credit Card,Pending,189144
18460,18460,Credit Card,Paid,434070
18461,18461,UPI,Paid,101376
18462,18462,Credit Card,Failed,179310
18463,18463,Cash,Pending,54519
18464,18464,Debit Card,Pending,43773
18465,18465,Credit Card,Paid,408856
18466,18466,UPI,Paid,66260
18467,18467,Credit Card,Paid,228928
18468,18468,UPI,Paid,183708
18469,18469,Net Banking,Paid,67380
18470,18470,UPI,Paid,130800
18471,18471,Credit Card,Paid,115258
18472,18472,UPI,Paid,54584
18473,18473,Cash,Paid,35678
18474,18474,UPI,Paid,93840
18475,18475,Debit Card,Paid,444152
18476,18476,UPI,Paid,20508
18477,18477,UPI,Failed,258957
18478,18478,UPI,Failed,264080
18479,18479,UPI,Paid,38299
18480,18480,Net Banking,Paid,89802
18481,18481,UPI,Paid,115494
18482,18482,Net Banking,Paid,95991
18483,18483,UPI,Paid,96246
18484,18484,Credit Card,Paid,173696
18485,18485,Debit Card,Paid,77793
18486,18486,UPI,Paid,117165
18487,18487,Cash,Paid,56362
18488,18488,Net Banking,Pending,374256
18489,18489,UPI,Paid,154428
18490,18490,UPI,Failed,141990
18491,18491,UPI,Paid,81141
18492,18492,Credit Card,Paid,95450
18493,18493,UPI,Pending,176216
18494,18494,Net Banking,Failed,70885
18495,18495,UPI,Paid,77796
18496,18496,Debit Card,Paid,43158
18497,18497,UPI,Paid,186750
18498,18498,UPI,Failed,231070
18499,18499,Debit Card,Paid,310491
18500,18500,Debit Card,Paid,125826
18501,18501,Cash,Paid,229502
18502,18502,UPI,Failed,123048
18503,18503,Credit Card,Paid,155592
18504,18504,Net Banking,Paid,109038
18505,18505,Debit Card,Paid,268191
18506,18506,Debit Card,Paid,356811
18507,18507,Debit Card,Paid,111900
18508,18508,Credit Card,Paid,89212
18509,18509,UPI,Pending,153882
18510,18510,Credit Card,Paid,328734
18511,18511,Credit Card,Paid,228861
18512,18512,UPI,Failed,29437
18513,18513,Credit Card,Paid,246576
18514,18514,UPI,Pending,56346
18515,18515,UPI,Pending,198352
18516,18516,UPI,Paid,136440
18517,18517,UPI,Paid,193800
18518,18518,Debit Card,Paid,520200
18519,18519,UPI,Failed,173648
18520,18520,UPI,Paid,178128
18521,18521,UPI,Paid,38900
18522,18522,Net Banking,Paid,130800
18523,18523,Credit Card,Paid,39396
18524,18524,Credit Card,Pending,24188
18525,18525,Cash,Paid,247696
18526,18526,UPI,Pending,365218
18527,18527,Credit Card,Paid,407646
18528,18528,UPI,Pending,475850
18529,18529,UPI,Paid,358608
18530,18530,UPI,Paid,39584
18531,18531,Credit Card,Paid,160368
18532,18532,UPI,Paid,233910
18533,18533,Credit Card,Failed,129280
18534,18534,UPI,Paid,95346
18535,18535,Cash,Pending,21365
18536,18536,UPI,Paid,101070
18537,18537,UPI,Pending,42629
18538,18538,Debit Card,Paid,314104
18539,18539,Net Banking,Paid,286816
18540,18540,Credit Card,Pending,135235
18541,18541,Net Banking,Paid,152064
18542,18542,UPI,Paid,26509
18543,18543,Net Banking,Paid,154360
18544,18544,Credit Card,Paid,200590
18545,18545,Net Banking,Paid,58874
18546,18546,UPI,Failed,258594
18547,18547,Credit Card,Failed,193995
18548,18548,Credit Card,Pending,79520
18549,18549,Debit Card,Paid,372240
18550,18550,Cash,Paid,162743
18551,18551,Credit Card,Paid,154005
18552,18552,UPI,Paid,119365
18553,18553,UPI,Paid,104855
18554,18554,UPI,Paid,327860
18555,18555,Credit Card,Paid,34196
18556,18556,UPI,Paid,108188
18557,18557,Debit Card,Paid,149710
18558,18558,Debit Card,Pending,307790
18559,18559,UPI,Paid,35678
18560,18560,Cash,Failed,22706
18561,18561,UPI,Failed,30484
18562,18562,Cash,Paid,74382
18563,18563,Credit Card,Paid,7667
18564,18564,Debit Card,Pending,122532
18565,18565,Net Banking,Paid,49295
18566,18566,Credit Card,Paid,194145
18567,18567,Cash,Paid,50704
18568,18568,Debit Card,Paid,127832
18569,18569,UPI,Paid,472860
18570,18570,Cash,Paid,296040
18571,18571,Credit Card,Paid,122740
18572,18572,Debit Card,Paid,99432
18573,18573,UPI,Failed,359023
18574,18574,UPI,Pending,75652
18575,18575,Credit Card,Paid,116397
18576,18576,Debit Card,Failed,150318
18577,18577,UPI,Paid,88108
18578,18578,UPI,Paid,179704
18579,18579,UPI,Pending,22264
18580,18580,UPI,Paid,73930
18581,18581,Net Banking,Paid,281820
18582,18582,UPI,Paid,35504
18583,18583,Debit Card,Failed,154116
18584,18584,Net Banking,Paid,52362
18585,18585,Credit Card,Paid,17538
18586,18586,UPI,Paid,108892
18587,18587,UPI,Paid,21182
18588,18588,UPI,Paid,115494
18589,18589,Cash,Paid,103152
18590,18590,Net Banking,Paid,41981
18591,18591,UPI,Paid,32470
18592,18592,UPI,Paid,160995
18593,18593,Debit Card,Paid,148083
18594,18594,Debit Card,Paid,494442
18595,18595,Net Banking,Paid,87944
18596,18596,Debit Card,Failed,157086
18597,18597,Cash,Paid,53562
18598,18598,Credit Card,Paid,233016
18599,18599,Credit Card,Paid,279180
18600,18600,Credit Card,Paid,60576
18601,18601,UPI,Pending,220815
18602,18602,Credit Card,Failed,108188
18603,18603,Cash,Paid,419810
18604,18604,UPI,Pending,65952
18605,18605,Cash,Paid,175880
18606,18606,Credit Card,Paid,77200
18607,18607,UPI,Paid,101484
18608,18608,Credit Card,Paid,108815
18609,18609,Debit Card,Paid,253710
18610,18610,UPI,Paid,36040
18611,18611,Cash,Paid,52362
18612,18612,Credit Card,Paid,54938
18613,18613,Credit Card,Pending,358608
18614,18614,Credit Card,Paid,210664
18615,18615,UPI,Paid,204792
18616,18616,UPI,Paid,170517
18617,18617,Credit Card,Pending,168852
18618,18618,UPI,Paid,56404
18619,18619,Net Banking,Paid,212710
18620,18620,Credit Card,Pending,50637
18621,18621,UPI,Pending,333978
18622,18622,UPI,Pending,168450
18623,18623,Debit Card,Paid,2795
18624,18624,UPI,Paid,306392
18625,18625,UPI,Paid,222474
18626,18626,UPI,Paid,49120
18627,18627,Credit Card,Pending,79860
18628,18628,UPI,Paid,378161
18629,18629,UPI,Pending,16380
18630,18630,Credit Card,Paid,46320
18631,18631,Net Banking,Paid,91490
18632,18632,Net Banking,Paid,257845
18633,18633,UPI,Paid,42234
18634,18634,Credit Card,Failed,85490
18635,18635,UPI,Pending,419031
18636,18636,Net Banking,Paid,138654
18637,18637,Debit Card,Paid,25976
18638,18638,UPI,Paid,354816
18639,18639,UPI,Paid,104372
18640,18640,Cash,Paid,452016
18641,18641,Debit Card,Paid,68728
18642,18642,Credit Card,Pending,238880
18643,18643,Net Banking,Failed,166989
18644,18644,Credit Card,Paid,368350
18645,18645,Cash,Paid,407784
18646,18646,UPI,Paid,74382
18647,18647,UPI,Paid,38234
18648,18648,UPI,Paid,25653
18649,18649,Credit Card,Paid,308856
18650,18650,UPI,Paid,236650
18651,18651,Debit Card,Paid,288738
18652,18652,Debit Card,Paid,308220
18653,18653,Credit Card,Paid,218000
18654,18654,Debit Card,Pending,166360
18655,18655,UPI,Paid,33690
18656,18656,Credit Card,Paid,44380
18657,18657,Credit Card,Paid,27955
18658,18658,UPI,Failed,93288
18659,18659,Net Banking,Paid,412336
18660,18660,Debit Card,Paid,119061
18661,18661,Debit Card,Pending,43248
18662,18662,Cash,Paid,103313
18663,18663,UPI,Paid,509967
18664,18664,Cash,Paid,214225
18665,18665,UPI,Paid,216083
18666,18666,Net Banking,Failed,88572
18667,18667,Net Banking,Paid,20136
18668,18668,UPI,Paid,2795
18669,18669,Debit Card,Paid,385605
18670,18670,UPI,Paid,108850
18671,18671,UPI,Failed,55098
18672,18672,Credit Card,Paid,38387
18673,18673,Net Banking,Paid,103948
18674,18674,Debit Card,Paid,130011
18675,18675,Credit Card,Paid,165909
18676,18676,UPI,Paid,268810
18677,18677,Credit Card,Paid,53456
18678,18678,Debit Card,Paid,136784
18679,18679,UPI,Paid,52922
18680,18680,Debit Card,Paid,116320
18681,18681,Credit Card,Paid,234630
18682,18682,UPI,Paid,52916
18683,18683,UPI,Paid,213921
18684,18684,Credit Card,Paid,158336
18685,18685,UPI,Paid,35708
18686,18686,UPI,Paid,94108
18687,18687,UPI,Paid,144888
18688,18688,UPI,Paid,112260
18689,18689,Cash,Paid,452574
18690,18690,UPI,Paid,13384
18691,18691,Debit Card,Pending,363393
18692,18692,Debit Card,Paid,18111
18693,18693,Credit Card,Paid,313044
18694,18694,Net Banking,Paid,147944
18695,18695,Net Banking,Paid,131916
18696,18696,Debit Card,Paid,23639
18697,18697,UPI,Paid,152226
18698,18698,Credit Card,Paid,358620
18699,18699,UPI,Paid,95450
18700,18700,UPI,Paid,48536
18701,18701,UPI,Paid,55296
18702,18702,UPI,Paid,370944
18703,18703,Net Banking,Paid,296465
18704,18704,UPI,Paid,157095
18705,18705,Cash,Paid,41942
18706,18706,UPI,Pending,33396
18707,18707,Credit Card,Failed,254865
18708,18708,Credit Card,Paid,239058
18709,18709,Credit Card,Paid,148435
18710,18710,Credit Card,Paid,71930
18711,18711,Cash,Pending,68392
18712,18712,UPI,Paid,320820
18713,18713,UPI,Paid,55496
18714,18714,UPI,Paid,376400
18715,18715,UPI,Paid,161508
18716,18716,UPI,Pending,248768
18717,18717,UPI,Paid,31112
18718,18718,UPI,Paid,29834
18719,18719,Credit Card,Pending,158336
18720,18720,UPI,Paid,143811
18721,18721,UPI,Paid,87250
18722,18722,Debit Card,Paid,346300
18723,18723,Credit Card,Paid,481730
18724,18724,Credit Card,Paid,90498
18725,18725,Credit Card,Paid,121400
18726,18726,Credit Card,Paid,32643
18727,18727,Net Banking,Paid,177720
18728,18728,UPI,Pending,159720
18729,18729,Cash,Paid,411808
18730,18730,Debit Card,Failed,31096
18731,18731,Debit Card,Paid,154116
18732,18732,Credit Card,Paid,76760
18733,18733,UPI,Paid,115224
18734,18734,Cash,Paid,143556
18735,18735,Credit Card,Paid,157044
18736,18736,UPI,Paid,21182
18737,18737,Debit Card,Paid,138654
18738,18738,Cash,Paid,28075
18739,18739,UPI,Paid,140946
18740,18740,Net Banking,Paid,123048
18741,18741,Cash,Paid,186236
18742,18742,UPI,Paid,452510
18743,18743,UPI,Paid,19264
18744,18744,UPI,Paid,146502
18745,18745,UPI,Paid,142560
18746,18746,UPI,Paid,123520
18747,18747,UPI,Paid,14727
18748,18748,Credit Card,Failed,359820
18749,18749,UPI,Paid,51294
18750,18750,Credit Card,Failed,70518
18751,18751,Debit Card,Paid,67465
18752,18752,Credit Card,Paid,7574
18753,18753,UPI,Paid,322752
18754,18754,UPI,Paid,221880
18755,18755,UPI,Paid,173433
18756,18756,Cash,Paid,62686
18757,18757,UPI,Paid,129430
18758,18758,UPI,Paid,176183
18759,18759,Credit Card,Paid,47550
18760,18760,Credit Card,Failed,60576
18761,18761,UPI,Paid,205620
18762,18762,UPI,Paid,301470
18763,18763,UPI,Failed,21712
18764,18764,UPI,Paid,174605
18765,18765,UPI,Paid,40152
18766,18766,Credit Card,Paid,198905
18767,18767,Net Banking,Paid,296166
18768,18768,UPI,Failed,157458
18769,18769,UPI,Paid,383060
18770,18770,UPI,Pending,248768
18771,18771,Credit Card,Pending,57811
18772,18772,Cash,Paid,328887
18773,18773,UPI,Paid,383816
18774,18774,UPI,Paid,28616
18775,18775,UPI,Pending,109844
18776,18776,UPI,Paid,174550
18777,18777,UPI,Paid,403857
18778,18778,UPI,Paid,93906
18779,18779,UPI,Paid,85584
18780,18780,UPI,Paid,15585
18781,18781,Credit Card,Paid,201720
18782,18782,UPI,Failed,157044
18783,18783,UPI,Paid,19076
18784,18784,Credit Card,Paid,358608
18785,18785,Credit Card,Paid,114147
18786,18786,Debit Card,Paid,219753
18787,18787,Credit Card,Paid,52020
18788,18788,Cash,Paid,80048
18789,18789,UPI,Paid,308220
18790,18790,Cash,Paid,69260
18791,18791,UPI,Paid,213264
18792,18792,Debit Card,Paid,358620
18793,18793,Net Banking,Failed,158508
18794,18794,Debit Card,Paid,354718
18795,18795,UPI,Failed,442764
18796,18796,UPI,Paid,78792
18797,18797,UPI,Paid,326232
18798,18798,UPI,Paid,54528
18799,18799,Net Banking,Paid,200280
18800,18800,UPI,Paid,10131
18801,18801,Net Banking,Paid,54606
18802,18802,Credit Card,Paid,407750
18803,18803,UPI,Paid,224416
18804,18804,UPI,Paid,223030
18805,18805,Credit Card,Paid,235255
18806,18806,Credit Card,Failed,46852
18807,18807,UPI,Paid,219798
18808,18808,Debit Card,Paid,101716
18809,18809,Debit Card,Paid,119015
18810,18810,Debit Card,Paid,275562
18811,18811,UPI,Pending,109056
18812,18812,Credit Card,Failed,60332
18813,18813,Credit Card,Paid,380799
18814,18814,Credit Card,Paid,235566
18815,18815,Cash,Paid,12815
18816,18816,Debit Card,Paid,77924
18817,18817,Debit Card,Paid,412872
18818,18818,UPI,Failed,57464
18819,18819,UPI,Paid,55815
18820,18820,Debit Card,Paid,327504
18821,18821,Net Banking,Paid,44528
18822,18822,UPI,Paid,271593
18823,18823,Net Banking,Paid,444152
18824,18824,UPI,Paid,385605
18825,18825,UPI,Paid,103724
18826,18826,Credit Card,Pending,80958
18827,18827,Net Banking,Paid,408744
18828,18828,UPI,Paid,488990
18829,18829,Debit Card,Paid,153548
18830,18830,Net Banking,Paid,48607
18831,18831,UPI,Paid,144030
18832,18832,Credit Card,Paid,19880
18833,18833,Credit Card,Paid,285280
18834,18834,UPI,Pending,296985
18835,18835,Net Banking,Paid,90514
18836,18836,Credit Card,Paid,391958
18837,18837,Credit Card,Paid,97384
18838,18838,UPI,Paid,28090
18839,18839,Net Banking,Paid,129935
18840,18840,Credit Card,Paid,108268
18841,18841,Credit Card,Paid,5175
18842,18842,Credit Card,Paid,479820
18843,18843,Cash,Failed,284352
18844,18844,Debit Card,Paid,534573
18845,18845,Net Banking,Paid,58280
18846,18846,UPI,Paid,439720
18847,18847,Debit Card,Paid,56362
18848,18848,UPI,Paid,349191
18849,18849,UPI,Paid,364140
18850,18850,Credit Card,Paid,52186
18851,18851,UPI,Paid,91869
18852,18852,Credit Card,Paid,79965
18853,18853,Credit Card,Paid,46866
18854,18854,Cash,Failed,419274
18855,18855,Debit Card,Pending,284436
18856,18856,Credit Card,Paid,70032
18857,18857,UPI,Paid,22027
18858,18858,Net Banking,Paid,126416
18859,18859,Credit Card,Paid,104972
18860,18860,Debit Card,Paid,289800
18861,18861,UPI,Pending,111768
18862,18862,Debit Card,Paid,95100
18863,18863,Debit Card,Paid,136515
18864,18864,UPI,Paid,30147
18865,18865,Credit Card,Pending,260472
18866,18866,UPI,Paid,31869
18867,18867,Net Banking,Paid,221212
18868,18868,UPI,Paid,192339
18869,18869,UPI,Paid,57228
18870,18870,Debit Card,Pending,374283
18871,18871,Credit Card,Paid,507276
18872,18872,Credit Card,Paid,50118
18873,18873,UPI,Paid,185670
18874,18874,Debit Card,Paid,140004
18875,18875,UPI,Paid,158496
18876,18876,Debit Card,Pending,186120
18877,18877,Cash,Paid,392530
18878,18878,Credit Card,Paid,391010
18879,18879,UPI,Pending,152229
18880,18880,UPI,Paid,26307
18881,18881,UPI,Failed,487062
18882,18882,UPI,Failed,329224
18883,18883,UPI,Paid,342503
18884,18884,UPI,Paid,227356
18885,18885,UPI,Pending,79142
18886,18886,Credit Card,Paid,54042
18887,18887,Net Banking,Paid,440361
18888,18888,Net Banking,Paid,45716
18889,18889,Net Banking,Paid,383661
18890,18890,Cash,Paid,144352
18891,18891,UPI,Paid,87275
18892,18892,UPI,Paid,58944
18893,18893,UPI,Paid,343350
18894,18894,UPI,Paid,354459
18895,18895,UPI,Paid,142904
18896,18896,Debit Card,Paid,36040
18897,18897,Debit Card,Paid,121444
18898,18898,UPI,Paid,149874
18899,18899,UPI,Paid,183804
18900,18900,UPI,Paid,319095
18901,18901,UPI,Failed,146502
18902,18902,UPI,Paid,509730
18903,18903,UPI,Paid,49385
18904,18904,UPI,Paid,22863
18905,18905,Credit Card,Paid,240708
18906,18906,Debit Card,Paid,171820
18907,18907,Debit Card,Paid,45524
18908,18908,UPI,Paid,202696
18909,18909,Debit Card,Paid,154101
18910,18910,Credit Card,Paid,107124
18911,18911,UPI,Failed,293394
18912,18912,Net Banking,Paid,205722
18913,18913,Credit Card,Paid,152574
18914,18914,UPI,Paid,27486
18915,18915,Cash,Paid,165100
18916,18916,UPI,Paid,280856
18917,18917,Debit Card,Paid,59260
18918,18918,UPI,Paid,123970
18919,18919,Credit Card,Paid,122472
18920,18920,Net Banking,Paid,146670
18921,18921,Net Banking,Paid,34630
18922,18922,Credit Card,Paid,483858
18923,18923,Credit Card,Paid,35708
18924,18924,Credit Card,Paid,38457
18925,18925,UPI,Paid,459650
18926,18926,Credit Card,Paid,78954
18927,18927,UPI,Paid,131215
18928,18928,Credit Card,Paid,398430
18929,18929,UPI,Pending,234630
18930,18930,UPI,Paid,207448
18931,18931,Credit Card,Failed,263180
18932,18932,Credit Card,Pending,63424
18933,18933,Credit Card,Failed,431793
18934,18934,Debit Card,Failed,288925
18935,18935,UPI,Paid,95954
18936,18936,UPI,Paid,123848
18937,18937,UPI,Paid,88896
18938,18938,Credit Card,Paid,262288
18939,18939,UPI,Pending,223050
18940,18940,Credit Card,Paid,167103
18941,18941,Debit Card,Paid,56590
18942,18942,UPI,Paid,177556
18943,18943,Net Banking,Pending,55349
18944,18944,Credit Card,Paid,116245
18945,18945,Cash,Paid,123660
18946,18946,Net Banking,Paid,331002
18947,18947,Credit Card,Pending,301644
18948,18948,Credit Card,Paid,78450
18949,18949,UPI,Pending,565020
18950,18950,Net Banking,Paid,555190
18951,18951,UPI,Paid,93852
18952,18952,Credit Card,Paid,349191
18953,18953,UPI,Paid,59036
18954,18954,UPI,Paid,41275
18955,18955,UPI,Paid,68982
18956,18956,Credit Card,Paid,110614
18957,18957,UPI,Paid,446454
18958,18958,UPI,Paid,14971
18959,18959,Debit Card,Paid,182036
18960,18960,Credit Card,Paid,74292
18961,18961,Debit Card,Failed,280900
18962,18962,UPI,Paid,145554
18963,18963,Debit Card,Paid,55303
18964,18964,Net Banking,Paid,18573
18965,18965,Credit Card,Paid,214857
18966,18966,UPI,Pending,258594
18967,18967,Credit Card,Paid,389641
18968,18968,UPI,Pending,518661
18969,18969,Net Banking,Paid,93258
18970,18970,Cash,Paid,183060
18971,18971,UPI,Paid,22863
18972,18972,Net Banking,Pending,192492
18973,18973,Cash,Failed,31869
18974,18974,Credit Card,Paid,262430
18975,18975,UPI,Paid,37826
18976,18976,Cash,Paid,34720
18977,18977,Credit Card,Paid,179704
18978,18978,UPI,Paid,160326
18979,18979,UPI,Failed,53640
18980,18980,Credit Card,Pending,144112
18981,18981,UPI,Paid,72056
18982,18982,Credit Card,Paid,18567
18983,18983,Cash,Pending,28142
18984,18984,UPI,Paid,271764
18985,18985,Credit Card,Failed,196364
18986,18986,Credit Card,Paid,105417
18987,18987,Debit Card,Paid,39272
18988,18988,Net Banking,Pending,219752
18989,18989,Debit Card,Failed,85848
18990,18990,Debit Card,Paid,16235
18991,18991,UPI,Paid,91902
18992,18992,Cash,Paid,34143
18993,18993,UPI,Paid,102393
18994,18994,UPI,Paid,93852
18995,18995,Cash,Paid,52365
18996,18996,Net Banking,Paid,25975
18997,18997,Credit Card,Failed,170655
18998,18998,UPI,Paid,172836
18999,18999,UPI,Paid,224520
19000,19000,Credit Card,Paid,89056
19001,19001,Debit Card,Paid,230832
19002,19002,Cash,Paid,64382
19003,19003,UPI,Paid,305312
19004,19004,UPI,Paid,193995
19005,19005,UPI,Paid,154189
19006,19006,Credit Card,Pending,54542
19007,19007,Credit Card,Paid,134370
19008,19008,Net Banking,Paid,51372
19009,19009,UPI,Paid,20596
19010,19010,UPI,Paid,232778
19011,19011,Credit Card,Paid,127944
19012,19012,Credit Card,Paid,357780
19013,19013,Credit Card,Paid,239885
19014,19014,Credit Card,Pending,425970
19015,19015,Net Banking,Paid,534560
19016,19016,Credit Card,Paid,19550
19017,19017,Credit Card,Paid,463878
19018,19018,UPI,Paid,481910
19019,19019,UPI,Pending,43968
19020,19020,UPI,Paid,84172
19021,19021,UPI,Pending,39676
19022,19022,UPI,Paid,132888
19023,19023,Net Banking,Paid,87270
19024,19024,Credit Card,Paid,140428
19025,19025,UPI,Paid,51542
19026,19026,Debit Card,Failed,86814
19027,19027,Debit Card,Pending,90612
19028,19028,UPI,Pending,219850
19029,19029,Net Banking,Failed,47568
19030,19030,Credit Card,Paid,109557
19031,19031,UPI,Paid,81813
19032,19032,Debit Card,Paid,92640
19033,19033,Net Banking,Paid,146670
19034,19034,Credit Card,Paid,62067
19035,19035,UPI,Paid,280900
19036,19036,UPI,Paid,198060
19037,19037,UPI,Paid,144112
19038,19038,UPI,Paid,119260
19039,19039,Credit Card,Paid,316568
19040,19040,UPI,Paid,249746
19041,19041,UPI,Pending,50858
19042,19042,UPI,Paid,29547
19043,19043,Debit Card,Paid,468261
19044,19044,UPI,Paid,53640
19045,19045,UPI,Failed,64842
19046,19046,Credit Card,Failed,318690
19047,19047,Net Banking,Pending,148083
19048,19048,Debit Card,Paid,306750
19049,19049,Debit Card,Paid,473994
19050,19050,Net Banking,Paid,21304
19051,19051,Credit Card,Failed,254892
19052,19052,UPI,Failed,184932
19053,19053,UPI,Paid,128835
19054,19054,UPI,Pending,205960
19055,19055,Debit Card,Paid,31958
19056,19056,UPI,Paid,137305
19057,19057,Credit Card,Paid,79686
19058,19058,Credit Card,Paid,331818
19059,19059,Net Banking,Paid,473994
19060,19060,Cash,Failed,43158
19061,19061,Cash,Paid,255252
19062,19062,UPI,Paid,143784
19063,19063,Net Banking,Paid,348800
19064,19064,UPI,Paid,139494
19065,19065,Credit Card,Paid,354368
19066,19066,Debit Card,Paid,2795
19067,19067,UPI,Paid,227925
19068,19068,Net Banking,Pending,209710
19069,19069,UPI,Paid,34650
19070,19070,UPI,Paid,267280
19071,19071,Credit Card,Paid,335964
19072,19072,UPI,Paid,224916
19073,19073,Credit Card,Paid,73251
19074,19074,Net Banking,Paid,51335
19075,19075,UPI,Paid,277190
19076,19076,UPI,Paid,109578
19077,19077,UPI,Paid,462180
19078,19078,UPI,Failed,29152
19079,19079,Debit Card,Paid,28090
19080,19080,UPI,Paid,132040
19081,19081,UPI,Paid,83962
19082,19082,Debit Card,Paid,9871
19083,19083,Debit Card,Paid,278315
19084,19084,Credit Card,Paid,293694
19085,19085,Credit Card,Paid,177305
19086,19086,Credit Card,Paid,144519
19087,19087,Cash,Paid,123476
19088,19088,Net Banking,Paid,110940
19089,19089,UPI,Paid,204600
19090,19090,Credit Card,Failed,293574
19091,19091,Net Banking,Paid,59630
19092,19092,UPI,Paid,92520
19093,19093,Credit Card,Paid,53972
19094,19094,UPI,Failed,308400
19095,19095,UPI,Paid,56180
19096,19096,Debit Card,Paid,122108
19097,19097,Credit Card,Paid,162105
19098,19098,UPI,Pending,153520
19099,19099,UPI,Paid,20136
19100,19100,UPI,Paid,102312
19101,19101,UPI,Paid,462303
19102,19102,UPI,Failed,87936
19103,19103,UPI,Paid,181517
19104,19104,Debit Card,Failed,226652
19105,19105,UPI,Paid,108801
19106,19106,UPI,Pending,103092
19107,19107,Net Banking,Paid,211600
19108,19108,UPI,Paid,112260
19109,19109,UPI,Pending,71080
19110,19110,Cash,Paid,239880
19111,19111,Debit Card,Failed,328153
19112,19112,UPI,Paid,50067
19113,19113,Credit Card,Paid,208116
19114,19114,UPI,Paid,387081
19115,19115,Debit Card,Paid,468790
19116,19116,Debit Card,Paid,27067
19117,19117,Credit Card,Paid,265040
19118,19118,UPI,Paid,177720
19119,19119,UPI,Paid,44209
19120,19120,Debit Card,Paid,238625
19121,19121,UPI,Paid,295176
19122,19122,Debit Card,Paid,110958
19123,19123,Credit Card,Failed,61524
19124,19124,UPI,Failed,54960
19125,19125,Credit Card,Paid,263820
19126,19126,UPI,Paid,47538
19127,19127,UPI,Paid,23803
19128,19128,UPI,Paid,413685
19129,19129,Cash,Failed,474590
19130,19130,Credit Card,Failed,61236
19131,19131,UPI,Paid,73972
19132,19132,Credit Card,Paid,129430
19133,19133,Cash,Pending,51495
19134,19134,UPI,Paid,213975
19135,19135,UPI,Pending,4095
19136,19136,UPI,Paid,48173
19137,19137,UPI,Paid,139494
19138,19138,UPI,Paid,213921
19139,19139,UPI,Paid,82990
19140,19140,Credit Card,Paid,128535
19141,19141,Debit Card,Failed,380604
19142,19142,UPI,Paid,19117
19143,19143,UPI,Paid,163376
19144,19144,UPI,Paid,121455
19145,19145,Cash,Paid,137895
19146,19146,Cash,Failed,143931
19147,19147,UPI,Paid,72777
19148,19148,UPI,Paid,43956
19149,19149,Debit Card,Paid,486207
19150,19150,Cash,Paid,198800
19151,19151,UPI,Paid,47363
19152,19152,Credit Card,Paid,160326
19153,19153,UPI,Paid,52917
19154,19154,Credit Card,Paid,228501
19155,19155,Debit Card,Paid,132520
19156,19156,Cash,Paid,142640
19157,19157,UPI,Failed,231845
19158,19158,Debit Card,Paid,216160
19159,19159,Debit Card,Paid,141150
19160,19160,UPI,Paid,18489
19161,19161,Credit Card,Paid,186576
19162,19162,Debit Card,Paid,79890
19163,19163,Debit Card,Paid,334575
19164,19164,Credit Card,Paid,97263
19165,19165,UPI,Paid,128835
19166,19166,UPI,Paid,246805
19167,19167,Net Banking,Paid,66081
19168,19168,UPI,Failed,116755
19169,19169,Net Banking,Paid,32643
19170,19170,Cash,Paid,231903
19171,19171,Debit Card,Failed,104763
19172,19172,UPI,Paid,132888
19173,19173,Debit Card,Pending,209241
19174,19174,Net Banking,Paid,42629
19175,19175,Debit Card,Paid,90396
19176,19176,Credit Card,Pending,25429
19177,19177,UPI,Paid,160686
19178,19178,Net Banking,Paid,368472
19179,19179,Credit Card,Paid,193146
19180,19180,Credit Card,Paid,71036
19181,19181,UPI,Paid,89502
19182,19182,UPI,Paid,43494
19183,19183,Credit Card,Failed,419000
19184,19184,UPI,Paid,64075
19185,19185,UPI,Failed,334530
19186,19186,UPI,Paid,433240
19187,19187,UPI,Pending,95319
19188,19188,Credit Card,Paid,134516
19189,19189,UPI,Pending,54789
19190,19190,UPI,Paid,114201
19191,19191,Net Banking,Failed,171450
19192,19192,Net Banking,Paid,26300
19193,19193,Debit Card,Paid,123520
19194,19194,Net Banking,Paid,70473
19195,19195,UPI,Paid,142605
19196,19196,Cash,Paid,47792
19197,19197,Cash,Failed,106632
19198,19198,Credit Card,Paid,97668
19199,19199,UPI,Paid,144112
19200,19200,Net Banking,Failed,146797
19201,19201,Debit Card,Paid,201885
19202,19202,UPI,Paid,41778
19203,19203,UPI,Paid,202696
19204,19204,Credit Card,Paid,169928
19205,19205,UPI,Paid,30380
19206,19206,UPI,Paid,135753
19207,19207,Net Banking,Paid,88195
19208,19208,UPI,Paid,392085
19209,19209,Cash,Paid,303920
19210,19210,Debit Card,Paid,148536
19211,19211,UPI,Paid,145128
19212,19212,Credit Card,Paid,325598
19213,19213,UPI,Paid,49588
19214,19214,Debit Card,Failed,25653
19215,19215,Net Banking,Paid,321910
19216,19216,Cash,Paid,84270
19217,19217,UPI,Paid,180882
19218,19218,Net Banking,Paid,92414
19219,19219,Cash,Paid,32082
19220,19220,Net Banking,Paid,90310
19221,19221,UPI,Failed,179802
19222,19222,Net Banking,Paid,145554
19223,19223,Cash,Paid,192016
19224,19224,UPI,Paid,64368
19225,19225,Debit Card,Pending,521740
19226,19226,Credit Card,Failed,38105
19227,19227,Debit Card,Paid,128150
19228,19228,Credit Card,Paid,293634
19229,19229,UPI,Failed,261450
19230,19230,Credit Card,Paid,78200
19231,19231,UPI,Paid,239616
19232,19232,UPI,Paid,404677
19233,19233,Net Banking,Paid,383856
19234,19234,Cash,Paid,110876
19235,19235,UPI,Paid,76336
19236,19236,Net Banking,Pending,393568
19237,19237,UPI,Paid,262368
19238,19238,Debit Card,Failed,216528
19239,19239,Credit Card,Paid,380680
19240,19240,Debit Card,Paid,170516
19241,19241,Net Banking,Paid,184226
19242,19242,Debit Card,Paid,150231
19243,19243,UPI,Pending,172179
19244,19244,UPI,Paid,203024
19245,19245,Credit Card,Pending,93352
19246,19246,UPI,Pending,217120
19247,19247,UPI,Failed,118748
19248,19248,Debit Card,Paid,219401
19249,19249,Credit Card,Paid,226255
19250,19250,Credit Card,Paid,354610
19251,19251,Credit Card,Paid,98240
19252,19252,UPI,Failed,432944
19253,19253,UPI,Paid,216734
19254,19254,UPI,Paid,42364
19255,19255,Credit Card,Paid,268740
19256,19256,UPI,Paid,186808
19257,19257,UPI,Pending,127593
19258,19258,Cash,Paid,44091
19259,19259,Credit Card,Pending,237762
19260,19260,UPI,Paid,199250
19261,19261,Cash,Pending,50740
19262,19262,Credit Card,Paid,48191
19263,19263,UPI,Failed,74382
19264,19264,UPI,Paid,103502
19265,19265,UPI,Paid,75964
19266,19266,Credit Card,Paid,121532
19267,19267,Net Banking,Paid,100134
19268,19268,Cash,Paid,65286
19269,19269,UPI,Paid,163584
19270,19270,Net Banking,Failed,280900
19271,19271,Net Banking,Paid,92835
19272,19272,Debit Card,Paid,95346
19273,19273,Debit Card,Paid,194526
19274,19274,Debit Card,Paid,278214
19275,19275,UPI,Paid,410352
19276,19276,Debit Card,Paid,239616
19277,19277,Credit Card,Paid,192016
19278,19278,Debit Card,Failed,212960
19279,19279,Credit Card,Pending,218080
19280,19280,UPI,Paid,338488
19281,19281,Credit Card,Paid,361263
19282,19282,Debit Card,Paid,163366
19283,19283,Net Banking,Failed,286965
19284,19284,Net Banking,Pending,114147
19285,19285,Debit Card,Paid,478404
19286,19286,UPI,Paid,170520
19287,19287,Credit Card,Paid,169575
19288,19288,UPI,Paid,29080
19289,19289,Debit Card,Failed,51296
19290,19290,Net Banking,Paid,55296
19291,19291,UPI,Paid,195796
19292,19292,UPI,Paid,258045
19293,19293,UPI,Paid,79667
19294,19294,UPI,Paid,192016
19295,19295,Debit Card,Paid,326232
19296,19296,UPI,Paid,105672
19297,19297,Credit Card,Pending,128430
19298,19298,UPI,Paid,380880
19299,19299,UPI,Paid,158020
19300,19300,Cash,Paid,106520
19301,19301,UPI,Paid,428450
19302,19302,Debit Card,Paid,146448
19303,19303,Credit Card,Paid,15640
19304,19304,UPI,Paid,141844
19305,19305,Credit Card,Paid,191530
19306,19306,UPI,Paid,38152
19307,19307,Credit Card,Paid,216528
19308,19308,UPI,Failed,206297
19309,19309,Credit Card,Paid,137430
19310,19310,Credit Card,Paid,97688
19311,19311,UPI,Paid,269238
19312,19312,Credit Card,Paid,88716
19313,19313,Debit Card,Paid,57570
19314,19314,UPI,Failed,50973
19315,19315,UPI,Paid,142218
19316,19316,UPI,Failed,31690
19317,19317,UPI,Paid,245250
19318,19318,UPI,Paid,534560
19319,19319,UPI,Paid,200268
19320,19320,Credit Card,Paid,62667
19321,19321,UPI,Paid,21858
19322,19322,UPI,Paid,154400
19323,19323,UPI,Pending,140640
19324,19324,Debit Card,Paid,176517
19325,19325,UPI,Paid,216472
19326,19326,Credit Card,Paid,146797
19327,19327,Debit Card,Paid,9824
19328,19328,UPI,Pending,118586
19329,19329,Net Banking,Paid,34650
19330,19330,Cash,Paid,166314
19331,19331,Net Banking,Failed,50118
19332,19332,Net Banking,Paid,140028
19333,19333,Debit Card,Paid,39296
19334,19334,UPI,Paid,236832
19335,19335,UPI,Paid,186201
19336,19336,UPI,Paid,192692
19337,19337,UPI,Paid,18380
19338,19338,Credit Card,Paid,403770
19339,19339,UPI,Paid,40272
19340,19340,UPI,Paid,306340
19341,19341,Net Banking,Paid,54042
19342,19342,Net Banking,Pending,163728
19343,19343,Credit Card,Paid,245072
19344,19344,Credit Card,Paid,41196
19345,19345,Credit Card,Paid,183701
19346,19346,Cash,Paid,370377
19347,19347,Net Banking,Pending,156660
19348,19348,Debit Card,Paid,54155
19349,19349,Net Banking,Pending,350100
19350,19350,Net Banking,Paid,277732
19351,19351,UPI,Paid,299915
19352,19352,UPI,Paid,126855
19353,19353,Debit Card,Paid,44528
19354,19354,Cash,Paid,385605
19355,19355,UPI,Paid,5175
19356,19356,Net Banking,Pending,554380
19357,19357,Credit Card,Failed,341000
19358,19358,UPI,Paid,169876
19359,19359,Cash,Paid,342503
19360,19360,UPI,Pending,275562
19361,19361,Net Banking,Failed,214356
19362,19362,UPI,Paid,297374
19363,19363,UPI,Paid,116397
19364,19364,Credit Card,Pending,14216
19365,19365,UPI,Pending,78792
19366,19366,UPI,Failed,39603
19367,19367,Net Banking,Paid,323288
19368,19368,UPI,Paid,401751
19369,19369,Cash,Paid,249615
19370,19370,Credit Card,Paid,225828
19371,19371,UPI,Paid,262430
19372,19372,UPI,Paid,158336
19373,19373,UPI,Failed,449622
19374,19374,UPI,Paid,206890
19375,19375,UPI,Paid,98240
19376,19376,UPI,Paid,80385
19377,19377,UPI,Paid,82341
19378,19378,UPI,Paid,159372
19379,19379,UPI,Paid,52020
19380,19380,Credit Card,Paid,47977
19381,19381,Credit Card,Pending,40485
19382,19382,Credit Card,Paid,357670
19383,19383,Credit Card,Paid,79895
19384,19384,UPI,Pending,257845
19385,19385,Cash,Paid,203024
19386,19386,UPI,Paid,268709
19387,19387,UPI,Paid,132937
19388,19388,Credit Card,Paid,116445
19389,19389,Net Banking,Paid,319149
19390,19390,Cash,Paid,80544
19391,19391,Credit Card,Paid,74292
19392,19392,Credit Card,Paid,31096
19393,19393,UPI,Paid,303830
19394,19394,Credit Card,Paid,288732
19395,19395,Credit Card,Paid,278901
19396,19396,Credit Card,Paid,47538
19397,19397,Net Banking,Paid,178200
19398,19398,UPI,Failed,108892
19399,19399,Credit Card,Paid,121400
19400,19400,Debit Card,Pending,46559
19401,19401,UPI,Pending,45249
19402,19402,UPI,Failed,102520
19403,19403,Credit Card,Paid,194428
19404,19404,UPI,Paid,35460
19405,19405,UPI,Paid,124110
19406,19406,Debit Card,Paid,80958
19407,19407,UPI,Paid,41192
19408,19408,Cash,Paid,102592
19409,19409,UPI,Paid,250590
19410,19410,UPI,Paid,187464
19411,19411,UPI,Paid,241176
19412,19412,Credit Card,Paid,45412
19413,19413,Debit Card,Paid,202068
19414,19414,UPI,Paid,382878
19415,19415,Credit Card,Paid,51862
19416,19416,Net Banking,Paid,366060
19417,19417,Credit Card,Failed,114147
19418,19418,Credit Card,Pending,413685
19419,19419,UPI,Paid,293787
19420,19420,UPI,Paid,199696
19421,19421,Credit Card,Failed,115140
19422,19422,Cash,Paid,88002
19423,19423,Credit Card,Paid,181524
19424,19424,Credit Card,Paid,235250
19425,19425,Debit Card,Paid,236815
19426,19426,UPI,Paid,325710
19427,19427,Debit Card,Paid,11858
19428,19428,Net Banking,Paid,39980
19429,19429,UPI,Paid,169506
19430,19430,UPI,Paid,81550
19431,19431,Cash,Paid,17578
19432,19432,Debit Card,Paid,282087
19433,19433,Credit Card,Failed,45040
19434,19434,Credit Card,Failed,55719
19435,19435,UPI,Paid,242920
19436,19436,Credit Card,Paid,25886
19437,19437,Credit Card,Paid,272710
19438,19438,UPI,Paid,427808
19439,19439,Credit Card,Paid,29136
19440,19440,Debit Card,Paid,5195
19441,19441,UPI,Failed,140640
19442,19442,UPI,Failed,166360
19443,19443,UPI,Paid,13229
19444,19444,Debit Card,Failed,293574
19445,19445,Debit Card,Pending,71688
19446,19446,Debit Card,Paid,191016
19447,19447,UPI,Paid,53972
19448,19448,Credit Card,Failed,414531
19449,19449,Net Banking,Paid,153006
19450,19450,UPI,Paid,250385
19451,19451,Credit Card,Paid,53562
19452,19452,UPI,Pending,23426
19453,19453,Credit Card,Paid,303336
19454,19454,UPI,Paid,170655
19455,19455,Debit Card,Paid,296465
19456,19456,UPI,Paid,97898
19457,19457,Cash,Paid,47934
19458,19458,Credit Card,Paid,197414
19459,19459,UPI,Paid,111438
19460,19460,Net Banking,Paid,95991
19461,19461,Net Banking,Paid,389000
19462,19462,UPI,Paid,44760
19463,19463,Credit Card,Failed,43620
19464,19464,UPI,Paid,88108
19465,19465,Credit Card,Paid,46926
19466,19466,Credit Card,Paid,52174
19467,19467,UPI,Paid,257380
19468,19468,Credit Card,Paid,49385
19469,19469,UPI,Pending,292560
19470,19470,Debit Card,Paid,40118
19471,19471,UPI,Paid,107180
19472,19472,Net Banking,Paid,186280
19473,19473,Debit Card,Paid,41587
19474,19474,UPI,Paid,437463
19475,19475,Credit Card,Paid,491193
19476,19476,UPI,Paid,187928
19477,19477,Debit Card,Pending,207475
19478,19478,Credit Card,Paid,144012
19479,19479,Credit Card,Paid,545840
19480,19480,UPI,Paid,38368
19481,19481,Credit Card,Paid,370377
19482,19482,Credit Card,Paid,90865
19483,19483,Debit Card,Paid,61075
19484,19484,Credit Card,Paid,277398
19485,19485,Credit Card,Paid,45716
19486,19486,Credit Card,Pending,238625
19487,19487,Credit Card,Paid,79016
19488,19488,UPI,Paid,95492
19489,19489,Net Banking,Paid,306900
19490,19490,Debit Card,Paid,427808
19491,19491,Debit Card,Paid,134930
19492,19492,Cash,Paid,115161
19493,19493,UPI,Pending,481284
19494,19494,UPI,Paid,36040
19495,19495,Credit Card,Paid,231840
19496,19496,Credit Card,Paid,336290
19497,19497,Credit Card,Pending,105910
19498,19498,UPI,Paid,18991
19499,19499,Credit Card,Failed,163116
19500,19500,UPI,Paid,58942
19501,19501,Credit Card,Paid,84964
19502,19502,UPI,Paid,175888
19503,19503,UPI,Failed,171920
19504,19504,Cash,Paid,162105
19505,19505,Credit Card,Pending,607220
19506,19506,Net Banking,Paid,395730
19507,19507,Net Banking,Paid,45965
19508,19508,UPI,Paid,15802
19509,19509,UPI,Paid,202548
19510,19510,Net Banking,Paid,142940
19511,19511,Net Banking,Paid,172368
19512,19512,UPI,Pending,414710
19513,19513,Net Banking,Paid,356780
19514,19514,UPI,Paid,79520
19515,19515,UPI,Paid,423200
19516,19516,UPI,Paid,40216
19517,19517,Cash,Paid,266032
19518,19518,UPI,Paid,191168
19519,19519,UPI,Paid,170520
19520,19520,Credit Card,Pending,133532
19521,19521,Debit Card,Paid,95874
19522,19522,Debit Card,Paid,70556
19523,19523,Credit Card,Paid,133616
19524,19524,Credit Card,Paid,58110
19525,19525,Credit Card,Paid,203391
19526,19526,Credit Card,Paid,7208
19527,19527,UPI,Paid,178540
19528,19528,UPI,Paid,63536
19529,19529,Credit Card,Paid,49532
19530,19530,UPI,Paid,84225
19531,19531,UPI,Failed,58788
19532,19532,UPI,Paid,290297
19533,19533,Debit Card,Paid,22360
19534,19534,Net Banking,Paid,27024
19535,19535,Credit Card,Paid,404880
19536,19536,Debit Card,Paid,158020
19537,19537,Net Banking,Paid,39980
19538,19538,Credit Card,Failed,45726
19539,19539,Debit Card,Pending,343512
19540,19540,UPI,Paid,187928
19541,19541,UPI,Paid,411530
19542,19542,Credit Card,Pending,8876
19543,19543,Debit Card,Paid,171696
19544,19544,Credit Card,Paid,62560
19545,19545,Credit Card,Pending,282306
19546,19546,UPI,Paid,59884
19547,19547,Debit Card,Paid,162126
19548,19548,Cash,Paid,47050
19549,19549,UPI,Paid,319840
19550,19550,Credit Card,Paid,122110
19551,19551,Credit Card,Paid,130396
19552,19552,UPI,Paid,183030
19553,19553,Debit Card,Paid,16897
19554,19554,UPI,Paid,149744
19555,19555,Credit Card,Pending,252468
19556,19556,Credit Card,Paid,553490
19557,19557,Net Banking,Paid,78450
19558,19558,UPI,Paid,71345
19559,19559,Credit Card,Paid,16340
19560,19560,Credit Card,Paid,46002
19561,19561,UPI,Paid,52955
19562,19562,Credit Card,Paid,29304
19563,19563,UPI,Paid,164814
19564,19564,UPI,Paid,133524
19565,19565,Debit Card,Pending,144823
19566,19566,UPI,Paid,117130
19567,19567,Debit Card,Pending,87432
19568,19568,Debit Card,Paid,165909
19569,19569,Credit Card,Failed,41751
19570,19570,UPI,Paid,29547
19571,19571,Cash,Paid,86184
19572,19572,UPI,Paid,92055
19573,19573,UPI,Paid,597680
19574,19574,UPI,Paid,316757
19575,19575,UPI,Paid,320820
19576,19576,UPI,Paid,47977
19577,19577,UPI,Paid,111336
19578,19578,UPI,Pending,115140
19579,19579,Net Banking,Paid,230208
19580,19580,UPI,Paid,85260
19581,19581,UPI,Paid,109830
19582,19582,UPI,Paid,92368
19583,19583,Cash,Paid,449260
19584,19584,UPI,Paid,499580
19585,19585,Cash,Paid,10148
19586,19586,Credit Card,Failed,503946
19587,19587,Credit Card,Paid,259020
19588,19588,Credit Card,Paid,144030
19589,19589,UPI,Pending,154400
19590,19590,UPI,Paid,156087
19591,19591,UPI,Paid,559710
19592,19592,UPI,Paid,108666
19593,19593,Debit Card,Paid,152064
19594,19594,UPI,Paid,27288
19595,19595,Net Banking,Failed,88572
19596,19596,Net Banking,Paid,369744
19597,19597,UPI,Pending,205338
19598,19598,UPI,Paid,152469
19599,19599,Credit Card,Pending,213824
19600,19600,UPI,Paid,358029
19601,19601,UPI,Paid,217035
19602,19602,UPI,Failed,88416
19603,19603,Net Banking,Failed,292047
19604,19604,UPI,Paid,36222
19605,19605,Credit Card,Paid,31958
19606,19606,UPI,Pending,22706
19607,19607,Credit Card,Paid,104058
19608,19608,Credit Card,Paid,257380
19609,19609,Debit Card,Paid,37175
19610,19610,Debit Card,Paid,39361
19611,19611,Debit Card,Paid,46702
19612,19612,UPI,Pending,240708
19613,19613,Credit Card,Paid,326430
19614,19614,Credit Card,Paid,224100
19615,19615,Debit Card,Paid,36621
19616,19616,UPI,Paid,50742
19617,19617,Net Banking,Paid,210664
19618,19618,UPI,Pending,344990
19619,19619,UPI,Paid,64164
19620,19620,Cash,Paid,332213
19621,19621,Net Banking,Pending,256480
19622,19622,UPI,Paid,138520
19623,19623,Net Banking,Paid,22599
19624,19624,Debit Card,Paid,421911
19625,19625,UPI,Paid,173376
19626,19626,Net Banking,Paid,135235
19627,19627,Net Banking,Paid,251634
19628,19628,Debit Card,Paid,44913
19629,19629,Net Banking,Failed,99432
19630,19630,Debit Card,Paid,43945
19631,19631,UPI,Paid,104797
19632,19632,Debit Card,Paid,63994
19633,19633,Net Banking,Pending,179802
19634,19634,UPI,Paid,202425
19635,19635,UPI,Paid,26458
19636,19636,Credit Card,Paid,71036
19637,19637,Credit Card,Paid,68726
19638,19638,UPI,Paid,39060
19639,19639,Debit Card,Paid,43407
19640,19640,UPI,Pending,87420
19641,19641,Credit Card,Paid,54528
19642,19642,Credit Card,Paid,63415
19643,19643,Net Banking,Paid,161310
19644,19644,UPI,Paid,219850
19645,19645,UPI,Paid,13824
19646,19646,UPI,Paid,81991
19647,19647,Cash,Paid,106952
19648,19648,UPI,Paid,433719
19649,19649,Cash,Paid,16740
19650,19650,Credit Card,Paid,32626
19651,19651,Debit Card,Paid,238960
19652,19652,Credit Card,Paid,113326
19653,19653,Credit Card,Paid,141844
19654,19654,Cash,Failed,219000
19655,19655,Credit Card,Paid,77598
19656,19656,UPI,Paid,147710
19657,19657,Cash,Paid,14786
19658,19658,Debit Card,Paid,76944
19659,19659,UPI,Failed,71080
19660,19660,Credit Card,Paid,266176
19661,19661,Cash,Paid,256656
19662,19662,Credit Card,Paid,136850
19663,19663,Debit Card,Paid,223976
19664,19664,Debit Card,Pending,77200
19665,19665,Net Banking,Paid,307984
19666,19666,Net Banking,Paid,93924
19667,19667,Credit Card,Paid,111846
19668,19668,Debit Card,Paid,275706
19669,19669,Net Banking,Paid,90396
19670,19670,UPI,Paid,113326
19671,19671,Debit Card,Paid,422658
19672,19672,Cash,Paid,159246
19673,19673,UPI,Pending,105581
19674,19674,Debit Card,Paid,169092
19675,19675,Credit Card,Paid,448730
19676,19676,UPI,Paid,395748
19677,19677,UPI,Paid,347242
19678,19678,Net Banking,Paid,521640
19679,19679,Net Banking,Paid,433719
19680,19680,Debit Card,Paid,199215
19681,19681,Debit Card,Paid,115224
19682,19682,UPI,Paid,45509
19683,19683,Debit Card,Paid,148700
19684,19684,UPI,Paid,158840
19685,19685,Debit Card,Paid,249522
19686,19686,UPI,Paid,1725
19687,19687,Credit Card,Paid,62686
19688,19688,Cash,Paid,179040
19689,19689,Credit Card,Paid,277732
19690,19690,UPI,Paid,55815
19691,19691,Net Banking,Paid,274743
19692,19692,UPI,Paid,88362
19693,19693,UPI,Paid,325710
19694,19694,UPI,Paid,215045
19695,19695,Debit Card,Paid,534420
19696,19696,Credit Card,Paid,51542
19697,19697,UPI,Paid,169506
19698,19698,Cash,Paid,19648
19699,19699,Net Banking,Pending,59290
19700,19700,UPI,Paid,20136
19701,19701,Net Banking,Failed,342700
19702,19702,UPI,Paid,133840
19703,19703,Cash,Paid,212328
19704,19704,UPI,Failed,19613
19705,19705,Debit Card,Paid,107072
19706,19706,Net Banking,Failed,58908
19707,19707,UPI,Paid,498141
19708,19708,UPI,Failed,296240
19709,19709,Net Banking,Failed,93964
19710,19710,Debit Card,Paid,158221
19711,19711,UPI,Paid,87240
19712,19712,UPI,Pending,117789
19713,19713,UPI,Paid,26628
19714,19714,Net Banking,Paid,392544
19715,19715,Debit Card,Paid,15585
19716,19716,UPI,Paid,138654
19717,19717,Credit Card,Pending,82125
19718,19718,Net Banking,Paid,41939
19719,19719,UPI,Failed,43271
19720,19720,Debit Card,Pending,30880
19721,19721,Credit Card,Paid,436160
19722,19722,Debit Card,Paid,127824
19723,19723,Debit Card,Paid,173880
19724,19724,Net Banking,Pending,285510
19725,19725,UPI,Paid,534760
19726,19726,UPI,Paid,233379
19727,19727,Debit Card,Failed,160472
19728,19728,Credit Card,Paid,286896
19729,19729,Credit Card,Paid,56864
19730,19730,Credit Card,Paid,118416
19731,19731,Cash,Paid,186368
19732,19732,UPI,Paid,101512
19733,19733,Credit Card,Pending,318744
19734,19734,Net Banking,Pending,163215
19735,19735,Debit Card,Paid,170655
19736,19736,Credit Card,Paid,244447
19737,19737,UPI,Paid,372112
19738,19738,Cash,Paid,171136
19739,19739,UPI,Pending,205904
19740,19740,Debit Card,Paid,194072
19741,19741,UPI,Failed,388150
19742,19742,Credit Card,Paid,179492
19743,19743,UPI,Paid,79667
19744,19744,UPI,Pending,424820
19745,19745,Cash,Paid,383661
19746,19746,UPI,Paid,130504
19747,19747,Debit Card,Paid,449260
19748,19748,Cash,Paid,137964
19749,19749,UPI,Failed,224630
19750,19750,UPI,Paid,251690
19751,19751,UPI,Paid,377451
19752,19752,Credit Card,Paid,59397
19753,19753,Debit Card,Paid,342384
19754,19754,Credit Card,Paid,277595
19755,19755,UPI,Paid,53190
19756,19756,Debit Card,Pending,202968
19757,19757,UPI,Pending,8370
19758,19758,Credit Card,Paid,309252
19759,19759,Credit Card,Paid,101646
19760,19760,UPI,Paid,195376
19761,19761,Net Banking,Paid,73930
19762,19762,UPI,Paid,184890
19763,19763,UPI,Paid,15440
19764,19764,Credit Card,Paid,33404
19765,19765,UPI,Paid,133088
19766,19766,Net Banking,Paid,68726
19767,19767,UPI,Paid,495882
19768,19768,Net Banking,Paid,157012
19769,19769,UPI,Paid,110592
19770,19770,Net Banking,Paid,372688
19771,19771,UPI,Paid,110915
19772,19772,UPI,Paid,461456
19773,19773,UPI,Paid,172392
19774,19774,Credit Card,Failed,68589
19775,19775,Credit Card,Paid,400616
19776,19776,Credit Card,Failed,156400
19777,19777,UPI,Paid,192764
19778,19778,UPI,Paid,183780
19779,19779,Credit Card,Failed,64398
19780,19780,UPI,Paid,39624
19781,19781,Credit Card,Paid,299448
19782,19782,Debit Card,Paid,98960
19783,19783,Credit Card,Paid,78954
19784,19784,Credit Card,Paid,107072
19785,19785,Debit Card,Paid,132576
19786,19786,Cash,Paid,276670
19787,19787,UPI,Paid,395748
19788,19788,UPI,Paid,63994
19789,19789,Credit Card,Paid,521740
19790,19790,Debit Card,Paid,565020
19791,19791,Cash,Paid,132627
19792,19792,UPI,Paid,158751
19793,19793,UPI,Pending,59264
19794,19794,Credit Card,Paid,28528
19795,19795,Cash,Paid,279516
19796,19796,UPI,Pending,29437
19797,19797,Credit Card,Paid,205080
19798,19798,Credit Card,Paid,370952
19799,19799,Debit Card,Paid,162354
19800,19800,UPI,Paid,46530
19801,19801,Cash,Paid,138520
19802,19802,UPI,Paid,78450
19803,19803,Debit Card,Paid,130008
19804,19804,Net Banking,Pending,509310
19805,19805,Debit Card,Failed,244447
19806,19806,UPI,Paid,427536
19807,19807,UPI,Paid,185178
19808,19808,UPI,Paid,254865
19809,19809,Debit Card,Paid,479280
19810,19810,Debit Card,Paid,202440
19811,19811,Credit Card,Paid,372688
19812,19812,UPI,Paid,53347
19813,19813,UPI,Paid,52666
19814,19814,Cash,Pending,69800
19815,19815,Net Banking,Paid,38368
19816,19816,UPI,Paid,297990
19817,19817,Debit Card,Paid,592930
19818,19818,UPI,Paid,377100
19819,19819,Net Banking,Pending,14416
19820,19820,UPI,Paid,119440
19821,19821,Credit Card,Paid,353367
19822,19822,UPI,Pending,364365
19823,19823,Net Banking,Paid,27047
19824,19824,Debit Card,Paid,52174
19825,19825,Cash,Paid,427648
19826,19826,Cash,Pending,381800
19827,19827,Debit Card,Pending,97419
19828,19828,UPI,Paid,119480
19829,19829,UPI,Paid,170520
19830,19830,UPI,Paid,63994
19831,19831,Credit Card,Paid,89746
19832,19832,UPI,Pending,47934
19833,19833,Credit Card,Paid,392400
19834,19834,UPI,Failed,273030
19835,19835,Credit Card,Paid,232490
19836,19836,UPI,Failed,88416
19837,19837,UPI,Paid,36040
19838,19838,UPI,Paid,34364
19839,19839,Debit Card,Paid,171940
19840,19840,UPI,Paid,186120
19841,19841,Credit Card,Paid,280520
19842,19842,UPI,Paid,87936
19843,19843,UPI,Paid,175536
19844,19844,Debit Card,Pending,106952
19845,19845,UPI,Paid,130572
19846,19846,UPI,Paid,550980
19847,19847,Credit Card,Paid,149170
19848,19848,Cash,Paid,9826
19849,19849,Net Banking,Failed,177720
19850,19850,UPI,Paid,7928
19851,19851,UPI,Paid,43620
19852,19852,UPI,Paid,173628
19853,19853,UPI,Paid,92520
19854,19854,UPI,Paid,133152
19855,19855,Credit Card,Paid,257544
19856,19856,UPI,Paid,272885
19857,19857,UPI,Paid,384032
19858,19858,Credit Card,Pending,153992
19859,19859,UPI,Paid,479820
19860,19860,UPI,Paid,121400
19861,19861,UPI,Paid,308856
19862,19862,Debit Card,Paid,56284
19863,19863,Cash,Paid,40216
19864,19864,Debit Card,Pending,56284
19865,19865,Credit Card,Paid,29542
19866,19866,UPI,Failed,50704
19867,19867,UPI,Failed,130850
19868,19868,Credit Card,Paid,79248
19869,19869,Net Banking,Paid,77056
19870,19870,UPI,Paid,240610
19871,19871,Net Banking,Pending,56364
19872,19872,UPI,Paid,60408
19873,19873,Net Banking,Failed,201510
19874,19874,UPI,Paid,175888
19875,19875,Credit Card,Paid,116397
19876,19876,Debit Card,Paid,143175
19877,19877,UPI,Paid,445304
19878,19878,UPI,Paid,252810
19879,19879,Debit Card,Paid,240865
19880,19880,Cash,Paid,154602
19881,19881,UPI,Paid,534420
19882,19882,UPI,Paid,95100
19883,19883,Debit Card,Paid,255976
19884,19884,UPI,Failed,308735
19885,19885,UPI,Paid,482787
19886,19886,Credit Card,Paid,3450
19887,19887,Cash,Paid,160770
19888,19888,Cash,Paid,223030
19889,19889,Cash,Paid,201510
19890,19890,UPI,Failed,189950
19891,19891,Credit Card,Paid,260225
19892,19892,UPI,Paid,154626
19893,19893,Debit Card,Paid,303920
19894,19894,Debit Card,Paid,152229
19895,19895,UPI,Pending,54236
19896,19896,Credit Card,Paid,160428
19897,19897,Debit Card,Paid,15550
19898,19898,Credit Card,Paid,187128
19899,19899,Cash,Paid,476298
19900,19900,Credit Card,Paid,204220
19901,19901,UPI,Paid,181909
19902,19902,UPI,Paid,233379
19903,19903,Cash,Pending,94565
19904,19904,UPI,Paid,202548
19905,19905,Credit Card,Paid,78510
19906,19906,UPI,Paid,133100
19907,19907,UPI,Paid,443890
19908,19908,Credit Card,Paid,200454
19909,19909,UPI,Paid,280520
19910,19910,Net Banking,Paid,119196
19911,19911,UPI,Paid,51862
19912,19912,UPI,Paid,329728
19913,19913,UPI,Paid,271860
19914,19914,Net Banking,Paid,384566
19915,19915,UPI,Paid,43099
19916,19916,UPI,Paid,320820
19917,19917,UPI,Pending,74835
19918,19918,UPI,Failed,396760
19919,19919,Net Banking,Paid,150891
19920,19920,Credit Card,Paid,93852
19921,19921,UPI,Paid,146349
19922,19922,Cash,Paid,14152
19923,19923,UPI,Paid,118096
19924,19924,Debit Card,Failed,150830
19925,19925,Credit Card,Paid,275490
19926,19926,UPI,Failed,46962
19927,19927,UPI,Paid,191982
19928,19928,Credit Card,Paid,154345
19929,19929,Cash,Paid,148392
19930,19930,UPI,Paid,288732
19931,19931,Credit Card,Paid,470540
19932,19932,Net Banking,Paid,223146
19933,19933,UPI,Paid,334090
19934,19934,Credit Card,Paid,193995
19935,19935,UPI,Failed,232890
19936,19936,UPI,Paid,294602
19937,19937,Credit Card,Paid,246933
19938,19938,UPI,Paid,9826
19939,19939,Credit Card,Paid,326430
19940,19940,UPI,Paid,65750
19941,19941,UPI,Pending,249522
19942,19942,UPI,Paid,4095
19943,19943,Debit Card,Paid,191016
19944,19944,UPI,Failed,218580
19945,19945,Credit Card,Paid,109480
19946,19946,UPI,Failed,242262
19947,19947,UPI,Paid,233216
19948,19948,Credit Card,Paid,148160
19949,19949,UPI,Paid,41016
19950,19950,Credit Card,Paid,33629
19951,19951,Debit Card,Paid,295240
19952,19952,Debit Card,Pending,144172
19953,19953,Cash,Failed,119768
19954,19954,Cash,Failed,264630
19955,19955,Cash,Pending,159246
19956,19956,Cash,Paid,114300
19957,19957,Debit Card,Paid,231840
19958,19958,Cash,Paid,170919
19959,19959,Debit Card,Paid,265780
19960,19960,Credit Card,Paid,410312
19961,19961,Cash,Paid,70299
19962,19962,Debit Card,Paid,52916
19963,19963,Debit Card,Paid,65952
19964,19964,Debit Card,Pending,188058
19965,19965,UPI,Pending,104730
19966,19966,Net Banking,Paid,200268
19967,19967,Credit Card,Paid,103445
19968,19968,Net Banking,Paid,84426
19969,19969,Credit Card,Failed,132273
19970,19970,Credit Card,Paid,200454
19971,19971,UPI,Paid,83878
19972,19972,Credit Card,Paid,127988
19973,19973,Credit Card,Paid,514760
19974,19974,Cash,Paid,123452
19975,19975,Credit Card,Paid,44105
19976,19976,UPI,Paid,70312
19977,19977,UPI,Paid,66576
19978,19978,Credit Card,Paid,96346
19979,19979,UPI,Paid,313530
19980,19980,UPI,Pending,15856
19981,19981,Debit Card,Failed,187516
19982,19982,UPI,Paid,13800
19983,19983,Credit Card,Paid,212992
19984,19984,UPI,Paid,189585
19985,19985,UPI,Paid,249615
19986,19986,Credit Card,Paid,95070
19987,19987,Debit Card,Paid,102810
19988,19988,UPI,Paid,94024
19989,19989,Credit Card,Paid,468261
19990,19990,Credit Card,Paid,76287
19991,19991,Debit Card,Paid,183060
19992,19992,Debit Card,Failed,105200
19993,19993,Debit Card,Paid,33794
19994,19994,UPI,Paid,39676
19995,19995,Cash,Failed,13150
19996,19996,Debit Card,Paid,117884
19997,19997,Credit Card,Paid,345483
19998,19998,Debit Card,Paid,79225
19999,19999,UPI,Paid,280168
20000,20000,Cash,Paid,78968
20001,20001,Cash,Paid,72675
20002,20002,Debit Card,Failed,33404
20003,20003,Cash,Paid,430920
20004,20004,Net Banking,Paid,202752
20005,20005,UPI,Paid,128421
20006,20006,UPI,Paid,88781
20007,20007,Credit Card,Pending,162558
20008,20008,UPI,Paid,413685
20009,20009,UPI,Paid,323880
20010,20010,Net Banking,Failed,130236
20011,20011,Debit Card,Failed,24188
20012,20012,UPI,Paid,156400
20013,20013,UPI,Paid,164864
20014,20014,Credit Card,Paid,343640
20015,20015,UPI,Failed,103152
20016,20016,Credit Card,Failed,71704
20017,20017,Cash,Pending,34100
20018,20018,Debit Card,Paid,44920
20019,20019,Credit Card,Paid,378161
20020,20020,Credit Card,Paid,372688
20021,20021,UPI,Pending,360794
20022,20022,UPI,Pending,28142
20023,20023,Net Banking,Paid,221336
20024,20024,UPI,Paid,469566
20025,20025,UPI,Failed,141840
20026,20026,UPI,Paid,151830
20027,20027,Credit Card,Paid,26768
20028,20028,UPI,Pending,415779
20029,20029,Debit Card,Paid,421328
20030,20030,Net Banking,Paid,396130
20031,20031,UPI,Paid,507040
20032,20032,UPI,Paid,103089
20033,20033,UPI,Paid,102578
20034,20034,Credit Card,Paid,68768
20035,20035,Credit Card,Pending,122520
20036,20036,UPI,Paid,15802
20037,20037,Debit Card,Paid,148764
20038,20038,Debit Card,Pending,27735
20039,20039,Credit Card,Paid,84543
20040,20040,Cash,Paid,117165
20041,20041,UPI,Paid,95319
20042,20042,UPI,Paid,61680
20043,20043,Debit Card,Paid,123060
20044,20044,Credit Card,Paid,126434
20045,20045,UPI,Paid,279970
20046,20046,UPI,Paid,16897
20047,20047,Credit Card,Paid,10148
20048,20048,UPI,Pending,121437
20049,20049,UPI,Failed,278950
20050,20050,Debit Card,Paid,53190
20051,20051,Net Banking,Paid,34104
20052,20052,Debit Card,Paid,47606
20053,20053,Debit Card,Paid,46635
20054,20054,Credit Card,Paid,47888
20055,20055,Credit Card,Paid,271593
20056,20056,Net Banking,Paid,242590
20057,20057,UPI,Pending,351070
20058,20058,Credit Card,Paid,177624
20059,20059,Credit Card,Failed,88896
20060,20060,UPI,Pending,235518
20061,20061,Cash,Failed,3247
20062,20062,UPI,Paid,172522
20063,20063,Credit Card,Paid,110505
20064,20064,UPI,Paid,70214
20065,20065,Net Banking,Paid,250920
20066,20066,Cash,Paid,145608
20067,20067,Credit Card,Paid,401180
20068,20068,Credit Card,Pending,62913
20069,20069,Cash,Pending,93564
20070,20070,UPI,Paid,51294
20071,20071,Net Banking,Paid,123048
20072,20072,Debit Card,Paid,62132
20073,20073,Debit Card,Paid,54118
20074,20074,Credit Card,Paid,576820
20075,20075,Credit Card,Failed,81184
20076,20076,UPI,Paid,156558
20077,20077,UPI,Paid,119529
20078,20078,UPI,Paid,279354
20079,20079,Net Banking,Pending,46059
20080,20080,UPI,Paid,141153
20081,20081,Debit Card,Failed,117816
20082,20082,Cash,Paid,12988
20083,20083,Credit Card,Paid,115335
20084,20084,UPI,Paid,433098
20085,20085,Credit Card,Paid,356382
20086,20086,UPI,Paid,85484
20087,20087,Cash,Paid,351909
20088,20088,UPI,Paid,122492
20089,20089,UPI,Paid,84606
20090,20090,UPI,Paid,95964
20091,20091,Credit Card,Failed,219636
20092,20092,Cash,Paid,404677
20093,20093,Debit Card,Paid,37210
20094,20094,Credit Card,Paid,205960
20095,20095,Cash,Paid,135618
20096,20096,Credit Card,Paid,44904
20097,20097,UPI,Failed,56973
20098,20098,UPI,Paid,78526
20099,20099,Credit Card,Paid,182340
20100,20100,UPI,Paid,287730
20101,20101,Credit Card,Paid,50823
20102,20102,UPI,Paid,14216
20103,20103,Credit Card,Paid,228402
20104,20104,UPI,Paid,134712
20105,20105,Debit Card,Paid,607220
20106,20106,UPI,Paid,102588
20107,20107,UPI,Paid,461601
20108,20108,UPI,Paid,34384
20109,20109,Credit Card,Paid,44054
20110,20110,UPI,Pending,230322
20111,20111,Debit Card,Pending,257528
20112,20112,Debit Card,Paid,172392
20113,20113,UPI,Paid,397881
20114,20114,Credit Card,Paid,242680
20115,20115,UPI,Paid,230832
20116,20116,Debit Card,Paid,268191
20117,20117,Credit Card,Paid,277595
20118,20118,Cash,Failed,423459
20119,20119,UPI,Paid,41778
20120,20120,Credit Card,Paid,64398
20121,20121,UPI,Paid,317820
20122,20122,Cash,Failed,163557
20123,20123,Cash,Failed,133818
20124,20124,UPI,Pending,293634
20125,20125,Debit Card,Failed,36760
20126,20126,UPI,Paid,156060
20127,20127,Credit Card,Paid,34184
20128,20128,Debit Card,Pending,159124
20129,20129,UPI,Paid,8725
20130,20130,UPI,Paid,19565
20131,20131,UPI,Paid,101408
20132,20132,Debit Card,Paid,182036
20133,20133,Credit Card,Failed,211600
20134,20134,Credit Card,Paid,232490
20135,20135,Credit Card,Paid,465860
20136,20136,UPI,Paid,69013
20137,20137,Credit Card,Paid,508518
20138,20138,Credit Card,Failed,277368
20139,20139,Debit Card,Failed,154110
20140,20140,Credit Card,Paid,26986
20141,20141,UPI,Paid,295176
20142,20142,Debit Card,Pending,13229
20143,20143,UPI,Paid,63056
20144,20144,UPI,Paid,72564
20145,20145,Debit Card,Paid,126098
20146,20146,Credit Card,Paid,209944
20147,20147,UPI,Failed,334530
20148,20148,UPI,Paid,89802
20149,20149,Credit Card,Paid,88554
20150,20150,UPI,Paid,129660
20151,20151,Cash,Pending,52029
20152,20152,Net Banking,Paid,97688
20153,20153,Credit Card,Paid,272800
20154,20154,Net Banking,Paid,154112
20155,20155,UPI,Paid,384980
20156,20156,Credit Card,Pending,152672
20157,20157,Credit Card,Paid,391296
20158,20158,Credit Card,Failed,200280
20159,20159,UPI,Pending,139640
20160,20160,Credit Card,Paid,327432
20161,20161,UPI,Paid,16251
20162,20162,Credit Card,Failed,175800
20163,20163,Cash,Pending,59226
20164,20164,UPI,Paid,258552
20165,20165,Net Banking,Paid,91488
20166,20166,UPI,Paid,322668
20167,20167,Cash,Paid,285750
20168,20168,UPI,Paid,326232
20169,20169,Credit Card,Paid,167730
20170,20170,UPI,Paid,210544
20171,20171,Credit Card,Pending,244560
20172,20172,Debit Card,Paid,79212
20173,20173,Credit Card,Pending,78279
20174,20174,UPI,Paid,66792
20175,20175,Debit Card,Paid,15884
20176,20176,Cash,Paid,78452
20177,20177,Net Banking,Paid,48844
20178,20178,Debit Card,Paid,53442
20179,20179,Net Banking,Paid,171940
20180,20180,Cash,Paid,442672
20181,20181,UPI,Failed,113180
20182,20182,Debit Card,Paid,52804
20183,20183,Net Banking,Paid,277368
20184,20184,UPI,Paid,47776
20185,20185,Debit Card,Paid,183105
20186,20186,Net Banking,Paid,88626
20187,20187,UPI,Paid,77793
20188,20188,Credit Card,Paid,212624
20189,20189,Credit Card,Paid,95492
20190,20190,Net Banking,Failed,19880
20191,20191,Credit Card,Paid,257544
20192,20192,UPI,Pending,99512
20193,20193,UPI,Paid,107034
20194,20194,Debit Card,Pending,104797
20195,20195,UPI,Paid,469620
20196,20196,Cash,Paid,259368
20197,20197,UPI,Paid,160770
20198,20198,Credit Card,Paid,220815
20199,20199,Cash,Paid,225616
20200,20200,Credit Card,Paid,277821
20201,20201,Debit Card,Paid,41196
20202,20202,Net Banking,Paid,75177
20203,20203,Credit Card,Paid,47406
20204,20204,UPI,Paid,253370
20205,20205,Credit Card,Paid,106632
20206,20206,Cash,Paid,78450
20207,20207,Credit Card,Paid,173250
20208,20208,Cash,Paid,72176
20209,20209,UPI,Paid,249615
20210,20210,UPI,Paid,170520
20211,20211,UPI,Paid,55296
20212,20212,Cash,Paid,146697
20213,20213,Debit Card,Paid,138520
20214,20214,Net Banking,Failed,88839
20215,20215,Debit Card,Paid,308010
20216,20216,UPI,Paid,98240
20217,20217,UPI,Paid,115088
20218,20218,Credit Card,Paid,239100
20219,20219,Cash,Paid,144112
20220,20220,Cash,Paid,132391
20221,20221,Cash,Paid,60968
20222,20222,UPI,Failed,39624
20223,20223,Credit Card,Paid,227925
20224,20224,Cash,Paid,237690
20225,20225,Debit Card,Paid,31343
20226,20226,UPI,Failed,37826
20227,20227,UPI,Pending,219860
20228,20228,Debit Card,Paid,126258
20229,20229,Credit Card,Paid,78608
20230,20230,Credit Card,Paid,50742
20231,20231,Debit Card,Paid,443504
20232,20232,UPI,Paid,49120
20233,20233,UPI,Paid,485776
20234,20234,UPI,Paid,298840
20235,20235,Credit Card,Paid,266176
20236,20236,Debit Card,Paid,46755
20237,20237,Debit Card,Paid,9859
20238,20238,Net Banking,Paid,46920
20239,20239,Credit Card,Paid,82384
20240,20240,UPI,Paid,388150
20241,20241,UPI,Failed,265716
20242,20242,UPI,Paid,307179
20243,20243,Cash,Paid,29334
20244,20244,Net Banking,Failed,119365
20245,20245,Net Banking,Paid,559710
20246,20246,Credit Card,Paid,73212
20247,20247,Credit Card,Paid,66010
20248,20248,Credit Card,Failed,265776
20249,20249,Debit Card,Paid,128240
20250,20250,Credit Card,Paid,57612
20251,20251,Debit Card,Failed,138654
20252,20252,Debit Card,Paid,509730
20253,20253,Cash,Failed,124416
20254,20254,UPI,Paid,279516
20255,20255,Cash,Paid,286965
20256,20256,Net Banking,Paid,163818
20257,20257,Credit Card,Failed,29518
20258,20258,UPI,Paid,152268
20259,20259,Credit Card,Paid,46962
20260,20260,Credit Card,Paid,62224
20261,20261,UPI,Paid,133818
20262,20262,UPI,Failed,82311
20263,20263,Net Banking,Pending,47746
20264,20264,UPI,Paid,142832
20265,20265,UPI,Paid,254865
20266,20266,Debit Card,Paid,378640
20267,20267,UPI,Pending,41153
20268,20268,Cash,Pending,27486
20269,20269,Cash,Paid,391923
20270,20270,Credit Card,Paid,554380
20271,20271,Cash,Paid,55349
20272,20272,Credit Card,Paid,76996
20273,20273,UPI,Paid,237750
20274,20274,UPI,Paid,76760
20275,20275,Debit Card,Paid,63536
20276,20276,Credit Card,Paid,158221
20277,20277,UPI,Paid,50756
20278,20278,Credit Card,Paid,140106
20279,20279,Debit Card,Paid,118809
20280,20280,Debit Card,Pending,150830
20281,20281,UPI,Paid,82756
20282,20282,Debit Card,Paid,328734
20283,20283,UPI,Paid,205765
20284,20284,Net Banking,Paid,303660
20285,20285,UPI,Pending,313530
20286,20286,UPI,Paid,38152
20287,20287,UPI,Paid,101408
20288,20288,UPI,Paid,239880
20289,20289,Credit Card,Pending,95874
20290,20290,Cash,Paid,115920
20291,20291,Credit Card,Paid,115622
20292,20292,Credit Card,Failed,189585
20293,20293,Credit Card,Paid,500670
20294,20294,Credit Card,Paid,189836
20295,20295,Credit Card,Paid,361263
20296,20296,Credit Card,Paid,38900
20297,20297,Credit Card,Pending,294370
20298,20298,Credit Card,Paid,96573
20299,20299,UPI,Failed,161208
20300,20300,Credit Card,Paid,181728
20301,20301,Debit Card,Pending,324583
20302,20302,Credit Card,Paid,443890
20303,20303,Credit Card,Paid,288024
20304,20304,Debit Card,Paid,308800
20305,20305,UPI,Paid,607220
20306,20306,UPI,Paid,49020
20307,20307,Debit Card,Paid,160428
20308,20308,Cash,Paid,177144
20309,20309,Credit Card,Paid,118528
20310,20310,Net Banking,Failed,98100
20311,20311,UPI,Paid,30167
20312,20312,Credit Card,Paid,45412
20313,20313,Credit Card,Paid,164622
20314,20314,UPI,Paid,242304
20315,20315,Credit Card,Paid,323288
20316,20316,Cash,Paid,388633
20317,20317,UPI,Paid,150835
20318,20318,UPI,Paid,231090
20319,20319,Credit Card,Paid,423459
20320,20320,Net Banking,Paid,27950
20321,20321,Cash,Paid,184890
20322,20322,UPI,Paid,82944
20323,20323,Debit Card,Paid,35156
20324,20324,Cash,Paid,196364
20325,20325,Credit Card,Failed,277040
20326,20326,Net Banking,Paid,95380
20327,20327,Credit Card,Paid,256656
20328,20328,UPI,Paid,235530
20329,20329,UPI,Paid,213472
20330,20330,UPI,Paid,38590
20331,20331,UPI,Paid,109557
20332,20332,Cash,Paid,52666
20333,20333,Cash,Paid,109500
20334,20334,Credit Card,Paid,85776
20335,20335,UPI,Paid,158220
20336,20336,Credit Card,Paid,93840
20337,20337,Credit Card,Paid,79520
20338,20338,Cash,Paid,65004
20339,20339,UPI,Paid,329454
20340,20340,UPI,Paid,154005
20341,20341,Debit Card,Paid,174912
20342,20342,Credit Card,Paid,190900
20343,20343,Credit Card,Failed,162105
20344,20344,UPI,Paid,252675
20345,20345,Credit Card,Paid,63546
20346,20346,Net Banking,Paid,59640
20347,20347,Debit Card,Pending,105480
20348,20348,UPI,Paid,99239
20349,20349,UPI,Pending,442764
20350,20350,UPI,Paid,39396
20351,20351,Credit Card,Paid,218025
20352,20352,Debit Card,Paid,62192
20353,20353,UPI,Paid,221336
20354,20354,UPI,Pending,51289
20355,20355,UPI,Paid,559890
20356,20356,UPI,Paid,167020
20357,20357,UPI,Paid,422658
20358,20358,Debit Card,Paid,166887
20359,20359,Debit Card,Paid,374816
20360,20360,Net Banking,Failed,243968
20361,20361,Debit Card,Paid,148150
20362,20362,UPI,Paid,189320
20363,20363,Credit Card,Paid,48393
20364,20364,Credit Card,Pending,22729
20365,20365,UPI,Paid,265254
20366,20366,Credit Card,Pending,74512
20367,20367,Net Banking,Paid,40592
20368,20368,UPI,Paid,542360
20369,20369,Net Banking,Paid,24765
20370,20370,Net Banking,Paid,478144
20371,20371,Net Banking,Failed,298840
20372,20372,UPI,Paid,23888
20373,20373,Credit Card,Paid,533637
20374,20374,UPI,Failed,9741
20375,20375,Credit Card,Paid,138960
20376,20376,Debit Card,Paid,173880
20377,20377,Net Banking,Failed,4273
20378,20378,UPI,Paid,281810
20379,20379,Debit Card,Paid,220525
20380,20380,Credit Card,Paid,68286
20381,20381,UPI,Paid,58160
20382,20382,UPI,Paid,45525
20383,20383,Credit Card,Pending,195376
20384,20384,Credit Card,Paid,437463
20385,20385,Debit Card,Paid,47054
20386,20386,Debit Card,Paid,9149
20387,20387,Credit Card,Paid,280750
20388,20388,Credit Card,Paid,115335
20389,20389,Net Banking,Paid,159246
20390,20390,Debit Card,Paid,186576
20391,20391,Net Banking,Paid,108744
20392,20392,Cash,Paid,95585
20393,20393,Credit Card,Paid,109830
20394,20394,Credit Card,Pending,426654
20395,20395,UPI,Paid,31343
20396,20396,Cash,Paid,73038
20397,20397,Net Banking,Paid,219752
20398,20398,UPI,Paid,89580
20399,20399,UPI,Paid,367596
20400,20400,UPI,Paid,130236
20401,20401,Credit Card,Paid,240688
20402,20402,UPI,Failed,307804
20403,20403,Net Banking,Paid,79884
20404,20404,Net Banking,Paid,403857
20405,20405,UPI,Paid,41850
20406,20406,Net Banking,Failed,382878
20407,20407,Debit Card,Paid,103424
20408,20408,Credit Card,Paid,201642
20409,20409,Net Banking,Paid,27950
20410,20410,UPI,Paid,256470
20411,20411,UPI,Paid,26040
20412,20412,UPI,Failed,23803
20413,20413,UPI,Paid,173348
20414,20414,UPI,Paid,81991
20415,20415,Cash,Paid,158020
20416,20416,UPI,Paid,46530
20417,20417,UPI,Failed,65160
20418,20418,Cash,Paid,95528
20419,20419,Credit Card,Failed,39060
20420,20420,UPI,Paid,300462
20421,20421,UPI,Pending,184984
20422,20422,UPI,Pending,10148
20423,20423,UPI,Paid,31112
20424,20424,Net Banking,Paid,45251
20425,20425,UPI,Paid,53640
20426,20426,UPI,Paid,44425
20427,20427,UPI,Failed,403440
20428,20428,Debit Card,Paid,205080
20429,20429,Credit Card,Paid,94812
20430,20430,Cash,Paid,236862
20431,20431,Debit Card,Paid,336688
20432,20432,UPI,Paid,480040
20433,20433,Credit Card,Paid,145760
20434,20434,UPI,Paid,71409
20435,20435,UPI,Paid,22706
20436,20436,UPI,Paid,209500
20437,20437,UPI,Paid,324583
20438,20438,UPI,Paid,22762
20439,20439,UPI,Pending,80432
20440,20440,Credit Card,Paid,26367
20441,20441,Debit Card,Paid,30167
20442,20442,Cash,Failed,35574
20443,20443,UPI,Paid,317408
20444,20444,UPI,Paid,225480
20445,20445,Credit Card,Paid,130800
20446,20446,UPI,Paid,266304
20447,20447,UPI,Failed,48834
20448,20448,Debit Card,Pending,146520
20449,20449,Debit Card,Paid,410312
20450,20450,Cash,Paid,174400
20451,20451,UPI,Failed,158508
20452,20452,Cash,Paid,215045
20453,20453,Credit Card,Paid,437730
20454,20454,UPI,Pending,156558
20455,20455,UPI,Paid,73251
20456,20456,UPI,Paid,91488
20457,20457,Cash,Pending,139640
20458,20458,UPI,Pending,115770
20459,20459,UPI,Paid,417210
20460,20460,UPI,Paid,151750
20461,20461,Debit Card,Failed,152613
20462,20462,Net Banking,Paid,61644
20463,20463,UPI,Paid,287862
20464,20464,Debit Card,Paid,263820
20465,20465,UPI,Failed,65574
20466,20466,Credit Card,Pending,39508
20467,20467,Debit Card,Paid,279368
20468,20468,UPI,Pending,186201
20469,20469,UPI,Paid,23873
20470,20470,UPI,Paid,190692
20471,20471,Credit Card,Paid,227925
20472,20472,Credit Card,Failed,285425
20473,20473,Credit Card,Paid,172179
20474,20474,Debit Card,Pending,100594
20475,20475,Debit Card,Paid,380680
20476,20476,Credit Card,Paid,96244
20477,20477,Net Banking,Paid,31768
20478,20478,Credit Card,Paid,128150
20479,20479,Cash,Paid,130482
20480,20480,Cash,Paid,8727
20481,20481,Cash,Pending,106383
20482,20482,UPI,Paid,450768
20483,20483,Debit Card,Paid,403440
20484,20484,Credit Card,Paid,112624
20485,20485,UPI,Paid,157095
20486,20486,Net Banking,Paid,50220
20487,20487,UPI,Pending,235255
20488,20488,Debit Card,Paid,49090
20489,20489,Debit Card,Paid,41981
20490,20490,Debit Card,Paid,46702
20491,20491,Net Banking,Paid,130572
20492,20492,UPI,Paid,233120
20493,20493,Credit Card,Paid,117130
20494,20494,UPI,Paid,33629
20495,20495,Credit Card,Paid,205080
20496,20496,Net Banking,Paid,30618
20497,20497,UPI,Paid,30167
20498,20498,Credit Card,Paid,77715
20499,20499,UPI,Failed,592930
20500,20500,Cash,Paid,303849
20501,20501,Net Banking,Paid,139160
20502,20502,Debit Card,Paid,246918
20503,20503,Credit Card,Pending,191625
20504,20504,Debit Card,Paid,119205
20505,20505,Credit Card,Paid,216528
20506,20506,Cash,Paid,12173
20507,20507,Credit Card,Paid,91488
20508,20508,UPI,Paid,481910
20509,20509,UPI,Paid,47888
20510,20510,Debit Card,Paid,20596
20511,20511,Debit Card,Paid,97214
20512,20512,Credit Card,Pending,153090
20513,20513,UPI,Paid,35461
20514,20514,Cash,Paid,346482
20515,20515,UPI,Paid,93140
20516,20516,Net Banking,Paid,213840
20517,20517,Cash,Paid,101780
20518,20518,Debit Card,Paid,44913
20519,20519,Credit Card,Paid,45716
20520,20520,UPI,Paid,30962
20521,20521,Credit Card,Paid,235496
20522,20522,UPI,Paid,130008
20523,20523,Credit Card,Pending,306944
20524,20524,Net Banking,Pending,371475
20525,20525,UPI,Paid,167913
20526,20526,Net Banking,Failed,147710
20527,20527,UPI,Paid,225828
20528,20528,UPI,Failed,29687
20529,20529,Cash,Paid,57546
20530,20530,UPI,Paid,375130
20531,20531,Net Banking,Paid,385900
20532,20532,Cash,Paid,214227
20533,20533,Net Banking,Paid,31343
20534,20534,Net Banking,Paid,88413
20535,20535,Debit Card,Failed,132315
20536,20536,Debit Card,Paid,10063
20537,20537,UPI,Failed,140886
20538,20538,UPI,Paid,133532
20539,20539,Credit Card,Paid,166887
20540,20540,Debit Card,Paid,172396
20541,20541,UPI,Paid,276670
20542,20542,Cash,Paid,43565
20543,20543,Debit Card,Paid,69747
20544,20544,UPI,Paid,29604
20545,20545,Cash,Paid,364072
20546,20546,UPI,Paid,26402
20547,20547,Debit Card,Paid,80304
20548,20548,UPI,Failed,28181
20549,20549,Credit Card,Paid,25169
20550,20550,Credit Card,Paid,197920
20551,20551,Credit Card,Paid,105910
20552,20552,UPI,Paid,342503
20553,20553,Debit Card,Pending,223083
20554,20554,Credit Card,Paid,48560
20555,20555,Credit Card,Paid,192016
20556,20556,Credit Card,Paid,235403
20557,20557,UPI,Paid,269486
20558,20558,UPI,Paid,165294
20559,20559,UPI,Paid,30623
20560,20560,UPI,Paid,206668
20561,20561,UPI,Paid,259254
20562,20562,UPI,Paid,68118
20563,20563,Credit Card,Paid,287862
20564,20564,Credit Card,Paid,172710
20565,20565,Credit Card,Paid,38049
20566,20566,Cash,Paid,59884
20567,20567,UPI,Pending,71080
20568,20568,UPI,Paid,312174
20569,20569,UPI,Pending,155316
20570,20570,Credit Card,Paid,84270
20571,20571,UPI,Failed,13202
20572,20572,Credit Card,Paid,224365
20573,20573,Net Banking,Paid,36612
20574,20574,Net Banking,Paid,399664
20575,20575,Debit Card,Paid,225616
20576,20576,Credit Card,Paid,395514
20577,20577,Cash,Paid,43565
20578,20578,UPI,Paid,149710
20579,20579,Net Banking,Paid,62132
20580,20580,UPI,Paid,101376
20581,20581,Credit Card,Paid,204372
20582,20582,Credit Card,Paid,176420
20583,20583,Cash,Paid,352079
20584,20584,UPI,Paid,206136
20585,20585,UPI,Paid,114786
20586,20586,Cash,Paid,206080
20587,20587,UPI,Paid,247650
20588,20588,UPI,Paid,49120
20589,20589,Debit Card,Pending,77480
20590,20590,Cash,Paid,76210
20591,20591,Cash,Failed,163100
20592,20592,Credit Card,Paid,357084
20593,20593,Credit Card,Paid,71307
20594,20594,UPI,Paid,159400
20595,20595,Cash,Paid,39361
20596,20596,Debit Card,Failed,64075
20597,20597,Credit Card,Paid,150858
20598,20598,Net Banking,Failed,38067
20599,20599,Cash,Paid,165420
20600,20600,UPI,Failed,137456
20601,20601,Credit Card,Paid,44904
20602,20602,Credit Card,Paid,395514
20603,20603,Credit Card,Paid,271860
20604,20604,Debit Card,Paid,48191
20605,20605,Credit Card,Paid,51372
20606,20606,Credit Card,Paid,130800
20607,20607,Cash,Pending,291109
20608,20608,UPI,Paid,6963
20609,20609,Credit Card,Paid,53456
20610,20610,Credit Card,Paid,346866
20611,20611,Credit Card,Pending,173376
20612,20612,Net Banking,Paid,195505
20613,20613,UPI,Paid,251400
20614,20614,Credit Card,Paid,98490
20615,20615,UPI,Failed,221480
20616,20616,UPI,Paid,124416
20617,20617,Debit Card,Paid,52636
20618,20618,UPI,Pending,283980
20619,20619,UPI,Paid,170520
20620,20620,Cash,Paid,85776
20621,20621,UPI,Paid,323288
20622,20622,Credit Card,Paid,115364
20623,20623,UPI,Pending,164437
20624,20624,Debit Card,Pending,419000
20625,20625,Debit Card,Paid,418626
20626,20626,UPI,Failed,83865
20627,20627,Net Banking,Paid,74512
20628,20628,Credit Card,Failed,125826
20629,20629,Debit Card,Failed,86848
20630,20630,UPI,Paid,258552
20631,20631,Debit Card,Paid,192640
20632,20632,Cash,Paid,29799
20633,20633,UPI,Paid,198352
20634,20634,UPI,Paid,236832
20635,20635,UPI,Paid,67465
20636,20636,Cash,Paid,68728
20637,20637,Net Banking,Paid,49292
20638,20638,Debit Card,Pending,324930
20639,20639,Credit Card,Paid,125817
20640,20640,Net Banking,Paid,25366
20641,20641,UPI,Paid,240716
20642,20642,UPI,Paid,425248
20643,20643,UPI,Paid,169506
20644,20644,Cash,Paid,487062
20645,20645,Debit Card,Paid,303822
20646,20646,UPI,Paid,341000
20647,20647,UPI,Paid,378640
20648,20648,Credit Card,Paid,332213
20649,20649,UPI,Paid,16380
20650,20650,Cash,Paid,98392
20651,20651,Cash,Pending,92465
20652,20652,Debit Card,Paid,88182
20653,20653,UPI,Paid,178835
20654,20654,Credit Card,Paid,217692
20655,20655,UPI,Paid,356382
20656,20656,Credit Card,Failed,378161
20657,20657,Cash,Paid,158496
20658,20658,Cash,Paid,192059
20659,20659,Net Banking,Paid,118350
20660,20660,UPI,Paid,248808
20661,20661,Credit Card,Paid,39508
20662,20662,Credit Card,Paid,140028
20663,20663,UPI,Pending,143802
20664,20664,Net Banking,Paid,86988
20665,20665,Credit Card,Paid,378640
20666,20666,Credit Card,Paid,75415
20667,20667,UPI,Paid,119686
20668,20668,UPI,Paid,330200
20669,20669,UPI,Paid,44901
20670,20670,UPI,Paid,95856
20671,20671,UPI,Paid,333114
20672,20672,Credit Card,Paid,98928
20673,20673,Net Banking,Paid,391923
20674,20674,UPI,Paid,170968
20675,20675,Debit Card,Paid,306448
20676,20676,Net Banking,Paid,67258
20677,20677,Net Banking,Paid,61738
20678,20678,Credit Card,Paid,63564
20679,20679,UPI,Paid,468261
20680,20680,Net Banking,Paid,239100
20681,20681,Cash,Paid,43170
20682,20682,UPI,Failed,287568
20683,20683,UPI,Paid,184110
20684,20684,UPI,Failed,44358
20685,20685,UPI,Paid,147588
20686,20686,UPI,Pending,158220
20687,20687,UPI,Paid,116004
20688,20688,UPI,Paid,509967
20689,20689,Credit Card,Pending,379672
20690,20690,UPI,Paid,195376
20691,20691,Credit Card,Paid,219688
20692,20692,Cash,Paid,166989
20693,20693,UPI,Paid,362352
20694,20694,UPI,Paid,44277
20695,20695,Net Banking,Paid,207448
20696,20696,UPI,Paid,92691
20697,20697,UPI,Paid,425420
20698,20698,Credit Card,Paid,52362
20699,20699,Cash,Failed,47070
20700,20700,Credit Card,Paid,110915
20701,20701,Debit Card,Paid,306750
20702,20702,Credit Card,Failed,45040
20703,20703,UPI,Paid,158221
20704,20704,Credit Card,Paid,150891
20705,20705,UPI,Paid,120072
20706,20706,Debit Card,Paid,320652
20707,20707,UPI,Paid,403020
20708,20708,UPI,Paid,105834
20709,20709,UPI,Paid,104972
20710,20710,Debit Card,Paid,151915
20711,20711,Cash,Paid,286821
20712,20712,Credit Card,Failed,115770
20713,20713,UPI,Pending,380604
20714,20714,Credit Card,Paid,498006
20715,20715,UPI,Pending,221396
20716,20716,Credit Card,Paid,277821
20717,20717,Credit Card,Paid,88413
20718,20718,Debit Card,Paid,265239
20719,20719,Cash,Paid,97263
20720,20720,UPI,Paid,9871
20721,20721,Debit Card,Paid,38168
20722,20722,UPI,Pending,34184
20723,20723,UPI,Paid,70518
20724,20724,UPI,Paid,77056
20725,20725,UPI,Paid,29547
20726,20726,Credit Card,Paid,24646
20727,20727,UPI,Paid,378774
20728,20728,Debit Card,Paid,20126
20729,20729,Debit Card,Paid,197856
20730,20730,Debit Card,Paid,9818
20731,20731,Credit Card,Pending,149024
20732,20732,UPI,Paid,259320
20733,20733,Credit Card,Paid,142560
20734,20734,UPI,Paid,427536
20735,20735,Debit Card,Paid,475850
20736,20736,UPI,Paid,186576
20737,20737,Credit Card,Paid,231070
20738,20738,UPI,Pending,46702
20739,20739,Cash,Paid,380670
20740,20740,Debit Card,Paid,198380
20741,20741,UPI,Paid,27271
20742,20742,UPI,Paid,36365
20743,20743,Net Banking,Failed,28115
20744,20744,Cash,Paid,79872
20745,20745,Credit Card,Paid,63208
20746,20746,Debit Card,Failed,249480
20747,20747,UPI,Paid,256480
20748,20748,UPI,Paid,84640
20749,20749,Cash,Paid,81700
20750,20750,Credit Card,Paid,100212
20751,20751,Credit Card,Paid,192059
20752,20752,Debit Card,Pending,79374
20753,20753,UPI,Pending,291789
20754,20754,Net Banking,Paid,304536
20755,20755,Debit Card,Paid,97384
20756,20756,Cash,Paid,245400
20757,20757,UPI,Paid,36543
20758,20758,UPI,Paid,192490
20759,20759,Credit Card,Paid,148150
20760,20760,Net Banking,Paid,118072
20761,20761,UPI,Paid,96786
20762,20762,UPI,Pending,90396
20763,20763,UPI,Paid,183701
20764,20764,Net Banking,Pending,317532
20765,20765,Credit Card,Failed,46218
20766,20766,Net Banking,Paid,91902
20767,20767,Debit Card,Paid,105332
20768,20768,UPI,Paid,400536
20769,20769,Credit Card,Paid,295176
20770,20770,UPI,Paid,108744
20771,20771,UPI,Paid,215880
20772,20772,Debit Card,Paid,224720
20773,20773,UPI,Paid,22027
20774,20774,UPI,Paid,129813
20775,20775,Credit Card,Paid,98240
20776,20776,UPI,Paid,119768
20777,20777,Debit Card,Paid,265780
20778,20778,UPI,Pending,44926
20779,20779,Credit Card,Failed,37134
20780,20780,Cash,Paid,103950
20781,20781,Debit Card,Paid,436000
20782,20782,Credit Card,Paid,24570
20783,20783,UPI,Paid,343840
20784,20784,UPI,Paid,223083
20785,20785,Debit Card,Paid,465860
20786,20786,UPI,Paid,95380
20787,20787,Credit Card,Paid,291109
20788,20788,UPI,Pending,30444
20789,20789,UPI,Paid,42086
20790,20790,Credit Card,Paid,79960
20791,20791,Net Banking,Pending,221336
20792,20792,Cash,Paid,299888
20793,20793,UPI,Paid,115530
20794,20794,Credit Card,Paid,117530
20795,20795,UPI,Paid,233016
20796,20796,Cash,Paid,447952
20797,20797,Credit Card,Paid,81072
20798,20798,UPI,Paid,41016
20799,20799,Net Banking,Paid,241336
20800,20800,Cash,Paid,49050
20801,20801,Credit Card,Paid,322752
20802,20802,Cash,Pending,34364
20803,20803,UPI,Paid,39296
20804,20804,Credit Card,Paid,205904
20805,20805,Credit Card,Paid,48912
20806,20806,Debit Card,Paid,21182
20807,20807,UPI,Paid,18014
20808,20808,Credit Card,Pending,115088
20809,20809,Cash,Paid,51289
20810,20810,UPI,Paid,216376
20811,20811,UPI,Paid,257670
20812,20812,UPI,Paid,180882
20813,20813,Credit Card,Pending,55989
20814,20814,UPI,Paid,367596
20815,20815,Cash,Paid,419390
20816,20816,Debit Card,Paid,59705
20817,20817,Credit Card,Paid,13824
20818,20818,Net Banking,Paid,114702
20819,20819,Net Banking,Paid,178920
20820,20820,Cash,Paid,93376
20821,20821,UPI,Paid,79010
20822,20822,UPI,Pending,309492
20823,20823,UPI,Paid,197855
20824,20824,Debit Card,Paid,96346
20825,20825,Net Banking,Paid,177624
20826,20826,Credit Card,Failed,91902
20827,20827,Debit Card,Pending,72176
20828,20828,UPI,Paid,315996
20829,20829,UPI,Paid,129451
20830,20830,Debit Card,Paid,92603
20831,20831,Cash,Paid,16077
20832,20832,Cash,Paid,534573
20833,20833,Credit Card,Paid,37175
20834,20834,UPI,Paid,448730
20835,20835,Net Banking,Pending,198905
20836,20836,UPI,Failed,51260
20837,20837,Cash,Paid,102952
20838,20838,UPI,Paid,29547
20839,20839,Net Banking,Paid,332628
20840,20840,UPI,Failed,43400
20841,20841,UPI,Paid,396641
20842,20842,Credit Card,Paid,51093
20843,20843,Credit Card,Paid,391923
20844,20844,UPI,Paid,32191
20845,20845,Cash,Paid,219752
20846,20846,UPI,Paid,178890
20847,20847,Credit Card,Paid,19648
20848,20848,Net Banking,Paid,16131
20849,20849,Debit Card,Paid,41587
20850,20850,UPI,Paid,174260
20851,20851,UPI,Failed,242888
20852,20852,Net Banking,Paid,29136
20853,20853,Credit Card,Paid,368662
20854,20854,Net Banking,Paid,238030
20855,20855,Credit Card,Failed,93964
20856,20856,Credit Card,Paid,261810
20857,20857,Net Banking,Paid,215850
20858,20858,Cash,Paid,325913
20859,20859,Credit Card,Pending,141840
20860,20860,Credit Card,Paid,307984
20861,20861,UPI,Paid,385384
20862,20862,Credit Card,Paid,279354
20863,20863,UPI,Paid,116560
20864,20864,UPI,Paid,269556
20865,20865,Cash,Paid,48834
20866,20866,Debit Card,Pending,70760
20867,20867,UPI,Paid,277040
20868,20868,UPI,Paid,207780
20869,20869,Credit Card,Paid,85584
20870,20870,Net Banking,Failed,216041
20871,20871,Credit Card,Failed,56362
20872,20872,UPI,Paid,205620
20873,20873,Net Banking,Failed,307734
20874,20874,Credit Card,Failed,40302
20875,20875,Credit Card,Paid,36986
20876,20876,Credit Card,Paid,209448
20877,20877,Debit Card,Paid,34910
20878,20878,UPI,Failed,254290
20879,20879,UPI,Failed,88650
20880,20880,UPI,Pending,49196
20881,20881,UPI,Paid,123360
20882,20882,Debit Card,Paid,29136
20883,20883,UPI,Paid,86196
20884,20884,UPI,Paid,14971
20885,20885,Net Banking,Paid,114300
20886,20886,Debit Card,Paid,54894
20887,20887,UPI,Paid,119260
20888,20888,UPI,Failed,52362
20889,20889,Credit Card,Failed,183030
20890,20890,UPI,Pending,284178
20891,20891,Net Banking,Failed,306180
20892,20892,Credit Card,Paid,72804
20893,20893,Credit Card,Failed,245480
20894,20894,UPI,Paid,51974
20895,20895,UPI,Pending,138520
20896,20896,Credit Card,Paid,174605
20897,20897,UPI,Paid,225393
20898,20898,Credit Card,Paid,88572
20899,20899,Debit Card,Paid,467820
20900,20900,UPI,Pending,37826
20901,20901,Cash,Paid,39101
20902,20902,Debit Card,Paid,185040
20903,20903,UPI,Paid,53762
20904,20904,Net Banking,Paid,16869
20905,20905,UPI,Paid,213710
20906,20906,Debit Card,Paid,436616
20907,20907,UPI,Paid,190840
20908,20908,Credit Card,Paid,275607
20909,20909,Credit Card,Paid,5623
20910,20910,Cash,Paid,301644
20911,20911,UPI,Paid,152226
20912,20912,UPI,Failed,23491
20913,20913,Credit Card,Failed,178128
20914,20914,Credit Card,Paid,94812
20915,20915,Credit Card,Paid,364203
20916,20916,Net Banking,Paid,380880
20917,20917,Net Banking,Paid,252468
20918,20918,UPI,Paid,49606
20919,20919,Credit Card,Failed,71356
20920,20920,Net Banking,Paid,188204
20921,20921,UPI,Paid,49245
20922,20922,Cash,Paid,30204
20923,20923,Credit Card,Paid,280750
20924,20924,UPI,Paid,89746
20925,20925,Debit Card,Paid,47937
20926,20926,Credit Card,Paid,22603
20927,20927,Credit Card,Paid,144519
20928,20928,Credit Card,Paid,230208
20929,20929,Cash,Paid,153279
20930,20930,Cash,Paid,330100
20931,20931,Debit Card,Paid,47406
20932,20932,UPI,Paid,147185
20933,20933,Debit Card,Paid,119336
20934,20934,UPI,Paid,206328
20935,20935,Cash,Paid,56150
20936,20936,Net Banking,Paid,136440
20937,20937,UPI,Paid,129655
20938,20938,UPI,Paid,276997
20939,20939,UPI,Paid,109480
20940,20940,Cash,Paid,101464
20941,20941,UPI,Paid,46002
20942,20942,UPI,Pending,73972
20943,20943,Credit Card,Paid,239100
20944,20944,UPI,Paid,49196
20945,20945,Net Banking,Paid,68118
20946,20946,UPI,Paid,149170
20947,20947,UPI,Failed,104730
20948,20948,Cash,Paid,189585
20949,20949,UPI,Paid,374332
20950,20950,UPI,Failed,201642
20951,20951,Credit Card,Paid,107286
20952,20952,UPI,Paid,19550
20953,20953,UPI,Paid,129969
20954,20954,Net Banking,Failed,117130
20955,20955,Debit Card,Paid,148584
20956,20956,Debit Card,Paid,355292
20957,20957,Debit Card,Pending,380604
20958,20958,UPI,Paid,26175
20959,20959,Net Banking,Paid,452510
20960,20960,UPI,Paid,103497
20961,20961,UPI,Pending,26040
20962,20962,Net Banking,Pending,45040
20963,20963,Cash,Paid,479820
20964,20964,UPI,Paid,15556
20965,20965,Credit Card,Paid,19648
20966,20966,Credit Card,Pending,49716
20967,20967,Cash,Paid,133616
20968,20968,UPI,Paid,184175
20969,20969,Debit Card,Paid,189329
20970,20970,Debit Card,Paid,62180
20971,20971,Net Banking,Paid,56150
20972,20972,Credit Card,Paid,370944
20973,20973,UPI,Paid,232570
20974,20974,Credit Card,Pending,140778
20975,20975,UPI,Pending,175950
20976,20976,Credit Card,Paid,276670
20977,20977,UPI,Pending,191121
20978,20978,Credit Card,Pending,129430
20979,20979,Credit Card,Paid,31545
20980,20980,Debit Card,Paid,207424
20981,20981,UPI,Paid,177184
20982,20982,UPI,Paid,293694
20983,20983,Net Banking,Paid,19117
20984,20984,Cash,Failed,29632
20985,20985,UPI,Paid,76336
20986,20986,Debit Card,Paid,153867
20987,20987,UPI,Paid,15440
20988,20988,UPI,Paid,14917
20989,20989,UPI,Paid,155600
20990,20990,UPI,Paid,3450
20991,20991,Credit Card,Paid,49120
20992,20992,Credit Card,Paid,20508
20993,20993,Credit Card,Paid,72700
20994,20994,Cash,Paid,189950
20995,20995,UPI,Failed,68574
20996,20996,Credit Card,Paid,450603
20997,20997,UPI,Failed,378774
20998,20998,UPI,Paid,134739
20999,20999,UPI,Paid,72176
21000,21000,UPI,Paid,294300
21001,21001,UPI,Paid,129048
21002,21002,UPI,Paid,226470
21003,21003,UPI,Paid,246460
21004,21004,Debit Card,Paid,120648
21005,21005,UPI,Paid,49196
21006,21006,UPI,Paid,53156
21007,21007,UPI,Pending,20971
21008,21008,Credit Card,Paid,37982
21009,21009,Credit Card,Paid,16885
21010,21010,Credit Card,Paid,75096
21011,21011,Credit Card,Paid,46514
21012,21012,Net Banking,Failed,46852
21013,21013,Credit Card,Paid,407313
21014,21014,Net Banking,Paid,223030
21015,21015,Debit Card,Paid,203432
21016,21016,Cash,Paid,13800
21017,21017,UPI,Paid,306750
21018,21018,Credit Card,Paid,25059
21019,21019,UPI,Paid,156121
21020,21020,Credit Card,Paid,26986
21021,21021,Debit Card,Failed,80604
21022,21022,Credit Card,Paid,54372
21023,21023,Credit Card,Paid,334075
21024,21024,Cash,Paid,95991
21025,21025,UPI,Paid,111320
21026,21026,Cash,Paid,433557
21027,21027,UPI,Pending,245072
21028,21028,Cash,Pending,245574
21029,21029,Credit Card,Paid,27735
21030,21030,UPI,Paid,49716
21031,21031,UPI,Paid,167768
21032,21032,Credit Card,Paid,218025
21033,21033,Credit Card,Paid,391432
21034,21034,Credit Card,Failed,65360
21035,21035,UPI,Paid,162708
21036,21036,Cash,Paid,344792
21037,21037,Credit Card,Paid,60968
21038,21038,UPI,Paid,425970
21039,21039,Credit Card,Paid,308800
21040,21040,UPI,Paid,171380
21041,21041,Credit Card,Paid,27447
21042,21042,Cash,Paid,593970
21043,21043,UPI,Failed,345774
21044,21044,UPI,Paid,265254
21045,21045,UPI,Paid,14386
21046,21046,Cash,Paid,235578
21047,21047,Credit Card,Failed,137964
21048,21048,Credit Card,Paid,29136
21049,21049,UPI,Failed,99883
21050,21050,Debit Card,Paid,31712
21051,21051,UPI,Paid,383816
21052,21052,UPI,Paid,96597
21053,21053,Debit Card,Paid,491960
21054,21054,UPI,Paid,228339
21055,21055,UPI,Paid,29472
21056,21056,Credit Card,Paid,285425
21057,21057,Credit Card,Paid,143238
21058,21058,Credit Card,Paid,66288
21059,21059,UPI,Paid,16380
21060,21060,Cash,Paid,195648
21061,21061,UPI,Paid,82458
21062,21062,Cash,Paid,130320
21063,21063,UPI,Paid,77020
21064,21064,Credit Card,Failed,55719
21065,21065,UPI,Paid,379170
21066,21066,UPI,Paid,199696
21067,21067,UPI,Pending,64842
21068,21068,Debit Card,Failed,114147
21069,21069,Debit Card,Paid,93118
21070,21070,UPI,Paid,345483
21071,21071,Credit Card,Paid,239058
21072,21072,Debit Card,Paid,226947
21073,21073,Debit Card,Paid,97263
21074,21074,Cash,Paid,81909
21075,21075,Net Banking,Paid,273048
21076,21076,Debit Card,Paid,10148
21077,21077,Credit Card,Paid,202068
21078,21078,Credit Card,Paid,117816
21079,21079,Net Banking,Paid,129297
21080,21080,Credit Card,Paid,519138
21081,21081,Credit Card,Paid,264630
21082,21082,UPI,Pending,52916
21083,21083,Credit Card,Paid,488124
21084,21084,Debit Card,Pending,308800
21085,21085,UPI,Paid,123576
21086,21086,Debit Card,Paid,54023
21087,21087,UPI,Paid,378774
21088,21088,UPI,Paid,134778
21089,21089,UPI,Paid,55098
21090,21090,Credit Card,Pending,194336
21091,21091,Net Banking,Pending,133840
21092,21092,UPI,Paid,84156
21093,21093,Debit Card,Paid,286816
21094,21094,Cash,Paid,388672
21095,21095,UPI,Paid,53260
21096,21096,UPI,Paid,90080
21097,21097,Debit Card,Paid,306392
21098,21098,UPI,Pending,114112
21099,21099,Credit Card,Paid,60294
21100,21100,Cash,Paid,191900
21101,21101,Cash,Pending,374094
21102,21102,Net Banking,Paid,192692
21103,21103,UPI,Paid,17052
21104,21104,UPI,Paid,50691
21105,21105,UPI,Paid,98590
21106,21106,Cash,Paid,21649
21107,21107,UPI,Paid,8680
21108,21108,UPI,Paid,29518
21109,21109,Cash,Paid,321728
21110,21110,Credit Card,Paid,27950
21111,21111,UPI,Paid,503946
21112,21112,UPI,Failed,514350
21113,21113,Credit Card,Failed,579600
21114,21114,UPI,Paid,134930
21115,21115,Credit Card,Pending,57612
21116,21116,Credit Card,Pending,34364
21117,21117,Credit Card,Paid,49295
21118,21118,Net Banking,Paid,333095
21119,21119,Debit Card,Pending,94635
21120,21120,Debit Card,Failed,231060
21121,21121,UPI,Paid,395514
21122,21122,Debit Card,Paid,112808
21123,21123,UPI,Paid,47406
21124,21124,Credit Card,Paid,95304
21125,21125,Debit Card,Paid,26655
21126,21126,UPI,Failed,276354
21127,21127,Net Banking,Paid,55815
21128,21128,Credit Card,Paid,74564
21129,21129,Credit Card,Paid,44913
21130,21130,Debit Card,Paid,431838
21131,21131,Debit Card,Paid,146847
21132,21132,UPI,Paid,117303
21133,21133,UPI,Paid,500967
21134,21134,UPI,Paid,97566
21135,21135,UPI,Pending,26181
21136,21136,Debit Card,Paid,15978
21137,21137,Debit Card,Pending,256656
21138,21138,Debit Card,Paid,213921
21139,21139,Net Banking,Pending,366975
21140,21140,UPI,Failed,106912
21141,21141,Cash,Paid,159124
21142,21142,Credit Card,Paid,400572
21143,21143,Credit Card,Paid,153196
21144,21144,UPI,Paid,24346
21145,21145,Debit Card,Paid,244170
21146,21146,Debit Card,Paid,54333
21147,21147,Cash,Paid,30204
21148,21148,UPI,Paid,53669
21149,21149,Net Banking,Paid,134619
21150,21150,Debit Card,Pending,336028
21151,21151,Credit Card,Paid,33480
21152,21152,UPI,Paid,433719
21153,21153,Net Banking,Paid,138544
21154,21154,Net Banking,Pending,423486
21155,21155,UPI,Pending,308202
21156,21156,Debit Card,Paid,19264
21157,21157,Debit Card,Paid,215460
21158,21158,UPI,Paid,362056
21159,21159,UPI,Paid,61680
21160,21160,Credit Card,Paid,576820
21161,21161,UPI,Paid,58908
21162,21162,Debit Card,Paid,167924
21163,21163,Net Banking,Paid,186750
21164,21164,Debit Card,Paid,216490
21165,21165,Cash,Paid,29437
21166,21166,Credit Card,Paid,136236
21167,21167,Credit Card,Paid,43970
21168,21168,Credit Card,Paid,140598
21169,21169,Credit Card,Paid,129894
21170,21170,Cash,Failed,54372
21171,21171,UPI,Paid,147944
21172,21172,Credit Card,Paid,252675
21173,21173,UPI,Failed,167103
21174,21174,Credit Card,Paid,8727
21175,21175,UPI,Pending,56590
21176,21176,UPI,Paid,63912
21177,21177,Net Banking,Paid,405392
21178,21178,Credit Card,Failed,195723
21179,21179,UPI,Pending,73938
21180,21180,UPI,Failed,19117
21181,21181,Credit Card,Pending,199728
21182,21182,UPI,Paid,49355
21183,21183,Net Banking,Paid,237588
21184,21184,UPI,Paid,30393
21185,21185,Debit Card,Paid,100680
21186,21186,UPI,Pending,126760
21187,21187,Debit Card,Paid,187516
21188,21188,UPI,Paid,279084
21189,21189,UPI,Paid,321858
21190,21190,UPI,Paid,64164
21191,21191,UPI,Paid,66260
21192,21192,UPI,Paid,230208
21193,21193,Debit Card,Paid,303610
21194,21194,Debit Card,Paid,235768
21195,21195,UPI,Paid,108801
21196,21196,Credit Card,Paid,84485
21197,21197,UPI,Failed,124485
21198,21198,UPI,Paid,439504
21199,21199,Net Banking,Paid,97929
21200,21200,Net Banking,Paid,161208
21201,21201,UPI,Paid,74585
21202,21202,Cash,Paid,55303
21203,21203,Net Banking,Paid,276670
21204,21204,Credit Card,Paid,16897
21205,21205,Debit Card,Paid,30623
21206,21206,UPI,Pending,347256
21207,21207,UPI,Paid,29304
21208,21208,Credit Card,Paid,452673
21209,21209,UPI,Paid,371750
21210,21210,UPI,Paid,209526
21211,21211,Credit Card,Paid,139590
21212,21212,Credit Card,Paid,257380
21213,21213,Cash,Paid,232795
21214,21214,Credit Card,Paid,285808
21215,21215,Credit Card,Paid,125208
21216,21216,Debit Card,Failed,225337
21217,21217,UPI,Paid,31090
21218,21218,Credit Card,Paid,172836
21219,21219,UPI,Paid,92445
21220,21220,UPI,Failed,220270
21221,21221,Credit Card,Paid,98040
21222,21222,Debit Card,Paid,268191
21223,21223,Debit Card,Paid,244560
21224,21224,UPI,Paid,345527
21225,21225,UPI,Paid,199524
21226,21226,UPI,Failed,232650
21227,21227,UPI,Paid,346168
21228,21228,UPI,Paid,104419
21229,21229,Cash,Paid,15148
21230,21230,UPI,Paid,63912
21231,21231,UPI,Paid,206890
21232,21232,Cash,Paid,161940
21233,21233,UPI,Paid,42531
21234,21234,UPI,Pending,50674
21235,21235,UPI,Pending,186704
21236,21236,UPI,Paid,331310
21237,21237,Debit Card,Paid,37870
21238,21238,Cash,Paid,182166
21239,21239,UPI,Paid,322758
21240,21240,Credit Card,Failed,154428
21241,21241,UPI,Paid,104730
21242,21242,UPI,Paid,37170
21243,21243,Net Banking,Paid,146259
21244,21244,UPI,Paid,514760
21245,21245,Debit Card,Paid,519138
21246,21246,UPI,Paid,119440
21247,21247,Net Banking,Paid,380880
21248,21248,UPI,Paid,330588
21249,21249,Cash,Paid,244745
21250,21250,Debit Card,Paid,88893
21251,21251,Credit Card,Paid,137996
21252,21252,UPI,Paid,69003
21253,21253,Debit Card,Paid,243035
21254,21254,Debit Card,Paid,81864
21255,21255,Debit Card,Paid,212410
21256,21256,UPI,Paid,406968
21257,21257,Debit Card,Pending,268740
21258,21258,Credit Card,Paid,30685
21259,21259,Debit Card,Failed,58272
21260,21260,UPI,Paid,38380
21261,21261,Cash,Pending,275706
21262,21262,Debit Card,Paid,414950
21263,21263,UPI,Paid,57682
21264,21264,Credit Card,Paid,134739
21265,21265,UPI,Paid,292968
21266,21266,Credit Card,Paid,127626
21267,21267,Credit Card,Paid,142614
21268,21268,UPI,Paid,167982
21269,21269,UPI,Paid,180992
21270,21270,UPI,Paid,47406
21271,21271,Credit Card,Paid,185178
21272,21272,UPI,Failed,109863
21273,21273,Credit Card,Paid,138960
21274,21274,Credit Card,Pending,48929
21275,21275,Debit Card,Paid,78506
21276,21276,UPI,Paid,153468
21277,21277,Net Banking,Paid,80385
21278,21278,Credit Card,Paid,315450
21279,21279,Credit Card,Paid,21720
21280,21280,UPI,Pending,470540
21281,21281,Credit Card,Paid,269570
21282,21282,Cash,Paid,100572
21283,21283,Net Banking,Paid,30822
21284,21284,Credit Card,Pending,153867
21285,21285,Net Banking,Pending,84543
21286,21286,Debit Card,Paid,50871
21287,21287,UPI,Paid,105672
21288,21288,UPI,Paid,78729
21289,21289,Debit Card,Pending,132391
21290,21290,UPI,Pending,143865
21291,21291,UPI,Paid,296874
21292,21292,UPI,Paid,108744
21293,21293,UPI,Paid,173696
21294,21294,UPI,Paid,404850
21295,21295,UPI,Paid,37210
21296,21296,Debit Card,Paid,14386
21297,21297,Credit Card,Failed,158508
21298,21298,UPI,Paid,30147
21299,21299,Credit Card,Pending,11361
21300,21300,Credit Card,Paid,28052
21301,21301,Cash,Paid,449260
21302,21302,UPI,Paid,76774
21303,21303,Debit Card,Paid,39100
21304,21304,Debit Card,Failed,191121
21305,21305,UPI,Paid,163100
21306,21306,Cash,Failed,170655
21307,21307,Debit Card,Paid,327432
21308,21308,UPI,Paid,96768
21309,21309,Credit Card,Paid,241176
21310,21310,Debit Card,Paid,66020
21311,21311,Debit Card,Paid,73485
21312,21312,UPI,Paid,146797
21313,21313,Credit Card,Paid,75177
21314,21314,Debit Card,Paid,75160
21315,21315,UPI,Paid,82311
21316,21316,UPI,Failed,30496
21317,21317,Credit Card,Paid,355440
21318,21318,UPI,Paid,57570
21319,21319,UPI,Paid,308220
21320,21320,Debit Card,Paid,122492
21321,21321,UPI,Paid,35540
21322,21322,Credit Card,Paid,102588
21323,21323,Debit Card,Paid,22729
21324,21324,UPI,Paid,459963
21325,21325,Credit Card,Paid,250082
21326,21326,Credit Card,Paid,176622
21327,21327,UPI,Paid,117816
21328,21328,UPI,Paid,568390
21329,21329,UPI,Paid,281112
21330,21330,UPI,Paid,412336
21331,21331,UPI,Paid,204600
21332,21332,UPI,Paid,145400
21333,21333,UPI,Paid,219753
21334,21334,Cash,Paid,57546
21335,21335,Net Banking,Paid,91930
21336,21336,Debit Card,Failed,292896
21337,21337,UPI,Paid,170517
21338,21338,Credit Card,Paid,389000
21339,21339,Credit Card,Paid,115092
21340,21340,UPI,Pending,264006
21341,21341,Credit Card,Paid,283688
21342,21342,UPI,Paid,520290
21343,21343,UPI,Paid,87130
21344,21344,Credit Card,Paid,283688
21345,21345,Debit Card,Paid,470510
21346,21346,Credit Card,Pending,37210
21347,21347,Credit Card,Failed,95364
21348,21348,Debit Card,Pending,29223
21349,21349,Credit Card,Paid,48173
21350,21350,Credit Card,Paid,77696
21351,21351,Cash,Paid,85258
21352,21352,Debit Card,Paid,31782
21353,21353,UPI,Paid,53156
21354,21354,UPI,Pending,59260
21355,21355,Cash,Failed,126416
21356,21356,UPI,Paid,296320
21357,21357,UPI,Failed,154116
21358,21358,UPI,Paid,265930
21359,21359,UPI,Failed,410680
21360,21360,UPI,Paid,175092
21361,21361,UPI,Pending,159400
21362,21362,Credit Card,Paid,161508
21363,21363,Credit Card,Paid,441450
21364,21364,Cash,Paid,85260
21365,21365,UPI,Pending,178390
21366,21366,UPI,Paid,287892
21367,21367,Debit Card,Paid,305312
21368,21368,Net Banking,Pending,418770
21369,21369,Credit Card,Failed,253440
21370,21370,Credit Card,Pending,263330
21371,21371,Credit Card,Paid,170168
21372,21372,UPI,Paid,53082
21373,21373,Credit Card,Pending,107469
21374,21374,Credit Card,Paid,244447
21375,21375,Debit Card,Paid,379170
21376,21376,Net Banking,Paid,173192
21377,21377,Credit Card,Paid,66920
21378,21378,Credit Card,Paid,220815
21379,21379,UPI,Paid,157086
21380,21380,UPI,Paid,190897
21381,21381,Cash,Paid,117024
21382,21382,Cash,Paid,405392
21383,21383,Credit Card,Paid,271180
21384,21384,Credit Card,Paid,73520
21385,21385,UPI,Paid,137080
21386,21386,UPI,Pending,74268
21387,21387,UPI,Failed,81858
21388,21388,Cash,Pending,404677
21389,21389,Net Banking,Paid,142960
21390,21390,Credit Card,Paid,41560
21391,21391,Cash,Failed,412336
21392,21392,Credit Card,Paid,174912
21393,21393,UPI,Paid,79248
21394,21394,Debit Card,Paid,276515
21395,21395,Net Banking,Paid,142904
21396,21396,Credit Card,Paid,45249
21397,21397,Debit Card,Paid,29572
21398,21398,Credit Card,Paid,254355
21399,21399,Credit Card,Paid,223020
21400,21400,Credit Card,Paid,147944
21401,21401,UPI,Pending,121400
21402,21402,Credit Card,Paid,126760
21403,21403,UPI,Paid,303884
21404,21404,Cash,Paid,110614
21405,21405,Net Banking,Paid,56590
21406,21406,Net Banking,Paid,19636
21407,21407,UPI,Paid,470510
21408,21408,UPI,Paid,373239
21409,21409,UPI,Paid,17787
21410,21410,Net Banking,Pending,162999
21411,21411,Debit Card,Pending,169575
21412,21412,UPI,Paid,398664
21413,21413,Net Banking,Paid,80754
21414,21414,UPI,Paid,99030
21415,21415,Debit Card,Paid,98928
21416,21416,Credit Card,Paid,86319
21417,21417,Net Banking,Failed,248826
21418,21418,Cash,Paid,30484
21419,21419,Cash,Paid,352840
21420,21420,Debit Card,Paid,335200
21421,21421,UPI,Paid,86184
21422,21422,Net Banking,Paid,142089
21423,21423,Credit Card,Paid,441050
21424,21424,UPI,Paid,117884
21425,21425,Debit Card,Failed,44913
21426,21426,UPI,Paid,285908
21427,21427,UPI,Pending,217120
21428,21428,UPI,Paid,351909
21429,21429,Net Banking,Paid,98960
21430,21430,UPI,Paid,68768
21431,21431,Net Banking,Failed,98584
21432,21432,UPI,Paid,72064
21433,21433,UPI,Paid,271180
21434,21434,UPI,Paid,53640
21435,21435,UPI,Paid,223030
21436,21436,Net Banking,Paid,164250
21437,21437,UPI,Failed,186344
21438,21438,UPI,Failed,72444
21439,21439,Debit Card,Pending,94812
21440,21440,Credit Card,Paid,239616
21441,21441,Credit Card,Paid,107944
21442,21442,Net Banking,Paid,107178
21443,21443,Debit Card,Paid,223976
21444,21444,Credit Card,Paid,165512
21445,21445,Debit Card,Paid,255976
21446,21446,Cash,Paid,38234
21447,21447,Net Banking,Paid,36986
21448,21448,UPI,Paid,72064
21449,21449,UPI,Paid,128664
21450,21450,UPI,Paid,24794
21451,21451,UPI,Paid,232650
21452,21452,UPI,Paid,481284
21453,21453,Credit Card,Failed,101742
21454,21454,Credit Card,Paid,88002
21455,21455,UPI,Paid,195505
21456,21456,Credit Card,Paid,103497
21457,21457,UPI,Paid,132391
21458,21458,Credit Card,Paid,372240
21459,21459,Net Banking,Paid,212016
21460,21460,Debit Card,Paid,152919
21461,21461,Credit Card,Paid,222076
21462,21462,Net Banking,Paid,116720
21463,21463,UPI,Failed,163728
21464,21464,Cash,Pending,286038
21465,21465,UPI,Paid,2795
21466,21466,Debit Card,Paid,214795
21467,21467,Debit Card,Paid,159124
21468,21468,Debit Card,Paid,54789
21469,21469,Net Banking,Paid,432944
21470,21470,UPI,Paid,115258
21471,21471,UPI,Paid,158508
21472,21472,Credit Card,Paid,107178
21473,21473,UPI,Paid,309456
21474,21474,UPI,Paid,163728
21475,21475,Credit Card,Paid,109863
21476,21476,Credit Card,Paid,57664
21477,21477,UPI,Paid,51107
21478,21478,UPI,Failed,187900
21479,21479,UPI,Paid,101646
21480,21480,UPI,Paid,40152
21481,21481,UPI,Paid,29524
21482,21482,Cash,Paid,459650
21483,21483,Debit Card,Paid,337337
21484,21484,Credit Card,Pending,49120
21485,21485,Credit Card,Paid,255774
21486,21486,Net Banking,Paid,377451
21487,21487,Credit Card,Paid,201642
21488,21488,Debit Card,Paid,50973
21489,21489,Net Banking,Paid,128328
21490,21490,Debit Card,Paid,232974
21491,21491,Debit Card,Paid,128328
21492,21492,UPI,Paid,10652
21493,21493,Credit Card,Pending,38900
21494,21494,UPI,Paid,46498
21495,21495,Debit Card,Paid,140106
21496,21496,UPI,Paid,252516
21497,21497,UPI,Paid,93840
21498,21498,Credit Card,Paid,245574
21499,21499,UPI,Failed,159780
21500,21500,UPI,Failed,152040
21501,21501,UPI,Paid,260225
21502,21502,Credit Card,Paid,115584
21503,21503,Credit Card,Paid,90412
21504,21504,Debit Card,Paid,298800
21505,21505,Credit Card,Paid,354459
21506,21506,Debit Card,Paid,358620
21507,21507,Debit Card,Paid,120668
21508,21508,UPI,Paid,20508
21509,21509,UPI,Paid,88572
21510,21510,Credit Card,Paid,192492
21511,21511,Credit Card,Paid,25886
21512,21512,Debit Card,Paid,18935
21513,21513,UPI,Paid,270775
21514,21514,UPI,Paid,347760
21515,21515,UPI,Paid,221752
21516,21516,Debit Card,Paid,71930
21517,21517,Credit Card,Paid,119015
21518,21518,Credit Card,Paid,229502
21519,21519,UPI,Paid,71619
21520,21520,Credit Card,Paid,373455
21521,21521,Cash,Failed,132520
21522,21522,Debit Card,Pending,31302
21523,21523,Cash,Paid,223956
21524,21524,Net Banking,Pending,79101
21525,21525,UPI,Paid,242064
21526,21526,UPI,Pending,259020
21527,21527,UPI,Paid,140346
21528,21528,Net Banking,Paid,13508
21529,21529,Debit Card,Pending,34720
21530,21530,Credit Card,Paid,244650
21531,21531,UPI,Failed,44913
21532,21532,Credit Card,Failed,23001
21533,21533,UPI,Paid,181524
21534,21534,UPI,Paid,76670
21535,21535,UPI,Paid,66792
21536,21536,UPI,Paid,100680
21537,21537,Net Banking,Paid,64382
21538,21538,UPI,Failed,411808
21539,21539,Credit Card,Paid,487830
21540,21540,Cash,Paid,428720
21541,21541,UPI,Paid,253780
21542,21542,Cash,Paid,450693
21543,21543,UPI,Paid,256470
21544,21544,Credit Card,Paid,243968
21545,21545,Net Banking,Paid,102734
21546,21546,Credit Card,Paid,69013
21547,21547,Credit Card,Paid,69842
21548,21548,UPI,Paid,157044
21549,21549,Cash,Paid,545840
21550,21550,Credit Card,Paid,86418
21551,21551,UPI,Failed,264006
21552,21552,Debit Card,Paid,379085
21553,21553,UPI,Paid,531560
21554,21554,UPI,Paid,42730
21555,21555,UPI,Pending,579600
21556,21556,UPI,Paid,201080
21557,21557,Debit Card,Paid,22729
21558,21558,UPI,Failed,42364
21559,21559,Debit Card,Paid,191982
21560,21560,Net Banking,Paid,103092
21561,21561,UPI,Paid,28075
21562,21562,UPI,Paid,329378
21563,21563,Credit Card,Pending,163752
21564,21564,UPI,Paid,95319
21565,21565,Debit Card,Paid,342503
21566,21566,Credit Card,Paid,15802
21567,21567,Debit Card,Paid,173433
21568,21568,Net Banking,Paid,92407
21569,21569,Cash,Paid,240688
21570,21570,Credit Card,Failed,463284
21571,21571,Credit Card,Paid,85568
21572,21572,UPI,Paid,75834
21573,21573,UPI,Failed,50858
21574,21574,Debit Card,Paid,315996
21575,21575,UPI,Paid,79965
21576,21576,UPI,Paid,311556
21577,21577,Credit Card,Paid,134712
21578,21578,Debit Card,Paid,344792
21579,21579,Debit Card,Paid,74835
21580,21580,UPI,Paid,188204
21581,21581,UPI,Paid,117678
21582,21582,UPI,Paid,456336
21583,21583,UPI,Paid,419031
21584,21584,Credit Card,Paid,81909
21585,21585,Credit Card,Paid,256656
21586,21586,Credit Card,Paid,297990
21587,21587,Credit Card,Paid,237762
21588,21588,Cash,Paid,56608
21589,21589,Cash,Paid,341910
21590,21590,UPI,Paid,173628
21591,21591,Credit Card,Failed,268142
21592,21592,UPI,Paid,34270
21593,21593,UPI,Paid,68726
21594,21594,UPI,Paid,318690
21595,21595,UPI,Paid,74196
21596,21596,UPI,Paid,68208
21597,21597,Debit Card,Paid,36346
21598,21598,UPI,Failed,44873
21599,21599,Net Banking,Failed,20136
21600,21600,Credit Card,Paid,250590
21601,21601,UPI,Paid,134739
21602,21602,UPI,Paid,233400
21603,21603,Credit Card,Paid,71704
21604,21604,UPI,Pending,46782
21605,21605,Cash,Paid,185476
21606,21606,UPI,Paid,21624
21607,21607,Credit Card,Failed,111978
21608,21608,Cash,Paid,223884
21609,21609,Net Banking,Paid,5929
21610,21610,Debit Card,Pending,159246
21611,21611,Debit Card,Pending,106164
21612,21612,Debit Card,Paid,148435
21613,21613,UPI,Paid,31956
21614,21614,Debit Card,Paid,401180
21615,21615,Credit Card,Paid,358587
21616,21616,UPI,Paid,277200
21617,21617,UPI,Paid,184932
21618,21618,UPI,Paid,51864
21619,21619,Credit Card,Paid,91018
21620,21620,Net Banking,Paid,105480
21621,21621,UPI,Paid,46852
21622,21622,Cash,Pending,218080
21623,21623,Credit Card,Paid,78522
21624,21624,Net Banking,Paid,151014
21625,21625,Cash,Paid,396641
21626,21626,Debit Card,Paid,225531
21627,21627,UPI,Paid,44277
21628,21628,UPI,Paid,21392
21629,21629,UPI,Paid,273510
21630,21630,Net Banking,Paid,124448
21631,21631,Credit Card,Paid,541550
21632,21632,Credit Card,Paid,146520
21633,21633,Credit Card,Paid,187928
21634,21634,Debit Card,Paid,410312
21635,21635,Credit Card,Paid,126180
21636,21636,UPI,Paid,47080
21637,21637,Credit Card,Paid,137430
21638,21638,Cash,Paid,97072
21639,21639,Cash,Paid,232974
21640,21640,UPI,Paid,112995
21641,21641,Credit Card,Paid,212016
21642,21642,UPI,Paid,335934
21643,21643,UPI,Paid,118072
21644,21644,UPI,Pending,237030
21645,21645,Debit Card,Paid,51609
21646,21646,Cash,Paid,56230
21647,21647,Credit Card,Paid,317820
21648,21648,Debit Card,Paid,55884
21649,21649,Credit Card,Paid,480978
21650,21650,UPI,Paid,216536
21651,21651,UPI,Paid,229502
21652,21652,UPI,Paid,182651
21653,21653,UPI,Paid,31112
21654,21654,Debit Card,Paid,101480
21655,21655,Debit Card,Paid,73635
21656,21656,UPI,Failed,306944
21657,21657,UPI,Paid,366060
21658,21658,Cash,Paid,175800
21659,21659,Debit Card,Paid,460590
21660,21660,UPI,Pending,391296
21661,21661,UPI,Paid,71307
21662,21662,Credit Card,Paid,141844
21663,21663,Net Banking,Pending,253050
21664,21664,Net Banking,Paid,174260
21665,21665,Debit Card,Paid,142176
21666,21666,Net Banking,Paid,333095
21667,21667,Cash,Paid,36596
21668,21668,Debit Card,Failed,390708
21669,21669,Net Banking,Paid,187928
21670,21670,Debit Card,Paid,159570
21671,21671,UPI,Paid,74972
21672,21672,Debit Card,Paid,39484
21673,21673,Net Banking,Paid,148995
21674,21674,UPI,Paid,172836
21675,21675,Credit Card,Paid,9818
21676,21676,UPI,Paid,28304
21677,21677,Cash,Paid,27735
21678,21678,UPI,Paid,436616
21679,21679,UPI,Paid,96786
21680,21680,Credit Card,Paid,95776
21681,21681,UPI,Paid,266200
21682,21682,UPI,Paid,481220
21683,21683,UPI,Pending,109944
21684,21684,Net Banking,Paid,94660
21685,21685,Credit Card,Paid,254290
21686,21686,UPI,Paid,278214
21687,21687,Debit Card,Paid,321903
21688,21688,Debit Card,Paid,117783
21689,21689,Credit Card,Paid,133840
21690,21690,Debit Card,Paid,219752
21691,21691,UPI,Paid,426290
21692,21692,UPI,Paid,144573
21693,21693,UPI,Paid,15334
21694,21694,Credit Card,Paid,46059
21695,21695,UPI,Paid,267280
21696,21696,Net Banking,Paid,256470
21697,21697,UPI,Paid,461456
21698,21698,Debit Card,Failed,195500
21699,21699,Net Banking,Paid,384032
21700,21700,UPI,Failed,293787
21701,21701,Debit Card,Paid,244220
21702,21702,Net Banking,Paid,45251
21703,21703,Credit Card,Paid,163376
21704,21704,Credit Card,Paid,231174
21705,21705,UPI,Pending,198905
21706,21706,Credit Card,Paid,226008
21707,21707,Debit Card,Paid,54584
21708,21708,UPI,Paid,232778
21709,21709,Credit Card,Failed,85824
21710,21710,UPI,Failed,327432
21711,21711,Credit Card,Paid,50637
21712,21712,UPI,Pending,468520
21713,21713,UPI,Pending,95874
21714,21714,Credit Card,Failed,274743
21715,21715,Debit Card,Paid,45726
21716,21716,UPI,Paid,60865
21717,21717,UPI,Paid,101070
21718,21718,Net Banking,Paid,164814
21719,21719,UPI,Paid,63684
21720,21720,Credit Card,Paid,92368
21721,21721,UPI,Paid,175800
21722,21722,Credit Card,Failed,494442
21723,21723,Net Banking,Paid,71646
21724,21724,Debit Card,Paid,266304
21725,21725,Credit Card,Pending,60378
21726,21726,UPI,Pending,154040
21727,21727,UPI,Pending,78279
21728,21728,Credit Card,Paid,125372
21729,21729,UPI,Paid,90396
21730,21730,Debit Card,Paid,68768
21731,21731,Debit Card,Paid,296240
21732,21732,UPI,Paid,134253
21733,21733,UPI,Paid,31958
21734,21734,Debit Card,Paid,407784
21735,21735,UPI,Paid,30383
21736,21736,UPI,Failed,5590
21737,21737,Net Banking,Paid,179304
21738,21738,UPI,Paid,92520
21739,21739,Credit Card,Paid,240955
21740,21740,Credit Card,Paid,34815
21741,21741,Cash,Paid,13508
21742,21742,Debit Card,Paid,43972
21743,21743,UPI,Failed,24646
21744,21744,Credit Card,Paid,28142
21745,21745,UPI,Pending,379248
21746,21746,Debit Card,Paid,487395
21747,21747,Debit Card,Pending,233910
21748,21748,Credit Card,Paid,326200
21749,21749,Credit Card,Paid,58280
21750,21750,Net Banking,Paid,431838
21751,21751,UPI,Paid,153468
21752,21752,Debit Card,Paid,248768
21753,21753,UPI,Paid,368361
21754,21754,Debit Card,Pending,155592
21755,21755,UPI,Paid,70518
21756,21756,UPI,Paid,321990
21757,21757,UPI,Paid,262402
21758,21758,Cash,Paid,220525
21759,21759,UPI,Pending,22722
21760,21760,Credit Card,Paid,49716
21761,21761,Net Banking,Paid,44790
21762,21762,Cash,Paid,179704
21763,21763,Credit Card,Paid,309456
21764,21764,Cash,Paid,282020
21765,21765,UPI,Paid,172053
21766,21766,Debit Card,Paid,301716
21767,21767,Net Banking,Failed,336150
21768,21768,Debit Card,Paid,372472
21769,21769,UPI,Failed,38815
21770,21770,Credit Card,Paid,261450
21771,21771,Debit Card,Paid,71036
21772,21772,Credit Card,Failed,30393
21773,21773,UPI,Paid,110668
21774,21774,Credit Card,Failed,57056
21775,21775,UPI,Pending,56312
21776,21776,Net Banking,Pending,193995
21777,21777,Credit Card,Paid,109290
21778,21778,UPI,Paid,331541
21779,21779,Debit Card,Paid,310072
21780,21780,Net Banking,Failed,149170
21781,21781,Credit Card,Failed,303830
21782,21782,UPI,Paid,59768
21783,21783,Debit Card,Failed,63208
21784,21784,Credit Card,Paid,94029
21785,21785,Debit Card,Paid,119365
21786,21786,Debit Card,Paid,160428
21787,21787,UPI,Paid,131148
21788,21788,Credit Card,Pending,22994
21789,21789,Debit Card,Paid,57464
21790,21790,Credit Card,Paid,232974
21791,21791,Credit Card,Paid,103089
21792,21792,UPI,Paid,190900
21793,21793,Cash,Paid,98960
21794,21794,Credit Card,Paid,22452
21795,21795,UPI,Paid,447952
21796,21796,UPI,Paid,31782
21797,21797,Debit Card,Paid,17538
21798,21798,UPI,Paid,40840
21799,21799,Cash,Paid,52600
21800,21800,UPI,Paid,157086
21801,21801,UPI,Paid,185280
21802,21802,UPI,Paid,317820
21803,21803,UPI,Paid,56739
21804,21804,Debit Card,Paid,136875
21805,21805,Net Banking,Paid,43565
21806,21806,UPI,Paid,138600
21807,21807,UPI,Paid,30296
21808,21808,Credit Card,Pending,15543
21809,21809,UPI,Paid,179492
21810,21810,UPI,Paid,477250
21811,21811,Debit Card,Paid,384980
21812,21812,Credit Card,Paid,142377
21813,21813,Credit Card,Paid,498141
21814,21814,Net Banking,Pending,101480
21815,21815,Credit Card,Pending,102990
21816,21816,UPI,Paid,99432
21817,21817,UPI,Paid,8385
21818,21818,Credit Card,Paid,82990
21819,21819,Debit Card,Paid,51335
21820,21820,Cash,Paid,42648
21821,21821,Credit Card,Failed,76670
21822,21822,Debit Card,Paid,123230
21823,21823,Credit Card,Paid,224520
21824,21824,Credit Card,Pending,51306
21825,21825,Debit Card,Paid,73212
21826,21826,UPI,Paid,122325
21827,21827,Debit Card,Paid,33409
21828,21828,Net Banking,Paid,9826
21829,21829,Debit Card,Paid,192488
21830,21830,Cash,Paid,195858
21831,21831,Credit Card,Failed,51864
21832,21832,Cash,Paid,406048
21833,21833,Debit Card,Paid,415870
21834,21834,UPI,Paid,17730
21835,21835,Debit Card,Paid,23882
21836,21836,UPI,Pending,127626
21837,21837,UPI,Paid,56312
21838,21838,UPI,Failed,138738
21839,21839,Credit Card,Paid,256242
21840,21840,Net Banking,Paid,126760
21841,21841,UPI,Paid,280856
21842,21842,UPI,Pending,145700
21843,21843,UPI,Paid,47538
21844,21844,UPI,Pending,88413
21845,21845,UPI,Pending,108268
21846,21846,Credit Card,Paid,219726
21847,21847,Net Banking,Paid,15083
21848,21848,Debit Card,Paid,197856
21849,21849,Net Banking,Paid,400616
21850,21850,UPI,Paid,35640
21851,21851,UPI,Paid,376432
21852,21852,UPI,Paid,116245
21853,21853,Cash,Paid,69585
21854,21854,Credit Card,Pending,214992
21855,21855,UPI,Paid,57612
21856,21856,Debit Card,Paid,328734
21857,21857,Credit Card,Paid,235270
21858,21858,UPI,Pending,23351
21859,21859,UPI,Pending,219850
21860,21860,Credit Card,Paid,352840
21861,21861,UPI,Paid,120072
21862,21862,UPI,Pending,110698
21863,21863,UPI,Failed,150830
21864,21864,Credit Card,Failed,61383
21865,21865,UPI,Paid,382338
21866,21866,UPI,Paid,29524
21867,21867,UPI,Paid,58272
21868,21868,Debit Card,Paid,73485
21869,21869,Debit Card,Paid,38740
21870,21870,UPI,Paid,77725
21871,21871,Credit Card,Paid,174550
21872,21872,Net Banking,Paid,395710
21873,21873,UPI,Pending,258594
21874,21874,Cash,Failed,321728
21875,21875,UPI,Pending,119336
21876,21876,Credit Card,Paid,214602
21877,21877,UPI,Failed,113810
21878,21878,UPI,Paid,324210
21879,21879,Cash,Paid,322752
21880,21880,UPI,Paid,175536
21881,21881,Debit Card,Paid,41751
21882,21882,Cash,Paid,281112
21883,21883,Debit Card,Paid,102980
21884,21884,UPI,Paid,126960
21885,21885,Credit Card,Paid,324210
21886,21886,Net Banking,Paid,346092
21887,21887,UPI,Paid,200120
21888,21888,Debit Card,Pending,136236
21889,21889,UPI,Paid,141150
21890,21890,Credit Card,Paid,204428
21891,21891,UPI,Paid,27024
21892,21892,Net Banking,Paid,192016
21893,21893,Net Banking,Pending,356097
21894,21894,Debit Card,Failed,209710
21895,21895,UPI,Paid,257710
21896,21896,Credit Card,Paid,145179
21897,21897,UPI,Paid,150891
21898,21898,Credit Card,Paid,89802
21899,21899,Credit Card,Paid,64872
21900,21900,Credit Card,Paid,78526
21901,21901,UPI,Paid,142650
21902,21902,UPI,Failed,198120
21903,21903,Credit Card,Paid,277920
21904,21904,UPI,Paid,186368
21905,21905,UPI,Paid,444249
21906,21906,UPI,Paid,45412
21907,21907,UPI,Paid,304044
21908,21908,UPI,Paid,139107
21909,21909,UPI,Paid,263330
21910,21910,UPI,Pending,173250
21911,21911,UPI,Paid,93852
21912,21912,Net Banking,Paid,426654
21913,21913,Cash,Paid,301063
21914,21914,Debit Card,Paid,459144
21915,21915,UPI,Pending,363096
21916,21916,Credit Card,Paid,59260
21917,21917,UPI,Paid,430992
21918,21918,Credit Card,Pending,219860
21919,21919,Credit Card,Paid,71409
21920,21920,UPI,Paid,42456
21921,21921,UPI,Failed,138654
21922,21922,Credit Card,Paid,29312
21923,21923,UPI,Paid,149170
21924,21924,UPI,Paid,153170
21925,21925,UPI,Paid,142755
21926,21926,Credit Card,Paid,196722
21927,21927,UPI,Paid,130221
21928,21928,UPI,Paid,71088
21929,21929,UPI,Paid,92691
21930,21930,UPI,Paid,35107
21931,21931,UPI,Paid,288060
21932,21932,Credit Card,Paid,444152
21933,21933,Cash,Pending,126777
21934,21934,UPI,Paid,77780
21935,21935,Debit Card,Paid,232974
21936,21936,Credit Card,Failed,347242
21937,21937,Credit Card,Paid,433557
21938,21938,Debit Card,Paid,100072
21939,21939,UPI,Paid,223030
21940,21940,UPI,Paid,57612
21941,21941,UPI,Paid,10390
21942,21942,UPI,Paid,45040
21943,21943,Credit Card,Paid,292896
21944,21944,UPI,Paid,268093
21945,21945,Credit Card,Paid,235255
21946,21946,Credit Card,Pending,150830
21947,21947,Credit Card,Pending,154960
21948,21948,Cash,Paid,146259
21949,21949,UPI,Paid,423459
21950,21950,Credit Card,Paid,119536
21951,21951,UPI,Paid,403110
21952,21952,Net Banking,Paid,128240
21953,21953,Net Banking,Paid,266240
21954,21954,Debit Card,Failed,187430
21955,21955,Credit Card,Failed,271705
21956,21956,Credit Card,Paid,95076
21957,21957,UPI,Paid,135590
21958,21958,Debit Card,Paid,127944
21959,21959,Cash,Paid,31086
21960,21960,UPI,Paid,139887
21961,21961,Credit Card,Paid,40775
21962,21962,Debit Card,Paid,192764
21963,21963,Net Banking,Paid,284195
21964,21964,Cash,Paid,187408
21965,21965,Credit Card,Paid,132831
21966,21966,UPI,Pending,42456
21967,21967,Credit Card,Paid,179571
21968,21968,Cash,Paid,95380
21969,21969,Cash,Paid,419390
21970,21970,Cash,Paid,99056
21971,21971,Credit Card,Paid,32154
21972,21972,Debit Card,Paid,377451
21973,21973,Credit Card,Paid,92800
21974,21974,UPI,Paid,113678
21975,21975,UPI,Paid,167157
21976,21976,Debit Card,Paid,115770
21977,21977,UPI,Paid,93118
21978,21978,UPI,Paid,381800
21979,21979,Credit Card,Paid,28142
21980,21980,UPI,Paid,433240
21981,21981,Debit Card,Paid,9877
21982,21982,Debit Card,Paid,398430
21983,21983,UPI,Paid,240336
21984,21984,Credit Card,Pending,542360
21985,21985,Debit Card,Failed,233380
21986,21986,UPI,Paid,144112
21987,21987,UPI,Paid,138654
21988,21988,UPI,Paid,295176
21989,21989,UPI,Paid,147944
21990,21990,UPI,Paid,251690
21991,21991,Debit Card,Paid,198060
21992,21992,UPI,Paid,56312
21993,21993,Cash,Paid,46650
21994,21994,Credit Card,Paid,264180
21995,21995,UPI,Pending,418770
21996,21996,Credit Card,Paid,46782
21997,21997,UPI,Paid,132040
21998,21998,UPI,Paid,511551
21999,21999,UPI,Paid,130011
22000,22000,Net Banking,Paid,167216
22001,22001,Cash,Paid,46629
22002,22002,Credit Card,Paid,19652
22003,22003,Debit Card,Paid,81184
22004,22004,Debit Card,Paid,39304
22005,22005,Cash,Pending,31100
22006,22006,UPI,Pending,34143
22007,22007,Net Banking,Pending,137185
22008,22008,UPI,Pending,160929
22009,22009,Cash,Paid,236862
22010,22010,Credit Card,Paid,118713
22011,22011,Cash,Paid,30822
22012,22012,UPI,Paid,68776
22013,22013,Credit Card,Failed,216092
22014,22014,UPI,Paid,199215
22015,22015,UPI,Paid,456804
22016,22016,Debit Card,Paid,242888
22017,22017,UPI,Failed,77793
22018,22018,Debit Card,Paid,29799
22019,22019,Net Banking,Paid,90588
22020,22020,Cash,Paid,87944
22021,22021,Net Banking,Paid,385384
22022,22022,Credit Card,Paid,121444
22023,22023,UPI,Paid,129451
22024,22024,UPI,Failed,535900
22025,22025,UPI,Paid,105832
22026,22026,UPI,Paid,201144
22027,22027,Credit Card,Failed,134280
22028,22028,UPI,Paid,125253
22029,22029,Net Banking,Paid,7667
22030,22030,UPI,Pending,481730
22031,22031,UPI,Paid,201642
22032,22032,Debit Card,Paid,272920
22033,22033,Credit Card,Failed,76612
22034,22034,UPI,Paid,91976
22035,22035,UPI,Paid,390708
22036,22036,UPI,Paid,385528
22037,22037,Debit Card,Paid,387891
22038,22038,UPI,Paid,479770
22039,22039,UPI,Paid,171450
22040,22040,Credit Card,Paid,34630
22041,22041,Credit Card,Paid,48004
22042,22042,Credit Card,Paid,54894
22043,22043,UPI,Paid,108188
22044,22044,Credit Card,Pending,440541
22045,22045,Debit Card,Paid,208696
22046,22046,UPI,Paid,125163
22047,22047,Debit Card,Paid,139170
22048,22048,UPI,Paid,185850
22049,22049,Net Banking,Paid,166047
22050,22050,UPI,Paid,113728
22051,22051,Cash,Paid,111978
22052,22052,Cash,Pending,51864
22053,22053,Credit Card,Failed,264610
22054,22054,Credit Card,Failed,239910
22055,22055,UPI,Paid,195596
22056,22056,UPI,Paid,414950
22057,22057,Cash,Paid,208744
22058,22058,UPI,Paid,203427
22059,22059,UPI,Failed,254115
22060,22060,UPI,Paid,71664
22061,22061,Cash,Paid,123576
22062,22062,Debit Card,Paid,392400
22063,22063,UPI,Paid,15690
22064,22064,Credit Card,Paid,96008
22065,22065,Debit Card,Paid,159780
22066,22066,UPI,Paid,130236
22067,22067,UPI,Paid,284178
22068,22068,Cash,Paid,360880
22069,22069,Credit Card,Paid,174260
22070,22070,Debit Card,Paid,546498
22071,22071,UPI,Failed,109500
22072,22072,Credit Card,Paid,256530
22073,22073,UPI,Paid,98358
22074,22074,Debit Card,Paid,225456
22075,22075,Net Banking,Paid,155316
22076,22076,Net Banking,Paid,391923
22077,22077,UPI,Paid,10063
22078,22078,Debit Card,Paid,169770
22079,22079,Debit Card,Pending,156400
22080,22080,UPI,Paid,79374
22081,22081,UPI,Paid,147860
22082,22082,UPI,Paid,489490
22083,22083,Debit Card,Failed,48536
22084,22084,Debit Card,Paid,167967
22085,22085,Net Banking,Paid,432036
22086,22086,Credit Card,Paid,308202
22087,22087,UPI,Paid,34910
22088,22088,Debit Card,Paid,313530
22089,22089,Net Banking,Paid,178122
22090,22090,Credit Card,Paid,491256
22091,22091,Credit Card,Failed,111336
22092,22092,Credit Card,Paid,57393
22093,22093,Debit Card,Paid,69800
22094,22094,UPI,Paid,176826
22095,22095,UPI,Paid,26404
22096,22096,Credit Card,Failed,35380
22097,22097,UPI,Paid,86184
22098,22098,UPI,Paid,140886
22099,22099,Credit Card,Paid,166401
22100,22100,UPI,Paid,76996
22101,22101,UPI,Paid,10652
22102,22102,Credit Card,Paid,347242
22103,22103,Cash,Failed,230208
22104,22104,Net Banking,Paid,104040
22105,22105,Credit Card,Paid,28665
22106,22106,Net Banking,Paid,410312
22107,22107,Cash,Paid,55303
22108,22108,Net Banking,Paid,58788
22109,22109,Credit Card,Pending,35076
22110,22110,UPI,Paid,175888
22111,22111,UPI,Failed,329628
22112,22112,Cash,Pending,138177
22113,22113,UPI,Pending,309463
22114,22114,Net Banking,Paid,186340
22115,22115,UPI,Paid,139775
22116,22116,Debit Card,Paid,165720
22117,22117,UPI,Paid,56973
22118,22118,UPI,Paid,367596
22119,22119,UPI,Paid,430920
22120,22120,UPI,Paid,33404
22121,22121,Credit Card,Pending,13975
22122,22122,UPI,Paid,202068
22123,22123,Cash,Paid,132937
22124,22124,UPI,Paid,47977
22125,22125,UPI,Paid,223800
22126,22126,UPI,Pending,25653
22127,22127,Debit Card,Paid,402288
22128,22128,UPI,Failed,6963
22129,22129,Net Banking,Paid,246904
22130,22130,UPI,Paid,318492
22131,22131,Net Banking,Paid,56590
22132,22132,Net Banking,Paid,355112
22133,22133,UPI,Paid,180620
22134,22134,UPI,Failed,25931
22135,22135,Credit Card,Paid,156715
22136,22136,Credit Card,Paid,143556
22137,22137,Debit Card,Paid,133100
22138,22138,Debit Card,Paid,79248
22139,22139,Debit Card,Paid,343640
22140,22140,Net Banking,Paid,320652
22141,22141,Credit Card,Paid,96008
22142,22142,Net Banking,Paid,25092
22143,22143,UPI,Paid,96768
22144,22144,Cash,Pending,147060
22145,22145,UPI,Pending,71452
22146,22146,Credit Card,Failed,241880
22147,22147,UPI,Paid,320856
22148,22148,Debit Card,Paid,411530
22149,22149,UPI,Paid,89746
22150,22150,Credit Card,Paid,76959
22151,22151,Credit Card,Paid,265780
22152,22152,Credit Card,Paid,164241
22153,22153,Debit Card,Paid,50871
22154,22154,Credit Card,Pending,135747
22155,22155,UPI,Failed,388066
22156,22156,Credit Card,Paid,110592
22157,22157,UPI,Paid,32184
22158,22158,UPI,Paid,49528
22159,22159,Credit Card,Paid,234260
22160,22160,Credit Card,Paid,78255
22161,22161,Debit Card,Pending,116608
22162,22162,UPI,Paid,221752
22163,22163,UPI,Paid,6900
22164,22164,UPI,Paid,40775
22165,22165,Net Banking,Failed,34184
22166,22166,Credit Card,Pending,135771
22167,22167,Credit Card,Paid,174864
22168,22168,Cash,Paid,59262
22169,22169,Cash,Pending,174260
22170,22170,Debit Card,Paid,28181
22171,22171,Credit Card,Paid,111438
22172,22172,UPI,Paid,391592
22173,22173,UPI,Paid,16572
22174,22174,Debit Card,Failed,549380
22175,22175,Credit Card,Paid,163731
22176,22176,UPI,Paid,28304
22177,22177,UPI,Failed,310072
22178,22178,Cash,Paid,76098
22179,22179,UPI,Paid,160770
22180,22180,Debit Card,Paid,78522
22181,22181,Cash,Pending,47363
22182,22182,UPI,Pending,58512
22183,22183,UPI,Paid,282020
22184,22184,Cash,Paid,403020
22185,22185,Credit Card,Paid,242410
22186,22186,Net Banking,Paid,253050
22187,22187,Credit Card,Paid,237750
22188,22188,Credit Card,Paid,88781
22189,22189,Credit Card,Paid,205184
22190,22190,Credit Card,Paid,155480
22191,22191,UPI,Paid,357084
22192,22192,Cash,Pending,263820
22193,22193,Net Banking,Paid,48834
22194,22194,Credit Card,Paid,235255
22195,22195,Debit Card,Pending,80385
22196,22196,Net Banking,Paid,60334
22197,22197,Debit Card,Paid,383816
22198,22198,Cash,Paid,106496
22199,22199,Credit Card,Paid,360880
22200,22200,Cash,Paid,76996
22201,22201,Credit Card,Paid,69800
22202,22202,UPI,Paid,117300
22203,22203,UPI,Pending,365430
22204,22204,Credit Card,Paid,419390
22205,22205,Debit Card,Paid,95380
22206,22206,UPI,Paid,169086
22207,22207,Net Banking,Paid,166440
22208,22208,Debit Card,Paid,45585
22209,22209,UPI,Paid,455850
22210,22210,Debit Card,Paid,425248
22211,22211,UPI,Paid,114504
22212,22212,Debit Card,Paid,233400
22213,22213,Credit Card,Pending,189329
22214,22214,Cash,Paid,149710
22215,22215,Credit Card,Paid,152073
22216,22216,Credit Card,Paid,576290
22217,22217,Cash,Failed,157725
22218,22218,Debit Card,Paid,226521
22219,22219,Debit Card,Paid,196364
22220,22220,UPI,Failed,62224
22221,22221,Credit Card,Paid,270775
22222,22222,Cash,Paid,234910
22223,22223,Credit Card,Paid,159372
22224,22224,Net Banking,Failed,478404
22225,22225,UPI,Paid,272592
22226,22226,UPI,Paid,292344
22227,22227,Debit Card,Paid,21747
22228,22228,UPI,Pending,350469
22229,22229,UPI,Paid,85260
22230,22230,Net Banking,Paid,87768
22231,22231,UPI,Paid,251485
22232,22232,Credit Card,Paid,253818
22233,22233,UPI,Paid,185364
22234,22234,UPI,Paid,229502
22235,22235,Net Banking,Paid,25169
22236,22236,Debit Card,Paid,187408
22237,22237,Debit Card,Paid,244984
22238,22238,Net Banking,Pending,159372
22239,22239,UPI,Failed,167103
22240,22240,Cash,Pending,94029
22241,22241,UPI,Paid,187516
22242,22242,Debit Card,Failed,276745
22243,22243,Debit Card,Failed,256480
22244,22244,Credit Card,Paid,243968
22245,22245,Debit Card,Paid,346168
22246,22246,Net Banking,Paid,255252
22247,22247,Debit Card,Paid,143046
22248,22248,Cash,Pending,392085
22249,22249,Credit Card,Paid,216355
22250,22250,Debit Card,Failed,115092
22251,22251,Credit Card,Failed,153279
22252,22252,Credit Card,Paid,102520
22253,22253,Cash,Paid,208107
22254,22254,Debit Card,Paid,257070
22255,22255,UPI,Paid,113751
22256,22256,UPI,Paid,106632
22257,22257,UPI,Paid,38105
22258,22258,UPI,Pending,237762
22259,22259,Credit Card,Pending,164031
22260,22260,UPI,Pending,100072
22261,22261,Credit Card,Failed,296870
22262,22262,UPI,Paid,304536
22263,22263,Debit Card,Paid,210544
22264,22264,Credit Card,Paid,90567
22265,22265,UPI,Paid,22380
22266,22266,Net Banking,Paid,122110
22267,22267,UPI,Paid,206436
22268,22268,Net Banking,Paid,340249
22269,22269,Net Banking,Paid,242304
22270,22270,UPI,Paid,95776
22271,22271,Credit Card,Paid,224916
22272,22272,Credit Card,Paid,223956
22273,22273,Credit Card,Paid,126416
22274,22274,UPI,Paid,46962
22275,22275,Cash,Failed,430990
22276,22276,UPI,Paid,123288
22277,22277,UPI,Paid,114147
22278,22278,Debit Card,Paid,146484
22279,22279,Debit Card,Paid,55704
22280,22280,Debit Card,Paid,86824
22281,22281,Debit Card,Paid,103313
22282,22282,UPI,Paid,43170
22283,22283,Net Banking,Failed,35640
22284,22284,Net Banking,Paid,46320
22285,22285,UPI,Paid,154112
22286,22286,Net Banking,Pending,304536
22287,22287,UPI,Paid,95319
22288,22288,Credit Card,Pending,99212
22289,22289,Debit Card,Paid,225384
22290,22290,UPI,Failed,95607
22291,22291,UPI,Paid,133088
22292,22292,UPI,Paid,354928
22293,22293,Credit Card,Paid,29572
22294,22294,UPI,Paid,213145
22295,22295,UPI,Failed,260442
22296,22296,UPI,Paid,331768
22297,22297,Cash,Paid,52922
22298,22298,Credit Card,Failed,54023
22299,22299,Cash,Paid,113751
22300,22300,Net Banking,Paid,17454
22301,22301,Debit Card,Paid,145554
22302,22302,Debit Card,Paid,308202
22303,22303,UPI,Failed,124134
22304,22304,Cash,Paid,55334
22305,22305,Credit Card,Paid,133840
22306,22306,UPI,Paid,21228
22307,22307,UPI,Paid,38740
22308,22308,Net Banking,Pending,59144
22309,22309,UPI,Paid,279354
22310,22310,UPI,Paid,218865
22311,22311,Cash,Paid,24422
22312,22312,Debit Card,Paid,252810
22313,22313,Credit Card,Paid,173250
22314,22314,Credit Card,Paid,84543
22315,22315,UPI,Paid,30668
22316,22316,Net Banking,Pending,148700
22317,22317,Debit Card,Paid,23896
22318,22318,Cash,Paid,84270
22319,22319,UPI,Paid,83205
22320,22320,Net Banking,Paid,145700
22321,22321,UPI,Paid,146349
22322,22322,UPI,Paid,178200
22323,22323,UPI,Paid,342384
22324,22324,UPI,Pending,489120
22325,22325,Debit Card,Paid,47682
22326,22326,UPI,Paid,65004
22327,22327,Credit Card,Paid,50118
22328,22328,Cash,Paid,370944
22329,22329,UPI,Paid,10728
22330,22330,UPI,Failed,291642
22331,22331,Debit Card,Paid,267210
22332,22332,Credit Card,Paid,35574
22333,22333,UPI,Paid,43956
22334,22334,UPI,Paid,30668
22335,22335,Credit Card,Paid,178920
22336,22336,UPI,Paid,383424
22337,22337,Debit Card,Paid,138240
22338,22338,Net Banking,Paid,154110
22339,22339,UPI,Paid,48912
22340,22340,Credit Card,Paid,62560
22341,22341,Credit Card,Paid,268709
22342,22342,UPI,Paid,27834
22343,22343,UPI,Paid,88311
22344,22344,UPI,Paid,25110
22345,22345,UPI,Paid,275072
22346,22346,Debit Card,Paid,231540
22347,22347,Cash,Pending,111336
22348,22348,Credit Card,Paid,39676
22349,22349,Credit Card,Paid,212960
22350,22350,Cash,Pending,43099
22351,22351,UPI,Paid,37350
22352,22352,UPI,Paid,57464
22353,22353,Debit Card,Paid,497727
22354,22354,UPI,Paid,237744
22355,22355,Credit Card,Paid,56708
22356,22356,UPI,Pending,137305
22357,22357,Credit Card,Paid,329628
22358,22358,Net Banking,Paid,327432
22359,22359,Credit Card,Paid,16740
22360,22360,Credit Card,Paid,53248
22361,22361,Debit Card,Paid,456336
22362,22362,Cash,Paid,39850
22363,22363,UPI,Paid,105844
22364,22364,Cash,Paid,119940
22365,22365,Debit Card,Paid,390264
22366,22366,UPI,Paid,39781
22367,22367,UPI,Paid,205620
22368,22368,Credit Card,Failed,354816
22369,22369,UPI,Paid,506370
22370,22370,Debit Card,Paid,15585
22371,22371,Net Banking,Paid,392400
22372,22372,Net Banking,Paid,380680
22373,22373,UPI,Paid,299888
22374,22374,UPI,Paid,234395
22375,22375,Cash,Paid,279945
22376,22376,Debit Card,Paid,332696
22377,22377,Credit Card,Paid,75875
22378,22378,UPI,Pending,332696
22379,22379,Credit Card,Paid,196364
22380,22380,UPI,Paid,53442
22381,22381,Debit Card,Paid,19550
22382,22382,Net Banking,Paid,196525
22383,22383,UPI,Paid,378161
22384,22384,UPI,Paid,187128
22385,22385,Credit Card,Paid,349191
22386,22386,Credit Card,Paid,74137
22387,22387,UPI,Paid,98960
22388,22388,UPI,Pending,123060
22389,22389,Cash,Failed,403403
22390,22390,Cash,Paid,80048
22391,22391,Cash,Paid,300402
22392,22392,Credit Card,Pending,414531
22393,22393,UPI,Failed,123520
22394,22394,UPI,Paid,168852
22395,22395,Net Banking,Failed,12683
22396,22396,UPI,Paid,214572
22397,22397,Credit Card,Paid,182166
22398,22398,UPI,Paid,218000
22399,22399,UPI,Paid,54960
22400,22400,UPI,Paid,127824
22401,22401,Cash,Pending,181176
22402,22402,Cash,Paid,40775
22403,22403,Net Banking,Paid,76468
22404,22404,Cash,Failed,399664
22405,22405,Cash,Paid,167967
22406,22406,UPI,Paid,108472
22407,22407,Credit Card,Failed,53640
22408,22408,Debit Card,Pending,59094
22409,22409,UPI,Paid,95868
22410,22410,UPI,Paid,275706
22411,22411,UPI,Paid,167445
22412,22412,Net Banking,Paid,62132
22413,22413,Debit Card,Paid,166440
22414,22414,UPI,Paid,39296
22415,22415,Debit Card,Paid,74564
22416,22416,Debit Card,Paid,15640
22417,22417,UPI,Paid,90588
22418,22418,UPI,Paid,110940
22419,22419,Cash,Failed,15440
22420,22420,UPI,Failed,5885
22421,22421,UPI,Paid,22599
22422,22422,Net Banking,Paid,139107
22423,22423,Credit Card,Paid,269556
22424,22424,UPI,Paid,108560
22425,22425,Net Banking,Paid,73266
22426,22426,Cash,Paid,49196
22427,22427,Cash,Paid,497727
22428,22428,Debit Card,Paid,116720
22429,22429,UPI,Paid,101716
22430,22430,UPI,Paid,88731
22431,22431,Cash,Paid,97668
22432,22432,Debit Card,Paid,437730
22433,22433,UPI,Paid,177792
22434,22434,Credit Card,Paid,428720
22435,22435,Net Banking,Paid,145752
22436,22436,Credit Card,Paid,344990
22437,22437,UPI,Pending,194075
22438,22438,UPI,Pending,47050
22439,22439,UPI,Paid,146697
22440,22440,Cash,Failed,391010
22441,22441,UPI,Paid,81184
22442,22442,Net Banking,Paid,54874
22443,22443,UPI,Failed,104419
22444,22444,UPI,Paid,60992
22445,22445,UPI,Paid,79352
22446,22446,UPI,Failed,102592
22447,22447,UPI,Paid,477040
22448,22448,Credit Card,Paid,141210
22449,22449,Credit Card,Paid,107124
22450,22450,Credit Card,Paid,185875
22451,22451,Credit Card,Paid,130221
22452,22452,UPI,Pending,140637
22453,22453,Credit Card,Paid,82306
22454,22454,Net Banking,Paid,534420
22455,22455,Debit Card,Paid,32502
22456,22456,Net Banking,Paid,38335
22457,22457,Debit Card,Paid,90441
22458,22458,Net Banking,Paid,170655
22459,22459,Debit Card,Paid,319095
22460,22460,Credit Card,Paid,102744
22461,22461,UPI,Paid,112728
22462,22462,Credit Card,Paid,19370
22463,22463,Debit Card,Paid,21456
22464,22464,Cash,Paid,31604
22465,22465,Credit Card,Paid,121131
22466,22466,Cash,Paid,119260
22467,22467,UPI,Pending,26418
22468,22468,UPI,Failed,93840
22469,22469,UPI,Paid,118096
22470,22470,UPI,Paid,146259
22471,22471,Credit Card,Paid,52922
22472,22472,Credit Card,Paid,96382
22473,22473,Debit Card,Paid,52350
22474,22474,UPI,Paid,110876
22475,22475,Credit Card,Paid,39060
22476,22476,UPI,Paid,308220
22477,22477,Debit Card,Pending,378640
22478,22478,UPI,Pending,523620
22479,22479,UPI,Paid,61260
22480,22480,Debit Card,Paid,4095
22481,22481,Credit Card,Paid,244220
22482,22482,UPI,Paid,61523
22483,22483,Credit Card,Failed,157086
22484,22484,Debit Card,Paid,22264
22485,22485,Credit Card,Paid,29631
22486,22486,Credit Card,Paid,357260
22487,22487,UPI,Pending,173558
22488,22488,UPI,Pending,49532
22489,22489,UPI,Pending,146259
22490,22490,Credit Card,Paid,9859
22491,22491,UPI,Paid,156121
22492,22492,Credit Card,Paid,384976
22493,22493,Cash,Paid,53156
22494,22494,Credit Card,Paid,73086
22495,22495,Debit Card,Paid,152635
22496,22496,Net Banking,Paid,293634
22497,22497,UPI,Paid,118350
22498,22498,Cash,Paid,108815
22499,22499,UPI,Failed,44091
22500,22500,Cash,Paid,215880
22501,22501,UPI,Pending,254115
22502,22502,Net Banking,Paid,183780
22503,22503,Credit Card,Paid,121730
22504,22504,UPI,Failed,162999
22505,22505,UPI,Paid,216092
22506,22506,Credit Card,Paid,150354
22507,22507,UPI,Failed,225990
22508,22508,UPI,Paid,162510
22509,22509,Credit Card,Failed,151304
22510,22510,Cash,Paid,54789
22511,22511,UPI,Failed,27016
22512,22512,Credit Card,Paid,31958
22513,22513,UPI,Paid,74700
22514,22514,UPI,Paid,95954
22515,22515,UPI,Paid,58565
22516,22516,Cash,Paid,184872
22517,22517,Credit Card,Failed,118794
22518,22518,UPI,Paid,213264
22519,22519,Net Banking,Pending,35574
22520,22520,UPI,Paid,357749
22521,22521,Net Banking,Paid,351909
22522,22522,Debit Card,Paid,65004
22523,22523,Net Banking,Pending,93852
22524,22524,Net Banking,Paid,125372
22525,22525,UPI,Paid,359345
22526,22526,Debit Card,Paid,77961
22527,22527,UPI,Paid,93028
22528,22528,Credit Card,Paid,112300
22529,22529,UPI,Paid,83865
22530,22530,Credit Card,Paid,209944
22531,22531,Credit Card,Paid,35107
22532,22532,Net Banking,Paid,308400
22533,22533,UPI,Paid,86018
22534,22534,Credit Card,Paid,117530
22535,22535,Debit Card,Paid,41503
22536,22536,Debit Card,Failed,239100
22537,22537,UPI,Pending,300402
22538,22538,UPI,Failed,218865
22539,22539,Net Banking,Paid,115920
22540,22540,Net Banking,Paid,163584
22541,22541,UPI,Paid,99239
22542,22542,UPI,Paid,48912
22543,22543,Debit Card,Pending,440208
22544,22544,Debit Card,Paid,193800
22545,22545,Debit Card,Paid,371574
22546,22546,Cash,Paid,312174
22547,22547,Debit Card,Paid,291520
22548,22548,UPI,Paid,234395
22549,22549,Credit Card,Paid,82392
22550,22550,Credit Card,Paid,149744
22551,22551,Cash,Pending,117303
22552,22552,Credit Card,Paid,147588
22553,22553,UPI,Failed,45525
22554,22554,UPI,Paid,31773
22555,22555,UPI,Paid,228382
22556,22556,Credit Card,Paid,97506
22557,22557,UPI,Paid,28592
22558,22558,UPI,Paid,251430
22559,22559,Net Banking,Paid,322752
22560,22560,UPI,Pending,48518
22561,22561,Cash,Paid,33690
22562,22562,Credit Card,Paid,130011
22563,22563,Net Banking,Paid,156087
22564,22564,Credit Card,Paid,227502
22565,22565,UPI,Paid,91854
22566,22566,Debit Card,Paid,261810
22567,22567,UPI,Paid,33272
22568,22568,UPI,Paid,52666
22569,22569,UPI,Paid,84640
22570,22570,Net Banking,Paid,237925
22571,22571,Credit Card,Paid,276745
22572,22572,UPI,Paid,351776
22573,22573,Debit Card,Pending,70441
22574,22574,Credit Card,Paid,22994
22575,22575,Credit Card,Paid,17580
22576,22576,UPI,Pending,235403
22577,22577,Cash,Failed,82756
22578,22578,Cash,Paid,43956
22579,22579,Credit Card,Paid,21984
22580,22580,UPI,Paid,129660
22581,22581,Credit Card,Paid,41503
22582,22582,UPI,Paid,190200
22583,22583,Cash,Failed,184926
22584,22584,Debit Card,Paid,163752
22585,22585,UPI,Paid,51156
22586,22586,Credit Card,Paid,277821
22587,22587,UPI,Paid,118288
22588,22588,UPI,Paid,282087
22589,22589,Credit Card,Paid,170517
22590,22590,Debit Card,Paid,54023
22591,22591,Debit Card,Paid,193700
22592,22592,Credit Card,Paid,10728
22593,22593,UPI,Paid,207896
22594,22594,Credit Card,Paid,380799
22595,22595,Net Banking,Paid,208107
22596,22596,UPI,Pending,84543
22597,22597,UPI,Paid,368662
22598,22598,Credit Card,Paid,176517
22599,22599,Credit Card,Paid,73280
22600,22600,Credit Card,Pending,347760
22601,22601,UPI,Paid,98065
22602,22602,Credit Card,Paid,134739
22603,22603,UPI,Pending,265419
22604,22604,UPI,Paid,370952
22605,22605,Net Banking,Paid,55519
22606,22606,Credit Card,Paid,50704
22607,22607,Cash,Paid,275992
22608,22608,Debit Card,Paid,97053
22609,22609,UPI,Failed,214227
22610,22610,Debit Card,Failed,294300
22611,22611,Credit Card,Paid,9871
22612,22612,UPI,Paid,213920
22613,22613,UPI,Pending,177720
22614,22614,UPI,Pending,19812
22615,22615,Credit Card,Paid,336688
22616,22616,UPI,Pending,109844
22617,22617,UPI,Paid,79010
22618,22618,UPI,Paid,117576
22619,22619,UPI,Pending,261696
22620,22620,Net Banking,Paid,391592
22621,22621,UPI,Paid,93404
22622,22622,Credit Card,Paid,233388
22623,22623,UPI,Paid,82392
22624,22624,Debit Card,Paid,73086
22625,22625,Debit Card,Paid,299448
22626,22626,UPI,Paid,124485
22627,22627,UPI,Failed,169038
22628,22628,Credit Card,Failed,261450
22629,22629,Debit Card,Pending,125253
22630,22630,Credit Card,Paid,273510
22631,22631,Debit Card,Paid,112300
22632,22632,Credit Card,Paid,242910
22633,22633,Cash,Pending,361263
22634,22634,Credit Card,Paid,309463
22635,22635,Credit Card,Paid,503739
22636,22636,UPI,Paid,46320
22637,22637,Credit Card,Paid,170516
22638,22638,Net Banking,Paid,332213
22639,22639,Debit Card,Failed,210664
22640,22640,Cash,Paid,47538
22641,22641,UPI,Paid,301644
22642,22642,Credit Card,Paid,17250
22643,22643,Debit Card,Paid,177720
22644,22644,Credit Card,Paid,275706
22645,22645,Credit Card,Pending,462303
22646,22646,Credit Card,Paid,126434
22647,22647,Credit Card,Pending,104769
22648,22648,Cash,Paid,119536
22649,22649,Credit Card,Paid,226285
22650,22650,UPI,Paid,169989
22651,22651,Net Banking,Paid,12285
22652,22652,UPI,Paid,89746
22653,22653,UPI,Paid,462180
22654,22654,UPI,Paid,102312
22655,22655,Credit Card,Paid,471258
22656,22656,Cash,Paid,92640
22657,22657,UPI,Paid,213768
22658,22658,Debit Card,Failed,84172
22659,22659,UPI,Paid,165100
22660,22660,Credit Card,Paid,8789
22661,22661,Debit Card,Paid,32191
22662,22662,UPI,Paid,108080
22663,22663,Cash,Paid,440361
22664,22664,UPI,Paid,257380
22665,22665,UPI,Paid,48560
22666,22666,UPI,Paid,102540
22667,22667,UPI,Pending,56502
22668,22668,Debit Card,Paid,54118
22669,22669,Credit Card,Paid,455733
22670,22670,Debit Card,Paid,24417
22671,22671,Net Banking,Paid,44105
22672,22672,Credit Card,Pending,166002
22673,22673,Cash,Paid,131868
22674,22674,Cash,Paid,218412
22675,22675,UPI,Pending,396641
22676,22676,Net Banking,Paid,209500
22677,22677,UPI,Paid,38380
22678,22678,Credit Card,Paid,188216
22679,22679,UPI,Paid,358029
22680,22680,Credit Card,Paid,201510
22681,22681,Credit Card,Paid,105832
22682,22682,Cash,Paid,390264
22683,22683,Debit Card,Paid,33396
22684,22684,UPI,Failed,228224
22685,22685,UPI,Paid,181517
22686,22686,UPI,Paid,187516
22687,22687,Debit Card,Failed,479280
22688,22688,Credit Card,Paid,341310
22689,22689,Credit Card,Paid,117216
22690,22690,Credit Card,Paid,244495
22691,22691,Credit Card,Paid,109038
22692,22692,Cash,Paid,112808
22693,22693,UPI,Paid,91930
22694,22694,Debit Card,Paid,42608
22695,22695,Credit Card,Paid,104769
22696,22696,UPI,Failed,115494
22697,22697,Net Banking,Pending,154360
22698,22698,UPI,Paid,217035
22699,22699,UPI,Pending,95070
22700,22700,Debit Card,Paid,213145
22701,22701,UPI,Paid,131910
22702,22702,UPI,Paid,95964
22703,22703,UPI,Paid,87890
22704,22704,UPI,Pending,139107
22705,22705,Credit Card,Paid,95868
22706,22706,Net Banking,Failed,37350
22707,22707,UPI,Paid,61054
22708,22708,Credit Card,Failed,197168
22709,22709,Debit Card,Paid,225393
22710,22710,UPI,Paid,94565
22711,22711,Debit Card,Paid,49292
22712,22712,Debit Card,Paid,153888
22713,22713,UPI,Paid,96462
22714,22714,UPI,Paid,244216
22715,22715,Credit Card,Paid,462488
22716,22716,UPI,Paid,214602
22717,22717,UPI,Paid,256470
22718,22718,Credit Card,Paid,185178
22719,22719,UPI,Paid,116445
22720,22720,UPI,Pending,500770
22721,22721,UPI,Paid,123459
22722,22722,UPI,Failed,115770
22723,22723,Credit Card,Paid,275706
22724,22724,UPI,Pending,46920
22725,22725,Debit Card,Paid,150858
22726,22726,UPI,Paid,189950
22727,22727,Net Banking,Pending,480978
22728,22728,UPI,Paid,287328
22729,22729,Credit Card,Paid,100134
22730,22730,Debit Card,Paid,339012
22731,22731,Credit Card,Failed,72248
22732,22732,Credit Card,Pending,11713
22733,22733,UPI,Paid,282639
22734,22734,UPI,Paid,154602
22735,22735,Cash,Paid,209360
22736,22736,UPI,Failed,92996
22737,22737,UPI,Paid,95364
22738,22738,UPI,Paid,84225
22739,22739,Net Banking,Paid,86196
22740,22740,Cash,Pending,106952
22741,22741,Credit Card,Paid,229572
22742,22742,Credit Card,Paid,178424
22743,22743,UPI,Paid,158704
22744,22744,UPI,Paid,204064
22745,22745,Credit Card,Paid,103728
22746,22746,UPI,Paid,330100
22747,22747,Credit Card,Paid,109290
22748,22748,Debit Card,Paid,92520
22749,22749,Cash,Pending,63994
22750,22750,Debit Card,Pending,92865
22751,22751,Credit Card,Paid,47080
22752,22752,UPI,Pending,70473
22753,22753,UPI,Paid,182651
22754,22754,Debit Card,Paid,68768
22755,22755,Debit Card,Paid,218025
22756,22756,Credit Card,Pending,537620
22757,22757,UPI,Pending,75177
22758,22758,Debit Card,Paid,46962
22759,22759,UPI,Paid,49528
22760,22760,UPI,Paid,47725
22761,22761,Debit Card,Paid,199832
22762,22762,Credit Card,Paid,115092
22763,22763,Credit Card,Failed,196722
22764,22764,UPI,Paid,216083
22765,22765,UPI,Failed,202548
22766,22766,UPI,Failed,105332
22767,22767,UPI,Paid,182036
22768,22768,Credit Card,Paid,97053
22769,22769,Credit Card,Paid,264630
22770,22770,Cash,Paid,54972
22771,22771,Debit Card,Paid,176836
22772,22772,Net Banking,Failed,359345
22773,22773,UPI,Paid,203980
22774,22774,Debit Card,Paid,35460
22775,22775,Credit Card,Paid,213472
22776,22776,UPI,Failed,46852
22777,22777,Credit Card,Paid,112539
22778,22778,UPI,Paid,247940
22779,22779,Net Banking,Failed,58160
22780,22780,Cash,Paid,275490
22781,22781,Net Banking,Paid,78200
22782,22782,Debit Card,Paid,178200
22783,22783,Cash,Paid,157998
22784,22784,UPI,Failed,62195
22785,22785,Debit Card,Paid,534760
22786,22786,Cash,Paid,127824
22787,22787,UPI,Paid,238917
22788,22788,Credit Card,Paid,14971
22789,22789,Net Banking,Failed,22994
22790,22790,Cash,Paid,59293
22791,22791,Net Banking,Paid,66909
22792,22792,Debit Card,Failed,145821
22793,22793,Cash,Paid,257380
22794,22794,UPI,Paid,115770
22795,22795,Debit Card,Pending,301644
22796,22796,Credit Card,Paid,54048
22797,22797,Cash,Paid,263060
22798,22798,Debit Card,Paid,128421
22799,22799,UPI,Paid,81680
22800,22800,Credit Card,Paid,157044
22801,22801,Cash,Paid,75980
22802,22802,Debit Card,Pending,54528
22803,22803,UPI,Paid,25987
22804,22804,UPI,Failed,131500
22805,22805,UPI,Paid,316757
22806,22806,Credit Card,Paid,61794
22807,22807,Credit Card,Paid,112995
22808,22808,Credit Card,Paid,31343
22809,22809,Debit Card,Paid,185730
22810,22810,Cash,Paid,190840
22811,22811,Net Banking,Paid,31712
22812,22812,UPI,Paid,502860
22813,22813,Credit Card,Paid,83205
22814,22814,UPI,Pending,37870
22815,22815,UPI,Paid,152919
22816,22816,UPI,Pending,286503
22817,22817,UPI,Failed,554380
22818,22818,Credit Card,Paid,92118
22819,22819,Debit Card,Failed,40485
22820,22820,UPI,Paid,52365
22821,22821,UPI,Paid,6494
22822,22822,UPI,Pending,338184
22823,22823,UPI,Paid,77200
22824,22824,Net Banking,Paid,61236
22825,22825,UPI,Paid,442792
22826,22826,Debit Card,Paid,30496
22827,22827,UPI,Paid,359345
22828,22828,UPI,Paid,188058
22829,22829,Cash,Paid,474344
22830,22830,UPI,Paid,89502
22831,22831,Debit Card,Paid,213264
22832,22832,UPI,Paid,214360
22833,22833,UPI,Paid,77056
22834,22834,UPI,Paid,116700
22835,22835,Cash,Paid,322668
22836,22836,Credit Card,Pending,185992
22837,22837,UPI,Paid,318248
22838,22838,UPI,Paid,294710
22839,22839,Credit Card,Pending,93840
22840,22840,Cash,Paid,179260
22841,22841,UPI,Paid,123520
22842,22842,Cash,Failed,32986
22843,22843,UPI,Paid,146259
22844,22844,Net Banking,Paid,405096
22845,22845,Credit Card,Paid,290465
22846,22846,UPI,Paid,83884
22847,22847,UPI,Paid,336150
22848,22848,Credit Card,Paid,184890
22849,22849,UPI,Paid,9712
22850,22850,UPI,Pending,128616
22851,22851,Cash,Paid,47406
22852,22852,UPI,Paid,19076
22853,22853,UPI,Failed,39624
22854,22854,UPI,Paid,370952
22855,22855,Credit Card,Paid,404880
22856,22856,Cash,Paid,14216
22857,22857,UPI,Paid,90824
22858,22858,UPI,Paid,72675
22859,22859,Credit Card,Paid,109748
22860,22860,UPI,Pending,274160
22861,22861,UPI,Paid,178390
22862,22862,UPI,Paid,56404
22863,22863,UPI,Failed,54972
22864,22864,Cash,Paid,184736
22865,22865,Credit Card,Paid,89808
22866,22866,UPI,Failed,597680
22867,22867,UPI,Paid,33288
22868,22868,Cash,Paid,272920
22869,22869,UPI,Paid,373239
22870,22870,UPI,Paid,37350
22871,22871,Credit Card,Paid,153196
22872,22872,Credit Card,Pending,86198
22873,22873,UPI,Paid,349335
22874,22874,Credit Card,Failed,202816
22875,22875,Cash,Paid,25155
22876,22876,UPI,Paid,63684
22877,22877,UPI,Failed,102186
22878,22878,UPI,Pending,130272
22879,22879,UPI,Paid,129969
22880,22880,UPI,Paid,230295
22881,22881,UPI,Paid,118096
22882,22882,UPI,Paid,25932
22883,22883,Credit Card,Paid,304536
22884,22884,UPI,Paid,447912
22885,22885,UPI,Pending,253920
22886,22886,Credit Card,Failed,329508
22887,22887,Cash,Paid,250335
22888,22888,Cash,Paid,47050
22889,22889,UPI,Paid,379085
22890,22890,UPI,Pending,115530
22891,22891,Cash,Failed,359023
22892,22892,Credit Card,Paid,185600
22893,22893,Credit Card,Paid,163930
22894,22894,Net Banking,Pending,331768
22895,22895,Credit Card,Paid,23351
22896,22896,Credit Card,Paid,19652
22897,22897,UPI,Paid,128430
22898,22898,UPI,Paid,128328
22899,22899,Net Banking,Paid,173192
22900,22900,Credit Card,Paid,410265
22901,22901,Cash,Failed,487830
22902,22902,Credit Card,Paid,189950
22903,22903,Debit Card,Paid,58944
22904,22904,Debit Card,Paid,63994
22905,22905,Credit Card,Paid,28090
22906,22906,Cash,Paid,120648
22907,22907,Credit Card,Paid,143946
22908,22908,Credit Card,Paid,70278
22909,22909,UPI,Paid,65360
22910,22910,Debit Card,Paid,306230
22911,22911,Debit Card,Paid,153548
22912,22912,Cash,Paid,170168
22913,22913,UPI,Paid,255774
22914,22914,UPI,Pending,175092
22915,22915,Debit Card,Pending,266334
22916,22916,UPI,Paid,73224
22917,22917,UPI,Paid,115770
22918,22918,Debit Card,Paid,196716
22919,22919,Credit Card,Pending,173084
22920,22920,Credit Card,Paid,55519
22921,22921,Cash,Paid,158450
22922,22922,Credit Card,Failed,113416
22923,22923,UPI,Paid,188058
22924,22924,UPI,Paid,52174
22925,22925,Credit Card,Paid,264006
22926,22926,UPI,Paid,223956
22927,22927,Credit Card,Paid,86848
22928,22928,UPI,Paid,108801
22929,22929,Debit Card,Paid,127841
22930,22930,Debit Card,Paid,71688
22931,22931,Cash,Pending,103497
22932,22932,Debit Card,Paid,80385
22933,22933,Credit Card,Paid,77793
22934,22934,UPI,Pending,62604
22935,22935,Credit Card,Paid,351070
22936,22936,Credit Card,Paid,211688
22937,22937,Debit Card,Paid,378826
22938,22938,Credit Card,Paid,242304
22939,22939,UPI,Paid,22380
22940,22940,Debit Card,Paid,183952
22941,22941,Debit Card,Paid,139494
22942,22942,Credit Card,Paid,114368
22943,22943,Debit Card,Paid,509967
22944,22944,Cash,Pending,154189
22945,22945,UPI,Paid,212710
22946,22946,Cash,Paid,174840
22947,22947,Credit Card,Paid,13917
22948,22948,Net Banking,Failed,378774
22949,22949,Credit Card,Paid,43271
22950,22950,Credit Card,Pending,230920
22951,22951,Debit Card,Failed,87944
22952,22952,UPI,Paid,242590
22953,22953,Debit Card,Paid,270130
22954,22954,Cash,Paid,91432
22955,22955,Credit Card,Paid,88572
22956,22956,Credit Card,Paid,293340
22957,22957,Debit Card,Paid,83962
22958,22958,Credit Card,Paid,154400
22959,22959,Net Banking,Paid,48692
22960,22960,UPI,Paid,52340
22961,22961,UPI,Paid,219752
22962,22962,Credit Card,Paid,27648
22963,22963,UPI,Paid,166884
22964,22964,Credit Card,Failed,76598
22965,22965,Credit Card,Paid,50338
22966,22966,Debit Card,Paid,32760
22967,22967,UPI,Paid,24765
22968,22968,Debit Card,Paid,52029
22969,22969,Debit Card,Pending,35460
22970,22970,UPI,Paid,14216
22971,22971,Debit Card,Paid,61924
22972,22972,Cash,Paid,27447
22973,22973,UPI,Paid,354816
22974,22974,UPI,Paid,579600
22975,22975,Net Banking,Paid,28773
22976,22976,Debit Card,Paid,91581
22977,22977,Credit Card,Failed,102592
22978,22978,UPI,Paid,172368
22979,22979,Net Banking,Paid,461646
22980,22980,Debit Card,Paid,344990
22981,22981,Credit Card,Pending,31956
22982,22982,UPI,Pending,270115
22983,22983,UPI,Paid,99030
22984,22984,Net Banking,Pending,197916
22985,22985,Credit Card,Failed,267210
22986,22986,Cash,Paid,213840
22987,22987,Net Banking,Pending,245064
22988,22988,UPI,Paid,316799
22989,22989,UPI,Paid,115092
22990,22990,UPI,Paid,141770
22991,22991,Debit Card,Paid,133016
22992,22992,Credit Card,Paid,358620
22993,22993,UPI,Paid,433888
22994,22994,Cash,Paid,374816
22995,22995,UPI,Paid,95585
22996,22996,UPI,Pending,456336
22997,22997,Net Banking,Failed,47406
22998,22998,UPI,Paid,496060
22999,22999,Cash,Failed,158910
23000,23000,UPI,Paid,179536
23001,23001,Credit Card,Failed,126434
23002,23002,UPI,Paid,20420
23003,23003,Cash,Pending,97824
23004,23004,UPI,Paid,233380
23005,23005,UPI,Pending,255801
23006,23006,Debit Card,Paid,220270
23007,23007,Debit Card,Paid,45412
23008,23008,Credit Card,Pending,201188
23009,23009,Credit Card,Failed,166383
23010,23010,Cash,Paid,102393
23011,23011,UPI,Paid,170517
23012,23012,Debit Card,Paid,156060
23013,23013,Credit Card,Pending,192492
23014,23014,Credit Card,Paid,13800
23015,23015,Net Banking,Failed,578110
23016,23016,Debit Card,Paid,319896
23017,23017,UPI,Paid,259310
23018,23018,UPI,Paid,292848
23019,23019,Credit Card,Paid,184050
23020,23020,Credit Card,Failed,43271
23021,23021,UPI,Paid,235060
23022,23022,Credit Card,Pending,413685
23023,23023,Debit Card,Paid,88108
23024,23024,Cash,Paid,88210
23025,23025,Debit Card,Pending,119736
23026,23026,Debit Card,Paid,229794
23027,23027,Net Banking,Pending,86418
23028,23028,Debit Card,Paid,97668
23029,23029,UPI,Pending,219798
23030,23030,UPI,Failed,280168
23031,23031,UPI,Paid,318690
23032,23032,Credit Card,Paid,474060
23033,23033,UPI,Failed,58512
23034,23034,Cash,Pending,286160
23035,23035,Net Banking,Paid,219258
23036,23036,UPI,Failed,182340
23037,23037,UPI,Paid,111988
23038,23038,Credit Card,Paid,263330
23039,23039,Cash,Paid,452570
23040,23040,Debit Card,Paid,177597
23041,23041,UPI,Paid,96768
23042,23042,UPI,Paid,209905
23043,23043,Debit Card,Paid,100572
23044,23044,UPI,Paid,56502
23045,23045,Net Banking,Paid,149597
23046,23046,Net Banking,Failed,118809
23047,23047,UPI,Paid,42648
23048,23048,Net Banking,Paid,231090
23049,23049,UPI,Paid,314111
23050,23050,Debit Card,Paid,61260
23051,23051,Credit Card,Paid,383816
23052,23052,Credit Card,Paid,112568
23053,23053,Credit Card,Failed,233883
23054,23054,UPI,Paid,90880
23055,23055,UPI,Paid,37256
23056,23056,Credit Card,Paid,146670
23057,23057,UPI,Paid,207780
23058,23058,Cash,Paid,182630
23059,23059,Credit Card,Failed,41472
23060,23060,Credit Card,Paid,330100
23061,23061,Net Banking,Paid,210430
23062,23062,Net Banking,Pending,294300
23063,23063,Debit Card,Paid,40272
23064,23064,Net Banking,Paid,107280
23065,23065,Cash,Paid,271503
23066,23066,UPI,Paid,486207
23067,23067,UPI,Paid,106496
23068,23068,Debit Card,Paid,92603
23069,23069,Credit Card,Paid,147150
23070,23070,UPI,Paid,79860
23071,23071,Debit Card,Paid,70441
23072,23072,Net Banking,Paid,26404
23073,23073,UPI,Failed,194144
23074,23074,Credit Card,Paid,545840
23075,23075,Net Banking,Paid,204600
23076,23076,Cash,Paid,375501
23077,23077,Credit Card,Paid,61726
23078,23078,UPI,Pending,299915
23079,23079,UPI,Paid,23491
23080,23080,UPI,Paid,457839
23081,23081,Credit Card,Paid,250744
23082,23082,Debit Card,Paid,349191
23083,23083,Net Banking,Paid,23784
23084,23084,Credit Card,Pending,534560
23085,23085,Credit Card,Paid,396130
23086,23086,UPI,Paid,277350
23087,23087,UPI,Paid,214572
23088,23088,Credit Card,Paid,367596
23089,23089,Credit Card,Paid,135771
23090,23090,Debit Card,Paid,304938
23091,23091,Net Banking,Paid,85824
23092,23092,Cash,Pending,412872
23093,23093,UPI,Paid,350539
23094,23094,UPI,Paid,6494
23095,23095,UPI,Paid,104348
23096,23096,UPI,Paid,22762
23097,23097,UPI,Paid,27834
23098,23098,Net Banking,Pending,232000
23099,23099,Debit Card,Paid,35160
23100,23100,Credit Card,Paid,173192
23101,23101,Debit Card,Paid,85584
23102,23102,Credit Card,Paid,154602
23103,23103,UPI,Paid,101646
23104,23104,Credit Card,Paid,82550
23105,23105,UPI,Paid,190200
23106,23106,UPI,Paid,92445
23107,23107,UPI,Paid,324792
23108,23108,Credit Card,Paid,83800
23109,23109,UPI,Paid,367596
23110,23110,UPI,Paid,190200
23111,23111,Debit Card,Paid,123576
23112,23112,UPI,Paid,25653
23113,23113,Net Banking,Paid,54186
23114,23114,UPI,Paid,139950
23115,23115,Debit Card,Failed,206168
23116,23116,UPI,Paid,189329
23117,23117,Credit Card,Paid,127593
23118,23118,UPI,Paid,137291
23119,23119,UPI,Paid,137895
23120,23120,UPI,Failed,536430
23121,23121,Debit Card,Paid,37580
23122,23122,Credit Card,Paid,102312
23123,23123,UPI,Paid,73266
23124,23124,Credit Card,Paid,300402
23125,23125,Cash,Paid,31768
23126,23126,Debit Card,Paid,58280
23127,23127,Debit Card,Pending,16340
23128,23128,Debit Card,Paid,24764
23129,23129,UPI,Paid,248768
23130,23130,Cash,Paid,86824
23131,23131,Debit Card,Paid,329350
23132,23132,Net Banking,Pending,48393
23133,23133,UPI,Paid,54789
23134,23134,Cash,Paid,166557
23135,23135,Debit Card,Failed,146787
23136,23136,Credit Card,Pending,120354
23137,23137,Cash,Paid,211167
23138,23138,UPI,Paid,69800
23139,23139,Debit Card,Paid,372240
23140,23140,UPI,Paid,43170
23141,23141,Credit Card,Paid,97878
23142,23142,UPI,Paid,117303
23143,23143,UPI,Pending,87275
23144,23144,UPI,Paid,140064
23145,23145,Credit Card,Paid,42608
23146,23146,UPI,Paid,272885
23147,23147,Credit Card,Paid,178200
23148,23148,Net Banking,Paid,19698
23149,23149,Net Banking,Pending,103424
23150,23150,Debit Card,Paid,431352
23151,23151,Credit Card,Paid,250920
23152,23152,Cash,Paid,14386
23153,23153,Net Banking,Paid,363393
23154,23154,UPI,Paid,24570
23155,23155,UPI,Paid,30484
23156,23156,Net Banking,Paid,223950
23157,23157,Debit Card,Paid,245592
23158,23158,Net Banking,Paid,151014
23159,23159,Debit Card,Paid,237588
23160,23160,UPI,Paid,86988
23161,23161,UPI,Pending,93840
23162,23162,Net Banking,Paid,90864
23163,23163,Cash,Paid,257070
23164,23164,Net Banking,Paid,114786
23165,23165,Credit Card,Paid,124134
23166,23166,Debit Card,Paid,335964
23167,23167,Cash,Paid,348800
23168,23168,Credit Card,Paid,39603
23169,23169,Debit Card,Failed,65252
23170,23170,UPI,Paid,420860
23171,23171,Net Banking,Paid,128265
23172,23172,Credit Card,Paid,256656
23173,23173,UPI,Paid,457407
23174,23174,UPI,Paid,503739
23175,23175,UPI,Paid,204428
23176,23176,Cash,Paid,188200
23177,23177,Net Banking,Paid,44181
23178,23178,Cash,Paid,87250
23179,23179,UPI,Paid,53456
23180,23180,Credit Card,Failed,318936
23181,23181,Credit Card,Paid,314024
23182,23182,Debit Card,Paid,206297
23183,23183,UPI,Paid,17752
23184,23184,Cash,Paid,49196
23185,23185,UPI,Paid,29687
23186,23186,UPI,Paid,182715
23187,23187,UPI,Paid,385686
23188,23188,UPI,Paid,93732
23189,23189,Credit Card,Paid,142956
23190,23190,UPI,Paid,189624
23191,23191,Credit Card,Paid,42320
23192,23192,Net Banking,Paid,192764
23193,23193,Cash,Paid,387121
23194,23194,Cash,Pending,35574
23195,23195,UPI,Paid,157044
23196,23196,Debit Card,Paid,170516
23197,23197,Net Banking,Paid,227060
23198,23198,Debit Card,Paid,291159
23199,23199,Cash,Paid,118096
23200,23200,UPI,Paid,235566
23201,23201,Credit Card,Paid,55668
23202,23202,Debit Card,Paid,110135
23203,23203,Cash,Paid,115770
23204,23204,Net Banking,Paid,347310
23205,23205,Credit Card,Paid,190840
23206,23206,UPI,Paid,203292
23207,23207,Cash,Paid,58839
23208,23208,UPI,Paid,189130
23209,23209,UPI,Paid,430920
23210,23210,UPI,Paid,319970
23211,23211,Net Banking,Paid,89826
23212,23212,UPI,Pending,362352
23213,23213,UPI,Paid,272800
23214,23214,Credit Card,Paid,75507
23215,23215,Credit Card,Paid,452574
23216,23216,Credit Card,Paid,136355
23217,23217,Debit Card,Failed,536670
23218,23218,Debit Card,Paid,47538
23219,23219,Credit Card,Paid,480040
23220,23220,UPI,Paid,104058
23221,23221,UPI,Paid,159920
23222,23222,Debit Card,Paid,203875
23223,23223,UPI,Paid,153170
23224,23224,Cash,Paid,29542
23225,23225,Credit Card,Paid,100212
23226,23226,UPI,Paid,20420
23227,23227,UPI,Paid,336854
23228,23228,UPI,Paid,22380
23229,23229,Net Banking,Paid,268215
23230,23230,Credit Card,Failed,277040
23231,23231,Debit Card,Paid,153321
23232,23232,Net Banking,Paid,30393
23233,23233,Debit Card,Paid,44389
23234,23234,UPI,Pending,406968
23235,23235,UPI,Paid,22360
23236,23236,Net Banking,Paid,354270
23237,23237,Credit Card,Paid,225337
23238,23238,Credit Card,Paid,23841
23239,23239,UPI,Failed,137456
23240,23240,Credit Card,Paid,29454
23241,23241,Credit Card,Paid,29934
23242,23242,Cash,Paid,48560
23243,23243,Credit Card,Paid,447900
23244,23244,UPI,Paid,18489
23245,23245,Credit Card,Paid,14386
23246,23246,Credit Card,Failed,180824
23247,23247,Credit Card,Paid,71688
23248,23248,UPI,Paid,374192
23249,23249,UPI,Paid,278214
23250,23250,UPI,Paid,279860
23251,23251,Cash,Paid,57150
23252,23252,Debit Card,Paid,57184
23253,23253,UPI,Paid,334075
23254,23254,UPI,Pending,28432
23255,23255,Credit Card,Paid,198905
23256,23256,Credit Card,Pending,57351
23257,23257,Debit Card,Paid,178835
23258,23258,UPI,Paid,85260
23259,23259,UPI,Paid,335512
23260,23260,Net Banking,Paid,135882
23261,23261,UPI,Paid,240610
23262,23262,UPI,Paid,185476
23263,23263,UPI,Paid,531560
23264,23264,Credit Card,Paid,76612
23265,23265,UPI,Paid,13917
23266,23266,Credit Card,Paid,234672
23267,23267,UPI,Paid,60888
23268,23268,Debit Card,Paid,261700
23269,23269,Cash,Pending,352079
23270,23270,Debit Card,Paid,46650
23271,23271,Net Banking,Paid,69097
23272,23272,Net Banking,Paid,71352
23273,23273,UPI,Paid,513350
23274,23274,Net Banking,Paid,181202
23275,23275,Credit Card,Paid,414531
23276,23276,Net Banking,Paid,38380
23277,23277,UPI,Paid,105672
23278,23278,Debit Card,Paid,177597
23279,23279,UPI,Paid,576290
23280,23280,Debit Card,Paid,281420
23281,23281,Cash,Failed,128226
23282,23282,Credit Card,Paid,269556
23283,23283,Credit Card,Failed,209526
23284,23284,Credit Card,Paid,23784
23285,23285,Credit Card,Paid,74382
23286,23286,UPI,Paid,47538
23287,23287,Credit Card,Paid,24417
23288,23288,Net Banking,Paid,101070
23289,23289,Credit Card,Paid,362352
23290,23290,UPI,Paid,172836
23291,23291,Credit Card,Paid,155196
23292,23292,Credit Card,Paid,78968
23293,23293,UPI,Failed,463690
23294,23294,UPI,Failed,128764
23295,23295,Debit Card,Paid,71088
23296,23296,UPI,Paid,87432
23297,23297,Debit Card,Paid,145608
23298,23298,UPI,Failed,268191
23299,23299,Credit Card,Paid,176390
23300,23300,UPI,Paid,168312
23301,23301,UPI,Pending,47776
23302,23302,Credit Card,Paid,23882
23303,23303,UPI,Paid,102744
23304,23304,Debit Card,Paid,121455
23305,23305,UPI,Pending,23506
23306,23306,UPI,Paid,346590
23307,23307,Debit Card,Paid,54542
23308,23308,UPI,Pending,123576
23309,23309,Credit Card,Paid,21747
23310,23310,Cash,Failed,317408
23311,23311,Credit Card,Failed,114456
23312,23312,Net Banking,Failed,182298
23313,23313,UPI,Paid,135753
23314,23314,UPI,Paid,257380
23315,23315,Credit Card,Failed,318563
23316,23316,Credit Card,Pending,88650
23317,23317,Credit Card,Pending,271323
23318,23318,UPI,Paid,170919
23319,23319,Credit Card,Paid,433888
23320,23320,UPI,Paid,46530
23321,23321,UPI,Paid,376400
23322,23322,UPI,Paid,92055
23323,23323,Credit Card,Paid,81550
23324,23324,UPI,Paid,129048
23325,23325,UPI,Paid,226470
23326,23326,Debit Card,Paid,118818
23327,23327,Credit Card,Pending,50732
23328,23328,Debit Card,Failed,11941
23329,23329,Debit Card,Paid,166383
23330,23330,UPI,Pending,296874
23331,23331,UPI,Paid,388530
23332,23332,Cash,Paid,391797
23333,23333,Net Banking,Paid,8876
23334,23334,Credit Card,Pending,50340
23335,23335,Debit Card,Failed,173150
23336,23336,Debit Card,Paid,565900
23337,23337,UPI,Paid,260145
23338,23338,Credit Card,Paid,199632
23339,23339,UPI,Paid,215172
23340,23340,Credit Card,Paid,37990
23341,23341,UPI,Pending,217488
23342,23342,UPI,Paid,176517
23343,23343,UPI,Paid,135176
23344,23344,Credit Card,Paid,202068
23345,23345,Net Banking,Paid,47652
23346,23346,Credit Card,Paid,98928
23347,23347,Credit Card,Pending,479770
23348,23348,Credit Card,Paid,224916
23349,23349,Debit Card,Paid,140064
23350,23350,Debit Card,Paid,58850
23351,23351,Net Banking,Paid,56608
23352,23352,Credit Card,Paid,499580
23353,23353,Debit Card,Pending,220392
23354,23354,Credit Card,Paid,458757
23355,23355,Debit Card,Paid,142160
23356,23356,UPI,Paid,51476
23357,23357,Debit Card,Paid,352079
23358,23358,UPI,Paid,179802
23359,23359,Net Banking,Paid,108892
23360,23360,Credit Card,Paid,104972
23361,23361,UPI,Paid,190692
23362,23362,UPI,Paid,409581
23363,23363,Debit Card,Paid,169575
23364,23364,UPI,Paid,190200
23365,23365,Credit Card,Paid,228402
23366,23366,Debit Card,Paid,495882
23367,23367,UPI,Paid,67380
23368,23368,UPI,Paid,372112
23369,23369,Credit Card,Paid,18298
23370,23370,Credit Card,Paid,400616
23371,23371,Credit Card,Paid,190900
23372,23372,Cash,Paid,204645
23373,23373,Net Banking,Pending,43407
23374,23374,Cash,Paid,115364
23375,23375,UPI,Failed,510930
23376,23376,UPI,Paid,28773
23377,23377,UPI,Pending,88812
23378,23378,UPI,Paid,174330
23379,23379,Debit Card,Paid,244560
23380,23380,UPI,Pending,40252
23381,23381,Cash,Paid,190897
23382,23382,UPI,Paid,286816
23383,23383,UPI,Paid,295176
23384,23384,Cash,Paid,49355
23385,23385,Credit Card,Paid,47406
23386,23386,Net Banking,Paid,173976
23387,23387,Credit Card,Paid,34720
23388,23388,UPI,Pending,44790
23389,23389,UPI,Paid,214795
23390,23390,Net Banking,Paid,41560
23391,23391,UPI,Paid,78279
23392,23392,Cash,Paid,110614
23393,23393,Credit Card,Paid,22264
23394,23394,Debit Card,Paid,95584
23395,23395,UPI,Pending,69120
23396,23396,Credit Card,Pending,341910
23397,23397,UPI,Paid,37870
23398,23398,Cash,Pending,129404
23399,23399,Credit Card,Paid,338488
23400,23400,Credit Card,Paid,468261
23401,23401,Net Banking,Paid,235518
23402,23402,Credit Card,Paid,194428
23403,23403,UPI,Paid,87690
23404,23404,Credit Card,Paid,167157
23405,23405,UPI,Paid,79420
23406,23406,Credit Card,Paid,45294
23407,23407,Credit Card,Paid,34384
23408,23408,UPI,Paid,351776
23409,23409,UPI,Paid,288704
23410,23410,Credit Card,Paid,40479
23411,23411,Credit Card,Paid,19482
23412,23412,UPI,Paid,40479
23413,23413,UPI,Paid,148584
23414,23414,Credit Card,Failed,14296
23415,23415,UPI,Paid,96382
23416,23416,UPI,Paid,359408
23417,23417,Credit Card,Paid,10728
23418,23418,UPI,Paid,202696
23419,23419,Credit Card,Paid,29472
23420,23420,Debit Card,Paid,140780
23421,23421,UPI,Pending,305312
23422,23422,Credit Card,Paid,53762
23423,23423,Debit Card,Failed,54118
23424,23424,Credit Card,Paid,181004
23425,23425,UPI,Paid,52740
23426,23426,UPI,Paid,90865
23427,23427,UPI,Paid,372240
23428,23428,UPI,Paid,607220
23429,23429,UPI,Paid,164814
23430,23430,Debit Card,Paid,8370
23431,23431,Cash,Paid,209448
23432,23432,UPI,Failed,57228
23433,23433,Debit Card,Paid,132937
23434,23434,Net Banking,Paid,75834
23435,23435,UPI,Paid,158840
23436,23436,UPI,Paid,167768
23437,23437,Credit Card,Paid,366210
23438,23438,Net Banking,Paid,28528
23439,23439,Credit Card,Failed,214360
23440,23440,Net Banking,Pending,44313
23441,23441,UPI,Paid,294710
23442,23442,UPI,Paid,296465
23443,23443,Debit Card,Paid,227940
23444,23444,Cash,Paid,264080
23445,23445,UPI,Paid,221010
23446,23446,UPI,Paid,4095
23447,23447,UPI,Paid,363096
23448,23448,Debit Card,Paid,83700
23449,23449,UPI,Paid,92055
23450,23450,Debit Card,Paid,101220
23451,23451,UPI,Paid,237762
23452,23452,UPI,Paid,137895
23453,23453,Debit Card,Paid,110592
23454,23454,Cash,Paid,44913
23455,23455,Credit Card,Paid,536430
23456,23456,Debit Card,Paid,374256
23457,23457,Net Banking,Paid,146259
23458,23458,Credit Card,Paid,166989
23459,23459,Cash,Paid,29425
23460,23460,Credit Card,Paid,368361
23461,23461,Credit Card,Paid,91581
23462,23462,Debit Card,Pending,150891
23463,23463,Debit Card,Paid,175800
23464,23464,Debit Card,Paid,10652
23465,23465,UPI,Paid,392400
23466,23466,Credit Card,Paid,14771
23467,23467,UPI,Paid,255535
23468,23468,Debit Card,Paid,442764
23469,23469,UPI,Paid,314289
23470,23470,Net Banking,Paid,37917
23471,23471,Credit Card,Paid,42364
23472,23472,Credit Card,Pending,146172
23473,23473,UPI,Paid,123288
23474,23474,Cash,Paid,43625
23475,23475,Debit Card,Paid,95991
23476,23476,Debit Card,Paid,27950
23477,23477,UPI,Paid,51862
23478,23478,Cash,Paid,120354
23479,23479,Net Banking,Paid,42629
23480,23480,UPI,Paid,107556
23481,23481,UPI,Paid,194336
23482,23482,Cash,Failed,416160
23483,23483,Debit Card,Paid,80236
23484,23484,Cash,Paid,316799
23485,23485,UPI,Paid,126180
23486,23486,UPI,Failed,8769
23487,23487,Credit Card,Paid,83510
23488,23488,UPI,Paid,385528
23489,23489,UPI,Paid,73242
23490,23490,Net Banking,Paid,325416
23491,23491,Cash,Paid,245064
23492,23492,Debit Card,Paid,259020
23493,23493,UPI,Paid,134516
23494,23494,UPI,Paid,287862
23495,23495,Debit Card,Paid,277595
23496,23496,Cash,Pending,101742
23497,23497,UPI,Paid,39687
23498,23498,Debit Card,Pending,10148
23499,23499,UPI,Paid,87432
23500,23500,UPI,Paid,431700
23501,23501,UPI,Paid,34910
23502,23502,UPI,Failed,170517
23503,23503,Credit Card,Pending,125826
23504,23504,UPI,Paid,77725
23505,23505,UPI,Paid,307734
23506,23506,UPI,Paid,473300
23507,23507,Credit Card,Paid,52808
23508,23508,Cash,Pending,128835
23509,23509,Credit Card,Paid,43972
23510,23510,Credit Card,Paid,263888
23511,23511,UPI,Failed,73938
23512,23512,Credit Card,Paid,61054
23513,23513,Credit Card,Paid,239100
23514,23514,Debit Card,Paid,196994
23515,23515,UPI,Paid,210159
23516,23516,Debit Card,Paid,35160
23517,23517,UPI,Failed,36596
23518,23518,Cash,Pending,134280
23519,23519,Net Banking,Paid,99239
23520,23520,UPI,Paid,62067
23521,23521,Debit Card,Paid,76760
23522,23522,UPI,Paid,224720
23523,23523,UPI,Paid,164930
23524,23524,Debit Card,Paid,144823
23525,23525,Cash,Paid,186576
23526,23526,UPI,Paid,116004
23527,23527,Cash,Paid,190152
23528,23528,Credit Card,Paid,98490
23529,23529,UPI,Paid,75834
23530,23530,Debit Card,Paid,166383
23531,23531,Credit Card,Paid,379248
23532,23532,UPI,Failed,176420
23533,23533,Credit Card,Paid,14971
23534,23534,UPI,Paid,80754
23535,23535,Credit Card,Paid,61794
23536,23536,Credit Card,Paid,70518
23537,23537,UPI,Paid,115161
23538,23538,UPI,Paid,123459
23539,23539,UPI,Paid,117678
23540,23540,UPI,Paid,84485
23541,23541,Credit Card,Paid,364680
23542,23542,UPI,Failed,35852
23543,23543,UPI,Pending,108815
23544,23544,Credit Card,Pending,88210
23545,23545,Credit Card,Paid,83884
23546,23546,UPI,Paid,243064
23547,23547,UPI,Paid,164930
23548,23548,Debit Card,Pending,256675
23549,23549,Cash,Paid,291400
23550,23550,Cash,Paid,119343
23551,23551,Cash,Failed,119550
23552,23552,Debit Card,Paid,296985
23553,23553,UPI,Paid,70152
23554,23554,Credit Card,Paid,348928
23555,23555,Debit Card,Paid,421038
23556,23556,UPI,Paid,109818
23557,23557,Net Banking,Paid,192550
23558,23558,Cash,Paid,167982
23559,23559,UPI,Paid,172495
23560,23560,UPI,Paid,95991
23561,23561,UPI,Failed,8385
23562,23562,UPI,Paid,83700
23563,23563,UPI,Paid,20971
23564,23564,UPI,Paid,202816
23565,23565,Debit Card,Paid,151440
23566,23566,UPI,Paid,426267
23567,23567,Debit Card,Paid,89212
23568,23568,Debit Card,Paid,406584
23569,23569,UPI,Paid,111438
23570,23570,Credit Card,Paid,97072
23571,23571,Credit Card,Paid,17450
23572,23572,UPI,Paid,500770
23573,23573,UPI,Failed,66260
23574,23574,Cash,Paid,270470
23575,23575,Credit Card,Failed,342700
23576,23576,Cash,Paid,485840
23577,23577,UPI,Paid,327432
23578,23578,UPI,Pending,263180
23579,23579,Debit Card,Paid,20126
23580,23580,Credit Card,Paid,128664
23581,23581,Debit Card,Paid,106520
23582,23582,Debit Card,Paid,140004
23583,23583,Credit Card,Paid,95364
23584,23584,UPI,Paid,86824
23585,23585,Debit Card,Paid,330200
23586,23586,Credit Card,Failed,157095
23587,23587,Credit Card,Paid,338488
23588,23588,Cash,Paid,185850
23589,23589,UPI,Paid,292344
23590,23590,Credit Card,Paid,50184
23591,23591,UPI,Paid,164814
23592,23592,Debit Card,Paid,69013
23593,23593,UPI,Pending,126098
23594,23594,UPI,Paid,271506
23595,23595,Credit Card,Paid,92050
23596,23596,UPI,Paid,309252
23597,23597,Credit Card,Paid,347242
23598,23598,Debit Card,Paid,101484
23599,23599,Debit Card,Paid,281810
23600,23600,Debit Card,Paid,61788
23601,23601,UPI,Paid,310723
23602,23602,Credit Card,Pending,88896
23603,23603,Credit Card,Paid,79168
23604,23604,Cash,Paid,489348
23605,23605,Debit Card,Paid,230920
23606,23606,Credit Card,Paid,30618
23607,23607,UPI,Paid,72564
23608,23608,Credit Card,Failed,381800
23609,23609,Cash,Pending,104972
23610,23610,Credit Card,Paid,58944
23611,23611,UPI,Paid,118586
23612,23612,Debit Card,Paid,278901
23613,23613,UPI,Paid,69139
23614,23614,Net Banking,Paid,46688
23615,23615,Net Banking,Paid,148840
23616,23616,Credit Card,Paid,276354
23617,23617,Debit Card,Paid,326752
23618,23618,UPI,Paid,64164
23619,23619,Debit Card,Failed,289055
23620,23620,UPI,Paid,410936
23621,23621,UPI,Paid,306448
23622,23622,Net Banking,Paid,202425
23623,23623,UPI,Paid,534760
23624,23624,UPI,Failed,321102
23625,23625,Debit Card,Paid,107286
23626,23626,UPI,Paid,417600
23627,23627,UPI,Paid,455090
23628,23628,UPI,Failed,273750
23629,23629,Credit Card,Failed,426654
23630,23630,Credit Card,Paid,358608
23631,23631,Credit Card,Failed,134516
23632,23632,Credit Card,Paid,114456
23633,23633,UPI,Paid,199524
23634,23634,Credit Card,Paid,165909
23635,23635,Credit Card,Paid,331960
23636,23636,Credit Card,Pending,118288
23637,23637,Cash,Paid,313530
23638,23638,Credit Card,Paid,26404
23639,23639,UPI,Paid,92445
23640,23640,Debit Card,Paid,115770
23641,23641,UPI,Pending,126830
23642,23642,UPI,Failed,18991
23643,23643,UPI,Paid,62604
23644,23644,UPI,Paid,70320
23645,23645,UPI,Paid,101382
23646,23646,Cash,Paid,166360
23647,23647,Credit Card,Paid,107556
23648,23648,Credit Card,Paid,110592
23649,23649,Credit Card,Failed,52734
23650,23650,UPI,Paid,455090
23651,23651,UPI,Failed,30668
23652,23652,Credit Card,Failed,325710
23653,23653,UPI,Failed,133100
23654,23654,Credit Card,Pending,59264
23655,23655,UPI,Pending,102578
23656,23656,Credit Card,Failed,421911
23657,23657,UPI,Paid,94108
23658,23658,Debit Card,Pending,55334
23659,23659,Credit Card,Paid,140886
23660,23660,UPI,Paid,32154
23661,23661,Net Banking,Paid,376334
23662,23662,Credit Card,Paid,218412
23663,23663,UPI,Paid,338488
23664,23664,UPI,Paid,354816
23665,23665,UPI,Pending,226360
23666,23666,UPI,Paid,137895
23667,23667,Credit Card,Paid,327462
23668,23668,Credit Card,Paid,172887
23669,23669,UPI,Paid,99432
23670,23670,Credit Card,Paid,287730
23671,23671,Debit Card,Pending,174464
23672,23672,UPI,Paid,155480
23673,23673,UPI,Paid,286816
23674,23674,Debit Card,Paid,87900
23675,23675,UPI,Paid,366975
23676,23676,UPI,Paid,129280
23677,23677,Cash,Paid,509310
23678,23678,Cash,Pending,179310
23679,23679,UPI,Paid,17655
23680,23680,Net Banking,Paid,21371
23681,23681,Debit Card,Paid,117783
23682,23682,Net Banking,Paid,273750
23683,23683,UPI,Paid,288410
23684,23684,UPI,Paid,77056
23685,23685,UPI,Paid,50106
23686,23686,UPI,Paid,391192
23687,23687,UPI,Paid,19565
23688,23688,Credit Card,Paid,275607
23689,23689,UPI,Paid,545840
23690,23690,Debit Card,Paid,370454
23691,23691,UPI,Paid,260472
23692,23692,UPI,Paid,223956
23693,23693,Net Banking,Pending,120168
23694,23694,UPI,Paid,32421
23695,23695,UPI,Paid,147620
23696,23696,Cash,Failed,118872
23697,23697,Cash,Paid,494442
23698,23698,UPI,Paid,127232
23699,23699,Credit Card,Pending,231840
23700,23700,Net Banking,Paid,164250
23701,23701,Cash,Paid,118872
23702,23702,UPI,Paid,378826
23703,23703,Credit Card,Paid,44751
23704,23704,Cash,Paid,93964
23705,23705,Debit Card,Paid,23639
23706,23706,Net Banking,Paid,100572
23707,23707,Credit Card,Paid,335874
23708,23708,Net Banking,Paid,115770
23709,23709,UPI,Paid,6900
23710,23710,Debit Card,Paid,247650
23711,23711,UPI,Paid,6900
23712,23712,UPI,Paid,89852
23713,23713,Cash,Paid,65252
23714,23714,Credit Card,Paid,43565
23715,23715,UPI,Paid,39508
23716,23716,Net Banking,Failed,79420
23717,23717,UPI,Paid,78900
23718,23718,UPI,Failed,209905
23719,23719,Net Banking,Paid,301644
23720,23720,UPI,Paid,97384
23721,23721,Debit Card,Paid,76760
23722,23722,Cash,Paid,48122
23723,23723,Credit Card,Paid,57682
23724,23724,Cash,Paid,124400
23725,23725,Cash,Paid,108735
23726,23726,Credit Card,Paid,180620
23727,23727,Credit Card,Paid,73670
23728,23728,Cash,Pending,60865
23729,23729,Debit Card,Paid,39272
23730,23730,UPI,Failed,292848
23731,23731,UPI,Pending,187848
23732,23732,UPI,Paid,71088
23733,23733,Credit Card,Paid,145179
23734,23734,UPI,Paid,47012
23735,23735,Credit Card,Paid,148584
23736,23736,Net Banking,Paid,239100
23737,23737,UPI,Paid,18605
23738,23738,Debit Card,Paid,29472
23739,23739,Net Banking,Paid,3450
23740,23740,Credit Card,Paid,345483
23741,23741,Credit Card,Paid,213710
23742,23742,Cash,Failed,107469
23743,23743,Credit Card,Paid,230448
23744,23744,UPI,Paid,301063
23745,23745,Cash,Failed,347296
23746,23746,UPI,Paid,87250
23747,23747,Credit Card,Paid,54750
23748,23748,UPI,Paid,149744
23749,23749,Net Banking,Pending,14078
23750,23750,Credit Card,Failed,113751
23751,23751,UPI,Paid,88716
23752,23752,Net Banking,Paid,251400
23753,23753,Net Banking,Paid,55719
23754,23754,Net Banking,Paid,83700
23755,23755,UPI,Paid,421668
23756,23756,Credit Card,Failed,178540
23757,23757,UPI,Paid,131944
23758,23758,UPI,Paid,157164
23759,23759,UPI,Paid,81813
23760,23760,Cash,Paid,102214
23761,23761,Cash,Paid,186201
23762,23762,Net Banking,Paid,154626
23763,23763,Debit Card,Pending,51974
23764,23764,Credit Card,Paid,349335
23765,23765,UPI,Paid,185992
23766,23766,UPI,Paid,91490
23767,23767,Net Banking,Paid,100212
23768,23768,Net Banking,Pending,31869
23769,23769,Net Banking,Paid,29718
23770,23770,Debit Card,Paid,13508
23771,23771,Credit Card,Paid,258957
23772,23772,UPI,Failed,377829
23773,23773,Net Banking,Paid,409290
23774,23774,Net Banking,Paid,404850
23775,23775,Credit Card,Paid,280392
23776,23776,Debit Card,Paid,224630
23777,23777,UPI,Paid,483858
23778,23778,UPI,Paid,88731
23779,23779,Cash,Paid,161755
23780,23780,UPI,Paid,15556
23781,23781,UPI,Paid,120072
23782,23782,UPI,Pending,216092
23783,23783,UPI,Paid,117884
23784,23784,Credit Card,Paid,79895
23785,23785,UPI,Pending,29547
23786,23786,Credit Card,Paid,81909
23787,23787,Credit Card,Failed,44577
23788,23788,UPI,Paid,143175
23789,23789,UPI,Paid,221945
23790,23790,Credit Card,Paid,120648
23791,23791,Credit Card,Paid,72675
23792,23792,Debit Card,Paid,269570
23793,23793,Net Banking,Paid,267280
23794,23794,UPI,Paid,191214
23795,23795,Cash,Paid,387338
23796,23796,UPI,Paid,380670
23797,23797,Debit Card,Paid,170520
23798,23798,UPI,Paid,128835
23799,23799,Credit Card,Paid,228600
23800,23800,UPI,Pending,222474
23801,23801,UPI,Paid,24225
23802,23802,UPI,Paid,65952
23803,23803,UPI,Paid,218025
23804,23804,Cash,Paid,114464
23805,23805,Credit Card,Paid,269238
23806,23806,Net Banking,Paid,46866
23807,23807,Credit Card,Pending,383104
23808,23808,UPI,Pending,378640
23809,23809,Debit Card,Paid,23123
23810,23810,Cash,Paid,119768
23811,23811,Credit Card,Paid,474344
23812,23812,UPI,Pending,419031
23813,23813,UPI,Paid,202752
23814,23814,UPI,Failed,123848
23815,23815,Credit Card,Paid,86196
23816,23816,Cash,Paid,40118
23817,23817,Credit Card,Paid,189452
23818,23818,UPI,Failed,38105
23819,23819,UPI,Paid,314111
23820,23820,UPI,Pending,343840
23821,23821,Credit Card,Paid,83962
23822,23822,UPI,Paid,107286
23823,23823,UPI,Paid,457407
23824,23824,Credit Card,Paid,403020
23825,23825,UPI,Paid,214857
23826,23826,Debit Card,Paid,50740
23827,23827,Credit Card,Paid,68262
23828,23828,Debit Card,Paid,92886
23829,23829,UPI,Paid,123520
23830,23830,Cash,Failed,50118
23831,23831,Net Banking,Paid,415656
23832,23832,Credit Card,Paid,162282
23833,23833,UPI,Paid,74268
23834,23834,UPI,Paid,146797
23835,23835,Cash,Paid,108850
23836,23836,Credit Card,Paid,169575
23837,23837,Net Banking,Failed,41196
23838,23838,UPI,Paid,42730
23839,23839,Debit Card,Paid,249480
23840,23840,UPI,Paid,181648
23841,23841,UPI,Paid,46866
23842,23842,UPI,Paid,173433
23843,23843,Debit Card,Paid,545840
23844,23844,Credit Card,Failed,53590
23845,23845,UPI,Paid,137996
23846,23846,UPI,Paid,209360
23847,23847,UPI,Paid,355758
23848,23848,UPI,Paid,29631
23849,23849,Credit Card,Paid,294680
23850,23850,Credit Card,Paid,145350
23851,23851,Cash,Failed,145700
23852,23852,Cash,Paid,254256
23853,23853,Debit Card,Paid,103084
23854,23854,Debit Card,Failed,44913
23855,23855,UPI,Failed,79225
23856,23856,UPI,Paid,259626
23857,23857,Credit Card,Paid,175644
23858,23858,Net Banking,Paid,66260
23859,23859,Credit Card,Paid,23716
23860,23860,Net Banking,Failed,153918
23861,23861,Credit Card,Paid,204354
23862,23862,Debit Card,Pending,31343
23863,23863,Debit Card,Paid,49120
23864,23864,UPI,Paid,461601
23865,23865,Credit Card,Pending,125826
23866,23866,UPI,Failed,44277
23867,23867,Cash,Paid,375032
23868,23868,Debit Card,Pending,77750
23869,23869,Debit Card,Paid,25638
23870,23870,Credit Card,Paid,49606
23871,23871,UPI,Paid,326102
23872,23872,Credit Card,Paid,190335
23873,23873,Credit Card,Paid,123288
23874,23874,UPI,Paid,66081
23875,23875,Debit Card,Paid,111988
23876,23876,Credit Card,Paid,259626
23877,23877,UPI,Pending,42845
23878,23878,UPI,Failed,237496
23879,23879,Credit Card,Paid,422658
23880,23880,Debit Card,Paid,16770
23881,23881,Credit Card,Paid,214572
23882,23882,Credit Card,Paid,170954
23883,23883,Credit Card,Paid,5590
23884,23884,Credit Card,Paid,235578
23885,23885,UPI,Paid,85776
23886,23886,Net Banking,Paid,112995
23887,23887,UPI,Paid,271593
23888,23888,UPI,Paid,403440
23889,23889,UPI,Paid,55884
23890,23890,UPI,Paid,111846
23891,23891,UPI,Failed,135590
23892,23892,UPI,Paid,216536
23893,23893,UPI,Paid,374332
23894,23894,Net Banking,Failed,215850
23895,23895,Credit Card,Paid,219753
23896,23896,Net Banking,Paid,184926
23897,23897,UPI,Paid,191168
23898,23898,Net Banking,Paid,38306
23899,23899,Debit Card,Paid,354928
23900,23900,Credit Card,Paid,130848
23901,23901,Credit Card,Paid,58908
23902,23902,UPI,Paid,23463
23903,23903,UPI,Paid,378774
23904,23904,Net Banking,Failed,190200
23905,23905,Credit Card,Failed,83700
23906,23906,UPI,Paid,86198
23907,23907,Debit Card,Paid,74196
23908,23908,Net Banking,Paid,14727
23909,23909,Credit Card,Paid,100594
23910,23910,Net Banking,Paid,18991
23911,23911,UPI,Paid,151543
23912,23912,Credit Card,Paid,361263
23913,23913,UPI,Failed,169316
23914,23914,Debit Card,Paid,13202
23915,23915,UPI,Paid,142650
23916,23916,Credit Card,Paid,49295
23917,23917,Credit Card,Paid,287320
23918,23918,Debit Card,Paid,418770
23919,23919,UPI,Failed,221945
23920,23920,UPI,Paid,136515
23921,23921,Cash,Paid,452570
23922,23922,UPI,Paid,540230
23923,23923,Cash,Paid,96786
23924,23924,Cash,Paid,140450
23925,23925,UPI,Failed,259310
23926,23926,UPI,Paid,125817
23927,23927,Cash,Paid,279970
23928,23928,Credit Card,Pending,437463
23929,23929,UPI,Paid,347256
23930,23930,UPI,Paid,42845
23931,23931,Cash,Paid,163728
23932,23932,Credit Card,Paid,161208
23933,23933,UPI,Paid,128240
23934,23934,Net Banking,Failed,87690
23935,23935,Debit Card,Failed,280826
23936,23936,UPI,Paid,88781
23937,23937,Credit Card,Paid,43773
23938,23938,Credit Card,Paid,49020
23939,23939,Credit Card,Pending,108268
23940,23940,UPI,Paid,480978
23941,23941,Cash,Paid,370952
23942,23942,UPI,Paid,245980
23943,23943,UPI,Pending,181728
23944,23944,Debit Card,Paid,225136
23945,23945,Credit Card,Pending,95874
23946,23946,UPI,Paid,55140
23947,23947,UPI,Paid,105321
23948,23948,UPI,Paid,102214
23949,23949,Credit Card,Failed,47928
23950,23950,UPI,Paid,256347
23951,23951,UPI,Paid,87408
23952,23952,Net Banking,Paid,219000
23953,23953,UPI,Pending,40056
23954,23954,Credit Card,Paid,183952
23955,23955,UPI,Pending,61236
23956,23956,Cash,Paid,87130
23957,23957,UPI,Paid,241880
23958,23958,Credit Card,Failed,20296
23959,23959,Cash,Paid,80112
23960,23960,Credit Card,Pending,122185
23961,23961,UPI,Paid,425970
23962,23962,Debit Card,Paid,293634
23963,23963,UPI,Paid,49050
23964,23964,Debit Card,Paid,46400
23965,23965,Net Banking,Paid,39436
23966,23966,UPI,Paid,223050
23967,23967,UPI,Paid,190340
23968,23968,UPI,Paid,128660
23969,23969,Debit Card,Paid,345360
23970,23970,Cash,Paid,336688
23971,23971,UPI,Paid,478144
23972,23972,Credit Card,Paid,134739
23973,23973,Cash,Failed,296166
23974,23974,UPI,Paid,314024
23975,23975,Net Banking,Paid,101480
23976,23976,Credit Card,Paid,319896
23977,23977,UPI,Paid,127626
23978,23978,UPI,Paid,68768
23979,23979,Credit Card,Paid,158508
23980,23980,UPI,Paid,230322
23981,23981,UPI,Paid,160958
23982,23982,Net Banking,Pending,183190
23983,23983,UPI,Paid,81141
23984,23984,Credit Card,Paid,99212
23985,23985,UPI,Pending,176622
23986,23986,Credit Card,Failed,91854
23987,23987,UPI,Paid,57184
23988,23988,Credit Card,Paid,177305
23989,23989,Credit Card,Paid,137895
23990,23990,UPI,Paid,161310
23991,23991,UPI,Paid,175888
23992,23992,UPI,Paid,33396
23993,23993,Credit Card,Paid,107034
23994,23994,Credit Card,Paid,44984
23995,23995,Credit Card,Paid,234672
23996,23996,Debit Card,Paid,56150
23997,23997,Cash,Paid,221045
23998,23998,Debit Card,Paid,151911
23999,23999,Net Banking,Pending,142176
24000,24000,Net Banking,Paid,75964
24001,24001,Credit Card,Paid,261450
24002,24002,UPI,Paid,207410
24003,24003,Net Banking,Paid,151750
24004,24004,UPI,Paid,33690
24005,24005,Credit Card,Failed,178191
24006,24006,Debit Card,Paid,73052
24007,24007,UPI,Paid,415870
24008,24008,Credit Card,Paid,151014
24009,24009,Net Banking,Paid,407259
24010,24010,Debit Card,Paid,18263
24011,24011,Credit Card,Paid,185992
24012,24012,UPI,Paid,24225
24013,24013,UPI,Paid,111988
24014,24014,UPI,Paid,39584
24015,24015,Cash,Paid,208605
24016,24016,Credit Card,Paid,189910
24017,24017,Debit Card,Paid,120648
24018,24018,Credit Card,Paid,310960
24019,24019,Debit Card,Paid,39100
24020,24020,UPI,Paid,63056
24021,24021,Credit Card,Paid,217200
24022,24022,Net Banking,Paid,78608
24023,24023,Cash,Paid,108472
24024,24024,UPI,Paid,389641
24025,24025,Credit Card,Failed,396641
24026,24026,Net Banking,Paid,143080
24027,24027,UPI,Paid,15978
24028,24028,UPI,Pending,18380
24029,24029,UPI,Paid,463284
24030,24030,Debit Card,Paid,489290
24031,24031,Net Banking,Paid,48834
24032,24032,UPI,Paid,68208
24033,24033,Credit Card,Paid,137964
24034,24034,UPI,Failed,559940
24035,24035,UPI,Paid,103313
24036,24036,UPI,Pending,106960
24037,24037,UPI,Paid,299748
24038,24038,Credit Card,Paid,207900
24039,24039,UPI,Paid,43635
24040,24040,UPI,Paid,97036
24041,24041,Credit Card,Paid,95450
24042,24042,Net Banking,Paid,59226
24043,24043,Net Banking,Paid,355440
24044,24044,Net Banking,Paid,312174
24045,24045,UPI,Paid,160410
24046,24046,Cash,Paid,234910
24047,24047,UPI,Paid,171940
24048,24048,Credit Card,Paid,42608
24049,24049,Credit Card,Paid,356097
24050,24050,UPI,Paid,207448
24051,24051,Credit Card,Paid,166437
24052,24052,UPI,Pending,59768
24053,24053,UPI,Paid,139905
24054,24054,Credit Card,Paid,87200
24055,24055,UPI,Paid,171940
24056,24056,Credit Card,Paid,344754
24057,24057,UPI,Paid,56362
24058,24058,UPI,Pending,216092
24059,24059,UPI,Paid,173628
24060,24060,Debit Card,Pending,89397
24061,24061,Cash,Paid,54333
24062,24062,Debit Card,Paid,267210
24063,24063,Credit Card,Paid,426267
24064,24064,UPI,Paid,96786
24065,24065,Credit Card,Pending,46246
24066,24066,Net Banking,Paid,119940
24067,24067,Cash,Paid,118279
24068,24068,Credit Card,Paid,134739
24069,24069,Credit Card,Paid,59884
24070,24070,Credit Card,Paid,64524
24071,24071,UPI,Paid,258054
24072,24072,UPI,Paid,556630
24073,24073,UPI,Paid,294710
24074,24074,Debit Card,Paid,79562
24075,24075,UPI,Paid,71523
24076,24076,UPI,Paid,174605
24077,24077,Debit Card,Paid,204372
24078,24078,UPI,Paid,163930
24079,24079,UPI,Paid,43635
24080,24080,Debit Card,Pending,60968
24081,24081,Cash,Paid,202752
24082,24082,Credit Card,Paid,102612
24083,24083,UPI,Paid,427808
24084,24084,Credit Card,Failed,18016
24085,24085,Debit Card,Paid,225136
24086,24086,UPI,Paid,317408
24087,24087,Credit Card,Paid,158910
24088,24088,Net Banking,Paid,231244
24089,24089,Debit Card,Paid,29834
24090,24090,Credit Card,Pending,425970
24091,24091,UPI,Paid,90588
24092,24092,UPI,Paid,92640
24093,24093,UPI,Paid,124448
24094,24094,UPI,Paid,151440
24095,24095,UPI,Paid,112568
24096,24096,Credit Card,Paid,447912
24097,24097,Debit Card,Failed,361062
24098,24098,Cash,Pending,515420
24099,24099,UPI,Paid,253780
24100,24100,UPI,Failed,44508
24101,24101,Debit Card,Paid,302897
24102,24102,UPI,Paid,163584
24103,24103,UPI,Pending,477738
24104,24104,Credit Card,Paid,40056
24105,24105,UPI,Pending,24764
24106,24106,UPI,Paid,275992
24107,24107,UPI,Paid,117216
24108,24108,Credit Card,Paid,102980
24109,24109,Net Banking,Paid,242680
24110,24110,Credit Card,Pending,132273
24111,24111,Credit Card,Paid,68208
24112,24112,Credit Card,Paid,291109
24113,24113,Credit Card,Failed,100236
24114,24114,Debit Card,Paid,365430
24115,24115,Net Banking,Paid,95319
24116,24116,Credit Card,Paid,221336
24117,24117,Credit Card,Paid,98180
24118,24118,Cash,Paid,454712
24119,24119,Credit Card,Paid,165980
24120,24120,Credit Card,Paid,295074
24121,24121,Debit Card,Paid,118528
24122,24122,UPI,Paid,127626
24123,24123,UPI,Paid,46400
24124,24124,Net Banking,Paid,259020
24125,24125,Net Banking,Paid,376408
24126,24126,Credit Card,Paid,128616
24127,24127,UPI,Pending,197444
24128,24128,UPI,Paid,112539
24129,24129,Debit Card,Paid,103164
24130,24130,UPI,Paid,146736
24131,24131,Net Banking,Paid,43412
24132,24132,UPI,Paid,559890
24133,24133,Credit Card,Paid,79700
24134,24134,Credit Card,Paid,383424
24135,24135,UPI,Pending,108188
24136,24136,Cash,Paid,38740
24137,24137,Credit Card,Paid,34908
24138,24138,Credit Card,Paid,118096
24139,24139,Cash,Paid,309492
24140,24140,Credit Card,Paid,56905
24141,24141,Credit Card,Paid,486207
24142,24142,UPI,Paid,90396
24143,24143,Cash,Paid,377100
24144,24144,UPI,Pending,425054
24145,24145,UPI,Paid,231244
24146,24146,Debit Card,Paid,223979
24147,24147,Net Banking,Paid,261008
24148,24148,Debit Card,Paid,136875
24149,24149,Net Banking,Paid,261696
24150,24150,Credit Card,Paid,141770
24151,24151,Cash,Paid,343350
24152,24152,UPI,Failed,127832
24153,24153,UPI,Paid,91050
24154,24154,UPI,Paid,298840
24155,24155,Cash,Failed,153170
24156,24156,UPI,Failed,46953
24157,24157,Net Banking,Failed,43972
24158,24158,UPI,Failed,272300
24159,24159,UPI,Paid,48004
24160,24160,Debit Card,Paid,134930
24161,24161,Credit Card,Failed,360794
24162,24162,Credit Card,Paid,232490
24163,24163,Net Banking,Paid,69300
24164,24164,UPI,Paid,508230
24165,24165,Cash,Paid,44054
24166,24166,UPI,Pending,174864
24167,24167,Net Banking,Paid,109154
24168,24168,Cash,Pending,79884
24169,24169,UPI,Paid,166047
24170,24170,Cash,Paid,559890
24171,24171,Cash,Paid,175888
24172,24172,UPI,Paid,230920
24173,24173,Debit Card,Paid,387828
24174,24174,UPI,Paid,288732
24175,24175,Net Banking,Paid,117816
24176,24176,Credit Card,Paid,559710
24177,24177,Credit Card,Paid,77715
24178,24178,Credit Card,Paid,48004
24179,24179,UPI,Failed,140004
24180,24180,UPI,Paid,117315
24181,24181,UPI,Paid,201352
24182,24182,Net Banking,Paid,374094
24183,24183,Debit Card,Pending,58788
24184,24184,Credit Card,Paid,377829
24185,24185,Net Banking,Paid,28075
24186,24186,UPI,Paid,22452
24187,24187,Credit Card,Pending,136784
24188,24188,UPI,Paid,228402
24189,24189,UPI,Paid,63090
24190,24190,UPI,Paid,412750
24191,24191,Cash,Paid,288071
24192,24192,UPI,Paid,457839
24193,24193,Net Banking,Paid,145384
24194,24194,Credit Card,Paid,239058
24195,24195,Debit Card,Paid,246904
24196,24196,UPI,Paid,223976
24197,24197,UPI,Paid,71008
24198,24198,Credit Card,Paid,29425
24199,24199,Net Banking,Paid,387338
24200,24200,Net Banking,Paid,42648
24201,24201,Cash,Paid,419390
24202,24202,Credit Card,Paid,210042
24203,24203,Credit Card,Paid,71416
24204,24204,Debit Card,Paid,211167
24205,24205,Credit Card,Pending,123452
24206,24206,UPI,Pending,246460
24207,24207,UPI,Paid,44296
24208,24208,UPI,Paid,436616
24209,24209,UPI,Paid,151928
24210,24210,Debit Card,Paid,139542
24211,24211,UPI,Paid,26628
24212,24212,Credit Card,Paid,45251
24213,24213,UPI,Pending,6754
24214,24214,UPI,Failed,278901
24215,24215,UPI,Paid,478144
24216,24216,Cash,Paid,218000
24217,24217,Net Banking,Paid,206136
24218,24218,Debit Card,Paid,68768
24219,24219,Credit Card,Paid,29454
24220,24220,UPI,Paid,257544
24221,24221,Credit Card,Paid,282114
24222,24222,UPI,Paid,24764
24223,24223,Cash,Paid,111336
24224,24224,Cash,Pending,478144
24225,24225,Credit Card,Paid,72064
24226,24226,UPI,Paid,155316
24227,24227,Net Banking,Paid,74350
24228,24228,Net Banking,Paid,54094
24229,24229,Credit Card,Paid,42807
24230,24230,Debit Card,Paid,167045
24231,24231,UPI,Paid,161755
24232,24232,UPI,Paid,163731
24233,24233,UPI,Paid,215880
24234,24234,Credit Card,Paid,318690
24235,24235,UPI,Paid,277560
24236,24236,UPI,Paid,258860
24237,24237,Cash,Paid,310960
24238,24238,UPI,Failed,431352
24239,24239,Cash,Failed,359345
24240,24240,Credit Card,Paid,184984
24241,24241,UPI,Failed,250326
24242,24242,UPI,Paid,27067
24243,24243,Credit Card,Paid,27375
24244,24244,Credit Card,Paid,479280
24245,24245,UPI,Paid,224574
24246,24246,UPI,Paid,256347
24247,24247,Credit Card,Paid,91581
24248,24248,Debit Card,Paid,191016
24249,24249,Cash,Paid,288704
24250,24250,Net Banking,Failed,376400
24251,24251,Credit Card,Paid,49090
24252,24252,UPI,Paid,52965
24253,24253,Credit Card,Pending,271764
24254,24254,Net Banking,Paid,90555
24255,24255,UPI,Paid,167768
24256,24256,UPI,Paid,329589
24257,24257,UPI,Failed,64164
24258,24258,Cash,Paid,440541
24259,24259,UPI,Paid,226255
24260,24260,UPI,Pending,265254
24261,24261,UPI,Paid,153867
24262,24262,UPI,Paid,14177
24263,24263,UPI,Paid,82942
24264,24264,UPI,Paid,77056
24265,24265,UPI,Paid,250590
24266,24266,UPI,Pending,231540
24267,24267,Cash,Paid,59668
24268,24268,UPI,Pending,129423
24269,24269,Debit Card,Paid,46879
24270,24270,UPI,Paid,74855
24271,24271,UPI,Pending,34100
24272,24272,Credit Card,Paid,26418
24273,24273,UPI,Failed,70760
24274,24274,Cash,Paid,63208
24275,24275,UPI,Paid,392085
24276,24276,UPI,Paid,225456
24277,24277,Debit Card,Paid,81909
24278,24278,UPI,Pending,37170
24279,24279,Debit Card,Paid,57792
24280,24280,UPI,Failed,54972
24281,24281,Credit Card,Paid,116700
24282,24282,Credit Card,Paid,52740
24283,24283,UPI,Paid,62913
24284,24284,Net Banking,Paid,49361
24285,24285,UPI,Paid,58650
24286,24286,Net Banking,Paid,198120
24287,24287,UPI,Pending,199250
24288,24288,UPI,Paid,108245
24289,24289,Debit Card,Paid,54938
24290,24290,UPI,Paid,22027
24291,24291,Credit Card,Paid,9859
24292,24292,Cash,Paid,279550
24293,24293,UPI,Paid,54333
24294,24294,Net Banking,Paid,220525
24295,24295,UPI,Paid,25856
24296,24296,Net Banking,Paid,366534
24297,24297,Credit Card,Paid,350469
24298,24298,Net Banking,Paid,198424
24299,24299,UPI,Paid,343640
24300,24300,Cash,Paid,35278
24301,24301,Debit Card,Paid,140004
24302,24302,Net Banking,Paid,47606
24303,24303,UPI,Paid,50220
24304,24304,UPI,Paid,431700
24305,24305,Net Banking,Paid,45206
24306,24306,UPI,Paid,276670
24307,24307,Credit Card,Pending,121444
24308,24308,UPI,Pending,183860
24309,24309,Credit Card,Paid,113810
24310,24310,Debit Card,Paid,117816
24311,24311,Credit Card,Paid,87200
24312,24312,UPI,Paid,111515
24313,24313,Debit Card,Paid,28075
24314,24314,UPI,Paid,56839
24315,24315,Credit Card,Paid,116690
24316,24316,Cash,Paid,74268
24317,24317,Debit Card,Paid,252616
24318,24318,Credit Card,Failed,122520
24319,24319,Net Banking,Paid,76944
24320,24320,Credit Card,Paid,204354
24321,24321,Debit Card,Paid,442764
24322,24322,UPI,Paid,291159
24323,24323,UPI,Paid,139950
24324,24324,UPI,Pending,141036
24325,24325,UPI,Paid,329224
24326,24326,UPI,Pending,3247
24327,24327,Credit Card,Paid,16077
24328,24328,UPI,Pending,344754
24329,24329,UPI,Paid,164542
24330,24330,UPI,Paid,46962
24331,24331,Debit Card,Paid,44913
24332,24332,UPI,Paid,129451
24333,24333,UPI,Paid,43616
24334,24334,UPI,Paid,133819
24335,24335,UPI,Paid,293634
24336,24336,Credit Card,Paid,105417
24337,24337,Net Banking,Failed,13229
24338,24338,UPI,Paid,91854
24339,24339,UPI,Paid,231845
24340,24340,Debit Card,Paid,198243
24341,24341,Credit Card,Failed,24268
24342,24342,Credit Card,Pending,29632
24343,24343,Credit Card,Failed,308630
24344,24344,UPI,Paid,183860
24345,24345,Net Banking,Paid,101716
24346,24346,Credit Card,Paid,61924
24347,24347,Credit Card,Paid,134712
24348,24348,Cash,Paid,151668
24349,24349,UPI,Paid,415656
24350,24350,UPI,Paid,231903
24351,24351,Credit Card,Paid,141210
24352,24352,Credit Card,Paid,91315
24353,24353,Debit Card,Paid,195723
24354,24354,Debit Card,Paid,216083
24355,24355,Cash,Paid,293340
24356,24356,UPI,Paid,348520
24357,24357,Credit Card,Paid,93060
24358,24358,Cash,Paid,95346
24359,24359,Debit Card,Pending,13020
24360,24360,UPI,Failed,383680
24361,24361,Debit Card,Paid,41503
24362,24362,Credit Card,Paid,223976
24363,24363,Credit Card,Failed,90310
24364,24364,UPI,Paid,216472
24365,24365,UPI,Paid,51772
24366,24366,UPI,Paid,73266
24367,24367,UPI,Paid,479770
24368,24368,Cash,Pending,190897
24369,24369,Debit Card,Paid,228382
24370,24370,UPI,Failed,33409
24371,24371,Debit Card,Paid,34900
24372,24372,Net Banking,Paid,35544
24373,24373,UPI,Failed,125943
24374,24374,UPI,Paid,36855
24375,24375,Cash,Paid,168312
24376,24376,UPI,Paid,95607
24377,24377,UPI,Failed,300640
24378,24378,Net Banking,Paid,44296
24379,24379,Debit Card,Paid,66508
24380,24380,Credit Card,Paid,218865
24381,24381,UPI,Paid,165050
24382,24382,UPI,Paid,73520
24383,24383,Debit Card,Paid,139160
24384,24384,Debit Card,Paid,231230
24385,24385,UPI,Paid,57393
24386,24386,Credit Card,Paid,62686
24387,24387,Cash,Paid,129894
24388,24388,Credit Card,Paid,44873
24389,24389,Cash,Paid,87456
24390,24390,UPI,Failed,472860
24391,24391,Debit Card,Paid,191168
24392,24392,Credit Card,Failed,163360
24393,24393,Debit Card,Failed,331768
24394,24394,UPI,Paid,335839
24395,24395,UPI,Pending,99762
24396,24396,UPI,Failed,90588
24397,24397,UPI,Paid,211555
24398,24398,Debit Card,Paid,374332
24399,24399,UPI,Paid,62180
24400,24400,UPI,Failed,68768
24401,24401,Credit Card,Paid,321903
24402,24402,UPI,Pending,292968
24403,24403,Credit Card,Paid,110196
24404,24404,Net Banking,Paid,13150
24405,24405,Net Banking,Paid,359345
24406,24406,Debit Card,Paid,109844
24407,24407,UPI,Pending,5623
24408,24408,UPI,Pending,44313
24409,24409,Debit Card,Paid,99239
24410,24410,UPI,Paid,221880
24411,24411,UPI,Paid,260930
24412,24412,Debit Card,Paid,90070
24413,24413,Credit Card,Pending,429525
24414,24414,UPI,Paid,481284
24415,24415,UPI,Paid,499671
24416,24416,UPI,Paid,419031
24417,24417,Debit Card,Paid,46320
24418,24418,Credit Card,Paid,72704
24419,24419,Debit Card,Paid,293574
24420,24420,UPI,Pending,200736
24421,24421,Credit Card,Paid,326430
24422,24422,Credit Card,Failed,14697
24423,24423,Cash,Paid,20508
24424,24424,Credit Card,Paid,22858
24425,24425,UPI,Paid,62132
24426,24426,Credit Card,Paid,65952
24427,24427,UPI,Failed,139160
24428,24428,Cash,Pending,112260
24429,24429,UPI,Paid,47725
24430,24430,UPI,Paid,235530
24431,24431,Net Banking,Failed,16380
24432,24432,Credit Card,Paid,314104
24433,24433,Net Banking,Paid,56708
24434,24434,Credit Card,Paid,128835
24435,24435,Debit Card,Paid,43968
24436,24436,UPI,Paid,200280
24437,24437,Debit Card,Paid,250385
24438,24438,Net Banking,Paid,11180
24439,24439,Credit Card,Pending,372688
24440,24440,Credit Card,Failed,78921
24441,24441,UPI,Paid,198112
24442,24442,UPI,Paid,46635
24443,24443,Credit Card,Pending,89520
24444,24444,Credit Card,Paid,204220
24445,24445,Credit Card,Paid,405392
24446,24446,UPI,Paid,277920
24447,24447,Cash,Pending,28156
24448,24448,Credit Card,Paid,14540
24449,24449,Net Banking,Paid,22722
24450,24450,Credit Card,Paid,385900
24451,24451,Debit Card,Paid,163408
24452,24452,UPI,Paid,173628
24453,24453,Debit Card,Pending,41216
24454,24454,UPI,Paid,206059
24455,24455,Credit Card,Pending,67984
24456,24456,Credit Card,Paid,86596
24457,24457,Debit Card,Paid,244745
24458,24458,Cash,Paid,20780
24459,24459,Net Banking,Paid,58908
24460,24460,Credit Card,Paid,354368
24461,24461,UPI,Paid,142940
24462,24462,Debit Card,Pending,79872
24463,24463,UPI,Paid,184932
24464,24464,UPI,Paid,279354
24465,24465,UPI,Paid,266032
24466,24466,Credit Card,Pending,173696
24467,24467,UPI,Paid,169989
24468,24468,Debit Card,Paid,55815
24469,24469,Net Banking,Paid,460590
24470,24470,Credit Card,Pending,208744
24471,24471,UPI,Paid,475850
24472,24472,Cash,Paid,246952
24473,24473,UPI,Paid,159468
24474,24474,Net Banking,Paid,93300
24475,24475,Credit Card,Paid,94024
24476,24476,Cash,Paid,49958
24477,24477,UPI,Paid,195796
24478,24478,UPI,Paid,30962
24479,24479,Credit Card,Paid,186368
24480,24480,UPI,Failed,71280
24481,24481,UPI,Paid,233863
24482,24482,UPI,Paid,478880
24483,24483,UPI,Failed,46059
24484,24484,UPI,Paid,192640
24485,24485,Credit Card,Paid,202696
24486,24486,Credit Card,Paid,389000
24487,24487,UPI,Paid,21456
24488,24488,UPI,Paid,36855
24489,24489,Net Banking,Paid,93336
24490,24490,UPI,Pending,41942
24491,24491,Debit Card,Paid,63536
24492,24492,Credit Card,Paid,157044
24493,24493,UPI,Paid,341310
24494,24494,Credit Card,Paid,155260
24495,24495,UPI,Paid,252675
24496,24496,UPI,Paid,113728
24497,24497,Debit Card,Paid,277767
24498,24498,UPI,Paid,100680
24499,24499,Credit Card,Pending,70922
24500,24500,Credit Card,Paid,72080
24501,24501,Credit Card,Paid,175950
24502,24502,UPI,Paid,155480
24503,24503,UPI,Paid,175950
24504,24504,UPI,Paid,235060
24505,24505,Net Banking,Paid,355292
24506,24506,UPI,Paid,26243
24507,24507,UPI,Paid,103544
24508,24508,Credit Card,Failed,350539
24509,24509,Cash,Paid,43009
24510,24510,Net Banking,Failed,59144
24511,24511,Debit Card,Paid,459837
24512,24512,UPI,Paid,43440
24513,24513,Debit Card,Paid,72704
24514,24514,Credit Card,Paid,62172
24515,24515,UPI,Paid,143238
24516,24516,Debit Card,Paid,230516
24517,24517,UPI,Paid,435650
24518,24518,UPI,Paid,96752
24519,24519,UPI,Paid,232904
24520,24520,Credit Card,Paid,204786
24521,24521,Cash,Paid,394422
24522,24522,Net Banking,Failed,206304
24523,24523,UPI,Paid,57960
24524,24524,UPI,Paid,304536
24525,24525,Cash,Paid,241296
24526,24526,Credit Card,Paid,66909
24527,24527,Credit Card,Failed,162708
24528,24528,Credit Card,Paid,26402
24529,24529,Credit Card,Paid,65574
24530,24530,UPI,Paid,154626
24531,24531,Debit Card,Paid,79142
24532,24532,Credit Card,Paid,88896
24533,24533,Debit Card,Paid,408440
24534,24534,Debit Card,Paid,98240
24535,24535,Credit Card,Paid,471258
24536,24536,Credit Card,Paid,433098
24537,24537,Credit Card,Paid,322416
24538,24538,Cash,Paid,342603
24539,24539,UPI,Paid,273030
24540,24540,Net Banking,Failed,94726
24541,24541,UPI,Paid,250369
24542,24542,Debit Card,Paid,88182
24543,24543,Credit Card,Paid,510930
24544,24544,Credit Card,Paid,120354
24545,24545,Net Banking,Paid,202425
24546,24546,Cash,Paid,93060
24547,24547,UPI,Failed,43424
24548,24548,Debit Card,Paid,99176
24549,24549,Debit Card,Failed,100702
24550,24550,Cash,Paid,173348
24551,24551,Net Banking,Paid,51296
24552,24552,Credit Card,Failed,19550
24553,24553,Credit Card,Failed,82942
24554,24554,Net Banking,Paid,61788
24555,24555,UPI,Paid,369744
24556,24556,Credit Card,Paid,46668
24557,24557,UPI,Paid,169038
24558,24558,UPI,Paid,257070
24559,24559,Net Banking,Pending,256530
24560,24560,Credit Card,Pending,571500
24561,24561,Debit Card,Paid,38067
24562,24562,UPI,Paid,210159
24563,24563,Cash,Paid,18263
24564,24564,UPI,Paid,277398
24565,24565,Credit Card,Paid,103950
24566,24566,Credit Card,Pending,442090
24567,24567,UPI,Paid,174550
24568,24568,Credit Card,Paid,368472
24569,24569,Credit Card,Paid,280520
24570,24570,Credit Card,Paid,13926
24571,24571,UPI,Paid,243968
24572,24572,Credit Card,Pending,592930
24573,24573,UPI,Paid,215460
24574,24574,UPI,Paid,155560
24575,24575,Debit Card,Paid,172522
24576,24576,UPI,Paid,39676
24577,24577,Credit Card,Failed,49355
24578,24578,Credit Card,Paid,122085
24579,24579,Cash,Paid,35540
24580,24580,Cash,Paid,105332
24581,24581,Debit Card,Failed,143811
24582,24582,UPI,Pending,171450
24583,24583,Credit Card,Paid,76098
24584,24584,Credit Card,Paid,321540
24585,24585,Credit Card,Paid,43956
24586,24586,Debit Card,Paid,31997
24587,24587,Debit Card,Paid,192059
24588,24588,UPI,Paid,281810
24589,24589,Debit Card,Pending,523620
24590,24590,Credit Card,Pending,379085
24591,24591,UPI,Paid,54972
24592,24592,Net Banking,Paid,268093
24593,24593,Cash,Paid,459144
24594,24594,Cash,Paid,197855
24595,24595,Debit Card,Pending,476298
24596,24596,UPI,Paid,28773
24597,24597,UPI,Paid,15979
24598,24598,UPI,Failed,73635
24599,24599,UPI,Paid,78506
24600,24600,Net Banking,Paid,456066
24601,24601,UPI,Paid,247040
24602,24602,UPI,Pending,149670
24603,24603,Credit Card,Paid,198243
24604,24604,Credit Card,Paid,134516
24605,24605,Cash,Paid,50067
24606,24606,Credit Card,Paid,73956
24607,24607,Credit Card,Paid,145384
24608,24608,UPI,Paid,127944
24609,24609,UPI,Paid,222076
24610,24610,UPI,Failed,113530
24611,24611,Credit Card,Paid,27016
24612,24612,UPI,Paid,164250
24613,24613,Credit Card,Paid,231903
24614,24614,UPI,Failed,26986
24615,24615,Net Banking,Pending,118875
24616,24616,UPI,Paid,5885
24617,24617,UPI,Paid,178128
24618,24618,Debit Card,Pending,95170
24619,24619,UPI,Paid,316568
24620,24620,Debit Card,Paid,169316
24621,24621,Cash,Paid,184926
24622,24622,UPI,Paid,264933
24623,24623,Cash,Paid,411808
24624,24624,UPI,Paid,67258
24625,24625,Cash,Paid,63994
24626,24626,Cash,Paid,516537
24627,24627,Net Banking,Pending,516537
24628,24628,Debit Card,Paid,152064
24629,24629,Cash,Paid,163716
24630,24630,Credit Card,Paid,31997
24631,24631,Debit Card,Pending,30496
24632,24632,Credit Card,Pending,166270
24633,24633,Debit Card,Paid,213975
24634,24634,Cash,Paid,56708
24635,24635,Cash,Paid,321910
24636,24636,Credit Card,Paid,387443
24637,24637,Credit Card,Paid,324800
24638,24638,Debit Card,Paid,95346
24639,24639,Credit Card,Pending,343840
24640,24640,Credit Card,Paid,231244
24641,24641,UPI,Failed,34100
24642,24642,UPI,Paid,329224
24643,24643,UPI,Pending,487830
24644,24644,Debit Card,Paid,181728
24645,24645,Debit Card,Failed,169813
24646,24646,Credit Card,Failed,221212
24647,24647,Credit Card,Pending,14971
24648,24648,UPI,Paid,302190
24649,24649,Net Banking,Paid,125120
24650,24650,Cash,Paid,415962
24651,24651,Cash,Paid,77796
24652,24652,Cash,Paid,38900
24653,24653,Cash,Paid,146787
24654,24654,Debit Card,Paid,143865
24655,24655,Credit Card,Paid,318690
24656,24656,UPI,Paid,309463
24657,24657,UPI,Paid,283905
24658,24658,Net Banking,Paid,108735
24659,24659,UPI,Paid,28806
24660,24660,UPI,Paid,389641
24661,24661,UPI,Paid,388150
24662,24662,Net Banking,Paid,50184
24663,24663,UPI,Paid,476298
24664,24664,Cash,Paid,182976
24665,24665,UPI,Paid,56839
24666,24666,Debit Card,Paid,314172
24667,24667,UPI,Paid,125163
24668,24668,Credit Card,Paid,7208
24669,24669,Debit Card,Paid,280900
24670,24670,Credit Card,Paid,76944
24671,24671,UPI,Paid,282408
24672,24672,UPI,Pending,98260
24673,24673,Cash,Paid,321102
24674,24674,UPI,Paid,162558
24675,24675,UPI,Pending,375032
24676,24676,UPI,Paid,266032
24677,24677,UPI,Failed,53361
24678,24678,Net Banking,Paid,70920
24679,24679,UPI,Paid,208116
24680,24680,Debit Card,Paid,304536
24681,24681,Credit Card,Paid,188200
24682,24682,Debit Card,Paid,61760
24683,24683,Credit Card,Paid,66005
24684,24684,Debit Card,Paid,142956
24685,24685,UPI,Paid,71307
24686,24686,Debit Card,Failed,9149
24687,24687,UPI,Paid,89397
24688,24688,UPI,Paid,253440
24689,24689,Credit Card,Paid,387121
24690,24690,UPI,Paid,60968
24691,24691,Credit Card,Paid,36519
24692,24692,UPI,Paid,107286
24693,24693,UPI,Paid,158220
24694,24694,Cash,Paid,108666
24695,24695,UPI,Paid,405392
24696,24696,UPI,Pending,48004
24697,24697,Net Banking,Paid,32199
24698,24698,Debit Card,Paid,11713
24699,24699,UPI,Paid,223976
24700,24700,Credit Card,Paid,101348
24701,24701,Cash,Paid,221480
24702,24702,Credit Card,Failed,88362
24703,24703,Cash,Paid,90498
24704,24704,Credit Card,Paid,262638
24705,24705,UPI,Paid,244984
24706,24706,Credit Card,Paid,58304
24707,24707,UPI,Paid,97263
24708,24708,UPI,Paid,198352
24709,24709,Net Banking,Paid,357084
24710,24710,UPI,Paid,452574
24711,24711,Cash,Paid,115622
24712,24712,UPI,Pending,42542
24713,24713,Net Banking,Paid,136400
24714,24714,Cash,Pending,270130
24715,24715,Debit Card,Paid,132040
24716,24716,Credit Card,Pending,304128
24717,24717,UPI,Paid,192339
24718,24718,UPI,Paid,480040
24719,24719,Debit Card,Paid,210042
24720,24720,Credit Card,Paid,89502
24721,24721,Debit Card,Paid,19648
24722,24722,Credit Card,Pending,143328
24723,24723,UPI,Paid,48949
24724,24724,Credit Card,Paid,149744
24725,24725,Credit Card,Paid,195336
24726,24726,Net Banking,Paid,259626
24727,24727,UPI,Paid,57682
24728,24728,Credit Card,Paid,111038
24729,24729,Net Banking,Paid,479280
24730,24730,Debit Card,Paid,342700
24731,24731,UPI,Paid,181728
24732,24732,UPI,Paid,258808
24733,24733,UPI,Failed,217035
24734,24734,Debit Card,Paid,173046
24735,24735,UPI,Paid,132090
24736,24736,Net Banking,Paid,102393
24737,24737,Net Banking,Failed,178003
24738,24738,Net Banking,Pending,271542
24739,24739,Credit Card,Paid,35380
24740,24740,Cash,Paid,237588
24741,24741,Credit Card,Paid,9877
24742,24742,UPI,Paid,143175
24743,24743,Credit Card,Paid,130235
24744,24744,Debit Card,Paid,106884
24745,24745,Credit Card,Paid,279180
24746,24746,UPI,Paid,16380
24747,24747,Net Banking,Paid,173628
24748,24748,Net Banking,Paid,469566
24749,24749,Debit Card,Paid,216083
24750,24750,Net Banking,Pending,378161
24751,24751,Credit Card,Failed,139640
24752,24752,UPI,Paid,112458
24753,24753,Credit Card,Paid,401180
24754,24754,Credit Card,Pending,214361
24755,24755,Credit Card,Paid,452570
24756,24756,Net Banking,Paid,67380
24757,24757,UPI,Paid,52186
24758,24758,Credit Card,Paid,47286
24759,24759,UPI,Pending,550980
24760,24760,UPI,Failed,37256
24761,24761,UPI,Paid,245727
24762,24762,UPI,Paid,170919
24763,24763,Debit Card,Paid,44577
24764,24764,Credit Card,Paid,223640
24765,24765,UPI,Paid,207424
24766,24766,UPI,Pending,158221
24767,24767,UPI,Paid,9906
24768,24768,Credit Card,Pending,221752
24769,24769,Credit Card,Paid,184932
24770,24770,Credit Card,Pending,128430
24771,24771,UPI,Paid,403020
24772,24772,UPI,Paid,51107
24773,24773,UPI,Paid,42234
24774,24774,Debit Card,Paid,127128
24775,24775,Debit Card,Pending,184736
24776,24776,UPI,Paid,12815
24777,24777,Credit Card,Paid,31100
24778,24778,Debit Card,Paid,8885
24779,24779,Credit Card,Paid,265419
24780,24780,Debit Card,Paid,226457
24781,24781,Cash,Paid,380680
24782,24782,UPI,Failed,214360
24783,24783,UPI,Paid,39101
24784,24784,Debit Card,Pending,163376
24785,24785,UPI,Paid,49295
24786,24786,Cash,Pending,64113
24787,24787,UPI,Paid,261696
24788,24788,Debit Card,Paid,281112
24789,24789,UPI,Paid,119768
24790,24790,UPI,Paid,335848
24791,24791,Credit Card,Paid,175536
24792,24792,Net Banking,Failed,135235
24793,24793,Credit Card,Paid,204600
24794,24794,UPI,Paid,86184
24795,24795,UPI,Paid,123473
24796,24796,Net Banking,Failed,161208
24797,24797,Net Banking,Paid,113478
24798,24798,Net Banking,Pending,39396
24799,24799,UPI,Paid,87690
24800,24800,Net Banking,Paid,483858
24801,24801,Cash,Paid,61350
24802,24802,UPI,Paid,445304
24803,24803,UPI,Paid,396641
24804,24804,Debit Card,Paid,225531
24805,24805,Credit Card,Paid,97168
24806,24806,UPI,Paid,86018
24807,24807,Credit Card,Paid,65136
24808,24808,UPI,Paid,174550
24809,24809,Credit Card,Paid,121131
24810,24810,Credit Card,Paid,200590
24811,24811,UPI,Paid,342700
24812,24812,Cash,Paid,68392
24813,24813,UPI,Paid,118845
24814,24814,Debit Card,Paid,30527
24815,24815,UPI,Paid,234260
24816,24816,UPI,Paid,260225
24817,24817,Net Banking,Paid,425054
24818,24818,Credit Card,Paid,197855
24819,24819,Credit Card,Paid,124400
24820,24820,UPI,Paid,129280
24821,24821,Credit Card,Paid,17639
24822,24822,Debit Card,Paid,351909
24823,24823,Credit Card,Paid,366210
24824,24824,Debit Card,Paid,56150
24825,24825,Debit Card,Paid,96900
24826,24826,UPI,Paid,60294
24827,24827,Credit Card,Pending,234330
24828,24828,UPI,Failed,376400
24829,24829,Debit Card,Paid,260100
24830,24830,Credit Card,Paid,234330
24831,24831,UPI,Paid,124485
24832,24832,Cash,Failed,328153
24833,24833,UPI,Failed,154005
24834,24834,Net Banking,Paid,370952
24835,24835,UPI,Paid,58908
24836,24836,Debit Card,Paid,456192
24837,24837,Credit Card,Paid,83174
24838,24838,UPI,Paid,240955
24839,24839,Cash,Paid,218580
24840,24840,Debit Card,Paid,81141
24841,24841,UPI,Paid,94024
24842,24842,UPI,Paid,8727
24843,24843,Credit Card,Paid,232890
24844,24844,UPI,Paid,154110
24845,24845,UPI,Paid,113180
24846,24846,Credit Card,Paid,81184
24847,24847,UPI,Paid,117336
24848,24848,Credit Card,Pending,72093
24849,24849,UPI,Pending,465590
24850,24850,Cash,Failed,122787
24851,24851,Debit Card,Paid,271860
24852,24852,UPI,Paid,106225
24853,24853,UPI,Paid,192764
24854,24854,Credit Card,Paid,296040
24855,24855,Credit Card,Paid,225990
24856,24856,Credit Card,Paid,298840
24857,24857,Cash,Paid,142904
24858,24858,Credit Card,Pending,101382
24859,24859,Credit Card,Paid,299592
24860,24860,Credit Card,Paid,289055
24861,24861,Credit Card,Paid,25630
24862,24862,Credit Card,Paid,343640
24863,24863,UPI,Failed,244645
24864,24864,Cash,Paid,417392
24865,24865,Credit Card,Paid,50338
24866,24866,Credit Card,Paid,344754
24867,24867,Cash,Paid,263832
24868,24868,UPI,Failed,203875
24869,24869,UPI,Paid,51862
24870,24870,UPI,Failed,390264
24871,24871,UPI,Paid,244650
24872,24872,UPI,Pending,27648
24873,24873,UPI,Paid,90865
24874,24874,UPI,Paid,115622
24875,24875,UPI,Paid,44209
24876,24876,UPI,Paid,202548
24877,24877,UPI,Paid,245439
24878,24878,UPI,Paid,332004
24879,24879,UPI,Paid,128226
24880,24880,Net Banking,Paid,96786
24881,24881,UPI,Paid,221814
24882,24882,Credit Card,Failed,236430
24883,24883,UPI,Paid,288024
24884,24884,Credit Card,Paid,29834
24885,24885,UPI,Paid,32082
24886,24886,Credit Card,Failed,109876
24887,24887,UPI,Paid,335216
24888,24888,Cash,Paid,59208
24889,24889,Debit Card,Paid,181648
24890,24890,Cash,Pending,141210
24891,24891,Credit Card,Paid,24225
24892,24892,Debit Card,Paid,508518
24893,24893,UPI,Pending,167272
24894,24894,Debit Card,Paid,280856
24895,24895,Credit Card,Paid,30880
24896,24896,Credit Card,Paid,163557
24897,24897,Cash,Paid,211029
24898,24898,UPI,Paid,55098
24899,24899,UPI,Paid,114928
24900,24900,Cash,Paid,207448
24901,24901,Cash,Paid,111942
24902,24902,Credit Card,Paid,234048
24903,24903,Credit Card,Paid,403774
24904,24904,UPI,Pending,14697
24905,24905,Debit Card,Failed,185214
24906,24906,UPI,Pending,33629
24907,24907,UPI,Paid,87936
24908,24908,Net Banking,Paid,57612
24909,24909,UPI,Pending,181909
24910,24910,Net Banking,Paid,26624
24911,24911,Debit Card,Paid,23344
24912,24912,UPI,Paid,71619
24913,24913,UPI,Paid,68982
24914,24914,Credit Card,Failed,91902
24915,24915,UPI,Paid,106632
24916,24916,Credit Card,Paid,25169
24917,24917,Credit Card,Pending,326752
24918,24918,UPI,Paid,178890
24919,24919,Debit Card,Paid,442764
24920,24920,Credit Card,Pending,45257
24921,24921,Credit Card,Paid,198780
24922,24922,UPI,Paid,49196
24923,24923,UPI,Paid,33480
24924,24924,Cash,Paid,147944
24925,24925,UPI,Paid,59144
24926,24926,Credit Card,Paid,223956
24927,24927,Credit Card,Paid,148584
24928,24928,Cash,Paid,143556
24929,24929,Cash,Pending,76670
24930,24930,Credit Card,Paid,23540
24931,24931,Credit Card,Pending,9849
24932,24932,Credit Card,Paid,78544
24933,24933,Credit Card,Paid,379085
24934,24934,UPI,Pending,97798
24935,24935,Credit Card,Pending,114368
24936,24936,UPI,Pending,432036
24937,24937,Debit Card,Paid,57960
24938,24938,Debit Card,Paid,52955
24939,24939,UPI,Paid,246720
24940,24940,Net Banking,Paid,11180
24941,24941,UPI,Paid,110876
24942,24942,UPI,Paid,128352
24943,24943,UPI,Pending,70476
24944,24944,UPI,Paid,333114
24945,24945,UPI,Paid,40252
24946,24946,UPI,Pending,151915
24947,24947,UPI,Paid,78452
24948,24948,Net Banking,Failed,94565
24949,24949,Debit Card,Paid,110614
24950,24950,Cash,Pending,182630
24951,24951,Debit Card,Paid,468261
24952,24952,UPI,Failed,248970
24953,24953,UPI,Paid,195858
24954,24954,Net Banking,Paid,274743
24955,24955,Debit Card,Paid,161286
24956,24956,UPI,Failed,144352
24957,24957,Cash,Paid,39980
24958,24958,Net Banking,Failed,262402
24959,24959,Credit Card,Paid,363393
24960,24960,Credit Card,Paid,24422
24961,24961,UPI,Paid,158840
24962,24962,Net Banking,Paid,69139
24963,24963,Credit Card,Paid,248227
24964,24964,Debit Card,Paid,282300
24965,24965,Credit Card,Paid,133616
24966,24966,Cash,Paid,72700
24967,24967,Net Banking,Pending,39781
24968,24968,Net Banking,Paid,123660
24969,24969,UPI,Paid,16380
24970,24970,Net Banking,Paid,38900
24971,24971,UPI,Pending,208116
24972,24972,UPI,Paid,86018
24973,24973,UPI,Paid,109056
24974,24974,UPI,Paid,174840
24975,24975,Credit Card,Paid,244216
24976,24976,UPI,Pending,30189
24977,24977,UPI,Paid,253920
24978,24978,UPI,Paid,121730
24979,24979,UPI,Paid,553340
24980,24980,Net Banking,Paid,179304
24981,24981,UPI,Paid,109038
24982,24982,Credit Card,Paid,45726
24983,24983,Net Banking,Paid,79206
24984,24984,Debit Card,Paid,72248
24985,24985,Cash,Failed,138960
24986,24986,Debit Card,Paid,144573
24987,24987,UPI,Paid,101480
24988,24988,Credit Card,Paid,402376
24989,24989,UPI,Paid,67465
24990,24990,Debit Card,Paid,107180
24991,24991,Credit Card,Paid,143802
24992,24992,UPI,Paid,55994
24993,24993,UPI,Paid,15242
24994,24994,Credit Card,Paid,59094
24995,24995,UPI,Paid,79860
24996,24996,Debit Card,Paid,168852
24997,24997,UPI,Pending,181728
24998,24998,UPI,Pending,77725
24999,24999,UPI,Paid,318744
25000,25000,UPI,Paid,340088
25001,25001,Credit Card,Paid,302190
25002,25002,UPI,Paid,54922
25003,25003,UPI,Pending,159040
25004,25004,Credit Card,Paid,293472
25005,25005,UPI,Pending,29518
25006,25006,Net Banking,Paid,516537
25007,25007,UPI,Paid,535900
25008,25008,Cash,Pending,56150
25009,25009,Credit Card,Paid,192227
25010,25010,UPI,Paid,331541
25011,25011,Credit Card,Paid,461601
25012,25012,UPI,Paid,30383
25013,25013,Credit Card,Paid,83878
25014,25014,Credit Card,Paid,121730
25015,25015,Credit Card,Paid,30668
25016,25016,Credit Card,Paid,80236
25017,25017,Debit Card,Paid,156060
25018,25018,UPI,Paid,470500
25019,25019,Net Banking,Paid,119550
25020,25020,Credit Card,Paid,92640
25021,25021,Debit Card,Paid,251430
25022,25022,UPI,Paid,154345
25023,25023,Credit Card,Paid,116004
25024,25024,Cash,Paid,329628
25025,25025,Credit Card,Paid,92886
25026,25026,Net Banking,Paid,184926
25027,25027,Credit Card,Failed,53347
25028,25028,Net Banking,Paid,232930
25029,25029,Credit Card,Paid,53260
25030,25030,Credit Card,Paid,202968
25031,25031,Debit Card,Paid,121444
25032,25032,UPI,Paid,45585
25033,25033,Cash,Paid,105834
25034,25034,UPI,Paid,23882
25035,25035,Net Banking,Paid,89840
25036,25036,Cash,Paid,166989
25037,25037,Credit Card,Pending,91048
25038,25038,Credit Card,Paid,113678
25039,25039,Debit Card,Paid,213975
25040,25040,Debit Card,Paid,93336
25041,25041,Net Banking,Paid,47363
25042,25042,Debit Card,Failed,112917
25043,25043,Credit Card,Paid,13202
25044,25044,UPI,Paid,170516
25045,25045,Credit Card,Paid,49361
25046,25046,UPI,Paid,34184
25047,25047,Debit Card,Pending,155196
25048,25048,UPI,Pending,29140
25049,25049,UPI,Paid,70473
25050,25050,UPI,Paid,69003
25051,25051,Credit Card,Paid,108080
25052,25052,Credit Card,Failed,63415
25053,25053,UPI,Paid,251634
25054,25054,Credit Card,Paid,139107
25055,25055,UPI,Paid,65160
25056,25056,Credit Card,Paid,124485
25057,25057,Net Banking,Failed,24188
25058,25058,Credit Card,Paid,104419
25059,25059,Debit Card,Paid,44760
25060,25060,Credit Card,Failed,222588
25061,25061,UPI,Paid,119028
25062,25062,Net Banking,Failed,216355
25063,25063,UPI,Paid,6963
25064,25064,UPI,Paid,142640
25065,25065,UPI,Paid,129027
25066,25066,UPI,Pending,40302
25067,25067,Credit Card,Paid,79010
25068,25068,Credit Card,Paid,17752
25069,25069,Debit Card,Paid,21649
25070,25070,Credit Card,Paid,108264
25071,25071,Debit Card,Pending,364332
25072,25072,Net Banking,Failed,219000
25073,25073,Credit Card,Paid,195336
25074,25074,UPI,Pending,63916
25075,25075,UPI,Paid,70922
25076,25076,Credit Card,Paid,164930
25077,25077,Credit Card,Paid,83865
25078,25078,UPI,Paid,205904
25079,25079,Debit Card,Paid,162069
25080,25080,Debit Card,Paid,13508
25081,25081,Credit Card,Failed,88812
25082,25082,Credit Card,Paid,22994
25083,25083,Net Banking,Paid,193800
25084,25084,Credit Card,Paid,102952
25085,25085,UPI,Paid,31170
25086,25086,UPI,Paid,131148
25087,25087,UPI,Paid,77301
25088,25088,UPI,Paid,417600
25089,25089,UPI,Paid,276997
25090,25090,Net Banking,Paid,459837
25091,25091,UPI,Paid,25767
25092,25092,UPI,Paid,146259
25093,25093,Credit Card,Paid,36088
25094,25094,UPI,Paid,51534
25095,25095,UPI,Paid,251034
25096,25096,Cash,Paid,101376
25097,25097,UPI,Paid,174400
25098,25098,UPI,Paid,70441
25099,25099,Credit Card,Failed,50732
25100,25100,UPI,Pending,218304
25101,25101,Credit Card,Paid,276745
25102,25102,Net Banking,Pending,450912
25103,25103,UPI,Paid,399664
25104,25104,Debit Card,Paid,143664
25105,25105,UPI,Paid,535900
25106,25106,Credit Card,Paid,28432
25107,25107,Debit Card,Paid,321990
25108,25108,Credit Card,Paid,46369
25109,25109,Credit Card,Paid,70320
25110,25110,Debit Card,Paid,330100
25111,25111,UPI,Paid,225480
25112,25112,UPI,Paid,15543
25113,25113,Net Banking,Paid,247650
25114,25114,Credit Card,Paid,420860
25115,25115,Credit Card,Paid,178540
25116,25116,UPI,Paid,269570
25117,25117,Cash,Paid,169038
25118,25118,UPI,Paid,124978
25119,25119,UPI,Paid,74292
25120,25120,UPI,Failed,327474
25121,25121,Credit Card,Paid,187900
25122,25122,Credit Card,Failed,172522
25123,25123,Credit Card,Paid,73956
25124,25124,Debit Card,Paid,245480
25125,25125,Credit Card,Paid,192016
25126,25126,UPI,Paid,65004
25127,25127,Debit Card,Pending,426290
25128,25128,UPI,Paid,344358
25129,25129,Debit Card,Paid,204600
25130,25130,Credit Card,Paid,191121
25131,25131,UPI,Paid,9859
25132,25132,Cash,Paid,9826
25133,25133,UPI,Paid,128421
25134,25134,UPI,Paid,14269
25135,25135,UPI,Paid,58850
25136,25136,Debit Card,Pending,196525
25137,25137,Credit Card,Paid,237690
25138,25138,Credit Card,Paid,394548
25139,25139,Cash,Paid,208696
25140,25140,UPI,Failed,80544
25141,25141,Debit Card,Pending,123476
25142,25142,Credit Card,Paid,161940
25143,25143,Credit Card,Pending,161208
25144,25144,UPI,Paid,187704
25145,25145,Debit Card,Paid,78610
25146,25146,Cash,Paid,47459
25147,25147,Credit Card,Paid,9826
25148,25148,Net Banking,Paid,239880
25149,25149,Net Banking,Paid,29478
25150,25150,Cash,Paid,179492
25151,25151,Credit Card,Paid,154428
25152,25152,Debit Card,Paid,394888
25153,25153,Credit Card,Paid,246933
25154,25154,Net Banking,Paid,338488
25155,25155,Debit Card,Pending,101742
25156,25156,Cash,Paid,213689
25157,25157,UPI,Paid,31782
25158,25158,Cash,Paid,189144
25159,25159,UPI,Paid,128328
25160,25160,UPI,Paid,150318
25161,25161,Credit Card,Paid,48560
25162,25162,UPI,Paid,201124
25163,25163,UPI,Paid,145752
25164,25164,UPI,Failed,55668
25165,25165,UPI,Pending,88210
25166,25166,Debit Card,Paid,192492
25167,25167,UPI,Paid,48783
25168,25168,UPI,Pending,169575
25169,25169,Credit Card,Paid,370454
25170,25170,Credit Card,Paid,145128
25171,25171,UPI,Paid,116608
25172,25172,UPI,Paid,31956
25173,25173,UPI,Failed,156400
25174,25174,Net Banking,Paid,105581
25175,25175,Debit Card,Paid,455490
25176,25176,UPI,Paid,169813
25177,25177,UPI,Pending,270115
25178,25178,UPI,Paid,100072
25179,25179,UPI,Failed,52836
25180,25180,UPI,Paid,277104
25181,25181,Credit Card,Paid,394548
25182,25182,Debit Card,Paid,72064
25183,25183,UPI,Paid,41942
25184,25184,UPI,Pending,29437
25185,25185,Credit Card,Paid,25932
25186,25186,Net Banking,Paid,158450
25187,25187,UPI,Paid,216083
25188,25188,Credit Card,Failed,153992
25189,25189,Credit Card,Paid,163408
25190,25190,Net Banking,Paid,178003
25191,25191,Credit Card,Paid,27437
25192,25192,Debit Card,Failed,486070
25193,25193,UPI,Paid,29542
25194,25194,UPI,Paid,34900
25195,25195,Cash,Paid,151915
25196,25196,UPI,Paid,51294
25197,25197,Credit Card,Paid,75507
25198,25198,UPI,Paid,25686
25199,25199,Credit Card,Paid,154960
25200,25200,Credit Card,Paid,132576
25201,25201,Credit Card,Paid,219496
25202,25202,UPI,Paid,36855
25203,25203,Net Banking,Pending,83174
25204,25204,UPI,Paid,147150
25205,25205,Net Banking,Pending,88195
25206,25206,Debit Card,Paid,195796
25207,25207,UPI,Paid,234672
25208,25208,UPI,Paid,213921
25209,25209,UPI,Failed,111846
25210,25210,Net Banking,Paid,77924
25211,25211,Credit Card,Pending,93352
25212,25212,Net Banking,Paid,358320
25213,25213,Debit Card,Paid,61370
25214,25214,UPI,Paid,242920
25215,25215,UPI,Paid,232904
25216,25216,UPI,Failed,157044
25217,25217,Credit Card,Paid,72704
25218,25218,UPI,Paid,17730
25219,25219,Credit Card,Pending,24570
25220,25220,Debit Card,Paid,387828
25221,25221,Net Banking,Paid,124416
25222,25222,UPI,Paid,64524
25223,25223,UPI,Failed,553340
25224,25224,Credit Card,Paid,379170
25225,25225,UPI,Paid,92738
25226,25226,UPI,Paid,394888
25227,25227,Credit Card,Paid,118875
25228,25228,Cash,Paid,230728
25229,25229,Credit Card,Paid,177556
25230,25230,Credit Card,Paid,142560
25231,25231,Debit Card,Paid,100676
25232,25232,UPI,Paid,342384
25233,25233,Debit Card,Paid,138675
25234,25234,Cash,Paid,92118
25235,25235,Credit Card,Failed,306900
25236,25236,Credit Card,Paid,23841
25237,25237,Credit Card,Paid,132273
25238,25238,Credit Card,Paid,231070
25239,25239,Debit Card,Paid,134703
25240,25240,Net Banking,Paid,87270
25241,25241,Credit Card,Failed,111038
25242,25242,Net Banking,Paid,99176
25243,25243,Credit Card,Paid,534420
25244,25244,UPI,Pending,6900
25245,25245,Debit Card,Failed,247650
25246,25246,Debit Card,Paid,7667
25247,25247,UPI,Paid,58850
25248,25248,Credit Card,Paid,155560
25249,25249,UPI,Paid,432036
25250,25250,Credit Card,Paid,148995
25251,25251,UPI,Paid,178200
25252,25252,Debit Card,Pending,125826
25253,25253,Debit Card,Failed,512940
25254,25254,Debit Card,Paid,355440
25255,25255,UPI,Paid,78968
25256,25256,Net Banking,Paid,103424
25257,25257,Cash,Paid,30863
25258,25258,Net Banking,Paid,179310
25259,25259,UPI,Paid,40592
25260,25260,Credit Card,Paid,31090
25261,25261,Net Banking,Paid,277821
25262,25262,Net Banking,Paid,389000
25263,25263,Credit Card,Paid,19565
25264,25264,UPI,Paid,37210
25265,25265,UPI,Pending,395748
25266,25266,Credit Card,Paid,96320
25267,25267,Credit Card,Paid,58944
25268,25268,UPI,Paid,33288
25269,25269,Credit Card,Paid,225531
25270,25270,UPI,Failed,75964
25271,25271,Credit Card,Paid,240688
25272,25272,UPI,Pending,15556
25273,25273,Credit Card,Paid,112808
25274,25274,Credit Card,Paid,259310
25275,25275,UPI,Paid,383856
25276,25276,UPI,Paid,279855
25277,25277,UPI,Pending,8546
25278,25278,UPI,Paid,59260
25279,25279,UPI,Paid,248768
25280,25280,Credit Card,Paid,514760
25281,25281,UPI,Paid,145700
25282,25282,Cash,Paid,311850
25283,25283,Credit Card,Pending,246918
25284,25284,Credit Card,Paid,65572
25285,25285,Cash,Paid,218580
25286,25286,UPI,Failed,224916
25287,25287,Credit Card,Paid,338184
25288,25288,Cash,Paid,152268
25289,25289,UPI,Paid,360504
25290,25290,UPI,Paid,49530
25291,25291,UPI,Paid,176216
25292,25292,Net Banking,Paid,281274
25293,25293,Debit Card,Paid,117816
25294,25294,UPI,Paid,432944
25295,25295,Credit Card,Paid,90441
25296,25296,Debit Card,Paid,425970
25297,25297,UPI,Pending,104763
25298,25298,Credit Card,Paid,408856
25299,25299,Credit Card,Paid,277398
25300,25300,UPI,Paid,46866
25301,25301,UPI,Paid,85568
25302,25302,Debit Card,Paid,89016
25303,25303,UPI,Paid,507276
25304,25304,Cash,Paid,223030
25305,25305,Credit Card,Paid,181517
25306,25306,Net Banking,Failed,66909
25307,25307,Debit Card,Paid,50286
25308,25308,UPI,Paid,7208
25309,25309,UPI,Paid,174464
25310,25310,Net Banking,Paid,89056
25311,25311,Debit Card,Paid,329589
25312,25312,UPI,Paid,192764
25313,25313,Credit Card,Paid,209710
25314,25314,UPI,Paid,68286
25315,25315,Debit Card,Failed,39226
25316,25316,Net Banking,Paid,48376
25317,25317,UPI,Paid,285120
25318,25318,UPI,Pending,576290
25319,25319,UPI,Paid,9712
25320,25320,Debit Card,Paid,269556
25321,25321,Debit Card,Pending,36032
25322,25322,Credit Card,Paid,299888
25323,25323,Net Banking,Paid,117216
25324,25324,Debit Card,Paid,375800
25325,25325,Debit Card,Paid,170919
25326,25326,Debit Card,Paid,399664
25327,25327,Cash,Paid,191982
25328,25328,UPI,Failed,301782
25329,25329,Debit Card,Paid,23426
25330,25330,Debit Card,Paid,95170
25331,25331,Net Banking,Paid,455490
25332,25332,UPI,Paid,190200
25333,25333,UPI,Paid,112808
25334,25334,Debit Card,Paid,199728
25335,25335,UPI,Failed,366210
25336,25336,UPI,Paid,416160
25337,25337,Cash,Failed,334530
25338,25338,Debit Card,Failed,59376
25339,25339,Debit Card,Paid,23775
25340,25340,Credit Card,Paid,114368
25341,25341,Debit Card,Paid,234672
25342,25342,Debit Card,Paid,385528
25343,25343,Credit Card,Paid,13493
25344,25344,Debit Card,Paid,351070
25345,25345,UPI,Paid,129969
25346,25346,Debit Card,Failed,39304
25347,25347,Credit Card,Pending,141770
25348,25348,Credit Card,Pending,22762
25349,25349,UPI,Paid,423200
25350,25350,Cash,Paid,117130
25351,25351,UPI,Paid,91490
25352,25352,Net Banking,Failed,152064
25353,25353,Debit Card,Paid,217692
25354,25354,Net Banking,Paid,183030
25355,25355,UPI,Paid,258957
25356,25356,Debit Card,Paid,35310
25357,25357,Credit Card,Pending,240610
25358,25358,Credit Card,Paid,318744
25359,25359,Cash,Paid,224574
25360,25360,Credit Card,Paid,47550
25361,25361,UPI,Paid,253866
25362,25362,Credit Card,Paid,43716
25363,25363,Debit Card,Paid,24268
25364,25364,UPI,Paid,40152
25365,25365,Credit Card,Paid,86418
25366,25366,UPI,Paid,30962
25367,25367,UPI,Paid,124416
25368,25368,Credit Card,Pending,119343
25369,25369,Net Banking,Paid,266670
25370,25370,UPI,Paid,186808
25371,25371,Credit Card,Paid,266176
25372,25372,Credit Card,Failed,309492
25373,25373,Cash,Paid,8546
25374,25374,Net Banking,Failed,168344
25375,25375,UPI,Paid,35852
25376,25376,UPI,Failed,143408
25377,25377,Net Banking,Paid,24346
25378,25378,UPI,Paid,31782
25379,25379,Credit Card,Paid,112728
25380,25380,Credit Card,Paid,38387
25381,25381,Net Banking,Paid,447900
25382,25382,Credit Card,Paid,183105
25383,25383,Credit Card,Paid,500670
25384,25384,Debit Card,Paid,195596
25385,25385,Credit Card,Pending,78522
25386,25386,UPI,Paid,123825
25387,25387,Net Banking,Paid,148083
25388,25388,Credit Card,Failed,62180
25389,25389,Credit Card,Paid,269032
25390,25390,Credit Card,Paid,292047
25391,25391,Debit Card,Paid,375032
25392,25392,UPI,Paid,308800
25393,25393,UPI,Paid,33254
25394,25394,Cash,Paid,195500
25395,25395,UPI,Failed,50077
25396,25396,UPI,Paid,124413
25397,25397,UPI,Paid,237040
25398,25398,Debit Card,Paid,238625
25399,25399,UPI,Paid,387121
25400,25400,Credit Card,Paid,94660
25401,25401,Credit Card,Paid,18935
25402,25402,UPI,Failed,292896
25403,25403,UPI,Pending,63738
25404,25404,UPI,Paid,239880
25405,25405,Debit Card,Paid,117455
25406,25406,UPI,Pending,88839
25407,25407,Credit Card,Paid,190897
25408,25408,Cash,Paid,303610
25409,25409,Credit Card,Pending,174864
25410,25410,Credit Card,Paid,396760
25411,25411,UPI,Failed,161508
25412,25412,UPI,Failed,200308
25413,25413,UPI,Paid,146736
25414,25414,Net Banking,Paid,406048
25415,25415,UPI,Paid,25931
25416,25416,UPI,Paid,286503
25417,25417,UPI,Paid,42542
25418,25418,Net Banking,Paid,199215
25419,25419,Net Banking,Paid,302897
25420,25420,UPI,Paid,70441
25421,25421,Cash,Paid,39450
25422,25422,UPI,Paid,377829
25423,25423,Credit Card,Pending,198800
25424,25424,Credit Card,Paid,356780
25425,25425,UPI,Paid,541180
25426,25426,Credit Card,Paid,37146
25427,25427,UPI,Paid,109578
25428,25428,UPI,Paid,353367
25429,25429,Cash,Paid,511070
25430,25430,UPI,Pending,114112
25431,25431,Credit Card,Paid,138654
25432,25432,UPI,Paid,518661
25433,25433,UPI,Paid,44901
25434,25434,Credit Card,Paid,197920
25435,25435,UPI,Pending,109038
25436,25436,UPI,Pending,89852
25437,25437,Credit Card,Paid,116220
25438,25438,UPI,Paid,38299
25439,25439,UPI,Paid,27024
25440,25440,Cash,Paid,121532
25441,25441,UPI,Failed,78592
25442,25442,Cash,Paid,29140
25443,25443,Credit Card,Pending,52029
25444,25444,UPI,Failed,134330
25445,25445,UPI,Paid,136355
25446,25446,UPI,Paid,105200
25447,25447,Credit Card,Pending,118586
25448,25448,Net Banking,Paid,35678
25449,25449,UPI,Paid,302897
25450,25450,UPI,Paid,236430
25451,25451,Cash,Paid,147340
25452,25452,Net Banking,Paid,475850
25453,25453,Cash,Paid,112568
25454,25454,UPI,Paid,57228
25455,25455,Cash,Failed,122740
25456,25456,Credit Card,Paid,133524
25457,25457,UPI,Paid,304044
25458,25458,UPI,Paid,100212
25459,25459,Debit Card,Paid,58942
25460,25460,UPI,Paid,181728
25461,25461,Cash,Paid,94635
25462,25462,Cash,Paid,181110
25463,25463,Debit Card,Paid,196784
25464,25464,Net Banking,Paid,258552
25465,25465,UPI,Paid,101742
25466,25466,Credit Card,Failed,49716
25467,25467,Cash,Paid,274610
25468,25468,Net Banking,Pending,441450
25469,25469,Debit Card,Paid,456336
25470,25470,Credit Card,Paid,47538
25471,25471,Credit Card,Pending,183060
25472,25472,Debit Card,Failed,378904
25473,25473,UPI,Paid,115615
25474,25474,Debit Card,Pending,461646
25475,25475,Debit Card,Pending,7928
25476,25476,UPI,Paid,69842
25477,25477,UPI,Paid,331310
25478,25478,UPI,Paid,189836
25479,25479,UPI,Paid,85824
25480,25480,UPI,Paid,94726
25481,25481,Cash,Pending,576290
25482,25482,Cash,Paid,96008
25483,25483,Net Banking,Paid,134778
25484,25484,Debit Card,Paid,33794
25485,25485,Credit Card,Paid,57792
25486,25486,UPI,Paid,302190
25487,25487,Debit Card,Paid,8370
25488,25488,Debit Card,Pending,137305
25489,25489,Credit Card,Paid,64947
25490,25490,Net Banking,Paid,109748
25491,25491,Credit Card,Paid,7574
25492,25492,Credit Card,Paid,157725
25493,25493,Credit Card,Paid,131215
25494,25494,Cash,Pending,275072
25495,25495,UPI,Pending,287328
25496,25496,Debit Card,Paid,23540
25497,25497,Credit Card,Paid,224365
25498,25498,Credit Card,Paid,284195
25499,25499,UPI,Paid,29577
25500,25500,Credit Card,Paid,29934
25501,25501,Cash,Pending,215850
25502,25502,Credit Card,Paid,14859
25503,25503,UPI,Paid,195756
25504,25504,UPI,Paid,46629
25505,25505,Credit Card,Failed,126777
25506,25506,UPI,Paid,143080
25507,25507,Credit Card,Failed,5175
25508,25508,UPI,Paid,58590
25509,25509,Credit Card,Paid,425248
25510,25510,Credit Card,Paid,170954
25511,25511,Credit Card,Paid,91315
25512,25512,UPI,Paid,479280
25513,25513,UPI,Paid,486070
25514,25514,Net Banking,Failed,34650
25515,25515,UPI,Paid,183800
25516,25516,UPI,Paid,207935
25517,25517,UPI,Pending,428265
25518,25518,Credit Card,Paid,268810
25519,25519,Net Banking,Paid,126855
25520,25520,Debit Card,Paid,162708
25521,25521,Cash,Pending,243968
25522,25522,UPI,Pending,55438
25523,25523,UPI,Paid,167652
25524,25524,Credit Card,Paid,42807
25525,25525,Debit Card,Paid,45412
25526,25526,Net Banking,Paid,157020
25527,25527,Cash,Paid,316992
25528,25528,Net Banking,Paid,246904
25529,25529,Cash,Paid,9877
25530,25530,Debit Card,Pending,66920
25531,25531,Net Banking,Paid,11713
25532,25532,Debit Card,Pending,280750
25533,25533,UPI,Paid,166360
25534,25534,UPI,Paid,237426
25535,25535,Debit Card,Paid,309463
25536,25536,UPI,Paid,453304
25537,25537,Credit Card,Paid,152919
25538,25538,Cash,Paid,168970
25539,25539,UPI,Paid,98958
25540,25540,Cash,Paid,62067
25541,25541,UPI,Failed,292698
25542,25542,UPI,Paid,30634
25543,25543,UPI,Paid,29524
25544,25544,Credit Card,Paid,307734
25545,25545,Debit Card,Paid,192764
25546,25546,UPI,Paid,241880
25547,25547,UPI,Pending,226360
25548,25548,Cash,Paid,156660
25549,25549,Debit Card,Paid,139200
25550,25550,UPI,Paid,64702
25551,25551,Credit Card,Pending,502860
25552,25552,UPI,Paid,267280
25553,25553,Credit Card,Failed,425054
25554,25554,Net Banking,Paid,256480
25555,25555,UPI,Paid,197916
25556,25556,UPI,Paid,421911
25557,25557,UPI,Paid,35640
25558,25558,Net Banking,Paid,28732
25559,25559,Cash,Failed,543720
25560,25560,Cash,Paid,333768
25561,25561,UPI,Paid,321728
25562,25562,UPI,Paid,76996
25563,25563,UPI,Failed,147912
25564,25564,Net Banking,Paid,166047
25565,25565,Net Banking,Paid,372092
25566,25566,Cash,Pending,88572
25567,25567,UPI,Paid,190984
25568,25568,UPI,Pending,460590
25569,25569,Credit Card,Paid,542360
25570,25570,Debit Card,Failed,47051
25571,25571,UPI,Paid,147340
25572,25572,Net Banking,Paid,260930
25573,25573,UPI,Paid,480040
25574,25574,UPI,Failed,159372
25575,25575,Credit Card,Paid,81909
25576,25576,Debit Card,Paid,425054
25577,25577,UPI,Paid,262368
25578,25578,UPI,Paid,84172
25579,25579,UPI,Paid,286160
25580,25580,Debit Card,Paid,358520
25581,25581,Debit Card,Paid,184110
25582,25582,Debit Card,Paid,17655
25583,25583,UPI,Paid,35726
25584,25584,UPI,Pending,510930
25585,25585,UPI,Paid,109844
25586,25586,Cash,Pending,147060
25587,25587,Credit Card,Paid,105834
25588,25588,Credit Card,Paid,191935
25589,25589,UPI,Paid,463284
25590,25590,UPI,Paid,122185
25591,25591,UPI,Paid,147876
25592,25592,UPI,Paid,96900
25593,25593,Cash,Pending,78510
25594,25594,Debit Card,Pending,36640
25595,25595,Cash,Failed,212410
25596,25596,Credit Card,Paid,78525
25597,25597,Credit Card,Paid,60766
25598,25598,UPI,Paid,14759
25599,25599,Cash,Paid,258054
25600,25600,UPI,Paid,156087
25601,25601,Net Banking,Failed,520200
25602,25602,UPI,Paid,316757
25603,25603,Debit Card,Paid,51289
25604,25604,UPI,Paid,280392
25605,25605,UPI,Paid,9906
25606,25606,Credit Card,Paid,323016
25607,25607,UPI,Paid,68589
25608,25608,Credit Card,Paid,177597
25609,25609,Cash,Paid,27375
25610,25610,UPI,Paid,360332
25611,25611,UPI,Paid,81550
25612,25612,Debit Card,Pending,41900
25613,25613,UPI,Paid,33794
25614,25614,Debit Card,Paid,66145
25615,25615,UPI,Paid,92865
25616,25616,Credit Card,Paid,449260
25617,25617,Cash,Paid,51950
25618,25618,Cash,Paid,3247
25619,25619,Cash,Paid,221814
25620,25620,UPI,Paid,553340
25621,25621,UPI,Paid,181202
25622,25622,Credit Card,Paid,82311
25623,25623,UPI,Paid,18016
25624,25624,UPI,Paid,110135
25625,25625,UPI,Pending,279550
25626,25626,UPI,Paid,6494
25627,25627,Credit Card,Paid,47535
25628,25628,UPI,Paid,93336
25629,25629,Debit Card,Paid,192490
25630,25630,Credit Card,Paid,86340
25631,25631,Net Banking,Paid,73260
25632,25632,Cash,Paid,401751
25633,25633,UPI,Paid,144172
25634,25634,UPI,Paid,78526
25635,25635,Credit Card,Paid,252468
25636,25636,Credit Card,Paid,124448
25637,25637,Credit Card,Paid,576820
25638,25638,Credit Card,Paid,344358
25639,25639,Debit Card,Paid,114201
25640,25640,Net Banking,Paid,31086
25641,25641,Cash,Paid,47888
25642,25642,Credit Card,Paid,127476
25643,25643,UPI,Pending,76336
25644,25644,UPI,Pending,352079
25645,25645,Cash,Paid,503901
25646,25646,Cash,Paid,154400
25647,25647,UPI,Paid,124978
25648,25648,Credit Card,Pending,49120
25649,25649,UPI,Paid,85614
25650,25650,Debit Card,Paid,130720
25651,25651,UPI,Pending,318690
25652,25652,UPI,Paid,374192
25653,25653,Debit Card,Paid,496060
25654,25654,Debit Card,Failed,14759
25655,25655,UPI,Paid,18173
25656,25656,Net Banking,Paid,21304
25657,25657,Net Banking,Paid,30618
25658,25658,Cash,Paid,39101
25659,25659,Credit Card,Failed,131910
25660,25660,Credit Card,Paid,42845
25661,25661,Debit Card,Paid,224720
25662,25662,UPI,Pending,22706
25663,25663,Credit Card,Pending,98240
25664,25664,Cash,Paid,353672
25665,25665,Debit Card,Paid,298170
25666,25666,Credit Card,Paid,141036
25667,25667,Credit Card,Pending,325416
25668,25668,UPI,Pending,456192
25669,25669,Credit Card,Paid,220270
25670,25670,UPI,Paid,304955
25671,25671,UPI,Paid,233120
25672,25672,UPI,Paid,104419
25673,25673,Debit Card,Paid,79212
25674,25674,Credit Card,Paid,164612
25675,25675,Cash,Paid,46688
25676,25676,UPI,Paid,184572
25677,25677,Net Banking,Paid,143448
25678,25678,UPI,Paid,89016
25679,25679,Net Banking,Paid,226285
25680,25680,Net Banking,Paid,218025
25681,25681,Net Banking,Paid,244560
25682,25682,UPI,Paid,422658
25683,25683,Debit Card,Failed,162999
25684,25684,Credit Card,Paid,232795
25685,25685,Debit Card,Paid,29631
25686,25686,Credit Card,Paid,271593
25687,25687,Debit Card,Paid,214725
25688,25688,UPI,Paid,16740
25689,25689,UPI,Paid,92738
25690,25690,Credit Card,Failed,378161
25691,25691,Credit Card,Paid,52186
25692,25692,UPI,Paid,175888
25693,25693,UPI,Pending,58668
25694,25694,Net Banking,Paid,42888
25695,25695,UPI,Paid,203292
25696,25696,UPI,Failed,378161
25697,25697,UPI,Paid,206297
25698,25698,Cash,Paid,63738
25699,25699,Credit Card,Paid,66920
25700,25700,UPI,Failed,151304
25701,25701,UPI,Paid,181110
25702,25702,Net Banking,Paid,160770
25703,25703,Cash,Pending,319970
25704,25704,Net Banking,Paid,17752
25705,25705,Credit Card,Paid,251485
25706,25706,UPI,Paid,38368
25707,25707,Debit Card,Paid,207935
25708,25708,Cash,Paid,210544
25709,25709,UPI,Paid,341253
25710,25710,Debit Card,Paid,463690
25711,25711,Debit Card,Paid,342760
25712,25712,Debit Card,Paid,70441
25713,25713,Net Banking,Paid,239616
25714,25714,Credit Card,Paid,455090
25715,25715,UPI,Failed,418626
25716,25716,Credit Card,Failed,50607
25717,25717,Net Banking,Paid,164930
25718,25718,Credit Card,Paid,109557
25719,25719,UPI,Paid,178835
25720,25720,Net Banking,Pending,138177
25721,25721,UPI,Pending,8725
25722,25722,UPI,Paid,382878
25723,25723,Credit Card,Paid,184236
25724,25724,Debit Card,Paid,70389
25725,25725,UPI,Failed,161508
25726,25726,Debit Card,Paid,65252
25727,25727,Credit Card,Paid,214361
25728,25728,UPI,Paid,106380
25729,25729,Net Banking,Pending,148764
25730,25730,Net Banking,Paid,491256
25731,25731,UPI,Paid,227356
25732,25732,Credit Card,Pending,44528
25733,25733,UPI,Paid,17360
25734,25734,UPI,Paid,318492
25735,25735,Debit Card,Paid,176004
25736,25736,Credit Card,Pending,161310
25737,25737,Credit Card,Paid,176390
25738,25738,Cash,Paid,62192
25739,25739,UPI,Paid,88002
25740,25740,Cash,Paid,105608
25741,25741,Credit Card,Paid,402160
25742,25742,Cash,Paid,69097
25743,25743,UPI,Paid,132520
25744,25744,Credit Card,Paid,447952
25745,25745,UPI,Paid,92465
25746,25746,UPI,Paid,26628
25747,25747,UPI,Paid,190424
25748,25748,UPI,Paid,100212
25749,25749,Credit Card,Paid,470500
25750,25750,UPI,Paid,79280
25751,25751,Debit Card,Paid,224916
25752,25752,Credit Card,Paid,120168
25753,25753,UPI,Paid,203427
25754,25754,Credit Card,Paid,66288
25755,25755,Credit Card,Paid,139640
25756,25756,Debit Card,Paid,127145
25757,25757,Net Banking,Failed,87936
25758,25758,UPI,Paid,74972
25759,25759,UPI,Paid,123230
25760,25760,UPI,Failed,38168
25761,25761,UPI,Paid,19698
25762,25762,Cash,Paid,74420
25763,25763,Cash,Pending,226470
25764,25764,Credit Card,Paid,19880
25765,25765,Net Banking,Paid,206436
25766,25766,Cash,Paid,163584
25767,25767,Cash,Paid,514350
25768,25768,UPI,Paid,116720
25769,25769,UPI,Paid,144030
25770,25770,Credit Card,Paid,32976
25771,25771,Net Banking,Paid,164064
25772,25772,Net Banking,Failed,101220
25773,25773,Debit Card,Paid,431793
25774,25774,Credit Card,Paid,16235
25775,25775,UPI,Paid,154960
25776,25776,Credit Card,Paid,22994
25777,25777,Net Banking,Failed,19424
25778,25778,Cash,Paid,41942
25779,25779,UPI,Paid,235270
25780,25780,Debit Card,Paid,230728
25781,25781,UPI,Paid,31773
25782,25782,Credit Card,Pending,396945
25783,25783,Credit Card,Paid,59154
25784,25784,Credit Card,Paid,38799
25785,25785,Debit Card,Paid,266032
25786,25786,Debit Card,Paid,52600
25787,25787,Cash,Paid,553030
25788,25788,Debit Card,Paid,258957
25789,25789,Cash,Paid,394422
25790,25790,UPI,Failed,25931
25791,25791,Cash,Failed,486207
25792,25792,Credit Card,Paid,130396
25793,25793,Credit Card,Paid,233863
25794,25794,Net Banking,Paid,177780
25795,25795,Net Banking,Pending,53536
25796,25796,Debit Card,Paid,142832
25797,25797,UPI,Paid,193146
25798,25798,Net Banking,Failed,36621
25799,25799,UPI,Pending,26509
25800,25800,Cash,Failed,76210
25801,25801,Net Banking,Paid,146670
25802,25802,Cash,Paid,75507
25803,25803,Credit Card,Paid,146787
25804,25804,Credit Card,Pending,131319
25805,25805,Debit Card,Paid,122108
25806,25806,Net Banking,Paid,76134
25807,25807,UPI,Paid,102670
25808,25808,Cash,Paid,102879
25809,25809,UPI,Paid,39640
25810,25810,Cash,Paid,184226
25811,25811,Debit Card,Paid,108735
25812,25812,Net Banking,Pending,185364
25813,25813,Cash,Paid,215112
25814,25814,UPI,Paid,68208
25815,25815,Credit Card,Paid,121437
25816,25816,Credit Card,Pending,132939
25817,25817,UPI,Pending,153918
25818,25818,Credit Card,Pending,79016
25819,25819,Cash,Paid,21624
25820,25820,Credit Card,Paid,143784
25821,25821,Cash,Paid,301716
25822,25822,Debit Card,Paid,153918
25823,25823,Debit Card,Paid,244560
25824,25824,Net Banking,Paid,192016
25825,25825,Debit Card,Paid,36526
25826,25826,UPI,Paid,499671
25827,25827,UPI,Paid,82756
25828,25828,UPI,Paid,39640
25829,25829,UPI,Paid,18573
25830,25830,UPI,Paid,84964
25831,25831,UPI,Paid,506880
25832,25832,UPI,Paid,20780
25833,25833,UPI,Pending,384976
25834,25834,Credit Card,Paid,34900
25835,25835,Cash,Paid,26040
25836,25836,UPI,Paid,318563
25837,25837,Credit Card,Paid,47070
25838,25838,Net Banking,Paid,154040
25839,25839,Debit Card,Paid,129684
25840,25840,Cash,Paid,429525
25841,25841,UPI,Paid,329378
25842,25842,Credit Card,Pending,303920
25843,25843,UPI,Pending,48741
25844,25844,Credit Card,Paid,23639
25845,25845,UPI,Paid,234260
25846,25846,Debit Card,Paid,47977
25847,25847,Credit Card,Paid,288738
25848,25848,UPI,Paid,167652
25849,25849,Debit Card,Pending,170516
25850,25850,UPI,Failed,56364
25851,25851,Credit Card,Pending,476298
25852,25852,Debit Card,Paid,358320
25853,25853,UPI,Paid,279945
25854,25854,Debit Card,Paid,265780
25855,25855,Credit Card,Paid,339540
25856,25856,UPI,Failed,111942
25857,25857,Credit Card,Paid,243603
25858,25858,Credit Card,Paid,154360
25859,25859,Credit Card,Pending,7208
25860,25860,UPI,Paid,245072
25861,25861,Debit Card,Paid,80754
25862,25862,UPI,Paid,54789
25863,25863,UPI,Paid,211554
25864,25864,UPI,Failed,345312
25865,25865,Credit Card,Paid,327432
25866,25866,Credit Card,Paid,214569
25867,25867,UPI,Paid,77180
25868,25868,Credit Card,Failed,512890
25869,25869,Credit Card,Paid,28528
25870,25870,Debit Card,Paid,38306
25871,25871,UPI,Paid,51476
25872,25872,Credit Card,Paid,24346
25873,25873,Cash,Paid,190692
25874,25874,Net Banking,Pending,164766
25875,25875,UPI,Paid,396848
25876,25876,UPI,Paid,56708
25877,25877,Cash,Paid,70032
25878,25878,Credit Card,Paid,207088
25879,25879,Credit Card,Failed,172368
25880,25880,Cash,Paid,26620
25881,25881,UPI,Paid,80504
25882,25882,Credit Card,Pending,73956
25883,25883,Credit Card,Failed,30350
25884,25884,UPI,Paid,455733
25885,25885,UPI,Paid,231070
25886,25886,Debit Card,Paid,44277
25887,25887,UPI,Paid,355440
25888,25888,Cash,Pending,308856
25889,25889,Debit Card,Paid,31280
25890,25890,UPI,Paid,57464
25891,25891,UPI,Paid,78608
25892,25892,Credit Card,Paid,382338
25893,25893,UPI,Failed,74700
25894,25894,Net Banking,Pending,128535
25895,25895,Credit Card,Paid,364365
25896,25896,UPI,Paid,444249
25897,25897,UPI,Paid,43616
25898,25898,Cash,Paid,312120
25899,25899,Credit Card,Paid,22994
25900,25900,Credit Card,Paid,285750
25901,25901,UPI,Paid,180792
25902,25902,Credit Card,Pending,183804
25903,25903,Credit Card,Failed,309252
25904,25904,UPI,Paid,303920
25905,25905,Debit Card,Paid,106164
25906,25906,Cash,Failed,134253
25907,25907,UPI,Paid,78954
25908,25908,Credit Card,Paid,288071
25909,25909,UPI,Paid,197168
25910,25910,Credit Card,Paid,38900
25911,25911,Cash,Paid,317532
25912,25912,Credit Card,Paid,179260
25913,25913,Cash,Paid,260145
25914,25914,UPI,Paid,271323
25915,25915,UPI,Paid,87768
25916,25916,UPI,Paid,93404
25917,25917,UPI,Paid,111846
25918,25918,UPI,Paid,1725
25919,25919,Cash,Paid,98770
25920,25920,Credit Card,Paid,207448
25921,25921,Credit Card,Paid,187704
25922,25922,UPI,Paid,46498
25923,25923,Credit Card,Failed,167652
25924,25924,UPI,Failed,257710
25925,25925,Net Banking,Paid,111820
25926,25926,UPI,Paid,109578
25927,25927,UPI,Paid,129451
25928,25928,UPI,Paid,454712
25929,25929,Net Banking,Paid,109844
25930,25930,UPI,Paid,40840
25931,25931,Debit Card,Pending,355292
25932,25932,Credit Card,Pending,324708
25933,25933,Net Banking,Paid,52636
25934,25934,UPI,Paid,329589
25935,25935,UPI,Pending,86184
25936,25936,Credit Card,Paid,41778
25937,25937,UPI,Paid,91170
25938,25938,Debit Card,Paid,13917
25939,25939,Credit Card,Paid,115140
25940,25940,UPI,Paid,56284
25941,25941,UPI,Paid,46559
25942,25942,UPI,Paid,403857
25943,25943,UPI,Failed,159345
25944,25944,Credit Card,Paid,10992
25945,25945,UPI,Paid,110135
25946,25946,Credit Card,Paid,41587
25947,25947,Debit Card,Paid,10591
25948,25948,Net Banking,Pending,15543
25949,25949,UPI,Failed,430992
25950,25950,Credit Card,Paid,108245
25951,25951,UPI,Pending,123648
25952,25952,Net Banking,Paid,374283
25953,25953,UPI,Paid,149024
25954,25954,Credit Card,Paid,119364
25955,25955,Cash,Paid,125826
25956,25956,Credit Card,Paid,143175
25957,25957,Debit Card,Paid,287892
25958,25958,Credit Card,Failed,34921
25959,25959,UPI,Paid,321728
25960,25960,UPI,Paid,29631
25961,25961,Cash,Paid,8625
25962,25962,Cash,Paid,324930
25963,25963,Credit Card,Paid,275490
25964,25964,UPI,Paid,340336
25965,25965,UPI,Paid,55140
25966,25966,Debit Card,Paid,77630
25967,25967,UPI,Paid,23123
25968,25968,UPI,Paid,407750
25969,25969,UPI,Paid,108084
25970,25970,Net Banking,Paid,132576
25971,25971,UPI,Paid,45198
25972,25972,UPI,Paid,534560
25973,25973,UPI,Failed,112995
25974,25974,Cash,Paid,277200
25975,25975,UPI,Paid,138177
25976,25976,Credit Card,Pending,442090
25977,25977,UPI,Paid,463284
25978,25978,Cash,Paid,463284
25979,25979,UPI,Paid,231845
25980,25980,Credit Card,Paid,521640
25981,25981,Net Banking,Paid,33794
25982,25982,UPI,Paid,309654
25983,25983,Debit Card,Paid,31302
25984,25984,Debit Card,Paid,266334
25985,25985,Cash,Paid,40775
25986,25986,Debit Card,Paid,156522
25987,25987,UPI,Paid,49292
25988,25988,Cash,Paid,30189
25989,25989,UPI,Paid,276075
25990,25990,UPI,Failed,384976
25991,25991,Debit Card,Failed,391192
25992,25992,Credit Card,Paid,51260
25993,25993,UPI,Paid,49528
25994,25994,UPI,Paid,77180
25995,25995,UPI,Paid,260442
25996,25996,UPI,Paid,296040
25997,25997,UPI,Paid,253370
25998,25998,UPI,Paid,107072
25999,25999,Debit Card,Pending,36346
26000,26000,Net Banking,Paid,116397
26001,26001,UPI,Paid,378826
26002,26002,Debit Card,Pending,93852
26003,26003,Credit Card,Paid,189270
26004,26004,UPI,Paid,384980
26005,26005,UPI,Failed,133636
26006,26006,UPI,Paid,181730
26007,26007,Credit Card,Paid,157020
26008,26008,Credit Card,Paid,56839
26009,26009,Debit Card,Paid,30204
26010,26010,Debit Card,Paid,245480
26011,26011,UPI,Failed,270670
26012,26012,Debit Card,Paid,360332
26013,26013,Net Banking,Paid,132520
26014,26014,Cash,Paid,374256
26015,26015,Credit Card,Paid,17730
26016,26016,Net Banking,Paid,133120
26017,26017,Credit Card,Failed,107286
26018,26018,UPI,Failed,217035
26019,26019,Net Banking,Paid,46246
26020,26020,UPI,Paid,40056
26021,26021,UPI,Pending,29152
26022,26022,UPI,Paid,139887
26023,26023,Credit Card,Paid,343350
26024,26024,Net Banking,Paid,170919
26025,26025,Credit Card,Paid,278950
26026,26026,UPI,Paid,190200
26027,26027,UPI,Paid,73251
26028,26028,Credit Card,Paid,353367
26029,26029,UPI,Paid,43412
26030,26030,UPI,Paid,14177
26031,26031,UPI,Paid,237496
26032,26032,UPI,Paid,26181
26033,26033,Credit Card,Paid,555190
26034,26034,UPI,Paid,15148
26035,26035,Cash,Paid,216620
26036,26036,Credit Card,Paid,262402
26037,26037,Credit Card,Paid,403857
26038,26038,UPI,Pending,118416
26039,26039,Debit Card,Paid,201144
26040,26040,UPI,Paid,164064
26041,26041,Credit Card,Paid,469566
26042,26042,Cash,Paid,92640
26043,26043,Credit Card,Pending,36346
26044,26044,UPI,Paid,412750
26045,26045,UPI,Paid,389000
26046,26046,UPI,Paid,118713
26047,26047,Credit Card,Paid,473300
26048,26048,Credit Card,Paid,203484
26049,26049,UPI,Paid,126855
26050,26050,Net Banking,Paid,199728
26051,26051,Net Banking,Paid,170919
26052,26052,Net Banking,Paid,46668
26053,26053,UPI,Paid,59768
26054,26054,UPI,Paid,37580
26055,26055,Credit Card,Paid,88592
26056,26056,UPI,Pending,143556
26057,26057,Debit Card,Paid,179310
26058,26058,Credit Card,Failed,328734
26059,26059,Net Banking,Pending,106480
26060,26060,UPI,Paid,315450
26061,26061,UPI,Paid,60766
26062,26062,Debit Card,Paid,129474
26063,26063,Credit Card,Paid,146670
26064,26064,Net Banking,Paid,58839
26065,26065,Cash,Paid,25169
26066,26066,Credit Card,Paid,61924
26067,26067,Cash,Paid,34910
26068,26068,UPI,Paid,25856
26069,26069,Credit Card,Paid,41560
26070,26070,UPI,Paid,164241
26071,26071,Debit Card,Failed,151750
26072,26072,Credit Card,Pending,80112
26073,26073,Credit Card,Paid,181730
26074,26074,Credit Card,Paid,255801
26075,26075,Credit Card,Paid,92466
26076,26076,Credit Card,Paid,87200
26077,26077,Credit Card,Paid,54333
26078,26078,UPI,Paid,170980
26079,26079,UPI,Failed,81909
26080,26080,Net Banking,Paid,79248
26081,26081,UPI,Paid,29577
26082,26082,UPI,Failed,162282
26083,26083,UPI,Pending,28806
26084,26084,Debit Card,Paid,104680
26085,26085,UPI,Paid,410352
26086,26086,Credit Card,Paid,106380
26087,26087,Credit Card,Paid,289038
26088,26088,Debit Card,Paid,112740
26089,26089,Net Banking,Paid,285750
26090,26090,Cash,Failed,30189
26091,26091,Cash,Paid,346482
26092,26092,Credit Card,Paid,230832
26093,26093,Net Banking,Failed,144496
26094,26094,Debit Card,Paid,78525
26095,26095,Net Banking,Paid,142755
26096,26096,Net Banking,Paid,278658
26097,26097,UPI,Paid,154110
26098,26098,Credit Card,Paid,50823
26099,26099,Credit Card,Paid,93376
26100,26100,Cash,Paid,160929
26101,26101,UPI,Paid,306411
26102,26102,UPI,Failed,212710
26103,26103,Credit Card,Pending,168450
26104,26104,UPI,Paid,337337
26105,26105,Net Banking,Pending,112808
26106,26106,Debit Card,Paid,126702
26107,26107,UPI,Paid,62172
26108,26108,Net Banking,Pending,216355
26109,26109,Net Banking,Paid,370377
26110,26110,Credit Card,Paid,61760
26111,26111,UPI,Pending,203432
26112,26112,Credit Card,Paid,79700
26113,26113,UPI,Pending,79562
26114,26114,UPI,Paid,161208
26115,26115,UPI,Paid,25638
26116,26116,Debit Card,Paid,200312
26117,26117,Credit Card,Paid,109038
26118,26118,Net Banking,Paid,218025
26119,26119,Credit Card,Paid,374283
26120,26120,Credit Card,Paid,103950
26121,26121,Credit Card,Paid,89502
26122,26122,UPI,Pending,165512
26123,26123,UPI,Paid,7076
26124,26124,Credit Card,Paid,185178
26125,26125,Net Banking,Paid,243968
26126,26126,UPI,Paid,296166
26127,26127,Debit Card,Paid,92520
26128,26128,Credit Card,Paid,102520
26129,26129,Credit Card,Paid,55140
26130,26130,Credit Card,Paid,183105
26131,26131,Net Banking,Failed,46852
26132,26132,Credit Card,Paid,54372
26133,26133,Credit Card,Paid,50674
26134,26134,UPI,Paid,155560
26135,26135,UPI,Paid,354270
26136,26136,UPI,Paid,147710
26137,26137,Credit Card,Pending,18573
26138,26138,Net Banking,Paid,98584
26139,26139,UPI,Paid,107301
26140,26140,Cash,Paid,159790
26141,26141,Credit Card,Paid,141840
26142,26142,Debit Card,Paid,450912
26143,26143,Credit Card,Paid,276075
26144,26144,Credit Card,Failed,202968
26145,26145,Credit Card,Failed,87456
26146,26146,Cash,Paid,39263
26147,26147,Credit Card,Paid,242262
26148,26148,Credit Card,Paid,90080
26149,26149,Cash,Paid,208605
26150,26150,Debit Card,Paid,63090
26151,26151,UPI,Paid,62686
26152,26152,UPI,Pending,211688
26153,26153,UPI,Paid,238392
26154,26154,Credit Card,Paid,217035
26155,26155,UPI,Paid,214569
26156,26156,Credit Card,Paid,108472
26157,26157,UPI,Pending,241176
26158,26158,UPI,Pending,55496
26159,26159,UPI,Paid,391432
26160,26160,UPI,Paid,121131
26161,26161,UPI,Failed,93376
26162,26162,UPI,Paid,440208
26163,26163,Cash,Pending,267048
26164,26164,Credit Card,Paid,108084
26165,26165,Debit Card,Failed,137536
26166,26166,UPI,Pending,191016
26167,26167,Net Banking,Paid,518661
26168,26168,UPI,Paid,55467
26169,26169,Cash,Paid,19190
26170,26170,UPI,Paid,88182
26171,26171,UPI,Paid,221480
26172,26172,Debit Card,Paid,96320
26173,26173,Credit Card,Pending,209710
26174,26174,Credit Card,Failed,282114
26175,26175,Debit Card,Paid,105332
26176,26176,Credit Card,Paid,452570
26177,26177,UPI,Paid,79016
26178,26178,UPI,Paid,189950
26179,26179,UPI,Failed,124384
26180,26180,Debit Card,Paid,42456
26181,26181,UPI,Paid,186368
26182,26182,Debit Card,Paid,254256
26183,26183,Debit Card,Paid,225616
26184,26184,UPI,Paid,29524
26185,26185,Credit Card,Paid,257592
26186,26186,UPI,Paid,463284
26187,26187,UPI,Paid,20296
26188,26188,Credit Card,Paid,344792
26189,26189,Credit Card,Paid,73192
26190,26190,UPI,Paid,324792
26191,26191,Credit Card,Paid,46688
26192,26192,UPI,Pending,95868
26193,26193,Credit Card,Failed,34388
26194,26194,Net Banking,Paid,97566
26195,26195,UPI,Paid,179802
26196,26196,Credit Card,Paid,391432
26197,26197,Cash,Failed,114928
26198,26198,Credit Card,Paid,383870
26199,26199,Credit Card,Paid,43400
26200,26200,UPI,Paid,156900
26201,26201,UPI,Paid,145350
26202,26202,Credit Card,Paid,109056
26203,26203,Credit Card,Pending,439720
26204,26204,UPI,Paid,114152
26205,26205,UPI,Failed,142218
26206,26206,UPI,Failed,167924
26207,26207,UPI,Paid,111846
26208,26208,Cash,Paid,77750
26209,26209,Net Banking,Paid,324792
26210,26210,Credit Card,Paid,509310
26211,26211,UPI,Pending,500670
26212,26212,UPI,Pending,293694
26213,26213,UPI,Paid,128421
26214,26214,UPI,Paid,85568
26215,26215,Credit Card,Paid,106480
26216,26216,UPI,Failed,111846
26217,26217,Debit Card,Failed,179492
26218,26218,Debit Card,Paid,44920
26219,26219,Debit Card,Paid,35461
26220,26220,Cash,Failed,145760
26221,26221,Credit Card,Paid,123060
26222,26222,Debit Card,Paid,489348
26223,26223,UPI,Paid,553490
26224,26224,UPI,Paid,141840
26225,26225,Cash,Paid,77924
26226,26226,Credit Card,Failed,463284
26227,26227,Net Banking,Paid,169038
26228,26228,Cash,Paid,383424
26229,26229,UPI,Pending,139494
26230,26230,UPI,Paid,44105
26231,26231,UPI,Paid,23338
26232,26232,UPI,Paid,211419
26233,26233,Credit Card,Failed,204645
26234,26234,UPI,Paid,20296
26235,26235,Net Banking,Failed,143175
26236,26236,UPI,Pending,142377
26237,26237,Credit Card,Paid,173192
26238,26238,UPI,Paid,57570
26239,26239,Credit Card,Pending,236832
26240,26240,Credit Card,Paid,237588
26241,26241,UPI,Paid,545770
26242,26242,Credit Card,Paid,306392
26243,26243,Debit Card,Pending,45040
26244,26244,UPI,Pending,165294
26245,26245,UPI,Pending,27735
26246,26246,UPI,Paid,204600
26247,26247,UPI,Paid,332696
26248,26248,UPI,Paid,531560
26249,26249,UPI,Paid,92640
26250,26250,Debit Card,Pending,16770
26251,26251,Credit Card,Paid,219672
26252,26252,Cash,Pending,130221
26253,26253,UPI,Paid,38900
26254,26254,Cash,Paid,288704
26255,26255,Debit Card,Paid,593970
26256,26256,UPI,Paid,177184
26257,26257,Credit Card,Failed,163752
26258,26258,UPI,Failed,144823
26259,26259,Credit Card,Paid,47535
26260,26260,UPI,Failed,47928
26261,26261,UPI,Paid,173250
26262,26262,Credit Card,Paid,199832
26263,26263,UPI,Failed,88893
26264,26264,UPI,Paid,494442
26265,26265,Debit Card,Paid,408856
26266,26266,UPI,Paid,361062
26267,26267,Credit Card,Paid,10299
26268,26268,Cash,Pending,249480
26269,26269,Debit Card,Paid,185670
26270,26270,Credit Card,Paid,47330
26271,26271,Credit Card,Paid,81184
26272,26272,Credit Card,Paid,361944
26273,26273,Credit Card,Paid,133074
26274,26274,Credit Card,Paid,534573
26275,26275,Debit Card,Paid,139170
26276,26276,Cash,Paid,95170
26277,26277,UPI,Pending,55701
26278,26278,Credit Card,Failed,38528
26279,26279,Credit Card,Failed,87432
26280,26280,Credit Card,Paid,110614
26281,26281,UPI,Paid,7208
26282,26282,Debit Card,Paid,128535
26283,26283,Debit Card,Paid,148818
26284,26284,Cash,Paid,344691
26285,26285,UPI,Pending,253185
26286,26286,Debit Card,Paid,181176
26287,26287,UPI,Paid,44606
26288,26288,UPI,Paid,225384
26289,26289,Cash,Paid,118748
26290,26290,UPI,Paid,131144
26291,26291,Credit Card,Paid,142560
26292,26292,UPI,Failed,133532
26293,26293,UPI,Paid,215048
26294,26294,Debit Card,Paid,46629
26295,26295,UPI,Paid,211169
26296,26296,UPI,Paid,156900
26297,26297,UPI,Paid,123648
26298,26298,Debit Card,Paid,223083
26299,26299,Net Banking,Paid,388856
26300,26300,Net Banking,Paid,85260
26301,26301,Credit Card,Failed,34671
26302,26302,UPI,Paid,195723
26303,26303,Debit Card,Failed,73224
26304,26304,Net Banking,Pending,238880
26305,26305,Credit Card,Paid,327860
26306,26306,UPI,Paid,204792
26307,26307,UPI,Paid,34650
26308,26308,UPI,Paid,215112
26309,26309,UPI,Paid,30288
26310,26310,UPI,Paid,4953
26311,26311,Credit Card,Paid,536670
26312,26312,Credit Card,Paid,545770
26313,26313,Cash,Paid,357651
26314,26314,UPI,Paid,521740
26315,26315,UPI,Paid,50118
26316,26316,Credit Card,Paid,189910
26317,26317,Cash,Paid,308856
26318,26318,Cash,Paid,325913
26319,26319,Debit Card,Paid,302880
26320,26320,Credit Card,Pending,411530
26321,26321,Credit Card,Paid,305312
26322,26322,UPI,Paid,129510
26323,26323,UPI,Paid,65004
26324,26324,Credit Card,Paid,148840
26325,26325,Cash,Paid,55470
26326,26326,Credit Card,Failed,143448
26327,26327,Credit Card,Paid,76098
26328,26328,UPI,Failed,253185
26329,26329,UPI,Paid,371700
26330,26330,Credit Card,Paid,44508
26331,26331,Credit Card,Paid,95528
26332,26332,UPI,Paid,67356
26333,26333,Debit Card,Paid,534573
26334,26334,Credit Card,Paid,77480
26335,26335,Net Banking,Paid,316799
26336,26336,UPI,Paid,345312
26337,26337,Debit Card,Paid,104419
26338,26338,UPI,Paid,58608
26339,26339,Cash,Paid,398664
26340,26340,UPI,Paid,245480
26341,26341,Credit Card,Paid,31343
26342,26342,Credit Card,Failed,171136
26343,26343,Credit Card,Paid,19648
26344,26344,UPI,Paid,167967
26345,26345,UPI,Paid,15802
26346,26346,Net Banking,Failed,128764
26347,26347,UPI,Paid,124360
26348,26348,Cash,Paid,203427
26349,26349,UPI,Paid,49196
26350,26350,UPI,Paid,359820
26351,26351,Credit Card,Paid,91488
26352,26352,Cash,Paid,491256
26353,26353,Credit Card,Failed,18173
26354,26354,Credit Card,Paid,96552
26355,26355,Credit Card,Paid,315963
26356,26356,UPI,Pending,34100
26357,26357,Credit Card,Paid,189836
26358,26358,Debit Card,Paid,35852
26359,26359,Credit Card,Paid,207410
26360,26360,UPI,Paid,92520
26361,26361,UPI,Paid,153321
26362,26362,UPI,Failed,449260
26363,26363,Net Banking,Paid,153170
26364,26364,UPI,Paid,244447
26365,26365,UPI,Paid,27271
26366,26366,UPI,Paid,49361
26367,26367,Credit Card,Paid,65750
26368,26368,Credit Card,Paid,88781
26369,26369,Debit Card,Paid,63424
26370,26370,Credit Card,Paid,26093
26371,26371,UPI,Pending,299286
26372,26372,Cash,Pending,60408
26373,26373,Net Banking,Failed,143175
26374,26374,Debit Card,Paid,89397
26375,26375,UPI,Paid,452574
26376,26376,Debit Card,Paid,123476
26377,26377,Credit Card,Paid,48004
26378,26378,Cash,Paid,74340
26379,26379,UPI,Paid,226521
26380,26380,Debit Card,Paid,168970
26381,26381,Credit Card,Paid,93906
26382,26382,Net Banking,Paid,17655
26383,26383,Credit Card,Paid,9818
26384,26384,Debit Card,Paid,200120
26385,26385,Credit Card,Paid,92436
26386,26386,Credit Card,Paid,429525
26387,26387,Debit Card,Paid,287892
26388,26388,UPI,Paid,202548
26389,26389,Debit Card,Failed,320192
26390,26390,Cash,Paid,96786
26391,26391,UPI,Paid,406584
26392,26392,Net Banking,Paid,82942
26393,26393,Cash,Paid,111900
26394,26394,Credit Card,Paid,107178
26395,26395,UPI,Pending,67380
26396,26396,Cash,Paid,479820
26397,26397,Credit Card,Paid,93704
26398,26398,Credit Card,Paid,184110
26399,26399,UPI,Paid,9826
26400,26400,Credit Card,Paid,472860
26401,26401,UPI,Paid,49361
26402,26402,Debit Card,Paid,56404
26403,26403,Cash,Paid,170520
26404,26404,UPI,Pending,376432
26405,26405,UPI,Paid,293394
26406,26406,UPI,Paid,208116
26407,26407,Debit Card,Paid,136875
26408,26408,Cash,Paid,179310
26409,26409,Credit Card,Paid,47406
26410,26410,Net Banking,Pending,119205
26411,26411,UPI,Paid,31956
26412,26412,Net Banking,Paid,211555
26413,26413,UPI,Pending,33629
26414,26414,UPI,Pending,196784
26415,26415,Debit Card,Paid,99056
26416,26416,UPI,Paid,236187
26417,26417,Cash,Paid,219401
26418,26418,UPI,Pending,15845
26419,26419,UPI,Paid,134330
26420,26420,Debit Card,Paid,96008
26421,26421,Cash,Paid,194841
26422,26422,Credit Card,Paid,261696
26423,26423,UPI,Paid,239640
26424,26424,Debit Card,Pending,106496
26425,26425,UPI,Paid,63912
26426,26426,UPI,Paid,31280
26427,26427,UPI,Failed,37990
26428,26428,Credit Card,Paid,124384
26429,26429,Cash,Paid,165294
26430,26430,Credit Card,Paid,452720
26431,26431,Credit Card,Paid,154960
26432,26432,UPI,Paid,56284
26433,26433,Debit Card,Paid,245072
26434,26434,Credit Card,Pending,187928
26435,26435,Credit Card,Paid,10068
26436,26436,Credit Card,Paid,89808
26437,26437,UPI,Paid,209448
26438,26438,Cash,Paid,374283
26439,26439,UPI,Paid,77180
26440,26440,Debit Card,Paid,104763
26441,26441,Cash,Paid,140556
26442,26442,Net Banking,Paid,50315
26443,26443,Credit Card,Paid,299888
26444,26444,UPI,Paid,403110
26445,26445,UPI,Paid,87940
26446,26446,Credit Card,Paid,142940
26447,26447,Debit Card,Pending,262402
26448,26448,Net Banking,Paid,112917
26449,26449,UPI,Paid,342293
26450,26450,UPI,Paid,391432
26451,26451,Cash,Failed,202816
26452,26452,UPI,Paid,246576
26453,26453,Credit Card,Paid,255465
26454,26454,Credit Card,Paid,287568
26455,26455,UPI,Failed,65286
26456,26456,Credit Card,Pending,267048
26457,26457,UPI,Paid,40479
26458,26458,UPI,Paid,256835
26459,26459,UPI,Paid,90612
26460,26460,UPI,Paid,216734
26461,26461,Credit Card,Paid,162354
26462,26462,Debit Card,Pending,357670
26463,26463,Credit Card,Paid,100887
26464,26464,UPI,Paid,301716
26465,26465,UPI,Failed,163215
26466,26466,Credit Card,Paid,18176
26467,26467,Debit Card,Paid,19880
26468,26468,Credit Card,Paid,23001
26469,26469,Credit Card,Paid,89826
26470,26470,Credit Card,Paid,105332
26471,26471,Net Banking,Paid,398430
26472,26472,Debit Card,Paid,25932
26473,26473,Debit Card,Paid,37580
26474,26474,UPI,Paid,233400
26475,26475,UPI,Pending,327504
26476,26476,Cash,Paid,199215
26477,26477,UPI,Paid,310491
26478,26478,UPI,Paid,130320
26479,26479,Cash,Paid,129430
26480,26480,UPI,Paid,214225
26481,26481,Debit Card,Paid,38105
26482,26482,Debit Card,Paid,24259
26483,26483,UPI,Paid,131215
26484,26484,UPI,Paid,104730
26485,26485,Credit Card,Paid,244984
26486,26486,Debit Card,Paid,154200
26487,26487,Cash,Paid,91018
26488,26488,UPI,Paid,403403
26489,26489,Credit Card,Paid,559940
26490,26490,Credit Card,Paid,88002
26491,26491,Net Banking,Paid,110668
26492,26492,UPI,Paid,302880
26493,26493,UPI,Paid,379085
26494,26494,UPI,Pending,442764
26495,26495,Net Banking,Paid,120906
26496,26496,Cash,Paid,227925
26497,26497,Cash,Paid,296465
26498,26498,Credit Card,Paid,107286
26499,26499,Cash,Paid,173976
26500,26500,Cash,Paid,288024
26501,26501,Cash,Paid,128352
26502,26502,Debit Card,Paid,536670
26503,26503,Net Banking,Paid,225448
26504,26504,Net Banking,Paid,184572
26505,26505,Debit Card,Paid,51476
26506,26506,Credit Card,Paid,306750
26507,26507,UPI,Paid,32626
26508,26508,UPI,Paid,321910
26509,26509,Net Banking,Failed,21392
26510,26510,Debit Card,Paid,93025
26511,26511,UPI,Paid,337337
26512,26512,Credit Card,Paid,70922
26513,26513,Debit Card,Paid,104040
26514,26514,Credit Card,Paid,203292
26515,26515,UPI,Paid,215112
26516,26516,Credit Card,Paid,58668
26517,26517,Credit Card,Paid,140905
26518,26518,Credit Card,Paid,206668
26519,26519,UPI,Paid,288060
26520,26520,Net Banking,Paid,149170
26521,26521,Credit Card,Paid,52804
26522,26522,UPI,Paid,319095
26523,26523,Credit Card,Paid,142560
26524,26524,Debit Card,Pending,417321
26525,26525,Debit Card,Paid,20508
26526,26526,Credit Card,Paid,329454
26527,26527,Debit Card,Paid,277308
26528,26528,Net Banking,Failed,266670
26529,26529,Credit Card,Paid,214068
26530,26530,Cash,Paid,77301
26531,26531,UPI,Failed,202696
26532,26532,UPI,Paid,155430
26533,26533,UPI,Paid,62667
26534,26534,UPI,Paid,214569
26535,26535,UPI,Paid,312120
26536,26536,UPI,Paid,5195
26537,26537,UPI,Paid,430920
26538,26538,Credit Card,Paid,224365
26539,26539,UPI,Paid,30204
26540,26540,UPI,Paid,381680
26541,26541,UPI,Paid,16740
26542,26542,UPI,Paid,26509
26543,26543,UPI,Paid,408440
26544,26544,Credit Card,Failed,295074
26545,26545,UPI,Paid,41751
26546,26546,UPI,Failed,216490
26547,26547,Debit Card,Paid,77750
26548,26548,UPI,Paid,105616
26549,26549,UPI,Paid,201188
26550,26550,Cash,Paid,46559
26551,26551,UPI,Paid,213920
26552,26552,Debit Card,Paid,213689
26553,26553,Debit Card,Paid,297360
26554,26554,Net Banking,Paid,470510
26555,26555,UPI,Paid,101348
26556,26556,UPI,Paid,50732
26557,26557,UPI,Paid,62180
26558,26558,Debit Card,Paid,253629
26559,26559,UPI,Paid,156904
26560,26560,Credit Card,Paid,112808
26561,26561,Cash,Paid,192492
26562,26562,UPI,Paid,290465
26563,26563,UPI,Paid,222588
26564,26564,Credit Card,Paid,358620
26565,26565,UPI,Pending,204372
26566,26566,Net Banking,Paid,201774
26567,26567,Net Banking,Pending,198424
26568,26568,UPI,Pending,379085
26569,26569,UPI,Failed,140905
26570,26570,Debit Card,Paid,115104
26571,26571,Net Banking,Pending,117130
26572,26572,Cash,Paid,76210
26573,26573,Credit Card,Paid,160006
26574,26574,UPI,Paid,200472
26575,26575,Cash,Paid,214992
26576,26576,Credit Card,Paid,53347
26577,26577,Cash,Paid,301693
26578,26578,Cash,Paid,250964
26579,26579,Debit Card,Paid,57184
26580,26580,Credit Card,Paid,185850
26581,26581,UPI,Paid,304128
26582,26582,UPI,Pending,23769
26583,26583,Cash,Paid,108236
26584,26584,Credit Card,Paid,163100
26585,26585,Debit Card,Pending,366210
26586,26586,Credit Card,Paid,47792
26587,26587,Credit Card,Paid,226457
26588,26588,Credit Card,Failed,30444
26589,26589,UPI,Pending,54606
26590,26590,Debit Card,Paid,72064
26591,26591,Credit Card,Paid,102214
26592,26592,UPI,Paid,266200
26593,26593,Credit Card,Paid,269032
26594,26594,Net Banking,Paid,514350
26595,26595,UPI,Paid,165512
26596,26596,UPI,Paid,248030
26597,26597,Credit Card,Paid,36124
26598,26598,Credit Card,Paid,352002
26599,26599,UPI,Paid,161208
26600,26600,UPI,Paid,12988
26601,26601,Net Banking,Paid,405504
26602,26602,UPI,Paid,474344
26603,26603,UPI,Paid,80604
26604,26604,Cash,Paid,152268
26605,26605,UPI,Pending,174864
26606,26606,UPI,Pending,6900
26607,26607,Debit Card,Failed,42364
26608,26608,Credit Card,Paid,46962
26609,26609,UPI,Paid,277398
26610,26610,UPI,Paid,18380
26611,26611,Credit Card,Paid,155560
26612,26612,UPI,Pending,58624
26613,26613,Credit Card,Paid,35862
26614,26614,UPI,Paid,30618
26615,26615,Credit Card,Paid,18111
26616,26616,Credit Card,Paid,50704
26617,26617,UPI,Paid,40775
26618,26618,Debit Card,Paid,430920
26619,26619,Debit Card,Paid,39760
26620,26620,Credit Card,Pending,111188
26621,26621,UPI,Paid,107586
26622,26622,Credit Card,Paid,146970
26623,26623,Debit Card,Failed,282300
26624,26624,Debit Card,Paid,10591
26625,26625,Cash,Paid,414710
26626,26626,Net Banking,Pending,239910
26627,26627,Credit Card,Paid,25648
26628,26628,Credit Card,Paid,277040
26629,26629,Credit Card,Paid,24259
26630,26630,UPI,Paid,332720
26631,26631,UPI,Paid,280750
26632,26632,UPI,Paid,288732
26633,26633,Cash,Paid,20971
26634,26634,UPI,Pending,12819
26635,26635,Cash,Paid,25931
26636,26636,Credit Card,Failed,202440
26637,26637,Net Banking,Pending,442090
26638,26638,Credit Card,Paid,70518
26639,26639,Debit Card,Paid,253050
26640,26640,UPI,Paid,537620
26641,26641,Debit Card,Paid,59264
26642,26642,Debit Card,Paid,110958
26643,26643,Debit Card,Paid,76670
26644,26644,Credit Card,Paid,90612
26645,26645,UPI,Paid,100572
26646,26646,Credit Card,Paid,154345
26647,26647,Credit Card,Paid,19698
26648,26648,Cash,Paid,314104
26649,26649,Debit Card,Paid,45294
26650,26650,UPI,Paid,143802
26651,26651,Cash,Paid,160472
26652,26652,Debit Card,Paid,324210
26653,26653,UPI,Paid,144172
26654,26654,Credit Card,Paid,249746
26655,26655,UPI,Paid,344372
26656,26656,Debit Card,Paid,293472
26657,26657,Credit Card,Paid,8725
26658,26658,UPI,Paid,332094
26659,26659,UPI,Pending,597680
26660,26660,Credit Card,Paid,186344
26661,26661,UPI,Failed,488124
26662,26662,Debit Card,Failed,393957
26663,26663,Net Banking,Paid,63536
26664,26664,Debit Card,Paid,49606
26665,26665,Credit Card,Paid,138520
26666,26666,Debit Card,Paid,503901
26667,26667,UPI,Paid,213145
26668,26668,UPI,Paid,192227
26669,26669,UPI,Paid,143660
26670,26670,Cash,Pending,43271
26671,26671,Credit Card,Pending,423486
26672,26672,Debit Card,Paid,89852
26673,26673,UPI,Pending,358984
26674,26674,UPI,Paid,58944
26675,26675,Net Banking,Paid,201885
26676,26676,Debit Card,Paid,354459
26677,26677,UPI,Paid,163557
26678,26678,UPI,Paid,79374
26679,26679,Credit Card,Paid,81141
26680,26680,Credit Card,Paid,169876
26681,26681,Credit Card,Paid,70014
26682,26682,Credit Card,Paid,46879
26683,26683,Credit Card,Paid,49716
26684,26684,Credit Card,Paid,232904
26685,26685,UPI,Paid,127841
26686,26686,UPI,Paid,315963
26687,26687,Credit Card,Paid,345360
26688,26688,UPI,Paid,61524
26689,26689,Credit Card,Paid,30822
26690,26690,Cash,Paid,54789
26691,26691,UPI,Paid,172836
26692,26692,Debit Card,Failed,46059
26693,26693,Credit Card,Paid,382878
26694,26694,Credit Card,Paid,92025
26695,26695,UPI,Failed,305226
26696,26696,UPI,Paid,121437
26697,26697,Cash,Paid,253818
26698,26698,UPI,Pending,87420
26699,26699,Credit Card,Paid,224720
26700,26700,Credit Card,Paid,40479
26701,26701,Credit Card,Paid,385528
26702,26702,UPI,Paid,315450
26703,26703,Net Banking,Paid,46982
26704,26704,Debit Card,Paid,343640
26705,26705,Net Banking,Paid,39760
26706,26706,Debit Card,Paid,181524
26707,26707,Credit Card,Paid,87240
26708,26708,UPI,Paid,98928
26709,26709,Net Banking,Paid,97120
26710,26710,Credit Card,Paid,243968
26711,26711,Net Banking,Paid,534560
26712,26712,UPI,Paid,174330
26713,26713,Credit Card,Paid,119768
26714,26714,Credit Card,Paid,271764
26715,26715,UPI,Paid,117303
26716,26716,Net Banking,Paid,184050
26717,26717,Credit Card,Failed,376400
26718,26718,UPI,Paid,44920
26719,26719,Credit Card,Paid,199215
26720,26720,Credit Card,Paid,51107
26721,26721,UPI,Paid,147876
26722,26722,Net Banking,Paid,49958
26723,26723,UPI,Failed,153170
26724,26724,Cash,Paid,319149
26725,26725,Net Banking,Paid,16702
26726,26726,Credit Card,Paid,279864
26727,26727,Credit Card,Paid,228224
26728,26728,Debit Card,Failed,153472
26729,26729,Debit Card,Paid,285908
26730,26730,Debit Card,Paid,23888
26731,26731,Debit Card,Paid,182298
26732,26732,Credit Card,Paid,258552
26733,26733,UPI,Paid,516537
26734,26734,UPI,Pending,158704
26735,26735,UPI,Paid,178122
26736,26736,Cash,Paid,297374
26737,26737,UPI,Paid,35278
26738,26738,UPI,Paid,33272
26739,26739,UPI,Failed,23888
26740,26740,UPI,Paid,51294
26741,26741,UPI,Paid,191840
26742,26742,Credit Card,Paid,134778
26743,26743,Credit Card,Paid,99762
26744,26744,Debit Card,Paid,89746
26745,26745,Credit Card,Pending,52916
26746,26746,UPI,Paid,383870
26747,26747,Credit Card,Paid,153006
26748,26748,Credit Card,Paid,19718
26749,26749,Debit Card,Failed,343512
26750,26750,Cash,Paid,65360
26751,26751,Debit Card,Paid,106952
26752,26752,Cash,Failed,121730
26753,26753,UPI,Paid,148020
26754,26754,UPI,Paid,203484
26755,26755,UPI,Failed,126258
26756,26756,Debit Card,Paid,239616
26757,26757,Debit Card,Paid,221212
26758,26758,Debit Card,Paid,39624
26759,26759,Net Banking,Paid,74585
26760,26760,Net Banking,Paid,88778
26761,26761,Cash,Paid,463284
26762,26762,Debit Card,Paid,115161
26763,26763,UPI,Paid,247296
26764,26764,UPI,Paid,359345
26765,26765,UPI,Paid,283395
26766,26766,Net Banking,Paid,34104
26767,26767,UPI,Paid,78729
26768,26768,Credit Card,Paid,87250
26769,26769,Cash,Pending,60334
26770,26770,Credit Card,Paid,450603
26771,26771,UPI,Paid,160770
26772,26772,Debit Card,Paid,534573
26773,26773,Cash,Paid,91432
26774,26774,Credit Card,Paid,145752
26775,26775,Debit Card,Paid,166047
26776,26776,Credit Card,Paid,185364
26777,26777,UPI,Pending,81141
26778,26778,Credit Card,Paid,26170
26779,26779,Net Banking,Paid,99176
26780,26780,Net Banking,Paid,28202
26781,26781,Credit Card,Paid,357084
26782,26782,Cash,Paid,101480
26783,26783,Cash,Failed,439504
26784,26784,UPI,Paid,185670
26785,26785,Debit Card,Paid,220815
26786,26786,Cash,Paid,155136
26787,26787,Debit Card,Paid,78506
26788,26788,UPI,Paid,34720
26789,26789,Cash,Paid,154112
26790,26790,UPI,Paid,149024
26791,26791,Credit Card,Paid,190335
26792,26792,Debit Card,Paid,318248
26793,26793,Debit Card,Failed,169575
26794,26794,UPI,Paid,55701
26795,26795,Debit Card,Paid,106520
26796,26796,UPI,Paid,138177
26797,26797,UPI,Paid,240020
26798,26798,Debit Card,Paid,7574
26799,26799,Cash,Paid,29645
26800,26800,Net Banking,Paid,184872
26801,26801,Cash,Paid,235518
26802,26802,Credit Card,Paid,102592
26803,26803,UPI,Paid,194428
26804,26804,UPI,Paid,423486
26805,26805,UPI,Paid,470510
26806,26806,Credit Card,Paid,123060
26807,26807,Cash,Paid,187430
26808,26808,UPI,Paid,263820
26809,26809,Debit Card,Paid,107301
26810,26810,UPI,Paid,405096
26811,26811,Cash,Paid,297360
26812,26812,Credit Card,Paid,268093
26813,26813,UPI,Paid,30880
26814,26814,UPI,Paid,231090
26815,26815,UPI,Pending,231845
26816,26816,UPI,Paid,125520
26817,26817,Debit Card,Paid,273054
26818,26818,UPI,Paid,80112
26819,26819,UPI,Paid,60294
26820,26820,UPI,Paid,535900
26821,26821,Credit Card,Pending,233910
26822,26822,UPI,Paid,146847
26823,26823,Cash,Paid,280826
26824,26824,Credit Card,Paid,62067
26825,26825,UPI,Paid,115224
26826,26826,Net Banking,Paid,293394
26827,26827,Credit Card,Paid,317532
26828,26828,Debit Card,Paid,219798
26829,26829,Debit Card,Paid,276997
26830,26830,Debit Card,Paid,291109
26831,26831,Net Banking,Paid,55479
26832,26832,Net Banking,Paid,93906
26833,26833,Credit Card,Paid,296166
26834,26834,UPI,Paid,473630
26835,26835,Cash,Paid,88418
26836,26836,Credit Card,Failed,379900
26837,26837,Credit Card,Paid,96320
26838,26838,UPI,Paid,479820
26839,26839,Credit Card,Paid,59084
26840,26840,UPI,Pending,207088
26841,26841,Credit Card,Paid,92865
26842,26842,Credit Card,Paid,48844
26843,26843,UPI,Paid,145608
26844,26844,Debit Card,Pending,62200
26845,26845,Net Banking,Paid,22994
26846,26846,Credit Card,Paid,228402
26847,26847,Credit Card,Paid,83878
26848,26848,UPI,Pending,286965
26849,26849,Credit Card,Paid,461032
26850,26850,Cash,Failed,55470
26851,26851,UPI,Paid,463878
26852,26852,UPI,Paid,243968
26853,26853,Credit Card,Paid,127841
26854,26854,Debit Card,Paid,86988
26855,26855,UPI,Paid,61268
26856,26856,UPI,Paid,51476
26857,26857,UPI,Paid,356097
26858,26858,Credit Card,Paid,77961
26859,26859,Cash,Paid,137552
26860,26860,Credit Card,Paid,127944
26861,26861,UPI,Paid,148392
26862,26862,Credit Card,Paid,326232
26863,26863,UPI,Paid,166401
26864,26864,Net Banking,Paid,322752
26865,26865,Debit Card,Paid,17578
26866,26866,Net Banking,Paid,27834
26867,26867,UPI,Paid,127232
26868,26868,Debit Card,Paid,288024
26869,26869,Credit Card,Paid,91976
26870,26870,UPI,Paid,69820
26871,26871,Net Banking,Paid,252810
26872,26872,Credit Card,Pending,39980
26873,26873,Debit Card,Paid,433240
26874,26874,UPI,Paid,213824
26875,26875,UPI,Paid,51974
26876,26876,Credit Card,Paid,194075
26877,26877,Debit Card,Paid,87936
26878,26878,Credit Card,Paid,297374
26879,26879,UPI,Paid,39100
26880,26880,Cash,Paid,22264
26881,26881,Net Banking,Paid,140346
26882,26882,Debit Card,Pending,184926
26883,26883,UPI,Paid,309620
26884,26884,UPI,Paid,95954
26885,26885,Net Banking,Paid,139640
26886,26886,Debit Card,Paid,28616
26887,26887,UPI,Paid,179304
26888,26888,Credit Card,Pending,206168
26889,26889,Credit Card,Pending,106632
26890,26890,Credit Card,Pending,294300
26891,26891,Net Banking,Paid,171450
26892,26892,Debit Card,Paid,177597
26893,26893,Cash,Paid,351909
26894,26894,UPI,Pending,211029
26895,26895,UPI,Paid,70920
26896,26896,Credit Card,Paid,43424
26897,26897,Cash,Failed,335934
26898,26898,UPI,Paid,471258
26899,26899,Credit Card,Paid,31280
26900,26900,UPI,Paid,121400
26901,26901,Credit Card,Paid,322413
26902,26902,Credit Card,Paid,89061
26903,26903,Cash,Paid,19718
26904,26904,Credit Card,Paid,437463
26905,26905,Credit Card,Paid,17655
26906,26906,UPI,Paid,390663
26907,26907,UPI,Paid,224574
26908,26908,UPI,Paid,59884
26909,26909,Credit Card,Pending,25169
26910,26910,Credit Card,Paid,104058
26911,26911,Credit Card,Paid,140598
26912,26912,UPI,Paid,225531
26913,26913,UPI,Paid,137996
26914,26914,Credit Card,Paid,137080
26915,26915,UPI,Paid,433240
26916,26916,UPI,Paid,32470
26917,26917,Credit Card,Paid,48536
26918,26918,Credit Card,Pending,101946
26919,26919,Credit Card,Paid,154315
26920,26920,Credit Card,Paid,184226
26921,26921,Debit Card,Pending,481730
26922,26922,Credit Card,Paid,59260
26923,26923,UPI,Paid,410936
26924,26924,Credit Card,Pending,44606
26925,26925,UPI,Paid,262402
26926,26926,Cash,Paid,41472
26927,26927,UPI,Paid,232570
26928,26928,UPI,Paid,125817
26929,26929,UPI,Paid,135176
26930,26930,UPI,Paid,234395
26931,26931,UPI,Paid,106380
26932,26932,UPI,Paid,87690
26933,26933,Net Banking,Pending,18605
26934,26934,Debit Card,Paid,50704
26935,26935,Debit Card,Paid,77780
26936,26936,UPI,Paid,206059
26937,26937,UPI,Paid,18298
26938,26938,Net Banking,Paid,41981
26939,26939,Credit Card,Paid,43099
26940,26940,Net Banking,Failed,200472
26941,26941,Cash,Paid,122492
26942,26942,UPI,Paid,316799
26943,26943,UPI,Paid,98100
26944,26944,UPI,Failed,344372
26945,26945,UPI,Paid,15525
26946,26946,Credit Card,Paid,244560
26947,26947,UPI,Paid,531560
26948,26948,Net Banking,Failed,74196
26949,26949,Credit Card,Paid,96573
26950,26950,UPI,Paid,89502
26951,26951,Credit Card,Paid,223640
26952,26952,UPI,Failed,385100
26953,26953,UPI,Paid,308720
26954,26954,Credit Card,Paid,79374
26955,26955,Credit Card,Paid,268576
26956,26956,Credit Card,Paid,34100
26957,26957,Cash,Paid,354610
26958,26958,Debit Card,Paid,11713
26959,26959,Credit Card,Paid,102100
26960,26960,Cash,Paid,74292
26961,26961,Credit Card,Paid,51772
26962,26962,UPI,Paid,264630
26963,26963,UPI,Paid,432184
26964,26964,UPI,Failed,230322
26965,26965,Cash,Paid,122740
26966,26966,UPI,Paid,29631
26967,26967,UPI,Paid,286136
26968,26968,Debit Card,Paid,34104
26969,26969,Credit Card,Paid,102429
26970,26970,Credit Card,Paid,308220
26971,26971,Credit Card,Failed,154400
26972,26972,Credit Card,Paid,29613
26973,26973,Debit Card,Paid,97824
26974,26974,Debit Card,Paid,464000
26975,26975,UPI,Paid,118818
26976,26976,UPI,Failed,69585
26977,26977,Debit Card,Paid,68943
26978,26978,UPI,Paid,155260
26979,26979,UPI,Paid,254952
26980,26980,Credit Card,Paid,87408
26981,26981,Credit Card,Paid,335964
26982,26982,Credit Card,Paid,189329
26983,26983,UPI,Paid,226255
26984,26984,UPI,Paid,203875
26985,26985,Cash,Paid,117455
26986,26986,Credit Card,Paid,70320
26987,26987,Credit Card,Paid,73670
26988,26988,Credit Card,Paid,421668
26989,26989,UPI,Paid,14727
26990,26990,UPI,Paid,374283
26991,26991,Net Banking,Paid,322752
26992,26992,Net Banking,Paid,311850
26993,26993,Debit Card,Paid,209241
26994,26994,UPI,Paid,329628
26995,26995,Cash,Paid,506880
26996,26996,Debit Card,Paid,96752
26997,26997,Debit Card,Paid,32199
26998,26998,Debit Card,Paid,134253
26999,26999,Debit Card,Paid,88413
27000,27000,UPI,Paid,42531
27001,27001,UPI,Paid,93758
27002,27002,UPI,Paid,28665
27003,27003,Debit Card,Paid,82311
27004,27004,Debit Card,Paid,16702
27005,27005,UPI,Paid,274690
27006,27006,UPI,Paid,270470
27007,27007,Debit Card,Paid,218424
27008,27008,UPI,Paid,184932
27009,27009,UPI,Paid,332094
27010,27010,UPI,Paid,64113
27011,27011,Net Banking,Paid,139950
27012,27012,Net Banking,Paid,32986
27013,27013,Debit Card,Paid,80504
27014,27014,UPI,Paid,91854
27015,27015,Credit Card,Paid,235566
27016,27016,UPI,Paid,206328
27017,27017,UPI,Paid,274743
27018,27018,Debit Card,Paid,259254
27019,27019,UPI,Paid,210897
27020,27020,UPI,Paid,445080
27021,27021,Credit Card,Failed,285750
27022,27022,UPI,Paid,46668
27023,27023,Credit Card,Paid,159920
27024,27024,Debit Card,Paid,159468
27025,27025,UPI,Paid,59640
27026,27026,Credit Card,Paid,353367
27027,27027,Credit Card,Paid,82944
27028,27028,Net Banking,Paid,177597
27029,27029,UPI,Paid,287568
27030,27030,Net Banking,Paid,126180
27031,27031,Debit Card,Paid,147588
27032,27032,Debit Card,Failed,47928
27033,27033,UPI,Paid,49120
27034,27034,Net Banking,Paid,42482
27035,27035,UPI,Failed,349191
27036,27036,UPI,Pending,114464
27037,27037,Credit Card,Paid,196265
27038,27038,UPI,Paid,210159
27039,27039,UPI,Paid,329728
27040,27040,UPI,Paid,87275
27041,27041,Credit Card,Paid,373455
27042,27042,UPI,Paid,329628
27043,27043,Credit Card,Paid,15585
27044,27044,Debit Card,Failed,91930
27045,27045,UPI,Paid,63994
27046,27046,Net Banking,Paid,490500
27047,27047,Cash,Paid,46782
27048,27048,Credit Card,Paid,106912
27049,27049,Debit Card,Pending,266469
27050,27050,Credit Card,Paid,228861
27051,27051,UPI,Failed,108560
27052,27052,UPI,Paid,26367
27053,27053,UPI,Paid,423376
27054,27054,UPI,Pending,153115
27055,27055,Credit Card,Paid,54528
27056,27056,Cash,Paid,225337
27057,27057,UPI,Pending,36606
27058,27058,Debit Card,Paid,106884
27059,27059,Debit Card,Paid,183162
27060,27060,UPI,Paid,150354
27061,27061,Cash,Pending,418770
27062,27062,UPI,Paid,30962
27063,27063,Credit Card,Paid,44389
27064,27064,Debit Card,Paid,403440
27065,27065,Credit Card,Pending,56905
27066,27066,UPI,Paid,463690
27067,27067,Credit Card,Paid,138960
27068,27068,Credit Card,Paid,36124
27069,27069,Credit Card,Paid,373455
27070,27070,Net Banking,Pending,80504
27071,27071,UPI,Paid,50456
27072,27072,Net Banking,Failed,26243
27073,27073,UPI,Pending,201642
27074,27074,Cash,Failed,261008
27075,27075,UPI,Paid,221212
27076,27076,UPI,Paid,129655
27077,27077,UPI,Paid,426290
27078,27078,Credit Card,Paid,69139
27079,27079,UPI,Paid,228382
27080,27080,UPI,Paid,191214
27081,27081,Debit Card,Paid,86316
27082,27082,UPI,Paid,194841
27083,27083,Credit Card,Paid,102393
27084,27084,UPI,Paid,66544
27085,27085,UPI,Paid,261600
27086,27086,Net Banking,Pending,46559
27087,27087,UPI,Pending,70152
27088,27088,UPI,Failed,316799
27089,27089,Cash,Paid,441050
27090,27090,UPI,Paid,201080
27091,27091,Debit Card,Paid,256480
27092,27092,Credit Card,Paid,127841
27093,27093,Net Banking,Paid,195716
27094,27094,Net Banking,Paid,132576
27095,27095,Cash,Paid,194336
27096,27096,UPI,Paid,72444
27097,27097,UPI,Paid,107301
27098,27098,UPI,Paid,184226
27099,27099,Debit Card,Paid,321858
27100,27100,Net Banking,Paid,29080
27101,27101,UPI,Paid,453304
27102,27102,UPI,Paid,18605
27103,27103,UPI,Failed,112568
27104,27104,Debit Card,Paid,78506
27105,27105,Credit Card,Paid,145384
27106,27106,UPI,Failed,147620
27107,27107,Debit Card,Failed,106952
27108,27108,Credit Card,Paid,291400
27109,27109,UPI,Paid,124110
27110,27110,Credit Card,Paid,126760
27111,27111,Debit Card,Failed,157458
27112,27112,UPI,Paid,144888
27113,27113,Net Banking,Paid,244447
27114,27114,Credit Card,Paid,15545
27115,27115,Cash,Paid,242910
27116,27116,Net Banking,Failed,80048
27117,27117,Credit Card,Failed,180882
27118,27118,Debit Card,Pending,235768
27119,27119,Net Banking,Paid,494442
27120,27120,Credit Card,Paid,137456
27121,27121,Credit Card,Paid,163130
27122,27122,Credit Card,Paid,306392
27123,27123,Debit Card,Paid,164612
27124,27124,Debit Card,Paid,486207
27125,27125,Debit Card,Paid,55701
27126,27126,UPI,Paid,26318
27127,27127,Credit Card,Paid,262260
27128,27128,Credit Card,Paid,459650
27129,27129,Net Banking,Paid,125826
27130,27130,Credit Card,Paid,173976
27131,27131,Debit Card,Paid,139170
27132,27132,Cash,Paid,125253
27133,27133,Credit Card,Paid,27834
27134,27134,Cash,Paid,45412
27135,27135,UPI,Pending,257380
27136,27136,UPI,Paid,475176
27137,27137,Credit Card,Paid,25976
27138,27138,UPI,Paid,56590
27139,27139,Credit Card,Paid,30618
27140,27140,Credit Card,Paid,81550
27141,27141,Credit Card,Failed,196784
27142,27142,UPI,Paid,242262
27143,27143,UPI,Paid,264180
27144,27144,UPI,Pending,88731
27145,27145,Credit Card,Failed,219672
27146,27146,UPI,Paid,81909
27147,27147,Credit Card,Paid,176622
27148,27148,Net Banking,Paid,111438
27149,27149,Debit Card,Paid,53442
27150,27150,Debit Card,Paid,101070
27151,27151,Debit Card,Paid,56104
27152,27152,Credit Card,Paid,400572
27153,27153,Credit Card,Paid,200590
27154,27154,Credit Card,Failed,111326
27155,27155,UPI,Pending,214068
27156,27156,Net Banking,Paid,258808
27157,27157,Credit Card,Paid,79700
27158,27158,Debit Card,Paid,229008
27159,27159,Credit Card,Paid,175535
27160,27160,UPI,Paid,91488
27161,27161,UPI,Paid,180620
27162,27162,UPI,Failed,78900
27163,27163,Cash,Paid,90567
27164,27164,Credit Card,Paid,87200
27165,27165,Debit Card,Paid,44380
27166,27166,Cash,Failed,17455
27167,27167,UPI,Paid,238410
27168,27168,Credit Card,Paid,54576
27169,27169,Credit Card,Paid,147270
27170,27170,UPI,Paid,555190
27171,27171,Net Banking,Pending,189910
27172,27172,UPI,Paid,104372
27173,27173,Cash,Paid,34908
27174,27174,Debit Card,Paid,512940
27175,27175,Debit Card,Failed,34910
27176,27176,Cash,Paid,16077
27177,27177,Debit Card,Pending,37256
27178,27178,UPI,Paid,395710
27179,27179,Debit Card,Paid,450603
27180,27180,Net Banking,Paid,239580
27181,27181,Cash,Paid,282020
27182,27182,Debit Card,Paid,76598
27183,27183,Cash,Paid,78592
27184,27184,UPI,Paid,23803
27185,27185,Credit Card,Paid,117303
27186,27186,Cash,Paid,133167
27187,27187,Debit Card,Paid,102810
27188,27188,UPI,Paid,40377
27189,27189,UPI,Paid,288071
27190,27190,Cash,Paid,44873
27191,27191,Credit Card,Paid,12285
27192,27192,Credit Card,Paid,97384
27193,27193,Credit Card,Paid,95856
27194,27194,UPI,Paid,101716
27195,27195,Debit Card,Failed,383661
27196,27196,UPI,Paid,205224
27197,27197,Debit Card,Paid,112300
27198,27198,UPI,Pending,70885
27199,27199,UPI,Paid,172495
27200,27200,Net Banking,Pending,147340
27201,27201,UPI,Paid,404677
27202,27202,UPI,Paid,95584
27203,27203,Cash,Paid,27047
27204,27204,UPI,Paid,293300
27205,27205,Credit Card,Paid,227502
27206,27206,Credit Card,Paid,215064
27207,27207,Debit Card,Paid,101480
27208,27208,Credit Card,Paid,195723
27209,27209,Credit Card,Failed,86988
27210,27210,UPI,Paid,240865
27211,27211,Credit Card,Paid,345483
27212,27212,Credit Card,Paid,171380
27213,27213,Debit Card,Paid,299592
27214,27214,UPI,Failed,154112
27215,27215,Debit Card,Failed,119768
27216,27216,UPI,Failed,264006
27217,27217,Debit Card,Paid,130848
27218,27218,UPI,Paid,99432
27219,27219,UPI,Paid,89056
27220,27220,UPI,Paid,51296
27221,27221,Cash,Paid,61260
27222,27222,Net Banking,Paid,152064
27223,27223,Credit Card,Paid,338560
27224,27224,Debit Card,Paid,24225
27225,27225,Cash,Paid,289791
27226,27226,UPI,Paid,44790
27227,27227,Net Banking,Paid,120940
27228,27228,Credit Card,Paid,195858
27229,27229,Credit Card,Paid,49532
27230,27230,UPI,Paid,82383
27231,27231,UPI,Paid,152919
27232,27232,Cash,Failed,49716
27233,27233,Credit Card,Paid,20596
27234,27234,UPI,Paid,21392
27235,27235,UPI,Paid,341910
27236,27236,UPI,Paid,98960
27237,27237,Credit Card,Paid,240020
27238,27238,UPI,Paid,154400
27239,27239,UPI,Failed,76774
27240,27240,UPI,Paid,41196
27241,27241,Debit Card,Paid,206304
27242,27242,Debit Card,Paid,342293
27243,27243,Credit Card,Pending,79016
27244,27244,Credit Card,Pending,46218
27245,27245,UPI,Failed,75834
27246,27246,Credit Card,Paid,29425
27247,27247,Cash,Failed,79686
27248,27248,UPI,Paid,103502
27249,27249,Net Banking,Paid,43099
27250,27250,Debit Card,Paid,537912
27251,27251,Debit Card,Failed,217120
27252,27252,UPI,Paid,432036
27253,27253,Cash,Paid,313044
27254,27254,Credit Card,Paid,103164
27255,27255,Debit Card,Paid,298150
27256,27256,UPI,Paid,29471
27257,27257,Credit Card,Paid,154428
27258,27258,UPI,Paid,33738
27259,27259,Credit Card,Paid,68715
27260,27260,Credit Card,Paid,67140
27261,27261,UPI,Paid,90080
27262,27262,UPI,Paid,132937
27263,27263,Debit Card,Pending,128764
27264,27264,UPI,Paid,109876
27265,27265,Net Banking,Paid,161310
27266,27266,UPI,Paid,295074
27267,27267,Debit Card,Paid,237588
27268,27268,UPI,Paid,350184
27269,27269,Credit Card,Paid,95346
27270,27270,UPI,Paid,234260
27271,27271,UPI,Paid,433240
27272,27272,Debit Card,Paid,107180
27273,27273,Net Banking,Paid,235496
27274,27274,Credit Card,Paid,206375
27275,27275,UPI,Paid,240548
27276,27276,Debit Card,Paid,21392
27277,27277,UPI,Paid,513350
27278,27278,Cash,Paid,117576
27279,27279,UPI,Paid,285510
27280,27280,UPI,Paid,241880
27281,27281,UPI,Pending,46852
27282,27282,UPI,Paid,184236
27283,27283,Debit Card,Paid,140375
27284,27284,Cash,Paid,43298
27285,27285,UPI,Paid,425248
27286,27286,Net Banking,Paid,197444
27287,27287,Cash,Paid,99864
27288,27288,Credit Card,Failed,54333
27289,27289,Cash,Paid,100680
27290,27290,Cash,Paid,166314
27291,27291,Debit Card,Pending,44790
27292,27292,Net Banking,Paid,275104
27293,27293,Credit Card,Paid,266469
27294,27294,Net Banking,Paid,30668
27295,27295,Debit Card,Paid,50637
27296,27296,Net Banking,Paid,129660
27297,27297,UPI,Failed,489490
27298,27298,UPI,Paid,15802
27299,27299,Net Banking,Failed,60294
27300,27300,UPI,Paid,388530
27301,27301,UPI,Pending,251400
27302,27302,Debit Card,Paid,87200
27303,27303,UPI,Paid,42086
27304,27304,UPI,Pending,49020
27305,27305,Credit Card,Paid,140859
27306,27306,Credit Card,Paid,88890
27307,27307,Credit Card,Paid,228501
27308,27308,Cash,Paid,51289
27309,27309,Debit Card,Paid,146104
27310,27310,Cash,Paid,309456
27311,27311,UPI,Pending,312808
27312,27312,Credit Card,Paid,65286
27313,27313,Debit Card,Failed,174912
27314,27314,Credit Card,Paid,192339
27315,27315,Debit Card,Paid,319095
27316,27316,UPI,Paid,394888
27317,27317,UPI,Paid,147040
27318,27318,Credit Card,Paid,75507
27319,27319,UPI,Paid,284352
27320,27320,UPI,Paid,270115
27321,27321,UPI,Paid,221212
27322,27322,Cash,Paid,374192
27323,27323,Debit Card,Paid,444249
27324,27324,UPI,Failed,118072
27325,27325,Cash,Failed,111900
27326,27326,Debit Card,Paid,101348
27327,27327,UPI,Paid,202968
27328,27328,Credit Card,Paid,186201
27329,27329,UPI,Paid,60888
27330,27330,UPI,Paid,71409
27331,27331,UPI,Failed,109876
27332,27332,UPI,Paid,77630
27333,27333,UPI,Paid,106480
27334,27334,UPI,Paid,79562
27335,27335,Credit Card,Paid,16897
27336,27336,UPI,Paid,25059
27337,27337,Cash,Paid,43968
27338,27338,Credit Card,Paid,164766
27339,27339,UPI,Paid,45294
27340,27340,Debit Card,Paid,77630
27341,27341,UPI,Paid,230902
27342,27342,Cash,Paid,304960
27343,27343,Debit Card,Paid,182166
27344,27344,Debit Card,Paid,115224
27345,27345,Cash,Paid,89705
27346,27346,Cash,Pending,358650
27347,27347,Debit Card,Paid,78921
27348,27348,Credit Card,Paid,385528
27349,27349,Credit Card,Paid,39361
27350,27350,UPI,Paid,63994
27351,27351,Debit Card,Paid,85584
27352,27352,Debit Card,Paid,307984
27353,27353,Credit Card,Paid,450912
27354,27354,UPI,Paid,502970
27355,27355,UPI,Paid,196630
27356,27356,Credit Card,Paid,91490
27357,27357,Cash,Paid,97798
27358,27358,Debit Card,Paid,186050
27359,27359,Net Banking,Paid,129048
27360,27360,Credit Card,Paid,256480
27361,27361,UPI,Paid,391010
27362,27362,Cash,Paid,170217
27363,27363,UPI,Paid,361263
27364,27364,UPI,Paid,244560
27365,27365,UPI,Paid,279864
27366,27366,Cash,Paid,109500
27367,27367,UPI,Pending,21747
27368,27368,Credit Card,Paid,78543
27369,27369,Credit Card,Failed,49530
27370,27370,Credit Card,Paid,403774
27371,27371,UPI,Pending,125460
27372,27372,Net Banking,Failed,68943
27373,27373,UPI,Paid,241176
27374,27374,Debit Card,Pending,473630
27375,27375,Cash,Paid,337374
27376,27376,Credit Card,Paid,267950
27377,27377,UPI,Paid,93964
27378,27378,UPI,Paid,274370
27379,27379,Debit Card,Paid,5195
27380,27380,UPI,Paid,243968
27381,27381,UPI,Failed,110592
27382,27382,Net Banking,Failed,352002
27383,27383,UPI,Paid,154400
27384,27384,Debit Card,Paid,313430
27385,27385,Debit Card,Paid,30166
27386,27386,Cash,Paid,54372
27387,27387,Credit Card,Paid,464000
27388,27388,Cash,Paid,235566
27389,27389,Debit Card,Paid,54922
27390,27390,Debit Card,Paid,71724
27391,27391,UPI,Paid,82125
27392,27392,UPI,Paid,109168
27393,27393,Credit Card,Failed,26093
27394,27394,UPI,Paid,545840
27395,27395,UPI,Paid,38445
27396,27396,UPI,Paid,28772
27397,27397,Credit Card,Paid,95584
27398,27398,Credit Card,Paid,289055
27399,27399,Debit Card,Paid,22603
27400,27400,Net Banking,Paid,103218
27401,27401,Credit Card,Failed,559940
27402,27402,Net Banking,Paid,24259
27403,27403,UPI,Paid,310491
27404,27404,Debit Card,Pending,304128
27405,27405,Credit Card,Paid,50704
27406,27406,Credit Card,Pending,265410
27407,27407,UPI,Paid,139170
27408,27408,Credit Card,Paid,136875
27409,27409,Cash,Paid,73485
27410,27410,Debit Card,Paid,18298
27411,27411,UPI,Failed,74292
27412,27412,Credit Card,Paid,85568
27413,27413,UPI,Failed,498006
27414,27414,Credit Card,Paid,178128
27415,27415,Credit Card,Pending,104372
27416,27416,UPI,Paid,75964
27417,27417,Credit Card,Failed,382338
27418,27418,UPI,Paid,245749
27419,27419,Credit Card,Failed,462015
27420,27420,Credit Card,Paid,304960
27421,27421,UPI,Paid,197920
27422,27422,UPI,Failed,279864
27423,27423,UPI,Failed,84606
27424,27424,Credit Card,Paid,113757
27425,27425,Debit Card,Paid,77750
27426,27426,Debit Card,Paid,336854
27427,27427,Credit Card,Paid,28528
27428,27428,Debit Card,Paid,191214
27429,27429,UPI,Paid,7667
27430,27430,UPI,Paid,165512
27431,27431,Credit Card,Paid,211688
27432,27432,UPI,Pending,59290
27433,27433,Credit Card,Paid,315996
27434,27434,UPI,Failed,245400
27435,27435,Credit Card,Paid,213824
27436,27436,UPI,Paid,145760
27437,27437,Debit Card,Paid,228600
27438,27438,UPI,Paid,107301
27439,27439,Credit Card,Pending,11713
27440,27440,Debit Card,Paid,85614
27441,27441,UPI,Paid,107524
27442,27442,Net Banking,Pending,79254
27443,27443,Credit Card,Paid,126416
27444,27444,Cash,Paid,142176
27445,27445,Debit Card,Pending,108046
27446,27446,Credit Card,Paid,264610
27447,27447,Credit Card,Paid,73635
27448,27448,Credit Card,Paid,50742
27449,27449,UPI,Paid,58908
27450,27450,UPI,Pending,221480
27451,27451,Cash,Paid,40844
27452,27452,Net Banking,Paid,297794
27453,27453,UPI,Paid,329224
27454,27454,Net Banking,Failed,104769
27455,27455,Cash,Paid,219636
27456,27456,UPI,Paid,248970
27457,27457,Debit Card,Paid,181176
27458,27458,Credit Card,Paid,32643
27459,27459,UPI,Failed,41471
27460,27460,Debit Card,Paid,122740
27461,27461,UPI,Paid,258808
27462,27462,Credit Card,Paid,76336
27463,27463,Credit Card,Paid,150231
27464,27464,UPI,Paid,270775
27465,27465,UPI,Paid,26418
27466,27466,Cash,Paid,202968
27467,27467,Debit Card,Paid,15175
27468,27468,UPI,Paid,140004
27469,27469,Credit Card,Paid,192059
27470,27470,Debit Card,Failed,298840
27471,27471,UPI,Paid,160770
27472,27472,Debit Card,Failed,189469
27473,27473,Cash,Paid,24794
27474,27474,UPI,Paid,33738
27475,27475,Credit Card,Paid,342384
27476,27476,Debit Card,Paid,184930
27477,27477,Credit Card,Paid,139160
27478,27478,Cash,Paid,83502
27479,27479,Net Banking,Paid,251595
27480,27480,Debit Card,Paid,28156
27481,27481,UPI,Paid,94660
27482,27482,Cash,Paid,45726
27483,27483,UPI,Paid,120906
27484,27484,UPI,Pending,12285
27485,27485,UPI,Paid,98584
27486,27486,Net Banking,Pending,168450
27487,27487,UPI,Paid,22863
27488,27488,Debit Card,Paid,165420
27489,27489,Debit Card,Failed,387990
27490,27490,UPI,Pending,92520
27491,27491,Debit Card,Failed,396641
27492,27492,UPI,Paid,135235
27493,27493,Credit Card,Paid,14971
27494,27494,UPI,Paid,83700
27495,27495,Credit Card,Paid,78279
27496,27496,Net Banking,Pending,159468
27497,27497,UPI,Paid,234837
27498,27498,UPI,Paid,42482
27499,27499,UPI,Paid,200590
27500,27500,Net Banking,Paid,47606
27501,27501,Cash,Paid,178920
27502,27502,UPI,Paid,247296
27503,27503,UPI,Pending,166348
27504,27504,UPI,Paid,89826
27505,27505,Debit Card,Paid,109830
27506,27506,Net Banking,Paid,321540
27507,27507,UPI,Failed,216376
27508,27508,UPI,Paid,21747
27509,27509,UPI,Paid,97750
27510,27510,Net Banking,Paid,79374
27511,27511,UPI,Paid,227356
27512,27512,Credit Card,Paid,131500
27513,27513,UPI,Failed,31768
27514,27514,Debit Card,Paid,73260
27515,27515,Debit Card,Paid,270670
27516,27516,UPI,Failed,251485
27517,27517,UPI,Paid,96573
27518,27518,UPI,Paid,25110
27519,27519,Credit Card,Paid,440361
27520,27520,Credit Card,Paid,397881
27521,27521,Debit Card,Paid,52808
27522,27522,Credit Card,Paid,214356
27523,27523,Credit Card,Paid,397873
27524,27524,Cash,Paid,93404
27525,27525,UPI,Failed,203484
27526,27526,UPI,Paid,92607
27527,27527,Debit Card,Pending,151960
27528,27528,Debit Card,Failed,273054
27529,27529,Net Banking,Pending,267210
27530,27530,Net Banking,Paid,200120
27531,27531,UPI,Paid,353367
27532,27532,Credit Card,Paid,231244
27533,27533,UPI,Failed,34900
27534,27534,Cash,Paid,151014
27535,27535,UPI,Paid,44913
27536,27536,Credit Card,Failed,280168
27537,27537,UPI,Failed,114702
27538,27538,UPI,Paid,122532
27539,27539,Debit Card,Paid,146532
27540,27540,Net Banking,Paid,77750
27541,27541,UPI,Paid,43440
27542,27542,Credit Card,Paid,89826
27543,27543,Credit Card,Paid,394548
27544,27544,UPI,Paid,384980
27545,27545,Credit Card,Paid,159570
27546,27546,Cash,Paid,95100
27547,27547,Debit Card,Failed,150201
27548,27548,Debit Card,Paid,410936
27549,27549,UPI,Paid,81680
27550,27550,UPI,Pending,89802
27551,27551,UPI,Paid,203875
27552,27552,UPI,Paid,15148
27553,27553,UPI,Paid,144030
27554,27554,UPI,Paid,412750
27555,27555,Cash,Pending,166401
27556,27556,Cash,Paid,31090
27557,27557,Debit Card,Paid,54606
27558,27558,Cash,Paid,85216
27559,27559,Cash,Paid,78279
27560,27560,Credit Card,Paid,15083
27561,27561,Debit Card,Paid,153375
27562,27562,UPI,Paid,159570
27563,27563,Net Banking,Paid,8370
27564,27564,Debit Card,Paid,132020
27565,27565,Credit Card,Paid,25976
27566,27566,Cash,Paid,413685
27567,27567,Net Banking,Failed,39624
27568,27568,UPI,Paid,271542
27569,27569,Cash,Paid,59226
27570,27570,Credit Card,Paid,78506
27571,27571,UPI,Paid,141112
27572,27572,Cash,Paid,114112
27573,27573,Credit Card,Paid,210897
27574,27574,UPI,Paid,8789
27575,27575,Debit Card,Paid,58908
27576,27576,Credit Card,Paid,477040
27577,27577,UPI,Paid,355112
27578,27578,Credit Card,Paid,186056
27579,27579,UPI,Paid,349706
27580,27580,Cash,Failed,596300
27581,27581,Debit Card,Paid,228382
27582,27582,UPI,Paid,283905
27583,27583,Cash,Paid,318690
27584,27584,Credit Card,Paid,139950
27585,27585,Debit Card,Paid,360332
27586,27586,UPI,Paid,12988
27587,27587,Credit Card,Paid,23716
27588,27588,Cash,Paid,118752
27589,27589,Cash,Paid,170968
27590,27590,UPI,Paid,127446
27591,27591,Credit Card,Pending,270590
27592,27592,Debit Card,Paid,72700
27593,27593,Credit Card,Paid,169092
27594,27594,Credit Card,Paid,68208
27595,27595,Credit Card,Paid,308080
27596,27596,Debit Card,Paid,119343
27597,27597,UPI,Paid,61524
27598,27598,Net Banking,Paid,309463
27599,27599,Credit Card,Paid,405392
27600,27600,Cash,Paid,275992
27601,27601,Cash,Paid,252468
27602,27602,Cash,Paid,145408
27603,27603,Credit Card,Paid,25638
27604,27604,Credit Card,Paid,31280
27605,27605,Net Banking,Paid,41850
27606,27606,Credit Card,Failed,16131
27607,27607,Net Banking,Failed,257670
27608,27608,Cash,Paid,70556
27609,27609,Debit Card,Paid,54960
27610,27610,Net Banking,Failed,183780
27611,27611,UPI,Pending,154345
27612,27612,UPI,Paid,65360
27613,27613,UPI,Paid,320820
27614,27614,Credit Card,Paid,346168
27615,27615,Credit Card,Paid,189144
27616,27616,Credit Card,Paid,105480
27617,27617,Debit Card,Paid,207935
27618,27618,Credit Card,Failed,81184
27619,27619,Cash,Paid,82944
27620,27620,Credit Card,Paid,152672
27621,27621,UPI,Paid,40479
27622,27622,UPI,Paid,205468
27623,27623,Net Banking,Paid,368662
27624,27624,UPI,Failed,27288
27625,27625,UPI,Paid,136400
27626,27626,Cash,Pending,238917
27627,27627,UPI,Pending,192950
27628,27628,UPI,Paid,119364
27629,27629,UPI,Paid,56312
27630,27630,UPI,Paid,66808
27631,27631,Debit Card,Paid,86988
27632,27632,Credit Card,Paid,105581
27633,27633,UPI,Paid,42742
27634,27634,Debit Card,Pending,243423
27635,27635,Debit Card,Paid,174464
27636,27636,Cash,Paid,40216
27637,27637,UPI,Paid,13508
27638,27638,UPI,Paid,50456
27639,27639,Net Banking,Paid,259368
27640,27640,UPI,Failed,247040
27641,27641,Credit Card,Paid,57612
27642,27642,UPI,Failed,61246
27643,27643,Net Banking,Paid,288024
27644,27644,Credit Card,Paid,23896
27645,27645,Net Banking,Pending,204786
27646,27646,Credit Card,Failed,228928
27647,27647,Cash,Paid,30444
27648,27648,UPI,Paid,312174
27649,27649,UPI,Paid,152022
27650,27650,Net Banking,Paid,228501
27651,27651,UPI,Paid,491960
27652,27652,Debit Card,Paid,13975
27653,27653,Debit Card,Paid,59397
27654,27654,Credit Card,Paid,131944
27655,27655,Credit Card,Paid,83510
27656,27656,Credit Card,Paid,33272
27657,27657,UPI,Paid,571500
27658,27658,Debit Card,Paid,269570
27659,27659,Credit Card,Paid,133088
27660,27660,Cash,Paid,425420
27661,27661,UPI,Paid,302190
27662,27662,UPI,Paid,25630
27663,27663,Cash,Paid,238880
27664,27664,Credit Card,Paid,326752
27665,27665,Debit Card,Paid,62560
27666,27666,Credit Card,Paid,71704
27667,27667,UPI,Failed,89840
27668,27668,UPI,Failed,57682
27669,27669,Debit Card,Paid,469620
27670,27670,Cash,Paid,150891
27671,27671,Net Banking,Paid,30296
27672,27672,Cash,Pending,162105
27673,27673,Debit Card,Paid,60992
27674,27674,Net Banking,Pending,370952
27675,27675,UPI,Paid,103089
27676,27676,Credit Card,Failed,121295
27677,27677,UPI,Paid,419274
27678,27678,Debit Card,Paid,43968
27679,27679,UPI,Paid,38368
27680,27680,UPI,Paid,410265
27681,27681,Net Banking,Paid,267380
27682,27682,UPI,Paid,430992
27683,27683,UPI,Paid,64176
27684,27684,UPI,Paid,200268
27685,27685,Cash,Paid,266200
27686,27686,UPI,Paid,250335
27687,27687,Debit Card,Paid,77180
27688,27688,UPI,Paid,71280
27689,27689,UPI,Paid,122700
27690,27690,Credit Card,Paid,176836
27691,27691,Debit Card,Paid,227940
27692,27692,Net Banking,Paid,147150
27693,27693,Credit Card,Paid,12819
27694,27694,Debit Card,Paid,303822
27695,27695,Net Banking,Paid,34100
27696,27696,UPI,Pending,178424
27697,27697,Debit Card,Paid,106855
27698,27698,Debit Card,Pending,173880
27699,27699,UPI,Paid,76304
27700,27700,UPI,Paid,86184
27701,27701,Credit Card,Paid,516537
27702,27702,Credit Card,Paid,202548
27703,27703,UPI,Paid,80544
27704,27704,UPI,Paid,118096
27705,27705,Net Banking,Paid,147944
27706,27706,Debit Card,Paid,178630
27707,27707,UPI,Paid,110135
27708,27708,Credit Card,Paid,100630
27709,27709,UPI,Pending,42364
27710,27710,UPI,Paid,31956
27711,27711,Debit Card,Paid,370952
27712,27712,UPI,Paid,119280
27713,27713,Debit Card,Paid,274464
27714,27714,UPI,Paid,44904
27715,27715,Debit Card,Paid,29834
27716,27716,Debit Card,Paid,177597
27717,27717,Credit Card,Failed,31112
27718,27718,UPI,Paid,54584
27719,27719,UPI,Paid,480040
27720,27720,UPI,Paid,379085
27721,27721,Credit Card,Paid,341481
27722,27722,UPI,Paid,163366
27723,27723,Credit Card,Paid,209360
27724,27724,UPI,Paid,322572
27725,27725,Credit Card,Paid,85296
27726,27726,Net Banking,Paid,79168
27727,27727,UPI,Paid,177624
27728,27728,Net Banking,Paid,22762
27729,27729,UPI,Paid,284352
27730,27730,Net Banking,Paid,278315
27731,27731,Cash,Paid,520200
27732,27732,Credit Card,Paid,503901
27733,27733,Debit Card,Paid,50315
27734,27734,Debit Card,Paid,72080
27735,27735,Debit Card,Paid,78954
27736,27736,UPI,Paid,80970
27737,27737,UPI,Paid,86824
27738,27738,Debit Card,Paid,170655
27739,27739,Debit Card,Paid,115615
27740,27740,Net Banking,Paid,104724
27741,27741,Net Banking,Pending,428265
27742,27742,Cash,Paid,64872
27743,27743,Cash,Paid,155922
27744,27744,UPI,Paid,92492
27745,27745,UPI,Paid,150201
27746,27746,Debit Card,Paid,317408
27747,27747,Debit Card,Paid,481910
27748,27748,Debit Card,Paid,37486
27749,27749,UPI,Paid,49361
27750,27750,Net Banking,Paid,358984
27751,27751,UPI,Paid,232650
27752,27752,Debit Card,Paid,30166
27753,27753,Credit Card,Paid,150830
27754,27754,UPI,Paid,194075
27755,27755,UPI,Paid,355440
27756,27756,UPI,Paid,92368
27757,27757,Credit Card,Paid,159570
27758,27758,UPI,Failed,356064
27759,27759,UPI,Paid,348520
27760,27760,Debit Card,Paid,331818
27761,27761,UPI,Paid,360216
27762,27762,Credit Card,Paid,195500
27763,27763,UPI,Paid,83587
27764,27764,Cash,Paid,174260
27765,27765,UPI,Paid,260442
27766,27766,Credit Card,Paid,247696
27767,27767,Debit Card,Paid,169876
27768,27768,Debit Card,Paid,166002
27769,27769,UPI,Paid,546498
27770,27770,UPI,Paid,221212
27771,27771,UPI,Paid,54542
27772,27772,UPI,Paid,114368
27773,27773,UPI,Failed,70278
27774,27774,UPI,Paid,35461
27775,27775,Credit Card,Paid,153224
27776,27776,Debit Card,Paid,43616
27777,27777,Credit Card,Paid,147620
27778,27778,Cash,Paid,81909
27779,27779,UPI,Paid,243968
27780,27780,UPI,Paid,30685
27781,27781,UPI,Paid,151915
27782,27782,Credit Card,Paid,265254
27783,27783,UPI,Paid,115584
27784,27784,Net Banking,Paid,182715
27785,27785,Credit Card,Paid,25976
27786,27786,Credit Card,Paid,189452
27787,27787,Credit Card,Paid,256860
27788,27788,Credit Card,Paid,335200
27789,27789,Credit Card,Paid,153520
27790,27790,Credit Card,Paid,9824
27791,27791,Cash,Paid,52808
27792,27792,Credit Card,Paid,39261
27793,27793,UPI,Paid,177792
27794,27794,UPI,Paid,41153
27795,27795,Cash,Pending,28090
27796,27796,Credit Card,Paid,148818
27797,27797,Credit Card,Pending,30634
27798,27798,UPI,Paid,326232
27799,27799,UPI,Failed,331541
27800,27800,Credit Card,Paid,4340
27801,27801,Debit Card,Paid,105616
27802,27802,UPI,Paid,81680
27803,27803,UPI,Paid,47286
27804,27804,Net Banking,Paid,14697
27805,27805,Credit Card,Paid,217488
27806,27806,Cash,Paid,142956
27807,27807,Debit Card,Paid,391923
27808,27808,Credit Card,Paid,271860
27809,27809,Credit Card,Failed,108892
27810,27810,UPI,Paid,73280
27811,27811,Credit Card,Pending,89016
27812,27812,Cash,Paid,29334
27813,27813,UPI,Paid,93336
27814,27814,UPI,Paid,219258
27815,27815,Debit Card,Failed,150835
27816,27816,UPI,Paid,360332
27817,27817,Cash,Paid,46650
27818,27818,Credit Card,Paid,24765
27819,27819,Credit Card,Paid,71036
27820,27820,Credit Card,Failed,224630
27821,27821,UPI,Pending,322416
27822,27822,UPI,Paid,120168
27823,27823,UPI,Pending,426654
27824,27824,Debit Card,Paid,345527
27825,27825,Cash,Paid,309463
27826,27826,Credit Card,Paid,133016
27827,27827,Credit Card,Paid,98710
27828,27828,UPI,Paid,122325
27829,27829,UPI,Paid,150354
27830,27830,Net Banking,Paid,253185
27831,27831,UPI,Pending,38799
27832,27832,UPI,Paid,74835
27833,27833,UPI,Pending,254115
27834,27834,Cash,Failed,117165
27835,27835,Credit Card,Paid,286965
27836,27836,UPI,Paid,129280
27837,27837,Credit Card,Paid,273048
27838,27838,UPI,Paid,15845
27839,27839,Credit Card,Paid,69816
27840,27840,Net Banking,Paid,227925
27841,27841,UPI,Paid,97798
27842,27842,Credit Card,Paid,50067
27843,27843,Cash,Paid,209944
27844,27844,Net Banking,Paid,58304
27845,27845,UPI,Pending,21624
27846,27846,Cash,Paid,42807
27847,27847,Credit Card,Paid,306558
27848,27848,Debit Card,Paid,233120
27849,27849,Debit Card,Paid,29437
27850,27850,UPI,Pending,136440
27851,27851,Credit Card,Failed,177792
27852,27852,UPI,Paid,189469
27853,27853,UPI,Paid,167652
27854,27854,Cash,Paid,134712
27855,27855,Debit Card,Paid,201420
27856,27856,Cash,Paid,155600
27857,27857,Debit Card,Paid,174605
27858,27858,Credit Card,Paid,73192
27859,27859,Credit Card,Paid,95528
27860,27860,Debit Card,Paid,47792
27861,27861,UPI,Paid,237588
27862,27862,Credit Card,Paid,272800
27863,27863,Credit Card,Paid,95856
27864,27864,Net Banking,Paid,233510
27865,27865,Debit Card,Paid,417600
27866,27866,Credit Card,Paid,36222
27867,27867,UPI,Paid,18489
27868,27868,UPI,Failed,123230
27869,27869,UPI,Paid,83502
27870,27870,Credit Card,Paid,239885
27871,27871,Credit Card,Paid,415870
27872,27872,Debit Card,Paid,22460
27873,27873,Net Banking,Paid,288738
27874,27874,UPI,Paid,143811
27875,27875,UPI,Paid,294680
27876,27876,UPI,Pending,356139
27877,27877,UPI,Pending,40775
27878,27878,UPI,Paid,404334
27879,27879,Credit Card,Pending,132391
27880,27880,Net Banking,Paid,53347
27881,27881,UPI,Paid,208605
27882,27882,UPI,Failed,15556
27883,27883,UPI,Paid,53361
27884,27884,UPI,Failed,222876
27885,27885,Net Banking,Paid,447912
27886,27886,UPI,Paid,212328
27887,27887,UPI,Paid,145384
27888,27888,UPI,Paid,173192
27889,27889,Credit Card,Paid,88716
27890,27890,UPI,Failed,36526
27891,27891,Credit Card,Failed,229836
27892,27892,Cash,Paid,257670
27893,27893,UPI,Paid,46866
27894,27894,UPI,Paid,258860
27895,27895,Credit Card,Paid,148584
27896,27896,Cash,Paid,51864
27897,27897,Credit Card,Paid,195408
27898,27898,UPI,Paid,28075
27899,27899,UPI,Paid,29630
27900,27900,UPI,Paid,332880
27901,27901,Credit Card,Paid,117884
27902,27902,Credit Card,Paid,70922
27903,27903,Debit Card,Paid,95552
27904,27904,UPI,Paid,47550
27905,27905,Credit Card,Paid,245592
27906,27906,Debit Card,Paid,280856
27907,27907,UPI,Paid,98584
27908,27908,UPI,Failed,92407
27909,27909,UPI,Pending,111853
27910,27910,Credit Card,Failed,101274
27911,27911,Cash,Paid,43298
27912,27912,UPI,Paid,88839
27913,27913,Credit Card,Paid,46559
27914,27914,Credit Card,Paid,98722
27915,27915,UPI,Paid,158496
27916,27916,Debit Card,Paid,24225
27917,27917,UPI,Pending,113015
27918,27918,Cash,Paid,25648
27919,27919,UPI,Paid,45294
27920,27920,Credit Card,Paid,78522
27921,27921,Cash,Paid,95170
27922,27922,Net Banking,Paid,384032
27923,27923,Debit Card,Paid,214569
27924,27924,UPI,Paid,163930
27925,27925,Debit Card,Paid,304044
27926,27926,Credit Card,Pending,385900
27927,27927,Cash,Paid,479770
27928,27928,Net Banking,Pending,356780
27929,27929,Credit Card,Paid,216944
27930,27930,Credit Card,Paid,553030
27931,27931,Credit Card,Paid,135753
27932,27932,Cash,Paid,219753
27933,27933,UPI,Paid,142960
27934,27934,UPI,Paid,158220
27935,27935,UPI,Paid,63546
27936,27936,UPI,Paid,85824
27937,27937,Credit Card,Paid,346482
27938,27938,UPI,Paid,342603
27939,27939,Debit Card,Pending,430096
27940,27940,Debit Card,Paid,404880
27941,27941,Debit Card,Paid,410936
27942,27942,UPI,Paid,198780
27943,27943,Debit Card,Paid,186576
27944,27944,Cash,Paid,29472
27945,27945,Credit Card,Failed,283395
27946,27946,Credit Card,Paid,72704
27947,27947,Debit Card,Failed,164064
27948,27948,Debit Card,Paid,101376
27949,27949,Cash,Paid,186752
27950,27950,Net Banking,Failed,246460
27951,27951,Credit Card,Paid,77658
27952,27952,Cash,Paid,152112
27953,27953,Net Banking,Paid,33254
27954,27954,Credit Card,Paid,324708
27955,27955,UPI,Failed,398500
27956,27956,UPI,Paid,143448
27957,27957,UPI,Paid,77200
27958,27958,Credit Card,Failed,78954
27959,27959,Credit Card,Paid,277920
27960,27960,Debit Card,Failed,63916
27961,27961,Net Banking,Paid,173046
27962,27962,Credit Card,Pending,118168
27963,27963,Credit Card,Pending,23351
27964,27964,Credit Card,Paid,155600
27965,27965,Credit Card,Paid,317532
27966,27966,Debit Card,Paid,526660
27967,27967,UPI,Paid,70556
27968,27968,UPI,Paid,64842
27969,27969,Cash,Pending,378826
27970,27970,UPI,Paid,498942
27971,27971,Net Banking,Paid,229008
27972,27972,Credit Card,Pending,40056
27973,27973,UPI,Paid,331818
27974,27974,Cash,Paid,297400
27975,27975,UPI,Paid,35640
27976,27976,Credit Card,Failed,150735
27977,27977,Debit Card,Paid,9877
27978,27978,Credit Card,Paid,55668
27979,27979,Credit Card,Paid,275562
27980,27980,UPI,Failed,224100
27981,27981,UPI,Paid,188216
27982,27982,UPI,Pending,237744
27983,27983,Net Banking,Paid,178128
27984,27984,Net Banking,Paid,43099
27985,27985,Credit Card,Paid,103950
27986,27986,Net Banking,Paid,123230
27987,27987,Credit Card,Paid,44091
27988,27988,UPI,Paid,568390
27989,27989,UPI,Paid,208605
27990,27990,Net Banking,Paid,289791
27991,27991,UPI,Paid,280900
27992,27992,UPI,Paid,296465
27993,27993,Debit Card,Pending,507560
27994,27994,Debit Card,Failed,23351
27995,27995,UPI,Paid,51495
27996,27996,UPI,Paid,341310
27997,27997,Credit Card,Paid,163752
27998,27998,Credit Card,Paid,57232
27999,27999,UPI,Pending,365218
28000,28000,Credit Card,Paid,150830
28001,28001,Credit Card,Paid,261600
28002,28002,Cash,Paid,452574
28003,28003,Cash,Failed,14971
28004,28004,UPI,Paid,392544
28005,28005,Credit Card,Paid,7574
28006,28006,Net Banking,Paid,308430
28007,28007,Credit Card,Paid,98240
28008,28008,UPI,Paid,154360
28009,28009,Credit Card,Paid,367596
28010,28010,UPI,Paid,321534
28011,28011,Debit Card,Paid,96246
28012,28012,Credit Card,Paid,60332
28013,28013,Net Banking,Paid,412336
28014,28014,UPI,Paid,22994
28015,28015,Credit Card,Paid,248970
28016,28016,UPI,Paid,122085
28017,28017,UPI,Paid,268215
28018,28018,UPI,Paid,28432
28019,28019,Debit Card,Paid,485840
28020,28020,Credit Card,Paid,292968
28021,28021,Credit Card,Paid,133100
28022,28022,UPI,Paid,113678
28023,28023,Debit Card,Paid,31956
28024,28024,UPI,Paid,57393
28025,28025,Debit Card,Paid,99212
28026,28026,Cash,Paid,67797
28027,28027,UPI,Paid,286896
28028,28028,Credit Card,Pending,357084
28029,28029,UPI,Failed,506370
28030,28030,UPI,Paid,205904
28031,28031,Credit Card,Paid,189320
28032,28032,Credit Card,Paid,152480
28033,28033,Credit Card,Paid,136236
28034,28034,Credit Card,Paid,462303
28035,28035,Cash,Paid,418626
28036,28036,Debit Card,Paid,301693
28037,28037,Credit Card,Paid,85776
28038,28038,UPI,Paid,130860
28039,28039,Net Banking,Paid,42086
28040,28040,UPI,Paid,254256
28041,28041,Credit Card,Paid,118748
28042,28042,Debit Card,Failed,144112
28043,28043,UPI,Paid,90502
28044,28044,UPI,Paid,88760
28045,28045,Debit Card,Paid,164864
28046,28046,Cash,Pending,54519
28047,28047,UPI,Paid,179802
28048,28048,Credit Card,Paid,385528
28049,28049,Credit Card,Paid,377100
28050,28050,UPI,Pending,71480
28051,28051,Credit Card,Paid,152064
28052,28052,UPI,Paid,93060
28053,28053,Cash,Paid,169038
28054,28054,UPI,Paid,177556
28055,28055,Cash,Paid,384976
28056,28056,Debit Card,Paid,205338
28057,28057,UPI,Paid,303610
28058,28058,UPI,Paid,156522
28059,28059,UPI,Paid,142218
28060,28060,Credit Card,Paid,144112
28061,28061,Debit Card,Paid,195500
28062,28062,Credit Card,Paid,167756
28063,28063,UPI,Paid,342384
28064,28064,Credit Card,Pending,76736
28065,28065,Credit Card,Paid,79965
28066,28066,Credit Card,Paid,129048
28067,28067,Debit Card,Pending,45585
28068,28068,UPI,Paid,102734
28069,28069,Credit Card,Paid,197855
28070,28070,Cash,Paid,129451
28071,28071,UPI,Paid,206375
28072,28072,UPI,Paid,99512
28073,28073,UPI,Paid,146259
28074,28074,Debit Card,Pending,91050
28075,28075,UPI,Paid,240716
28076,28076,Credit Card,Paid,292968
28077,28077,UPI,Paid,411808
28078,28078,Credit Card,Paid,112260
28079,28079,UPI,Paid,104058
28080,28080,UPI,Failed,217120
28081,28081,Debit Card,Paid,70473
28082,28082,UPI,Paid,226652
28083,28083,UPI,Paid,116690
28084,28084,UPI,Paid,44760
28085,28085,UPI,Failed,277767
28086,28086,Cash,Paid,13229
28087,28087,Credit Card,Paid,241880
28088,28088,UPI,Paid,61260
28089,28089,Cash,Paid,29942
28090,28090,UPI,Paid,66508
28091,28091,Credit Card,Paid,61075
28092,28092,Credit Card,Paid,114970
28093,28093,UPI,Pending,164814
28094,28094,Credit Card,Paid,130465
28095,28095,UPI,Paid,96786
28096,28096,Debit Card,Paid,94108
28097,28097,UPI,Pending,266688
28098,28098,UPI,Paid,533637
28099,28099,UPI,Pending,178032
28100,28100,UPI,Pending,87768
28101,28101,Cash,Paid,271323
28102,28102,Debit Card,Paid,209241
28103,28103,Credit Card,Paid,35076
28104,28104,UPI,Pending,15856
28105,28105,UPI,Paid,121125
28106,28106,UPI,Paid,172396
28107,28107,UPI,Paid,45525
28108,28108,Net Banking,Paid,287320
28109,28109,Debit Card,Paid,499580
28110,28110,Credit Card,Paid,293340
28111,28111,UPI,Paid,136515
28112,28112,Debit Card,Paid,364680
28113,28113,UPI,Paid,213768
28114,28114,Cash,Paid,449260
28115,28115,Net Banking,Paid,243915
28116,28116,Cash,Paid,190340
28117,28117,UPI,Paid,440091
28118,28118,Debit Card,Paid,74700
28119,28119,UPI,Paid,97688
28120,28120,Credit Card,Paid,42482
28121,28121,UPI,Paid,443890
28122,28122,Cash,Paid,71704
28123,28123,Net Banking,Paid,31768
28124,28124,UPI,Paid,254256
28125,28125,Cash,Pending,146104
28126,28126,Credit Card,Paid,244220
28127,28127,Debit Card,Paid,191016
28128,28128,UPI,Paid,232704
28129,28129,Credit Card,Pending,143376
28130,28130,Credit Card,Paid,71356
28131,28131,Credit Card,Paid,482787
28132,28132,UPI,Paid,301670
28133,28133,Credit Card,Paid,38740
28134,28134,Credit Card,Paid,199832
28135,28135,Debit Card,Paid,191840
28136,28136,Credit Card,Paid,123048
28137,28137,Debit Card,Paid,23123
28138,28138,UPI,Pending,313044
28139,28139,UPI,Paid,61383
28140,28140,Debit Card,Paid,358029
28141,28141,UPI,Paid,242590
28142,28142,UPI,Paid,281772
28143,28143,Credit Card,Paid,322413
28144,28144,UPI,Paid,519138
28145,28145,Debit Card,Pending,284195
28146,28146,UPI,Paid,110614
28147,28147,UPI,Paid,230295
28148,28148,UPI,Failed,250590
28149,28149,Debit Card,Paid,8190
28150,28150,Credit Card,Paid,47054
28151,28151,Credit Card,Paid,214572
28152,28152,Cash,Paid,149744
28153,28153,Debit Card,Paid,47406
28154,28154,Credit Card,Paid,371574
28155,28155,Net Banking,Paid,23540
28156,28156,Cash,Paid,209710
28157,28157,UPI,Paid,154110
28158,28158,UPI,Paid,136755
28159,28159,Credit Card,Failed,221945
28160,28160,Net Banking,Paid,371750
28161,28161,UPI,Paid,232000
28162,28162,Cash,Paid,134516
28163,28163,Credit Card,Paid,75652
28164,28164,Cash,Paid,384032
28165,28165,UPI,Paid,259320
28166,28166,Credit Card,Paid,11246
28167,28167,Credit Card,Paid,32643
28168,28168,Cash,Paid,421911
28169,28169,Net Banking,Paid,50610
28170,28170,Credit Card,Paid,122185
28171,28171,UPI,Paid,30444
28172,28172,UPI,Paid,233883
28173,28173,Debit Card,Paid,152672
28174,28174,UPI,Paid,268093
28175,28175,Credit Card,Paid,193700
28176,28176,Cash,Pending,86319
28177,28177,Debit Card,Failed,23784
28178,28178,UPI,Paid,190760
28179,28179,UPI,Paid,29304
28180,28180,Debit Card,Failed,34104
28181,28181,UPI,Paid,171168
28182,28182,Credit Card,Paid,308735
28183,28183,UPI,Paid,206297
28184,28184,Credit Card,Paid,231090
28185,28185,Debit Card,Paid,523620
28186,28186,Debit Card,Paid,159372
28187,28187,Credit Card,Paid,61760
28188,28188,UPI,Paid,76944
28189,28189,Debit Card,Paid,142832
28190,28190,Credit Card,Paid,63536
28191,28191,Credit Card,Paid,318563
28192,28192,Credit Card,Paid,223950
28193,28193,Credit Card,Pending,303830
28194,28194,Debit Card,Paid,65572
28195,28195,Net Banking,Paid,341034
28196,28196,Credit Card,Paid,88413
28197,28197,UPI,Pending,167924
28198,28198,UPI,Paid,181517
28199,28199,Credit Card,Paid,109844
28200,28200,Cash,Paid,455090
28201,28201,Credit Card,Paid,94024
28202,28202,Debit Card,Paid,70299
28203,28203,Credit Card,Paid,174840
28204,28204,UPI,Paid,378826
28205,28205,Net Banking,Paid,215112
28206,28206,Cash,Failed,212992
28207,28207,UPI,Paid,181004
28208,28208,Credit Card,Paid,178003
28209,28209,Net Banking,Paid,35278
28210,28210,UPI,Pending,545770
28211,28211,UPI,Failed,208080
28212,28212,Credit Card,Paid,447768
28213,28213,UPI,Failed,92050
28214,28214,Debit Card,Pending,50691
28215,28215,Debit Card,Paid,51495
28216,28216,Credit Card,Paid,65241
28217,28217,Credit Card,Paid,159345
28218,28218,Credit Card,Pending,18605
28219,28219,Debit Card,Paid,176836
28220,28220,Net Banking,Paid,186344
28221,28221,Credit Card,Paid,352079
28222,28222,UPI,Failed,258957
28223,28223,UPI,Paid,234910
28224,28224,UPI,Paid,80754
28225,28225,UPI,Paid,258054
28226,28226,UPI,Paid,74268
28227,28227,Cash,Paid,191908
28228,28228,UPI,Paid,169770
28229,28229,UPI,Failed,38067
28230,28230,Credit Card,Paid,470500
28231,28231,Credit Card,Paid,35278
28232,28232,Credit Card,Paid,235060
28233,28233,Cash,Paid,98040
28234,28234,Cash,Paid,16702
28235,28235,Credit Card,Paid,345527
28236,28236,Net Banking,Paid,168312
28237,28237,Debit Card,Paid,80236
28238,28238,Debit Card,Paid,82306
28239,28239,Credit Card,Paid,84640
28240,28240,UPI,Paid,166383
28241,28241,Debit Card,Paid,192528
28242,28242,UPI,Failed,242680
28243,28243,Credit Card,Pending,356780
28244,28244,UPI,Paid,82384
28245,28245,Credit Card,Paid,36596
28246,28246,Credit Card,Paid,25931
28247,28247,UPI,Pending,4095
28248,28248,Credit Card,Paid,478404
28249,28249,UPI,Paid,185850
28250,28250,Net Banking,Paid,374816
28251,28251,UPI,Paid,120906
28252,28252,Credit Card,Paid,196784
28253,28253,UPI,Paid,23803
28254,28254,Credit Card,Paid,439504
28255,28255,Credit Card,Paid,168344
28256,28256,Credit Card,Paid,240548
28257,28257,Cash,Paid,303849
28258,28258,Net Banking,Paid,436000
28259,28259,UPI,Paid,320736
28260,28260,UPI,Paid,134370
28261,28261,Debit Card,Paid,322758
28262,28262,Cash,Pending,101220
28263,28263,Credit Card,Paid,58512
28264,28264,UPI,Paid,95212
28265,28265,Credit Card,Paid,206297
28266,28266,Cash,Paid,29080
28267,28267,UPI,Paid,191168
28268,28268,Debit Card,Paid,152919
28269,28269,Debit Card,Paid,209944
28270,28270,Credit Card,Paid,349210
28271,28271,Credit Card,Paid,75507
28272,28272,UPI,Pending,79667
28273,28273,UPI,Paid,119550
28274,28274,Cash,Paid,95212
28275,28275,UPI,Paid,17580
28276,28276,Credit Card,Paid,126098
28277,28277,Debit Card,Paid,143238
28278,28278,UPI,Paid,89056
28279,28279,UPI,Paid,50286
28280,28280,Net Banking,Paid,287568
28281,28281,Credit Card,Paid,191712
28282,28282,UPI,Paid,9149
28283,28283,UPI,Paid,459963
28284,28284,UPI,Paid,430096
28285,28285,Net Banking,Paid,578110
28286,28286,Debit Card,Paid,101274
28287,28287,Debit Card,Paid,468180
28288,28288,UPI,Paid,153425
28289,28289,Credit Card,Paid,329589
28290,28290,UPI,Paid,266334
28291,28291,Credit Card,Failed,212410
28292,28292,UPI,Paid,44751
28293,28293,UPI,Paid,214569
28294,28294,Net Banking,Paid,62192
28295,28295,UPI,Pending,447952
28296,28296,UPI,Pending,88641
28297,28297,Debit Card,Paid,32786
28298,28298,Credit Card,Paid,233510
28299,28299,UPI,Paid,40485
28300,28300,UPI,Paid,150858
28301,28301,Cash,Paid,38105
28302,28302,Credit Card,Failed,265410
28303,28303,UPI,Paid,335964
28304,28304,Credit Card,Paid,192059
28305,28305,UPI,Paid,206136
28306,28306,Credit Card,Paid,17098
28307,28307,UPI,Pending,476298
28308,28308,Credit Card,Paid,358984
28309,28309,Debit Card,Pending,109818
28310,28310,Debit Card,Paid,277190
28311,28311,UPI,Paid,232490
28312,28312,UPI,Paid,126960
28313,28313,UPI,Paid,254952
28314,28314,Credit Card,Paid,91902
28315,28315,UPI,Paid,39687
28316,28316,UPI,Paid,44926
28317,28317,Credit Card,Paid,84606
28318,28318,UPI,Paid,66920
28319,28319,UPI,Paid,124413
28320,28320,Credit Card,Paid,142560
28321,28321,Debit Card,Paid,198112
28322,28322,UPI,Paid,112539
28323,28323,Debit Card,Paid,5929
28324,28324,Net Banking,Paid,145384
28325,28325,UPI,Paid,146797
28326,28326,Credit Card,Paid,72777
28327,28327,Credit Card,Paid,147588
28328,28328,UPI,Paid,423110
28329,28329,UPI,Paid,307096
28330,28330,Debit Card,Failed,122325
28331,28331,Debit Card,Paid,107072
28332,28332,Credit Card,Paid,44380
28333,28333,UPI,Paid,166348
28334,28334,Credit Card,Failed,118168
28335,28335,UPI,Paid,463690
28336,28336,UPI,Failed,55349
28337,28337,Credit Card,Pending,41472
28338,28338,UPI,Paid,162069
28339,28339,UPI,Paid,178630
28340,28340,Credit Card,Paid,449260
28341,28341,Net Banking,Paid,293300
28342,28342,Credit Card,Paid,357749
28343,28343,UPI,Failed,56104
28344,28344,UPI,Paid,287892
28345,28345,Net Banking,Paid,462303
28346,28346,UPI,Paid,75875
28347,28347,UPI,Paid,205620
28348,28348,Cash,Paid,87890
28349,28349,Net Banking,Pending,101376
28350,28350,Credit Card,Paid,51107
28351,28351,Net Banking,Paid,231070
28352,28352,UPI,Paid,37982
28353,28353,UPI,Paid,45198
28354,28354,UPI,Paid,216160
28355,28355,Credit Card,Paid,398664
28356,28356,Net Banking,Paid,297360
28357,28357,Cash,Failed,45726
28358,28358,UPI,Failed,36612
28359,28359,UPI,Paid,88760
28360,28360,Debit Card,Paid,31958
28361,28361,UPI,Failed,49090
28362,28362,Cash,Paid,242262
28363,28363,UPI,Pending,31997
28364,28364,Credit Card,Paid,269556
28365,28365,Debit Card,Paid,84468
28366,28366,Cash,Paid,379085
28367,28367,UPI,Failed,46059
28368,28368,Credit Card,Paid,47888
28369,28369,Net Banking,Paid,39436
28370,28370,Credit Card,Paid,217488
28371,28371,Debit Card,Paid,256530
28372,28372,UPI,Paid,52365
28373,28373,Credit Card,Paid,124416
28374,28374,Debit Card,Paid,30863
28375,28375,Credit Card,Paid,218080
28376,28376,UPI,Paid,134516
28377,28377,UPI,Paid,200120
28378,28378,Credit Card,Paid,97688
28379,28379,UPI,Paid,185214
28380,28380,Cash,Paid,520290
28381,28381,Net Banking,Paid,306180
28382,28382,Credit Card,Paid,146424
28383,28383,Credit Card,Failed,144352
28384,28384,UPI,Paid,124344
28385,28385,UPI,Paid,44296
28386,28386,Credit Card,Paid,378161
28387,28387,UPI,Paid,46184
28388,28388,UPI,Paid,92414
28389,28389,UPI,Paid,166410
28390,28390,Credit Card,Paid,29223
28391,28391,UPI,Paid,376408
28392,28392,Net Banking,Paid,81688
28393,28393,UPI,Paid,18567
28394,28394,Net Banking,Failed,66010
28395,28395,Credit Card,Paid,161286
28396,28396,Credit Card,Pending,95552
28397,28397,Credit Card,Failed,48741
28398,28398,Credit Card,Failed,239890
28399,28399,Net Banking,Paid,19613
28400,28400,Cash,Paid,500670
28401,28401,UPI,Paid,48949
28402,28402,UPI,Paid,233440
28403,28403,Debit Card,Paid,238392
28404,28404,Debit Card,Paid,81255
28405,28405,Credit Card,Failed,167103
28406,28406,Credit Card,Paid,182976
28407,28407,UPI,Paid,215880
28408,28408,UPI,Paid,177144
28409,28409,Net Banking,Paid,447900
28410,28410,UPI,Paid,69300
28411,28411,UPI,Pending,368350
28412,28412,Cash,Paid,136400
28413,28413,Debit Card,Pending,128150
28414,28414,Credit Card,Paid,169506
28415,28415,UPI,Paid,391432
28416,28416,UPI,Paid,23769
28417,28417,Cash,Paid,119280
28418,28418,UPI,Failed,385686
28419,28419,UPI,Paid,442672
28420,28420,UPI,Paid,383424
28421,28421,UPI,Paid,163360
28422,28422,Debit Card,Paid,118350
28423,28423,Net Banking,Paid,115770
28424,28424,UPI,Paid,169989
28425,28425,UPI,Paid,156087
28426,28426,UPI,Paid,71930
28427,28427,Cash,Paid,142956
28428,28428,UPI,Paid,114290
28429,28429,Debit Card,Paid,89212
28430,28430,UPI,Paid,7574
28431,28431,UPI,Paid,74292
28432,28432,Credit Card,Paid,148160
28433,28433,Debit Card,Paid,206184
28434,28434,Credit Card,Pending,39272
28435,28435,Cash,Paid,31380
28436,28436,UPI,Paid,28354
28437,28437,Credit Card,Pending,18380
28438,28438,Debit Card,Paid,359408
28439,28439,Credit Card,Paid,110614
28440,28440,UPI,Paid,86340
28441,28441,Net Banking,Paid,273510
28442,28442,Debit Card,Pending,233120
28443,28443,Credit Card,Failed,247296
28444,28444,UPI,Paid,52636
28445,28445,UPI,Failed,189130
28446,28446,UPI,Paid,115364
28447,28447,Net Banking,Paid,108084
28448,28448,UPI,Paid,66808
28449,28449,UPI,Paid,238686
28450,28450,Credit Card,Paid,143556
28451,28451,Net Banking,Paid,135771
28452,28452,Credit Card,Paid,127824
28453,28453,Credit Card,Pending,231070
28454,28454,UPI,Paid,47406
28455,28455,Cash,Failed,297400
28456,28456,Debit Card,Paid,392400
28457,28457,Credit Card,Paid,251400
28458,28458,Debit Card,Paid,74382
28459,28459,UPI,Pending,571500
28460,28460,UPI,Pending,414710
28461,28461,Net Banking,Paid,100630
28462,28462,Net Banking,Pending,70014
28463,28463,Net Banking,Paid,51294
28464,28464,Cash,Paid,164250
28465,28465,Debit Card,Paid,278214
28466,28466,UPI,Paid,45745
28467,28467,UPI,Paid,61350
28468,28468,Net Banking,Paid,366210
28469,28469,UPI,Failed,97036
28470,28470,Credit Card,Paid,61738
28471,28471,Debit Card,Paid,472860
28472,28472,UPI,Paid,296040
28473,28473,Debit Card,Paid,111515
28474,28474,Credit Card,Paid,158020
28475,28475,UPI,Paid,78608
28476,28476,UPI,Paid,143238
28477,28477,Net Banking,Paid,105480
28478,28478,Credit Card,Paid,116560
28479,28479,Cash,Paid,47550
28480,28480,Credit Card,Paid,541180
28481,28481,UPI,Paid,351909
28482,28482,Net Banking,Failed,396130
28483,28483,UPI,Paid,213145
28484,28484,Credit Card,Paid,244645
28485,28485,UPI,Paid,59397
28486,28486,UPI,Paid,30288
28487,28487,UPI,Pending,282639
28488,28488,Net Banking,Paid,10350
28489,28489,UPI,Paid,43440
28490,28490,Debit Card,Failed,111336
28491,28491,Credit Card,Failed,108245
28492,28492,Cash,Paid,111942
28493,28493,UPI,Paid,51950
28494,28494,Net Banking,Paid,149670
28495,28495,UPI,Failed,483858
28496,28496,Net Banking,Paid,66145
28497,28497,UPI,Paid,29631
28498,28498,UPI,Paid,40775
28499,28499,UPI,Paid,24417
28500,28500,Debit Card,Paid,27648
28501,28501,Credit Card,Paid,182166
28502,28502,Net Banking,Paid,63916
28503,28503,UPI,Paid,91488
28504,28504,UPI,Pending,122492
28505,28505,Net Banking,Paid,7667
28506,28506,Credit Card,Pending,55971
28507,28507,UPI,Paid,185214
28508,28508,Credit Card,Pending,369472
28509,28509,Credit Card,Failed,130850
28510,28510,Credit Card,Paid,307096
28511,28511,Cash,Paid,242910
28512,28512,UPI,Paid,228861
28513,28513,Credit Card,Paid,34184
28514,28514,Debit Card,Paid,21624
28515,28515,Debit Card,Pending,78592
28516,28516,Credit Card,Paid,59884
28517,28517,UPI,Pending,39850
28518,28518,Credit Card,Failed,122700
28519,28519,Net Banking,Paid,31768
28520,28520,Net Banking,Pending,396240
28521,28521,UPI,Paid,47054
28522,28522,Credit Card,Paid,136875
28523,28523,Debit Card,Pending,152919
28524,28524,UPI,Paid,114380
28525,28525,Credit Card,Paid,78510
28526,28526,Credit Card,Failed,28432
28527,28527,Credit Card,Paid,235768
28528,28528,Credit Card,Pending,171696
28529,28529,UPI,Paid,78610
28530,28530,Credit Card,Paid,96597
28531,28531,UPI,Paid,167045
28532,28532,UPI,Paid,314289
28533,28533,Credit Card,Pending,5929
28534,28534,Debit Card,Paid,245980
28535,28535,Debit Card,Pending,201885
28536,28536,Net Banking,Paid,93172
28537,28537,Credit Card,Paid,146502
28538,28538,Net Banking,Pending,102952
28539,28539,Cash,Paid,84543
28540,28540,UPI,Failed,154110
28541,28541,UPI,Paid,306230
28542,28542,UPI,Paid,433557
28543,28543,UPI,Paid,245727
28544,28544,Debit Card,Paid,47070
28545,28545,Credit Card,Paid,215064
28546,28546,Cash,Paid,44920
28547,28547,UPI,Paid,335934
28548,28548,Credit Card,Paid,103445
28549,28549,Debit Card,Paid,120588
28550,28550,UPI,Paid,73260
28551,28551,UPI,Failed,110592
28552,28552,Cash,Paid,206848
28553,28553,UPI,Paid,107524
28554,28554,Credit Card,Paid,122472
28555,28555,UPI,Pending,154960
28556,28556,UPI,Paid,30393
28557,28557,UPI,Paid,325416
28558,28558,Net Banking,Paid,213472
28559,28559,UPI,Paid,213921
28560,28560,UPI,Paid,57150
28561,28561,UPI,Paid,266688
28562,28562,Debit Card,Paid,397881
28563,28563,Net Banking,Pending,100680
28564,28564,UPI,Paid,286160
28565,28565,Credit Card,Paid,139684
28566,28566,UPI,Paid,111188
28567,28567,Credit Card,Pending,147355
28568,28568,UPI,Paid,112917
28569,28569,UPI,Paid,118072
28570,28570,UPI,Paid,26175
28571,28571,Credit Card,Pending,54118
28572,28572,Debit Card,Paid,57811
28573,28573,Credit Card,Paid,250082
28574,28574,Debit Card,Paid,87690
28575,28575,Credit Card,Paid,130695
28576,28576,Credit Card,Failed,185850
28577,28577,Net Banking,Paid,121444
28578,28578,Debit Card,Paid,443504
28579,28579,Credit Card,Paid,15440
28580,28580,UPI,Failed,130720
28581,28581,Debit Card,Paid,140375
28582,28582,UPI,Pending,43600
28583,28583,Net Banking,Pending,137895
28584,28584,Credit Card,Failed,353367
28585,28585,Net Banking,Paid,356097
28586,28586,Credit Card,Paid,93336
28587,28587,UPI,Paid,457839
28588,28588,UPI,Paid,240548
28589,28589,Credit Card,Paid,129660
28590,28590,UPI,Failed,92436
28591,28591,UPI,Paid,20420
28592,28592,Net Banking,Paid,20475
28593,28593,UPI,Paid,465860
28594,28594,UPI,Paid,153468
28595,28595,Cash,Paid,294710
28596,28596,UPI,Paid,104724
28597,28597,UPI,Failed,246375
28598,28598,Credit Card,Paid,8385
28599,28599,Net Banking,Paid,152226
28600,28600,UPI,Paid,51950
28601,28601,UPI,Paid,203980
28602,28602,Credit Card,Paid,24188
28603,28603,Cash,Paid,97688
28604,28604,UPI,Paid,302897
28605,28605,Debit Card,Pending,34499
28606,28606,Debit Card,Paid,143860
28607,28607,Credit Card,Paid,88311
28608,28608,Debit Card,Pending,188200
28609,28609,Debit Card,Paid,73260
28610,28610,UPI,Paid,231903
28611,28611,UPI,Paid,243968
28612,28612,Credit Card,Paid,44913
28613,28613,Debit Card,Failed,432184
28614,28614,Credit Card,Paid,69800
28615,28615,UPI,Paid,19648
28616,28616,Net Banking,Paid,29471
28617,28617,Cash,Paid,370454
28618,28618,UPI,Paid,104763
28619,28619,Debit Card,Paid,267176
28620,28620,Credit Card,Paid,14697
28621,28621,Debit Card,Paid,434976
28622,28622,Credit Card,Paid,358520
28623,28623,UPI,Paid,338560
28624,28624,UPI,Paid,66818
28625,28625,UPI,Paid,160096
28626,28626,UPI,Paid,140905
28627,28627,Debit Card,Paid,382088
28628,28628,Cash,Pending,19370
28629,28629,Credit Card,Paid,14917
28630,28630,UPI,Paid,360794
28631,28631,Net Banking,Paid,19742
28632,28632,Cash,Paid,166557
28633,28633,Credit Card,Paid,268093
28634,28634,UPI,Paid,64872
28635,28635,UPI,Paid,23249
28636,28636,UPI,Paid,111978
28637,28637,UPI,Paid,400050
28638,28638,Credit Card,Paid,141162
28639,28639,UPI,Paid,159468
28640,28640,Debit Card,Paid,156522
28641,28641,Cash,Paid,366975
28642,28642,Debit Card,Paid,15978
28643,28643,Net Banking,Failed,310520
28644,28644,Cash,Failed,205904
28645,28645,Debit Card,Paid,140106
28646,28646,Debit Card,Pending,288145
28647,28647,Credit Card,Paid,42807
28648,28648,Cash,Paid,238056
28649,28649,UPI,Paid,229008
28650,28650,Credit Card,Paid,79212
28651,28651,Debit Card,Paid,215045
28652,28652,UPI,Paid,108046
28653,28653,UPI,Pending,31782
28654,28654,UPI,Paid,12819
28655,28655,Credit Card,Pending,426267
28656,28656,Credit Card,Paid,73260
28657,28657,Cash,Paid,219753
28658,28658,Net Banking,Paid,128430
28659,28659,UPI,Paid,399664
28660,28660,UPI,Pending,443504
28661,28661,Debit Card,Pending,157998
28662,28662,UPI,Paid,83865
28663,28663,UPI,Paid,434976
28664,28664,Net Banking,Failed,317820
28665,28665,Debit Card,Paid,176517
28666,28666,UPI,Paid,336290
28667,28667,Cash,Paid,168970
28668,28668,Net Banking,Paid,392400
28669,28669,Cash,Paid,508518
28670,28670,Credit Card,Paid,27955
28671,28671,UPI,Paid,66544
28672,28672,Credit Card,Failed,43968
28673,28673,UPI,Paid,108600
28674,28674,UPI,Paid,43968
28675,28675,Credit Card,Paid,379672
28676,28676,Cash,Paid,66960
28677,28677,Credit Card,Paid,70152
28678,28678,Net Banking,Paid,286816
28679,28679,UPI,Failed,375489
28680,28680,UPI,Paid,344736
28681,28681,Credit Card,Pending,75507
28682,28682,Net Banking,Pending,31302
28683,28683,UPI,Paid,152229
28684,28684,UPI,Paid,214068
28685,28685,Credit Card,Paid,119280
28686,28686,UPI,Paid,349335
28687,28687,UPI,Paid,379248
28688,28688,UPI,Paid,30962
28689,28689,UPI,Failed,164437
28690,28690,Net Banking,Paid,320760
28691,28691,Credit Card,Paid,127887
28692,28692,Credit Card,Paid,119686
28693,28693,Debit Card,Paid,415779
28694,28694,UPI,Failed,306340
28695,28695,Credit Card,Paid,275706
28696,28696,UPI,Paid,464000
28697,28697,Debit Card,Pending,213840
28698,28698,Credit Card,Paid,40929
28699,28699,Credit Card,Pending,93376
28700,28700,UPI,Paid,245400
28701,28701,UPI,Paid,143068
28702,28702,Debit Card,Paid,367720
28703,28703,Net Banking,Paid,5885
28704,28704,Credit Card,Paid,267048
28705,28705,Credit Card,Paid,350184
28706,28706,Credit Card,Paid,303830
28707,28707,Debit Card,Paid,129935
28708,28708,Net Banking,Paid,295176
28709,28709,UPI,Paid,68768
28710,28710,Debit Card,Paid,240020
28711,28711,Credit Card,Paid,20420
28712,28712,Credit Card,Pending,189624
28713,28713,UPI,Paid,282300
28714,28714,Credit Card,Paid,17639
28715,28715,UPI,Pending,388530
28716,28716,Debit Card,Paid,34921
28717,28717,Net Banking,Paid,87408
28718,28718,Credit Card,Failed,61760
28719,28719,Debit Card,Paid,200727
28720,28720,UPI,Paid,87936
28721,28721,Credit Card,Paid,113015
28722,28722,Credit Card,Paid,153520
28723,28723,UPI,Paid,176004
28724,28724,Credit Card,Paid,90441
28725,28725,UPI,Paid,123048
28726,28726,Credit Card,Paid,221396
28727,28727,UPI,Failed,18380
28728,28728,UPI,Paid,81141
28729,28729,Net Banking,Paid,38152
28730,28730,UPI,Paid,146349
28731,28731,UPI,Paid,108046
28732,28732,UPI,Paid,33396
28733,28733,UPI,Paid,192528
28734,28734,Net Banking,Pending,267280
28735,28735,UPI,Paid,59036
28736,28736,Debit Card,Paid,270130
28737,28737,UPI,Failed,265040
28738,28738,Credit Card,Paid,215048
28739,28739,UPI,Paid,47652
28740,28740,UPI,Paid,263820
28741,28741,Credit Card,Paid,288738
28742,28742,Credit Card,Paid,285510
28743,28743,Credit Card,Failed,50315
28744,28744,UPI,Paid,113678
28745,28745,Cash,Failed,44751
28746,28746,Net Banking,Paid,321858
28747,28747,UPI,Paid,153468
28748,28748,UPI,Paid,241176
28749,28749,Credit Card,Paid,130236
28750,28750,Credit Card,Paid,94812
28751,28751,Debit Card,Paid,92520
28752,28752,Cash,Failed,40840
28753,28753,Debit Card,Paid,297090
28754,28754,Cash,Paid,516090
28755,28755,UPI,Paid,356097
28756,28756,Credit Card,Paid,159920
28757,28757,Debit Card,Paid,208593
28758,28758,Cash,Paid,39253
28759,28759,UPI,Paid,143175
28760,28760,Cash,Paid,93688
28761,28761,Credit Card,Paid,301716
28762,28762,Debit Card,Paid,300681
28763,28763,Debit Card,Pending,174464
28764,28764,Credit Card,Paid,268093
28765,28765,UPI,Paid,58908
28766,28766,UPI,Paid,270670
28767,28767,Credit Card,Paid,304960
28768,28768,Net Banking,Failed,51495
28769,28769,Net Banking,Pending,237588
28770,28770,Net Banking,Paid,18489
28771,28771,Credit Card,Paid,237690
28772,28772,UPI,Paid,102734
28773,28773,UPI,Paid,77725
28774,28774,UPI,Paid,450912
28775,28775,Net Banking,Paid,179040
28776,28776,Credit Card,Paid,162510
28777,28777,Credit Card,Paid,61089
28778,28778,UPI,Paid,93118
28779,28779,Net Banking,Failed,143784
28780,28780,Credit Card,Paid,88778
28781,28781,Debit Card,Failed,200312
28782,28782,UPI,Paid,111510
28783,28783,Cash,Paid,268740
28784,28784,UPI,Paid,129660
28785,28785,Debit Card,Paid,321728
28786,28786,Credit Card,Paid,128150
28787,28787,UPI,Paid,92368
28788,28788,UPI,Paid,506100
28789,28789,Net Banking,Paid,110668
28790,28790,Net Banking,Paid,159790
28791,28791,Credit Card,Paid,281730
28792,28792,Cash,Paid,314482
28793,28793,UPI,Paid,78544
28794,28794,Credit Card,Paid,88416
28795,28795,UPI,Paid,59226
28796,28796,UPI,Paid,27271
28797,28797,Cash,Paid,169770
28798,28798,Credit Card,Paid,196315
28799,28799,UPI,Paid,413685
28800,28800,UPI,Paid,104058
28801,28801,Debit Card,Paid,172836
28802,28802,UPI,Paid,42542
28803,28803,Credit Card,Paid,30189
28804,28804,Cash,Paid,45988
28805,28805,Debit Card,Paid,398664
28806,28806,Credit Card,Paid,299286
28807,28807,Debit Card,Paid,163100
28808,28808,Credit Card,Paid,90555
28809,28809,UPI,Paid,54938
28810,28810,UPI,Paid,29604
28811,28811,UPI,Paid,123452
28812,28812,Credit Card,Paid,215048
28813,28813,UPI,Pending,142940
28814,28814,Debit Card,Paid,151928
28815,28815,Cash,Paid,311670
28816,28816,Cash,Failed,258054
28817,28817,UPI,Failed,439700
28818,28818,Debit Card,Pending,321534
28819,28819,UPI,Paid,213689
28820,28820,Debit Card,Paid,61738
28821,28821,UPI,Paid,263304
28822,28822,UPI,Paid,135235
28823,28823,Debit Card,Paid,167216
28824,28824,Credit Card,Paid,44577
28825,28825,Credit Card,Paid,268215
28826,28826,UPI,Paid,62224
28827,28827,Net Banking,Failed,226652
28828,28828,UPI,Paid,426290
28829,28829,UPI,Paid,103948
28830,28830,UPI,Paid,184926
28831,28831,Cash,Paid,142712
28832,28832,Credit Card,Paid,498006
28833,28833,Net Banking,Failed,106520
28834,28834,Credit Card,Pending,421328
28835,28835,Debit Card,Paid,232974
28836,28836,Credit Card,Paid,338220
28837,28837,Net Banking,Paid,49130
28838,28838,UPI,Failed,59668
28839,28839,Credit Card,Pending,32643
28840,28840,Cash,Paid,25886
28841,28841,UPI,Paid,13800
28842,28842,Net Banking,Pending,7076
28843,28843,UPI,Paid,121131
28844,28844,UPI,Paid,57232
28845,28845,Net Banking,Paid,145554
28846,28846,UPI,Paid,152919
28847,28847,Net Banking,Paid,27303
28848,28848,UPI,Failed,89502
28849,28849,Debit Card,Paid,146787
28850,28850,UPI,Paid,82756
28851,28851,UPI,Paid,111188
28852,28852,UPI,Pending,78921
28853,28853,UPI,Paid,118818
28854,28854,UPI,Paid,139494
28855,28855,Cash,Paid,172036
28856,28856,UPI,Paid,432710
28857,28857,UPI,Paid,306230
28858,28858,UPI,Paid,55479
28859,28859,Credit Card,Paid,130465
28860,28860,UPI,Paid,442792
28861,28861,Net Banking,Paid,121131
28862,28862,Credit Card,Paid,358520
28863,28863,Credit Card,Paid,278214
28864,28864,UPI,Paid,37580
28865,28865,UPI,Paid,250590
28866,28866,Debit Card,Paid,216376
28867,28867,Net Banking,Paid,140556
28868,28868,UPI,Paid,520299
28869,28869,Credit Card,Paid,175950
28870,28870,Credit Card,Paid,336028
28871,28871,UPI,Paid,110592
28872,28872,Credit Card,Paid,48692
28873,28873,Credit Card,Paid,229856
28874,28874,Credit Card,Paid,37256
28875,28875,Debit Card,Paid,152268
28876,28876,Net Banking,Paid,167913
28877,28877,Credit Card,Paid,87200
28878,28878,UPI,Paid,411808
28879,28879,UPI,Paid,9826
28880,28880,UPI,Paid,136850
28881,28881,Credit Card,Paid,61738
28882,28882,Credit Card,Paid,51260
28883,28883,Net Banking,Paid,151668
28884,28884,Net Banking,Paid,209500
28885,28885,Credit Card,Pending,134253
28886,28886,UPI,Paid,68776
28887,28887,UPI,Failed,258588
28888,28888,Debit Card,Paid,61794
28889,28889,Credit Card,Paid,317820
28890,28890,Credit Card,Paid,190200
28891,28891,Credit Card,Paid,361944
28892,28892,UPI,Paid,191530
28893,28893,UPI,Paid,62195
28894,28894,Cash,Failed,81680
28895,28895,Net Banking,Paid,437463
28896,28896,Net Banking,Paid,320820
28897,28897,Debit Card,Paid,135235
28898,28898,UPI,Paid,437730
28899,28899,Debit Card,Paid,204428
28900,28900,Net Banking,Paid,89580
28901,28901,Debit Card,Paid,114290
28902,28902,Net Banking,Paid,8725
28903,28903,UPI,Paid,102879
28904,28904,UPI,Paid,52836
28905,28905,Credit Card,Paid,320652
28906,28906,Debit Card,Paid,53248
28907,28907,UPI,Pending,235768
28908,28908,Cash,Paid,521640
28909,28909,Net Banking,Paid,175413
28910,28910,UPI,Paid,92589
28911,28911,UPI,Paid,236862
28912,28912,UPI,Paid,117576
28913,28913,Credit Card,Paid,79280
28914,28914,Debit Card,Paid,235578
28915,28915,Credit Card,Paid,82990
28916,28916,UPI,Paid,92520
28917,28917,Credit Card,Paid,252616
28918,28918,Debit Card,Paid,405632
28919,28919,Net Banking,Paid,40592
28920,28920,Credit Card,Pending,74382
28921,28921,UPI,Paid,115364
28922,28922,Cash,Paid,343512
28923,28923,UPI,Paid,196130
28924,28924,Debit Card,Paid,16869
28925,28925,Debit Card,Paid,242680
28926,28926,Credit Card,Paid,63424
28927,28927,UPI,Paid,55334
28928,28928,Debit Card,Paid,108080
28929,28929,UPI,Failed,11858
28930,28930,Net Banking,Paid,211419
28931,28931,Net Banking,Paid,418376
28932,28932,Debit Card,Paid,307179
28933,28933,Cash,Paid,13824
28934,28934,UPI,Paid,39980
28935,28935,UPI,Paid,89580
28936,28936,UPI,Paid,116690
28937,28937,Net Banking,Failed,210664
28938,28938,Cash,Paid,313430
28939,28939,Credit Card,Pending,196305
28940,28940,Debit Card,Paid,156510
28941,28941,Debit Card,Paid,253520
28942,28942,Credit Card,Failed,153115
28943,28943,UPI,Paid,67809
28944,28944,Cash,Paid,209360
28945,28945,Credit Card,Paid,245574
28946,28946,Net Banking,Pending,292344
28947,28947,Credit Card,Paid,70556
28948,28948,Debit Card,Paid,163360
28949,28949,Net Banking,Paid,184736
28950,28950,Net Banking,Paid,325710
28951,28951,Credit Card,Paid,293634
28952,28952,UPI,Paid,240610
28953,28953,UPI,Pending,307804
28954,28954,UPI,Paid,136400
28955,28955,Debit Card,Paid,195376
28956,28956,UPI,Paid,61523
28957,28957,Debit Card,Paid,55470
28958,28958,UPI,Paid,66544
28959,28959,UPI,Paid,571500
28960,28960,UPI,Pending,262368
28961,28961,UPI,Paid,173046
28962,28962,Credit Card,Paid,380799
28963,28963,Debit Card,Paid,15585
28964,28964,Cash,Paid,43968
28965,28965,UPI,Paid,179616
28966,28966,Debit Card,Paid,192492
28967,28967,Debit Card,Paid,29942
28968,28968,UPI,Failed,31869
28969,28969,Net Banking,Paid,156060
28970,28970,UPI,Paid,232890
28971,28971,UPI,Paid,99762
28972,28972,UPI,Paid,69120
28973,28973,UPI,Pending,93376
28974,28974,UPI,Failed,243064
28975,28975,Cash,Paid,333114
28976,28976,UPI,Paid,79352
28977,28977,UPI,Paid,117783
28978,28978,Cash,Paid,115104
28979,28979,Credit Card,Paid,266469
28980,28980,Credit Card,Paid,489490
28981,28981,UPI,Paid,43092
28982,28982,UPI,Paid,192490
28983,28983,UPI,Paid,229856
28984,28984,Net Banking,Paid,44751
28985,28985,Debit Card,Pending,479770
28986,28986,Cash,Paid,332696
28987,28987,Debit Card,Failed,103950
28988,28988,Net Banking,Pending,140640
28989,28989,UPI,Failed,56502
28990,28990,UPI,Paid,11230
28991,28991,Net Banking,Failed,136755
28992,28992,Net Banking,Paid,81550
28993,28993,UPI,Paid,251034
28994,28994,UPI,Paid,506100
28995,28995,UPI,Paid,445080
28996,28996,Credit Card,Failed,140064
28997,28997,Credit Card,Paid,321755
28998,28998,Cash,Paid,116245
28999,28999,Credit Card,Paid,192059
29000,29000,Cash,Pending,50184
29001,29001,Credit Card,Paid,119550
29002,29002,Credit Card,Paid,86196
29003,29003,UPI,Paid,113751
29004,29004,Credit Card,Pending,175950
29005,29005,UPI,Paid,179040
29006,29006,UPI,Paid,174605
29007,29007,UPI,Failed,214725
29008,29008,UPI,Paid,89852
29009,29009,UPI,Paid,86319
29010,29010,Cash,Paid,150318
29011,29011,UPI,Paid,70760
29012,29012,UPI,Pending,201420
29013,29013,Cash,Paid,85568
29014,29014,UPI,Paid,91315
29015,29015,UPI,Paid,99916
29016,29016,Credit Card,Paid,37210
29017,29017,Credit Card,Paid,69630
29018,29018,UPI,Paid,142956
29019,29019,Credit Card,Pending,159744
29020,29020,Credit Card,Paid,106312
29021,29021,UPI,Pending,126258
29022,29022,Net Banking,Paid,127988
29023,29023,Net Banking,Paid,129027
29024,29024,UPI,Failed,447952
29025,29025,UPI,Paid,246720
29026,29026,UPI,Paid,13926
29027,29027,Debit Card,Paid,21456
29028,29028,Net Banking,Paid,55971
29029,29029,Cash,Paid,190424
29030,29030,UPI,Paid,192016
29031,29031,UPI,Paid,39624
29032,29032,UPI,Paid,75177
29033,29033,UPI,Paid,71325
29034,29034,UPI,Pending,9877
29035,29035,UPI,Paid,151911
29036,29036,Cash,Paid,541180
29037,29037,UPI,Pending,162743
29038,29038,UPI,Failed,84468
29039,29039,UPI,Paid,563460
29040,29040,Credit Card,Paid,46246
29041,29041,Credit Card,Paid,250326
29042,29042,UPI,Paid,240610
29043,29043,Debit Card,Pending,86018
29044,29044,Credit Card,Paid,234395
29045,29045,Cash,Paid,173976
29046,29046,UPI,Paid,241296
29047,29047,Debit Card,Paid,53640
29048,29048,Net Banking,Paid,143802
29049,29049,Credit Card,Paid,34184
29050,29050,UPI,Paid,159744
29051,29051,Debit Card,Paid,372092
29052,29052,Net Banking,Paid,318492
29053,29053,UPI,Paid,15543
29054,29054,Net Banking,Failed,108046
29055,29055,UPI,Paid,183804
29056,29056,Net Banking,Paid,26624
29057,29057,Net Banking,Paid,104855
29058,29058,UPI,Paid,229856
29059,29059,UPI,Paid,95868
29060,29060,UPI,Paid,108310
29061,29061,UPI,Paid,75964
29062,29062,UPI,Pending,105321
29063,29063,UPI,Failed,376408
29064,29064,UPI,Paid,284754
29065,29065,Debit Card,Pending,363096
29066,29066,Credit Card,Paid,257070
29067,29067,Credit Card,Pending,158284
29068,29068,Credit Card,Paid,167272
29069,29069,UPI,Paid,87546
29070,29070,UPI,Paid,92055
29071,29071,UPI,Pending,71356
29072,29072,Credit Card,Failed,174330
29073,29073,Debit Card,Paid,470540
29074,29074,UPI,Paid,167768
29075,29075,Net Banking,Paid,161286
29076,29076,UPI,Paid,178003
29077,29077,UPI,Paid,16897
29078,29078,UPI,Paid,170168
29079,29079,Credit Card,Paid,13202
29080,29080,Net Banking,Paid,281810
29081,29081,Net Banking,Paid,118713
29082,29082,UPI,Pending,318690
29083,29083,Credit Card,Paid,162105
29084,29084,UPI,Paid,407750
29085,29085,Credit Card,Paid,66288
29086,29086,Debit Card,Paid,113678
29087,29087,UPI,Paid,457407
29088,29088,UPI,Paid,84156
29089,29089,Debit Card,Paid,165650
29090,29090,Net Banking,Pending,368350
29091,29091,Debit Card,Paid,278658
29092,29092,Credit Card,Paid,44313
29093,29093,UPI,Paid,245749
29094,29094,Debit Card,Paid,142218
29095,29095,UPI,Pending,92492
29096,29096,UPI,Failed,189624
29097,29097,UPI,Paid,272885
29098,29098,Cash,Failed,247650
29099,29099,UPI,Paid,146448
29100,29100,Credit Card,Paid,309252
29101,29101,Cash,Paid,47568
29102,29102,UPI,Paid,155500
29103,29103,Credit Card,Paid,28772
29104,29104,Debit Card,Failed,159246
29105,29105,Debit Card,Paid,237762
29106,29106,UPI,Paid,14971
29107,29107,Credit Card,Paid,169928
29108,29108,UPI,Paid,196200
29109,29109,Net Banking,Paid,59048
29110,29110,UPI,Paid,260930
29111,29111,UPI,Paid,261450
29112,29112,Debit Card,Paid,89056
29113,29113,UPI,Paid,79016
29114,29114,UPI,Paid,88760
29115,29115,UPI,Pending,122536
29116,29116,Credit Card,Paid,157012
29117,29117,Cash,Pending,79212
29118,29118,UPI,Paid,130848
29119,29119,Credit Card,Paid,202816
29120,29120,Cash,Pending,20508
29121,29121,Credit Card,Paid,58956
29122,29122,Credit Card,Paid,327474
29123,29123,UPI,Paid,70014
29124,29124,Debit Card,Paid,189469
29125,29125,Credit Card,Paid,335874
29126,29126,Credit Card,Paid,283980
29127,29127,Credit Card,Failed,48393
29128,29128,Credit Card,Paid,214356
29129,29129,Cash,Paid,38387
29130,29130,UPI,Paid,276745
29131,29131,Cash,Paid,268142
29132,29132,UPI,Paid,78200
29133,29133,UPI,Paid,152574
29134,29134,UPI,Failed,398430
29135,29135,UPI,Paid,7574
29136,29136,UPI,Paid,29613
29137,29137,UPI,Paid,35461
29138,29138,Credit Card,Paid,22599
29139,29139,Credit Card,Pending,102100
29140,29140,UPI,Paid,224365
29141,29141,UPI,Pending,308720
29142,29142,Credit Card,Paid,21858
29143,29143,Debit Card,Pending,255774
29144,29144,UPI,Pending,87232
29145,29145,UPI,Paid,41850
29146,29146,Credit Card,Paid,33254
29147,29147,UPI,Paid,31170
29148,29148,UPI,Paid,119196
29149,29149,UPI,Paid,18111
29150,29150,UPI,Paid,65136
29151,29151,UPI,Paid,211555
29152,29152,Credit Card,Paid,213975
29153,29153,Net Banking,Paid,368361
29154,29154,Credit Card,Paid,35544
29155,29155,UPI,Failed,402288
29156,29156,Credit Card,Paid,47652
29157,29157,UPI,Paid,193700
29158,29158,UPI,Failed,368472
29159,29159,UPI,Failed,300402
29160,29160,Credit Card,Paid,114290
29161,29161,UPI,Paid,440091
29162,29162,Debit Card,Paid,304536
29163,29163,UPI,Paid,358587
29164,29164,Credit Card,Paid,58110
29165,29165,UPI,Failed,27950
29166,29166,Credit Card,Paid,11132
29167,29167,UPI,Paid,75177
29168,29168,UPI,Paid,452940
29169,29169,Credit Card,Paid,61350
29170,29170,UPI,Paid,136515
29171,29171,Debit Card,Paid,116755
29172,29172,Cash,Paid,197267
29173,29173,UPI,Paid,244984
29174,29174,Credit Card,Paid,125295
29175,29175,Credit Card,Paid,61336
29176,29176,UPI,Paid,379248
29177,29177,Cash,Pending,32680
29178,29178,Net Banking,Failed,34908
29179,29179,Net Banking,Paid,95607
29180,29180,UPI,Paid,72704
29181,29181,Cash,Paid,68262
29182,29182,Net Banking,Paid,307764
29183,29183,Debit Card,Pending,392610
29184,29184,Cash,Pending,71646
29185,29185,Cash,Pending,56180
29186,29186,Credit Card,Paid,208080
29187,29187,UPI,Paid,423200
29188,29188,UPI,Paid,102952
29189,29189,Debit Card,Paid,37982
29190,29190,Debit Card,Paid,174605
29191,29191,Debit Card,Failed,406048
29192,29192,Net Banking,Paid,200472
29193,29193,UPI,Paid,480040
29194,29194,UPI,Paid,235403
29195,29195,Credit Card,Paid,52186
29196,29196,UPI,Paid,285425
29197,29197,UPI,Paid,183804
29198,29198,Net Banking,Paid,232974
29199,29199,Net Banking,Paid,142377
29200,29200,Cash,Paid,187430
29201,29201,UPI,Failed,64164
29202,29202,UPI,Paid,44380
29203,29203,Credit Card,Paid,309492
29204,29204,Credit Card,Paid,296300
29205,29205,UPI,Paid,173880
29206,29206,Credit Card,Paid,321755
29207,29207,Debit Card,Paid,280900
29208,29208,Credit Card,Paid,453304
29209,29209,Credit Card,Paid,23491
29210,29210,UPI,Paid,50637
29211,29211,Debit Card,Paid,213824
29212,29212,UPI,Pending,303660
29213,29213,Debit Card,Paid,26768
29214,29214,Credit Card,Paid,218308
29215,29215,UPI,Paid,291159
29216,29216,Debit Card,Failed,43970
29217,29217,Net Banking,Paid,294710
29218,29218,Cash,Paid,174400
29219,29219,Cash,Paid,296166
29220,29220,Credit Card,Paid,58942
29221,29221,Net Banking,Paid,359345
29222,29222,UPI,Paid,200268
29223,29223,UPI,Pending,301693
29224,29224,UPI,Paid,208744
29225,29225,Credit Card,Paid,284195
29226,29226,Credit Card,Paid,26768
29227,29227,Debit Card,Paid,121032
29228,29228,UPI,Paid,167111
29229,29229,UPI,Paid,118713
29230,29230,UPI,Paid,286821
29231,29231,Credit Card,Paid,133016
29232,29232,UPI,Paid,37826
29233,29233,Net Banking,Paid,33144
29234,29234,Debit Card,Failed,137080
29235,29235,UPI,Paid,374094
29236,29236,UPI,Paid,39781
29237,29237,Credit Card,Failed,447768
29238,29238,Credit Card,Paid,163752
29239,29239,UPI,Paid,215045
29240,29240,UPI,Paid,106380
29241,29241,Credit Card,Pending,234330
29242,29242,Cash,Paid,356064
29243,29243,Credit Card,Failed,19754
29244,29244,Net Banking,Paid,447912
29245,29245,UPI,Paid,173192
29246,29246,UPI,Paid,108046
29247,29247,UPI,Paid,54519
29248,29248,Credit Card,Paid,68776
29249,29249,Net Banking,Paid,157164
29250,29250,Net Banking,Paid,28304
29251,29251,Debit Card,Paid,246720
29252,29252,Credit Card,Paid,487830
29253,29253,Cash,Paid,17578
29254,29254,Credit Card,Paid,427536
29255,29255,Net Banking,Paid,27047
29256,29256,Net Banking,Paid,85260
29257,29257,UPI,Paid,169575
29258,29258,Credit Card,Paid,171136
29259,29259,UPI,Paid,274912
29260,29260,UPI,Paid,68768
29261,29261,UPI,Paid,95170
29262,29262,UPI,Paid,86880
29263,29263,UPI,Failed,486207
29264,29264,Net Banking,Paid,232904
29265,29265,Credit Card,Paid,20596
29266,29266,UPI,Paid,195596
29267,29267,UPI,Paid,341481
29268,29268,Cash,Paid,213904
29269,29269,Debit Card,Paid,293634
29270,29270,UPI,Paid,22360
29271,29271,Credit Card,Pending,58272
29272,29272,Net Banking,Paid,202696
29273,29273,Credit Card,Paid,523620
29274,29274,UPI,Paid,73251
29275,29275,UPI,Paid,201124
29276,29276,Net Banking,Paid,51950
29277,29277,Debit Card,Paid,307804
29278,29278,Net Banking,Paid,404850
29279,29279,Credit Card,Paid,114147
29280,29280,UPI,Paid,223020
29281,29281,UPI,Paid,195723
29282,29282,Net Banking,Paid,103544
29283,29283,UPI,Paid,461601
29284,29284,UPI,Paid,87270
29285,29285,Net Banking,Failed,224416
29286,29286,Net Banking,Paid,384032
29287,29287,Debit Card,Paid,16251
29288,29288,UPI,Failed,106855
29289,29289,Cash,Paid,254355
29290,29290,Cash,Paid,74700
29291,29291,Debit Card,Failed,64524
29292,29292,UPI,Pending,83884
29293,29293,UPI,Paid,249480
29294,29294,Cash,Paid,180792
29295,29295,Debit Card,Paid,380604
29296,29296,Credit Card,Paid,146502
29297,29297,UPI,Paid,79352
29298,29298,UPI,Pending,309463
29299,29299,UPI,Paid,339540
29300,29300,UPI,Paid,20689
29301,29301,Credit Card,Paid,114918
29302,29302,Debit Card,Failed,140450
29303,29303,UPI,Paid,235255
29304,29304,UPI,Paid,437730
29305,29305,UPI,Paid,82311
29306,29306,Cash,Failed,214725
29307,29307,Credit Card,Paid,221336
29308,29308,UPI,Pending,428450
29309,29309,Net Banking,Paid,36606
29310,29310,UPI,Pending,178920
29311,29311,Credit Card,Paid,319896
29312,29312,Credit Card,Failed,32680
29313,29313,Debit Card,Paid,173124
29314,29314,UPI,Paid,143175
29315,29315,UPI,Paid,57612
29316,29316,UPI,Pending,371475
29317,29317,UPI,Pending,82383
29318,29318,Credit Card,Paid,165980
29319,29319,UPI,Paid,140004
29320,29320,Credit Card,Paid,199900
29321,29321,Debit Card,Paid,263330
29322,29322,Credit Card,Paid,197414
29323,29323,Credit Card,Paid,15545
29324,29324,UPI,Paid,53082
29325,29325,UPI,Paid,35310
29326,29326,Net Banking,Paid,308856
29327,29327,Credit Card,Paid,127128
29328,29328,UPI,Paid,135176
29329,29329,UPI,Paid,32502
29330,29330,Cash,Paid,33480
29331,29331,Cash,Paid,47764
29332,29332,UPI,Paid,125372
29333,29333,Debit Card,Failed,219258
29334,29334,Credit Card,Paid,132888
29335,29335,Debit Card,Paid,137456
29336,29336,UPI,Failed,105844
29337,29337,Credit Card,Paid,336150
29338,29338,UPI,Paid,17455
29339,29339,UPI,Paid,241296
29340,29340,Debit Card,Paid,111188
29341,29341,Cash,Paid,217488
29342,29342,UPI,Paid,202548
29343,29343,Cash,Paid,46953
29344,29344,UPI,Paid,291109
29345,29345,Debit Card,Pending,149400
29346,29346,Credit Card,Paid,168970
29347,29347,Net Banking,Paid,88890
29348,29348,UPI,Paid,158221
29349,29349,Cash,Failed,592930
29350,29350,Credit Card,Paid,252616
29351,29351,UPI,Paid,226285
29352,29352,Net Banking,Paid,162510
29353,29353,UPI,Paid,65241
29354,29354,UPI,Paid,304128
29355,29355,Cash,Paid,173648
29356,29356,UPI,Pending,491256
29357,29357,Debit Card,Failed,135753
29358,29358,UPI,Paid,83502
29359,29359,UPI,Pending,25767
29360,29360,UPI,Paid,66288
29361,29361,Net Banking,Paid,36040
29362,29362,UPI,Paid,382088
29363,29363,Debit Card,Paid,318800
29364,29364,Debit Card,Paid,177597
29365,29365,Credit Card,Paid,73795
29366,29366,UPI,Paid,119529
29367,29367,Credit Card,Paid,136755
29368,29368,UPI,Pending,10728
29369,29369,UPI,Paid,139170
29370,29370,UPI,Paid,53762
29371,29371,Credit Card,Paid,304938
29372,29372,Cash,Paid,54584
29373,29373,Net Banking,Paid,384980
29374,29374,UPI,Failed,13926
29375,29375,Debit Card,Paid,197444
29376,29376,Cash,Paid,124344
29377,29377,UPI,Paid,404880
29378,29378,Credit Card,Paid,53260
29379,29379,Credit Card,Paid,218412
29380,29380,Credit Card,Paid,184175
29381,29381,UPI,Paid,45726
29382,29382,Debit Card,Paid,225990
29383,29383,UPI,Pending,68200
29384,29384,Credit Card,Paid,196315
29385,29385,UPI,Paid,120940
29386,29386,Net Banking,Pending,287730
29387,29387,Net Banking,Paid,13508
29388,29388,Credit Card,Failed,153375
29389,29389,UPI,Paid,49528
29390,29390,UPI,Paid,376334
29391,29391,Credit Card,Failed,328734
29392,29392,UPI,Paid,71325
29393,29393,UPI,Pending,232778
29394,29394,Debit Card,Paid,73212
29395,29395,Cash,Pending,84270
29396,29396,UPI,Paid,356400
29397,29397,Credit Card,Paid,151830
29398,29398,UPI,Paid,518661
29399,29399,Cash,Paid,154960
29400,29400,Credit Card,Paid,195858
29401,29401,Debit Card,Paid,127446
29402,29402,Debit Card,Paid,24646
29403,29403,UPI,Paid,46879
29404,29404,Debit Card,Paid,400572
29405,29405,Credit Card,Paid,102952
29406,29406,Net Banking,Paid,273054
29407,29407,Debit Card,Paid,325913
29408,29408,UPI,Paid,134280
29409,29409,Credit Card,Paid,8190
29410,29410,UPI,Paid,86184
29411,29411,Credit Card,Paid,470500
29412,29412,Credit Card,Paid,262638
29413,29413,UPI,Paid,47977
29414,29414,Debit Card,Paid,58839
29415,29415,UPI,Paid,175950
29416,29416,UPI,Paid,178122
29417,29417,Net Banking,Paid,73224
29418,29418,Debit Card,Paid,172887
29419,29419,Credit Card,Paid,333768
29420,29420,UPI,Paid,28832
29421,29421,Debit Card,Paid,172179
29422,29422,Net Banking,Paid,358320
29423,29423,Net Banking,Paid,121984
29424,29424,Credit Card,Paid,344990
29425,29425,UPI,Paid,73520
29426,29426,Credit Card,Paid,55704
29427,29427,Debit Card,Paid,47568
29428,29428,Debit Card,Paid,362718
29429,29429,UPI,Pending,110196
29430,29430,Debit Card,Paid,127832
29431,29431,Cash,Paid,44277
29432,29432,Net Banking,Paid,98240
29433,29433,Debit Card,Failed,308735
29434,29434,UPI,Paid,16740
29435,29435,Net Banking,Paid,49958
29436,29436,Credit Card,Paid,96850
29437,29437,UPI,Pending,56708
29438,29438,Credit Card,Paid,267272
29439,29439,Credit Card,Paid,385900
29440,29440,Cash,Paid,174260
29441,29441,UPI,Failed,381680
29442,29442,UPI,Paid,267183
29443,29443,UPI,Paid,344736
29444,29444,Cash,Paid,36346
29445,29445,Net Banking,Paid,114504
29446,29446,Net Banking,Paid,112300
29447,29447,UPI,Paid,307179
29448,29448,Debit Card,Failed,88760
29449,29449,Debit Card,Paid,159040
29450,29450,Credit Card,Paid,379652
29451,29451,Credit Card,Pending,78610
29452,29452,UPI,Paid,31690
29453,29453,Net Banking,Paid,24732
29454,29454,Cash,Failed,121125
29455,29455,UPI,Paid,44054
29456,29456,Credit Card,Paid,194145
29457,29457,Credit Card,Paid,185178
29458,29458,Debit Card,Paid,47459
29459,29459,Net Banking,Paid,566630
29460,29460,Net Banking,Failed,13384
29461,29461,UPI,Paid,187408
29462,29462,UPI,Paid,30166
29463,29463,Net Banking,Paid,52365
29464,29464,Credit Card,Pending,35156
29465,29465,UPI,Paid,256284
29466,29466,UPI,Paid,297794
29467,29467,UPI,Paid,112360
29468,29468,UPI,Paid,378826
29469,29469,Net Banking,Paid,161940
29470,29470,UPI,Pending,250590
29471,29471,Credit Card,Failed,9871
29472,29472,Debit Card,Paid,56362
29473,29473,Debit Card,Paid,25767
29474,29474,Debit Card,Paid,18935
29475,29475,Cash,Paid,336028
29476,29476,UPI,Paid,176517
29477,29477,UPI,Paid,286136
29478,29478,UPI,Paid,71534
29479,29479,UPI,Paid,78526
29480,29480,Cash,Paid,139887
29481,29481,UPI,Paid,206080
29482,29482,Credit Card,Paid,178920
29483,29483,Cash,Paid,17770
29484,29484,Credit Card,Paid,273750
29485,29485,UPI,Paid,280692
29486,29486,Net Banking,Paid,116220
29487,29487,Debit Card,Paid,403403
29488,29488,UPI,Failed,219401
29489,29489,UPI,Failed,88362
29490,29490,Credit Card,Paid,251430
29491,29491,UPI,Paid,296240
29492,29492,Cash,Paid,181110
29493,29493,UPI,Paid,52365
29494,29494,UPI,Failed,412160
29495,29495,Cash,Pending,192016
29496,29496,UPI,Paid,146736
29497,29497,Credit Card,Paid,175800
29498,29498,UPI,Paid,253050
29499,29499,UPI,Paid,32082
29500,29500,UPI,Paid,85296
29501,29501,Debit Card,Paid,331818
29502,29502,UPI,Paid,283315
29503,29503,Credit Card,Pending,25856
29504,29504,Cash,Paid,98490
29505,29505,Credit Card,Paid,133120
29506,29506,UPI,Paid,107124
29507,29507,Cash,Paid,104855
29508,29508,UPI,Paid,44380
29509,29509,Credit Card,Paid,237030
29510,29510,UPI,Paid,238686
29511,29511,UPI,Paid,189469
29512,29512,Debit Card,Paid,355761
29513,29513,UPI,Pending,246805
29514,29514,Credit Card,Paid,406584
29515,29515,Credit Card,Paid,239910
29516,29516,UPI,Failed,29934
29517,29517,Debit Card,Paid,89840
29518,29518,Credit Card,Paid,319840
29519,29519,Credit Card,Paid,18567
29520,29520,UPI,Paid,147040
29521,29521,Debit Card,Paid,210544
29522,29522,Net Banking,Paid,434120
29523,29523,Net Banking,Paid,308630
29524,29524,Credit Card,Failed,115161
29525,29525,Credit Card,Paid,556630
29526,29526,UPI,Paid,318563
29527,29527,UPI,Paid,156900
29528,29528,Cash,Paid,22762
29529,29529,UPI,Paid,152635
29530,29530,UPI,Paid,427648
29531,29531,UPI,Failed,453304
29532,29532,Credit Card,Paid,100702
29533,29533,Credit Card,Failed,98392
29534,29534,Credit Card,Paid,164612
29535,29535,Credit Card,Pending,50297
29536,29536,Debit Card,Paid,132315
29537,29537,Net Banking,Paid,286896
29538,29538,Credit Card,Paid,141010
29539,29539,UPI,Paid,130011
29540,29540,UPI,Paid,64842
29541,29541,Credit Card,Paid,369744
29542,29542,Credit Card,Paid,455733
29543,29543,Net Banking,Pending,164864
29544,29544,Net Banking,Paid,93704
29545,29545,Net Banking,Paid,392400
29546,29546,UPI,Paid,161861
29547,29547,UPI,Paid,123825
29548,29548,UPI,Paid,254115
29549,29549,Credit Card,Paid,40024
29550,29550,Net Banking,Paid,229856
29551,29551,Debit Card,Paid,35504
29552,29552,Credit Card,Paid,65286
29553,29553,Credit Card,Paid,124448
29554,29554,Debit Card,Paid,238880
29555,29555,UPI,Paid,106520
29556,29556,UPI,Paid,357084
29557,29557,UPI,Failed,79101
29558,29558,Debit Card,Pending,388672
29559,29559,UPI,Paid,162282
29560,29560,Credit Card,Paid,67588
29561,29561,UPI,Paid,69369
29562,29562,Credit Card,Paid,30288
29563,29563,UPI,Paid,249746
29564,29564,UPI,Paid,154626
29565,29565,UPI,Failed,92466
29566,29566,Debit Card,Paid,457407
29567,29567,Cash,Paid,301716
29568,29568,Credit Card,Failed,91315
29569,29569,Debit Card,Paid,69260
29570,29570,Credit Card,Paid,110505
29571,29571,Cash,Paid,68392
29572,29572,UPI,Paid,516090
29573,29573,Debit Card,Pending,32760
29574,29574,UPI,Paid,53590
29575,29575,Cash,Paid,43248
29576,29576,Net Banking,Paid,95492
29577,29577,Net Banking,Paid,145700
29578,29578,UPI,Paid,140640
29579,29579,Net Banking,Paid,288024
29580,29580,UPI,Paid,140886
29581,29581,Cash,Failed,163731
29582,29582,UPI,Paid,66808
29583,29583,Debit Card,Failed,32262
29584,29584,Credit Card,Failed,140260
29585,29585,UPI,Paid,22722
29586,29586,Cash,Paid,377829
29587,29587,Credit Card,Paid,191712
29588,29588,Credit Card,Paid,46498
29589,29589,Credit Card,Pending,315996
29590,29590,Debit Card,Paid,73266
29591,29591,UPI,Paid,34270
29592,29592,Net Banking,Paid,214361
29593,29593,Credit Card,Paid,53310
29594,29594,Credit Card,Paid,47937
29595,29595,UPI,Paid,114504
29596,29596,Credit Card,Failed,563640
29597,29597,Credit Card,Paid,45745
29598,29598,UPI,Paid,308220
29599,29599,UPI,Paid,228224
29600,29600,UPI,Paid,121400
29601,29601,Net Banking,Paid,58839
29602,29602,Debit Card,Paid,53456
29603,29603,UPI,Paid,18298
29604,29604,Credit Card,Failed,441450
29605,29605,UPI,Paid,232000
29606,29606,UPI,Paid,147355
29607,29607,UPI,Pending,210897
29608,29608,Credit Card,Failed,95380
29609,29609,Net Banking,Pending,65160
29610,29610,UPI,Paid,469566
29611,29611,Debit Card,Paid,96573
29612,29612,UPI,Paid,71480
29613,29613,UPI,Pending,184236
29614,29614,Debit Card,Paid,391797
29615,29615,Debit Card,Paid,333768
29616,29616,UPI,Paid,103089
29617,29617,Net Banking,Failed,142377
29618,29618,Credit Card,Paid,423376
29619,29619,Credit Card,Paid,39687
29620,29620,Credit Card,Paid,80970
29621,29621,Credit Card,Pending,13202
29622,29622,UPI,Paid,259368
29623,29623,UPI,Paid,207424
29624,29624,Debit Card,Paid,39624
29625,29625,Credit Card,Paid,58850
29626,29626,Net Banking,Paid,165420
29627,29627,UPI,Paid,51156
29628,29628,UPI,Paid,383661
29629,29629,Net Banking,Paid,121125
29630,29630,Debit Card,Paid,191016
29631,29631,Credit Card,Failed,136784
29632,29632,UPI,Paid,18913
29633,29633,UPI,Paid,331310
29634,29634,Credit Card,Pending,142614
29635,29635,UPI,Paid,71280
29636,29636,UPI,Paid,141036
29637,29637,Credit Card,Failed,97214
29638,29638,UPI,Paid,150354
29639,29639,Credit Card,Paid,31958
29640,29640,UPI,Paid,16770
29641,29641,Net Banking,Pending,423450
29642,29642,Credit Card,Paid,212960
29643,29643,Net Banking,Paid,235578
29644,29644,Cash,Paid,169086
29645,29645,UPI,Paid,98928
29646,29646,UPI,Failed,389641
29647,29647,Debit Card,Paid,512940
29648,29648,Net Banking,Paid,431700
29649,29649,Cash,Paid,301470
29650,29650,Credit Card,Pending,430990
29651,29651,UPI,Pending,106855
29652,29652,UPI,Paid,304536
29653,29653,Net Banking,Pending,59094
29654,29654,Credit Card,Pending,13020
29655,29655,Credit Card,Paid,97263
29656,29656,Debit Card,Paid,106496
29657,29657,Net Banking,Paid,293787
29658,29658,UPI,Paid,231174
29659,29659,Credit Card,Paid,173760
29660,29660,Debit Card,Paid,463680
29661,29661,UPI,Paid,159570
29662,29662,UPI,Pending,464000
29663,29663,UPI,Paid,150201
29664,29664,UPI,Paid,415870
29665,29665,Net Banking,Paid,88182
29666,29666,Debit Card,Failed,167157
29667,29667,UPI,Paid,429525
29668,29668,Net Banking,Paid,79101
29669,29669,Net Banking,Paid,250369
29670,29670,Debit Card,Failed,54584
29671,29671,Debit Card,Paid,38299
29672,29672,Debit Card,Paid,102734
29673,29673,Cash,Failed,288738
29674,29674,Net Banking,Pending,101376
29675,29675,Cash,Paid,43968
29676,29676,UPI,Paid,39640
29677,29677,Net Banking,Failed,144693
29678,29678,Credit Card,Paid,200120
29679,29679,UPI,Paid,411808
29680,29680,Credit Card,Paid,230728
29681,29681,Credit Card,Paid,76944
29682,29682,Credit Card,Paid,355761
29683,29683,Credit Card,Paid,148584
29684,29684,UPI,Paid,47406
29685,29685,Credit Card,Paid,124110
29686,29686,UPI,Pending,177300
29687,29687,UPI,Pending,101646
29688,29688,UPI,Paid,221752
29689,29689,Cash,Paid,23123
29690,29690,Credit Card,Paid,64113
29691,29691,Cash,Paid,43092
29692,29692,Credit Card,Failed,77020
29693,29693,UPI,Paid,46530
29694,29694,UPI,Paid,343512
29695,29695,Debit Card,Paid,150891
29696,29696,Net Banking,Paid,281810
29697,29697,UPI,Paid,52804
29698,29698,UPI,Paid,82756
29699,29699,UPI,Failed,113326
29700,29700,Credit Card,Paid,18493
29701,29701,Credit Card,Paid,26093
29702,29702,UPI,Paid,10148
29703,29703,UPI,Failed,491193
29704,29704,Credit Card,Failed,14269
29705,29705,Net Banking,Failed,123476
29706,29706,UPI,Pending,46559
29707,29707,UPI,Paid,208080
29708,29708,UPI,Paid,56708
29709,29709,UPI,Pending,285425
29710,29710,UPI,Failed,23882
29711,29711,UPI,Paid,95528
29712,29712,Net Banking,Paid,306180
29713,29713,Credit Card,Paid,172522
29714,29714,Credit Card,Failed,242910
29715,29715,UPI,Paid,103890
29716,29716,UPI,Paid,180824
29717,29717,Cash,Failed,97688
29718,29718,Net Banking,Paid,138177
29719,29719,Cash,Paid,208605
29720,29720,Credit Card,Paid,121984
29721,29721,UPI,Paid,110196
29722,29722,Debit Card,Paid,206304
29723,29723,UPI,Failed,237925
29724,29724,Credit Card,Paid,129404
29725,29725,UPI,Paid,122532
29726,29726,UPI,Paid,85776
29727,29727,UPI,Paid,225480
29728,29728,UPI,Paid,46530
29729,29729,UPI,Paid,76336
29730,29730,UPI,Failed,148840
29731,29731,UPI,Paid,113728
29732,29732,UPI,Paid,159920
29733,29733,UPI,Pending,166270
29734,29734,UPI,Paid,93852
29735,29735,UPI,Paid,105332
29736,29736,Credit Card,Paid,331002
29737,29737,Net Banking,Paid,391296
29738,29738,UPI,Failed,207424
29739,29739,UPI,Failed,167913
29740,29740,UPI,Pending,245727
29741,29741,Credit Card,Failed,201411
29742,29742,UPI,Failed,215172
29743,29743,Credit Card,Paid,131590
29744,29744,UPI,Paid,135335
29745,29745,Credit Card,Paid,92407
29746,29746,Cash,Paid,64308
29747,29747,Debit Card,Paid,225616
29748,29748,UPI,Paid,43400
29749,29749,Credit Card,Paid,566630
29750,29750,UPI,Paid,576290
29751,29751,UPI,Paid,382088
29752,29752,UPI,Pending,222540
29753,29753,Cash,Paid,37350
29754,29754,Credit Card,Paid,97929
29755,29755,UPI,Paid,301670
29756,29756,Credit Card,Paid,58668
29757,29757,UPI,Paid,56973
29758,29758,Cash,Paid,59154
29759,29759,UPI,Failed,573930
29760,29760,UPI,Paid,249522
29761,29761,UPI,Pending,196994
29762,29762,UPI,Paid,288738
29763,29763,UPI,Paid,11180
29764,29764,UPI,Pending,72056
29765,29765,Credit Card,Paid,79686
29766,29766,Debit Card,Paid,231244
29767,29767,Cash,Pending,30296
29768,29768,Cash,Paid,191900
29769,29769,Debit Card,Paid,94029
29770,29770,UPI,Paid,126760
29771,29771,Credit Card,Paid,94108
29772,29772,Credit Card,Paid,92640
29773,29773,Credit Card,Paid,136400
29774,29774,Net Banking,Paid,41751
29775,29775,UPI,Paid,265239
29776,29776,Net Banking,Paid,356400
29777,29777,Credit Card,Paid,299888
29778,29778,UPI,Failed,379170
29779,29779,Debit Card,Paid,94024
29780,29780,Net Banking,Paid,389439
29781,29781,Debit Card,Paid,416160
29782,29782,Credit Card,Paid,168852
29783,29783,Credit Card,Paid,223884
29784,29784,Debit Card,Paid,299748
29785,29785,UPI,Paid,201411
29786,29786,UPI,Paid,408440
29787,29787,Credit Card,Paid,214360
29788,29788,Net Banking,Paid,29645
29789,29789,Credit Card,Paid,185178
29790,29790,Net Banking,Pending,508230
29791,29791,UPI,Paid,122472
29792,29792,UPI,Paid,387338
29793,29793,Debit Card,Paid,181728
29794,29794,Net Banking,Paid,294370
29795,29795,Debit Card,Paid,356139
29796,29796,UPI,Paid,80655
29797,29797,UPI,Paid,52734
29798,29798,Net Banking,Paid,200472
29799,29799,UPI,Paid,130272
29800,29800,Credit Card,Paid,162126
29801,29801,Debit Card,Paid,82311
29802,29802,Debit Card,Paid,536430
29803,29803,Debit Card,Paid,86184
29804,29804,Net Banking,Paid,52636
29805,29805,Credit Card,Paid,308856
29806,29806,Credit Card,Paid,232704
29807,29807,Net Banking,Paid,263330
29808,29808,Credit Card,Paid,215460
29809,29809,Cash,Paid,28732
29810,29810,Debit Card,Failed,108264
29811,29811,Cash,Paid,31690
29812,29812,Credit Card,Paid,229572
29813,29813,Debit Card,Paid,232795
29814,29814,Debit Card,Paid,253818
29815,29815,Net Banking,Pending,489348
29816,29816,Cash,Paid,16251
29817,29817,UPI,Paid,24646
29818,29818,Credit Card,Paid,215850
29819,29819,Debit Card,Paid,58160
29820,29820,Credit Card,Paid,106855
29821,29821,UPI,Paid,139775
29822,29822,Credit Card,Failed,310520
29823,29823,Debit Card,Paid,167756
29824,29824,UPI,Paid,191168
29825,29825,Debit Card,Paid,48949
29826,29826,Credit Card,Paid,22863
29827,29827,UPI,Pending,167216
29828,29828,Debit Card,Paid,34100
29829,29829,UPI,Paid,90080
29830,29830,UPI,Paid,109290
29831,29831,UPI,Paid,57570
29832,29832,UPI,Paid,78255
29833,29833,UPI,Failed,31545
29834,29834,Credit Card,Pending,93028
29835,29835,UPI,Paid,329508
29836,29836,UPI,Paid,180369
29837,29837,Credit Card,Failed,144888
29838,29838,Debit Card,Paid,102578
29839,29839,Credit Card,Paid,75507
29840,29840,Credit Card,Paid,110606
29841,29841,Cash,Failed,182166
29842,29842,UPI,Paid,187408
29843,29843,UPI,Paid,173696
29844,29844,UPI,Paid,355761
29845,29845,Cash,Paid,130572
29846,29846,Credit Card,Pending,212992
29847,29847,UPI,Paid,76210
29848,29848,UPI,Failed,116755
29849,29849,UPI,Paid,238625
29850,29850,UPI,Failed,100594
29851,29851,UPI,Paid,216536
29852,29852,UPI,Paid,120940
29853,29853,UPI,Paid,275790
29854,29854,UPI,Paid,125943
29855,29855,Credit Card,Paid,110876
29856,29856,UPI,Pending,173648
29857,29857,Net Banking,Paid,51260
29858,29858,UPI,Pending,54519
29859,29859,UPI,Paid,23639
29860,29860,UPI,Paid,170968
29861,29861,UPI,Paid,206436
29862,29862,Credit Card,Paid,219258
29863,29863,Credit Card,Failed,284195
29864,29864,Credit Card,Paid,42542
29865,29865,UPI,Paid,33254
29866,29866,UPI,Pending,255252
29867,29867,UPI,Paid,275992
29868,29868,Debit Card,Paid,41560
29869,29869,Credit Card,Paid,287973
29870,29870,UPI,Failed,36222
29871,29871,Credit Card,Pending,258588
29872,29872,Credit Card,Paid,149710
29873,29873,Credit Card,Paid,109830
29874,29874,Net Banking,Paid,90864
29875,29875,UPI,Paid,172710
29876,29876,Credit Card,Pending,223976
29877,29877,UPI,Paid,422658
29878,29878,Credit Card,Paid,67380
29879,29879,Net Banking,Paid,71416
29880,29880,Credit Card,Pending,358984
29881,29881,Credit Card,Paid,164064
29882,29882,UPI,Paid,576290
29883,29883,Debit Card,Paid,120940
29884,29884,Credit Card,Paid,1725
29885,29885,Cash,Paid,30869
29886,29886,Debit Card,Paid,192339
29887,29887,Credit Card,Paid,284436
29888,29888,Credit Card,Paid,17454
29889,29889,UPI,Pending,49130
29890,29890,Credit Card,Paid,283315
29891,29891,Credit Card,Paid,243423
29892,29892,UPI,Failed,58280
29893,29893,UPI,Paid,126258
29894,29894,Cash,Paid,92436
29895,29895,Debit Card,Pending,308720
29896,29896,UPI,Paid,319149
29897,29897,UPI,Paid,209905
29898,29898,Net Banking,Paid,95212
29899,29899,Net Banking,Paid,122740
29900,29900,UPI,Paid,407750
29901,29901,Credit Card,Paid,278214
29902,29902,Debit Card,Paid,200312
29903,29903,Debit Card,Pending,253185
29904,29904,Net Banking,Failed,180440
29905,29905,UPI,Paid,163716
29906,29906,Credit Card,Paid,403020
29907,29907,UPI,Paid,245480
29908,29908,Debit Card,Paid,43565
29909,29909,Net Banking,Paid,118752
29910,29910,UPI,Pending,75834
29911,29911,UPI,Paid,150318
29912,29912,UPI,Paid,424820
29913,29913,Credit Card,Paid,377451
29914,29914,Cash,Paid,359058
29915,29915,Credit Card,Paid,173192
29916,29916,Debit Card,Paid,220270
29917,29917,Net Banking,Paid,258054
29918,29918,Debit Card,Paid,253278
29919,29919,Credit Card,Paid,198800
29920,29920,UPI,Paid,85062
29921,29921,UPI,Paid,309492
29922,29922,Cash,Pending,82383
29923,29923,UPI,Paid,93028
29924,29924,Cash,Paid,44181
29925,29925,Cash,Pending,316568
29926,29926,UPI,Pending,140004
29927,29927,UPI,Paid,226360
29928,29928,Credit Card,Paid,117530
29929,29929,UPI,Paid,92055
29930,29930,UPI,Paid,170954
29931,29931,UPI,Pending,142818
29932,29932,Credit Card,Paid,188739
29933,29933,Net Banking,Paid,227356
29934,29934,Credit Card,Paid,43248
29935,29935,UPI,Paid,159345
29936,29936,UPI,Paid,234048
29937,29937,Debit Card,Pending,293867
29938,29938,UPI,Failed,294370
29939,29939,UPI,Paid,18991
29940,29940,Cash,Paid,16869
29941,29941,Cash,Paid,140859
29942,29942,Net Banking,Paid,138520
29943,29943,UPI,Paid,93028
29944,29944,Debit Card,Paid,387891
29945,29945,UPI,Failed,43009
29946,29946,Credit Card,Paid,15334
29947,29947,Debit Card,Paid,35461
29948,29948,UPI,Paid,217672
29949,29949,Cash,Paid,6754
29950,29950,UPI,Failed,535900
29951,29951,Credit Card,Paid,242250
29952,29952,Credit Card,Paid,179802
29953,29953,Credit Card,Failed,208605
29954,29954,Credit Card,Paid,44358
29955,29955,UPI,Paid,46246
29956,29956,Credit Card,Paid,380880
29957,29957,UPI,Paid,234395
29958,29958,UPI,Paid,273447
29959,29959,Net Banking,Paid,166884
29960,29960,Net Banking,Pending,66808
29961,29961,Credit Card,Paid,271503
29962,29962,Credit Card,Paid,291642
29963,29963,UPI,Pending,203024
29964,29964,Debit Card,Paid,481220
29965,29965,Net Banking,Failed,268810
29966,29966,Credit Card,Paid,112917
29967,29967,Credit Card,Paid,292047
29968,29968,UPI,Paid,150320
29969,29969,UPI,Paid,344372
29970,29970,UPI,Paid,11770
29971,29971,UPI,Failed,40929
29972,29972,Cash,Paid,454712
29973,29973,Cash,Paid,239100
29974,29974,UPI,Paid,155430
29975,29975,Cash,Paid,213710
29976,29976,Credit Card,Paid,180140
29977,29977,Credit Card,Paid,124110
29978,29978,Net Banking,Failed,71416
29979,29979,UPI,Paid,427536
29980,29980,Debit Card,Paid,24259
29981,29981,UPI,Paid,203391
29982,29982,Cash,Paid,50456
29983,29983,UPI,Paid,176183
29984,29984,Debit Card,Paid,277767
29985,29985,Debit Card,Paid,70476
29986,29986,UPI,Pending,251886
29987,29987,UPI,Paid,238410
29988,29988,UPI,Paid,221045
29989,29989,Net Banking,Paid,318492
29990,29990,UPI,Paid,209526
29991,29991,Debit Card,Paid,87432
29992,29992,Credit Card,Failed,67588
29993,29993,Net Banking,Paid,452016
29994,29994,Credit Card,Pending,388856
29995,29995,Debit Card,Paid,400560
29996,29996,UPI,Failed,167756
29997,29997,UPI,Paid,44425
29998,29998,Cash,Paid,121532
29999,29999,UPI,Pending,272800
30000,30000,Credit Card,Pending,431838
